/q X,/q Y,q vs qb X,q vs qb Y,qb vs q X,qb vs q Y
0,0,0.8998709524786912,0,0,0.8998709524786912
0.001,0.001,0.8998689356812136,0.001,0.001,0.8998689356812136
0.002,0.002,0.8998668691530268,0.002,0.002,0.8998668691530268
0.003,0.003,0.8998647515946394,0.003,0.003,0.8998647515946394
0.004,0.004,0.899862581789279,0.004,0.004,0.899862581789279
0.005,0.005,0.8998603584921453,0.005,0.005,0.8998603584921453
0.006,0.006,0.8998580804298202,0.006,0.006,0.8998580804298202
0.007,0.007,0.8998557462996711,0.007,0.007,0.8998557462996711
0.008,0.008,0.8998533547692422,0.008,0.008,0.8998533547692422
0.009000000000000001,0.009000000000000001,0.8998509044756384,0.009000000000000001,0.009000000000000001,0.8998509044756384
0.01,0.01,0.8998483940248989,0.01,0.01,0.8998483940248989
0.011,0.011,0.8998458219913624,0.011,0.011,0.8998458219913624
0.012,0.012,0.8998431869170227,0.012,0.012,0.8998431869170227
0.013,0.013,0.8998404873108754,0.013,0.013,0.8998404873108754
0.01400000000000001,0.01400000000000001,0.8998377216482547,0.01400000000000001,0.01400000000000001,0.8998377216482547
0.01500000000000001,0.01500000000000001,0.8998348883701602,0.01500000000000001,0.01500000000000001,0.8998348883701602
0.01600000000000001,0.01600000000000001,0.8998319858825766,0.01600000000000001,0.01600000000000001,0.8998319858825766
0.01700000000000001,0.01700000000000001,0.8998290125557814,0.01700000000000001,0.01700000000000001,0.8998290125557814
0.01800000000000001,0.01800000000000001,0.8998259667236448,0.01800000000000001,0.01800000000000001,0.8998259667236448
0.01900000000000001,0.01900000000000001,0.8998228466829195,0.01900000000000001,0.01900000000000001,0.8998228466829195
0.02000000000000001,0.02000000000000001,0.8998196506925201,0.02000000000000001,0.02000000000000001,0.8998196506925201
0.02100000000000001,0.02100000000000001,0.8998163769727953,0.02100000000000001,0.02100000000000001,0.8998163769727953
0.02200000000000001,0.02200000000000001,0.899813023704788,0.02200000000000001,0.02200000000000001,0.899813023704788
0.02300000000000001,0.02300000000000001,0.8998095890294859,0.02300000000000001,0.02300000000000001,0.8998095890294859
0.02400000000000001,0.02400000000000001,0.8998060710470646,0.02400000000000001,0.02400000000000001,0.8998060710470646
0.02500000000000002,0.02500000000000002,0.8998024678161169,0.02500000000000002,0.02500000000000002,0.8998024678161169
0.02600000000000002,0.02600000000000002,0.8997987773528771,0.02600000000000002,0.02600000000000002,0.8997987773528771
0.02700000000000002,0.02700000000000002,0.8997949976304302,0.02700000000000002,0.02700000000000002,0.8997949976304302
0.02800000000000002,0.02800000000000002,0.8997911265779155,0.02800000000000002,0.02800000000000002,0.8997911265779155
0.02900000000000002,0.02900000000000002,0.8997871620797167,0.02900000000000002,0.02900000000000002,0.8997871620797167
0.03000000000000002,0.03000000000000002,0.899783101974644,0.03000000000000002,0.03000000000000002,0.899783101974644
0.03100000000000002,0.03100000000000002,0.8997789440551059,0.03100000000000002,0.03100000000000002,0.8997789440551059
0.03200000000000002,0.03200000000000002,0.8997746860662703,0.03200000000000002,0.03200000000000002,0.8997746860662703
0.03300000000000002,0.03300000000000002,0.8997703257052159,0.03300000000000002,0.03300000000000002,0.8997703257052159
0.03400000000000002,0.03400000000000002,0.899765860620074,0.03400000000000002,0.03400000000000002,0.899765860620074
0.03500000000000002,0.03500000000000002,0.8997612884091607,0.03500000000000002,0.03500000000000002,0.8997612884091607
0.03600000000000003,0.03600000000000003,0.8997566066201005,0.03600000000000003,0.03600000000000003,0.8997566066201005
0.03700000000000003,0.03700000000000003,0.8997518127489393,0.03700000000000003,0.03700000000000003,0.8997518127489393
0.03800000000000003,0.03800000000000003,0.8997469042392504,0.03800000000000003,0.03800000000000003,0.8997469042392504
0.03900000000000003,0.03900000000000003,0.899741878481231,0.03900000000000003,0.03900000000000003,0.899741878481231
0.04000000000000003,0.04000000000000003,0.8997367328107932,0.04000000000000003,0.04000000000000003,0.8997367328107932
0.04100000000000003,0.04100000000000003,0.8997314645086463,0.04100000000000003,0.04100000000000003,0.8997314645086463
0.04200000000000003,0.04200000000000003,0.8997260707993734,0.04200000000000003,0.04200000000000003,0.8997260707993734
0.04300000000000003,0.04300000000000003,0.8997205488505039,0.04300000000000003,0.04300000000000003,0.8997205488505039
0.04400000000000003,0.04400000000000003,0.8997148957715791,0.04400000000000003,0.04400000000000003,0.8997148957715791
0.04500000000000003,0.04500000000000003,0.899709108613218,0.04500000000000003,0.04500000000000003,0.899709108613218
0.04600000000000003,0.04600000000000003,0.8997031843661762,0.04600000000000003,0.04600000000000003,0.8997031843661762
0.04700000000000003,0.04700000000000003,0.8996971199604078,0.04700000000000003,0.04700000000000003,0.8996971199604078
0.04800000000000004,0.04800000000000004,0.8996909122641223,0.04800000000000004,0.04800000000000004,0.8996909122641223
0.04900000000000004,0.04900000000000004,0.899684558082847,0.04900000000000004,0.04900000000000004,0.899684558082847
0.05000000000000004,0.05000000000000004,0.8996780541584861,0.05000000000000004,0.05000000000000004,0.8996780541584861
0.05100000000000004,0.05100000000000004,0.899671397168387,0.05100000000000004,0.05100000000000004,0.899671397168387
0.05200000000000004,0.05200000000000004,0.8996645837244063,0.05200000000000004,0.05200000000000004,0.8996645837244063
0.05300000000000004,0.05300000000000004,0.8996576103719841,0.05300000000000004,0.05300000000000004,0.8996576103719841
0.05400000000000004,0.05400000000000004,0.8996504735892205,0.05400000000000004,0.05400000000000004,0.8996504735892205
0.05500000000000004,0.05500000000000004,0.8996431697859605,0.05500000000000004,0.05500000000000004,0.8996431697859605
0.05600000000000004,0.05600000000000004,0.8996356953028857,0.05600000000000004,0.05600000000000004,0.8996356953028857
0.05700000000000004,0.05700000000000004,0.8996280464106122,0.05700000000000004,0.05700000000000004,0.8996280464106122
0.05800000000000004,0.05800000000000004,0.8996202193087994,0.05800000000000004,0.05800000000000004,0.8996202193087994
0.05900000000000005,0.05900000000000005,0.8996122101252659,0.05900000000000005,0.05900000000000005,0.8996122101252659
0.06000000000000005,0.06000000000000005,0.8996040149151149,0.06000000000000005,0.06000000000000005,0.8996040149151149
0.06100000000000005,0.06100000000000005,0.8995956296598703,0.06100000000000005,0.06100000000000005,0.8995956296598703
0.06200000000000005,0.06200000000000005,0.8995870502666237,0.06200000000000005,0.06200000000000005,0.8995870502666237
0.06300000000000004,0.06300000000000004,0.899578272567189,0.06300000000000004,0.06300000000000004,0.899578272567189
0.06400000000000004,0.06400000000000004,0.8995692923172726,0.06400000000000004,0.06400000000000004,0.8995692923172726
0.06500000000000004,0.06500000000000004,0.899560105195651,0.06500000000000004,0.06500000000000004,0.899560105195651
0.06600000000000004,0.06600000000000004,0.8995507068033624,0.06600000000000004,0.06600000000000004,0.8995507068033624
0.06700000000000005,0.06700000000000005,0.8995410926629103,0.06700000000000005,0.06700000000000005,0.8995410926629103
0.06800000000000005,0.06800000000000005,0.8995312582174787,0.06800000000000005,0.06800000000000005,0.8995312582174787
0.06900000000000005,0.06900000000000005,0.8995211988301604,0.06900000000000005,0.06900000000000005,0.8995211988301604
0.07000000000000005,0.07000000000000005,0.8995109097831996,0.07000000000000005,0.07000000000000005,0.8995109097831996
0.07100000000000005,0.07100000000000005,0.8995003862772472,0.07100000000000005,0.07100000000000005,0.8995003862772472
0.07200000000000005,0.07200000000000005,0.8994896234306304,0.07200000000000005,0.07200000000000005,0.8994896234306304
0.07300000000000005,0.07300000000000005,0.8994786162786383,0.07300000000000005,0.07300000000000005,0.8994786162786383
0.07400000000000005,0.07400000000000005,0.8994673597728203,0.07400000000000005,0.07400000000000005,0.8994673597728203
0.07500000000000005,0.07500000000000005,0.8994558487803032,0.07500000000000005,0.07500000000000005,0.8994558487803032
0.07600000000000005,0.07600000000000005,0.8994440780831213,0.07600000000000005,0.07600000000000005,0.8994440780831213
0.07700000000000005,0.07700000000000005,0.8994320423775669,0.07700000000000005,0.07700000000000005,0.8994320423775669
0.07800000000000006,0.07800000000000006,0.8994197362735559,0.07800000000000006,0.07800000000000006,0.8994197362735559
0.07900000000000006,0.07900000000000006,0.8994071542940116,0.07900000000000006,0.07900000000000006,0.8994071542940116
0.08000000000000006,0.08000000000000006,0.8993942908742685,0.08000000000000006,0.08000000000000006,0.8993942908742685
0.08100000000000006,0.08100000000000006,0.899381140361493,0.08100000000000006,0.08100000000000006,0.899381140361493
0.08200000000000006,0.08200000000000006,0.8993676970141267,0.08200000000000006,0.08200000000000006,0.8993676970141267
0.08300000000000006,0.08300000000000006,0.8993539550013476,0.08300000000000006,0.08300000000000006,0.8993539550013476
0.08400000000000006,0.08400000000000006,0.8993399084025527,0.08400000000000006,0.08400000000000006,0.8993399084025527
0.08500000000000006,0.08500000000000006,0.8993255512068624,0.08500000000000006,0.08500000000000006,0.8993255512068624
0.08600000000000006,0.08600000000000006,0.8993108773126461,0.08600000000000006,0.08600000000000006,0.8993108773126461
0.08700000000000006,0.08700000000000006,0.8992958805270703,0.08700000000000006,0.08700000000000006,0.8992958805270703
0.08800000000000006,0.08800000000000006,0.8992805545656678,0.08800000000000006,0.08800000000000006,0.8992805545656678
0.08900000000000007,0.08900000000000007,0.8992648930519325,0.08900000000000007,0.08900000000000007,0.8992648930519325
0.09000000000000007,0.09000000000000007,0.8992488895169338,0.09000000000000007,0.09000000000000007,0.8992488895169338
0.09100000000000007,0.09100000000000007,0.8992325373989574,0.09100000000000007,0.09100000000000007,0.8992325373989574
0.09200000000000007,0.09200000000000007,0.8992158300431673,0.09200000000000007,0.09200000000000007,0.8992158300431673
0.09300000000000007,0.09300000000000007,0.8991987607012932,0.09300000000000007,0.09300000000000007,0.8991987607012932
0.09400000000000007,0.09400000000000007,0.8991813225313402,0.09400000000000007,0.09400000000000007,0.8991813225313402
0.09500000000000007,0.09500000000000007,0.8991635085973231,0.09500000000000007,0.09500000000000007,0.8991635085973231
0.09600000000000007,0.09600000000000007,0.8991453118690236,0.09600000000000007,0.09600000000000007,0.8991453118690236
0.09700000000000007,0.09700000000000007,0.8991267252217718,0.09700000000000007,0.09700000000000007,0.8991267252217718
0.09800000000000007,0.09800000000000007,0.8991077414362512,0.09800000000000007,0.09800000000000007,0.8991077414362512
0.09900000000000007,0.09900000000000007,0.8990883531983258,0.09900000000000007,0.09900000000000007,0.8990883531983258
0.1000000000000001,0.1000000000000001,0.8990685530988918,0.1000000000000001,0.1000000000000001,0.8990685530988918
0.1010000000000001,0.1010000000000001,0.8990483336337504,0.1010000000000001,0.1010000000000001,0.8990483336337504
0.1020000000000001,0.1020000000000001,0.8990276872035028,0.1020000000000001,0.1020000000000001,0.8990276872035028
0.1030000000000001,0.1030000000000001,0.8990066061134694,0.1030000000000001,0.1030000000000001,0.8990066061134694
0.1040000000000001,0.1040000000000001,0.8989850825736267,0.1040000000000001,0.1040000000000001,0.8989850825736267
0.1050000000000001,0.1050000000000001,0.8989631086985673,0.1050000000000001,0.1050000000000001,0.8989631086985673
0.1060000000000001,0.1060000000000001,0.8989406765074798,0.1060000000000001,0.1060000000000001,0.8989406765074798
0.1070000000000001,0.1070000000000001,0.8989177779241468,0.1070000000000001,0.1070000000000001,0.8989177779241468
0.1080000000000001,0.1080000000000001,0.8988944047769631,0.1080000000000001,0.1080000000000001,0.8988944047769631
0.1090000000000001,0.1090000000000001,0.8988705487989711,0.1090000000000001,0.1090000000000001,0.8988705487989711
0.1100000000000001,0.1100000000000001,0.8988462016279132,0.1100000000000001,0.1100000000000001,0.8988462016279132
0.1110000000000001,0.1110000000000001,0.8988213548063002,0.1110000000000001,0.1110000000000001,0.8988213548063002
0.1120000000000001,0.1120000000000001,0.898795999781496,0.1120000000000001,0.1120000000000001,0.898795999781496
0.1130000000000001,0.1130000000000001,0.8987701279058157,0.1130000000000001,0.1130000000000001,0.8987701279058157
0.1140000000000001,0.1140000000000001,0.8987437304366374,0.1140000000000001,0.1140000000000001,0.8987437304366374
0.1150000000000001,0.1150000000000001,0.8987167985365248,0.1150000000000001,0.1150000000000001,0.8987167985365248
0.1160000000000001,0.1160000000000001,0.8986893232733638,0.1160000000000001,0.1160000000000001,0.8986893232733638
0.1170000000000001,0.1170000000000001,0.8986612956205065,0.1170000000000001,0.1170000000000001,0.8986612956205065
0.1180000000000001,0.1180000000000001,0.8986327064569246,0.1180000000000001,0.1180000000000001,0.8986327064569246
0.1190000000000001,0.1190000000000001,0.8986035465673715,0.1190000000000001,0.1190000000000001,0.8986035465673715
0.1200000000000001,0.1200000000000001,0.8985738066425479,0.1200000000000001,0.1200000000000001,0.8985738066425479
0.1210000000000001,0.1210000000000001,0.8985434772792771,0.1210000000000001,0.1210000000000001,0.8985434772792771
0.1220000000000001,0.1220000000000001,0.8985125489806783,0.1220000000000001,0.1220000000000001,0.8985125489806783
0.1230000000000001,0.1230000000000001,0.8984810121563472,0.1230000000000001,0.1230000000000001,0.8984810121563472
0.1240000000000001,0.1240000000000001,0.8984488571225352,0.1240000000000001,0.1240000000000001,0.8984488571225352
0.1250000000000001,0.1250000000000001,0.8984160741023273,0.1250000000000001,0.1250000000000001,0.8984160741023273
0.1260000000000001,0.1260000000000001,0.8983826532258216,0.1260000000000001,0.1260000000000001,0.8983826532258216
0.1270000000000001,0.1270000000000001,0.8983485845303012,0.1270000000000001,0.1270000000000001,0.8983485845303012
0.1280000000000001,0.1280000000000001,0.8983138579604065,0.1280000000000001,0.1280000000000001,0.8983138579604065
0.1290000000000001,0.1290000000000001,0.898278463368296,0.1290000000000001,0.1290000000000001,0.898278463368296
0.1300000000000001,0.1300000000000001,0.8982423905138041,0.1300000000000001,0.1300000000000001,0.8982423905138041
0.1310000000000001,0.1310000000000001,0.8982056290645869,0.1310000000000001,0.1310000000000001,0.8982056290645869
0.1320000000000001,0.1320000000000001,0.8981681685962604,0.1320000000000001,0.1320000000000001,0.8981681685962604
0.1330000000000001,0.1330000000000001,0.8981299985925226,0.1330000000000001,0.1330000000000001,0.8981299985925226
0.1340000000000001,0.1340000000000001,0.8980911084452669,0.1340000000000001,0.1340000000000001,0.8980911084452669
0.1350000000000001,0.1350000000000001,0.898051487454677,0.1350000000000001,0.1350000000000001,0.898051487454677
0.1360000000000001,0.1360000000000001,0.8980111248293073,0.1360000000000001,0.1360000000000001,0.8980111248293073
0.1370000000000001,0.1370000000000001,0.8979700096861449,0.1370000000000001,0.1370000000000001,0.8979700096861449
0.1380000000000001,0.1380000000000001,0.8979281310506521,0.1380000000000001,0.1380000000000001,0.8979281310506521
0.1390000000000001,0.1390000000000001,0.8978854778567883,0.1390000000000001,0.1390000000000001,0.8978854778567883
0.1400000000000001,0.1400000000000001,0.8978420389470101,0.1400000000000001,0.1400000000000001,0.8978420389470101
0.1410000000000001,0.1410000000000001,0.8977978030722472,0.1410000000000001,0.1410000000000001,0.8977978030722472
0.1420000000000001,0.1420000000000001,0.8977527588918534,0.1420000000000001,0.1420000000000001,0.8977527588918534
0.1430000000000001,0.1430000000000001,0.8977068949735304,0.1430000000000001,0.1430000000000001,0.8977068949735304
0.1440000000000001,0.1440000000000001,0.897660199793226,0.1440000000000001,0.1440000000000001,0.897660199793226
0.1450000000000001,0.1450000000000001,0.8976126617349995,0.1450000000000001,0.1450000000000001,0.8976126617349995
0.1460000000000001,0.1460000000000001,0.8975642690908598,0.1460000000000001,0.1460000000000001,0.8975642690908598
0.1470000000000001,0.1470000000000001,0.8975150100605689,0.1470000000000001,0.1470000000000001,0.8975150100605689
0.1480000000000001,0.1480000000000001,0.8974648727514131,0.1480000000000001,0.1480000000000001,0.8974648727514131
0.1490000000000001,0.1490000000000001,0.8974138451779401,0.1490000000000001,0.1490000000000001,0.8974138451779401
0.1500000000000001,0.1500000000000001,0.8973619152616592,0.1500000000000001,0.1500000000000001,0.8973619152616592
0.1510000000000001,0.1510000000000001,0.8973090708307032,0.1510000000000001,0.1510000000000001,0.8973090708307032
0.1520000000000001,0.1520000000000001,0.8972552996194545,0.1520000000000001,0.1520000000000001,0.8972552996194545
0.1530000000000001,0.1530000000000001,0.897200589268128,0.1530000000000001,0.1530000000000001,0.897200589268128
0.1540000000000001,0.1540000000000001,0.8971449273223155,0.1540000000000001,0.1540000000000001,0.8971449273223155
0.1550000000000001,0.1550000000000001,0.8970883012324861,0.1550000000000001,0.1550000000000001,0.8970883012324861
0.1560000000000001,0.1560000000000001,0.8970306983534432,0.1560000000000001,0.1560000000000001,0.8970306983534432
0.1570000000000001,0.1570000000000001,0.8969721059437374,0.1570000000000001,0.1570000000000001,0.8969721059437374
0.1580000000000001,0.1580000000000001,0.8969125111650329,0.1580000000000001,0.1580000000000001,0.8969125111650329
0.1590000000000001,0.1590000000000001,0.8968519010814259,0.1590000000000001,0.1590000000000001,0.8968519010814259
0.1600000000000001,0.1600000000000001,0.8967902626587159,0.1600000000000001,0.1600000000000001,0.8967902626587159
0.1610000000000001,0.1610000000000001,0.8967275827636264,0.1610000000000001,0.1610000000000001,0.8967275827636264
0.1620000000000001,0.1620000000000001,0.8966638481629753,0.1620000000000001,0.1620000000000001,0.8966638481629753
0.1630000000000001,0.1630000000000001,0.8965990455227931,0.1630000000000001,0.1630000000000001,0.8965990455227931
0.1640000000000001,0.1640000000000001,0.8965331614073884,0.1640000000000001,0.1640000000000001,0.8965331614073884
0.1650000000000001,0.1650000000000001,0.8964661822783585,0.1650000000000001,0.1650000000000001,0.8964661822783585
0.1660000000000001,0.1660000000000001,0.8963980944935451,0.1660000000000001,0.1660000000000001,0.8963980944935451
0.1670000000000001,0.1670000000000001,0.8963288843059338,0.1670000000000001,0.1670000000000001,0.8963288843059338
0.1680000000000001,0.1680000000000001,0.8962585378624944,0.1680000000000001,0.1680000000000001,0.8962585378624944
0.1690000000000001,0.1690000000000001,0.8961870412029641,0.1690000000000001,0.1690000000000001,0.8961870412029641
0.1700000000000001,0.1700000000000001,0.8961143802585698,0.1700000000000001,0.1700000000000001,0.8961143802585698
0.1710000000000001,0.1710000000000001,0.8960405408506888,0.1710000000000001,0.1710000000000001,0.8960405408506888
0.1720000000000001,0.1720000000000001,0.8959655086894481,0.1720000000000001,0.1720000000000001,0.8959655086894481
0.1730000000000001,0.1730000000000001,0.8958892693722595,0.1730000000000001,0.1730000000000001,0.8958892693722595
0.1740000000000001,0.1740000000000001,0.8958118083822892,0.1740000000000001,0.1740000000000001,0.8958118083822892
0.1750000000000001,0.1750000000000001,0.8957331110868635,0.1750000000000001,0.1750000000000001,0.8957331110868635
0.1760000000000001,0.1760000000000001,0.8956531627358036,0.1760000000000001,0.1760000000000001,0.8956531627358036
0.1770000000000001,0.1770000000000001,0.8955719484596968,0.1770000000000001,0.1770000000000001,0.8955719484596968
0.1780000000000001,0.1780000000000001,0.8954894532680922,0.1780000000000001,0.1780000000000001,0.8954894532680922
0.1790000000000001,0.1790000000000001,0.8954056620476296,0.1790000000000001,0.1790000000000001,0.8954056620476296
0.1800000000000001,0.1800000000000001,0.8953205595600945,0.1800000000000001,0.1800000000000001,0.8953205595600945
0.1810000000000001,0.1810000000000001,0.8952341304403971,0.1810000000000001,0.1810000000000001,0.8952341304403971
0.1820000000000001,0.1820000000000001,0.8951463591944794,0.1820000000000001,0.1820000000000001,0.8951463591944794
0.1830000000000001,0.1830000000000001,0.8950572301971418,0.1830000000000001,0.1830000000000001,0.8950572301971418
0.1840000000000001,0.1840000000000001,0.8949667276897953,0.1840000000000001,0.1840000000000001,0.8949667276897953
0.1850000000000001,0.1850000000000001,0.8948748357781299,0.1850000000000001,0.1850000000000001,0.8948748357781299
0.1860000000000001,0.1860000000000001,0.8947815384297034,0.1860000000000001,0.1860000000000001,0.8947815384297034
0.1870000000000001,0.1870000000000001,0.894686819471447,0.1870000000000001,0.1870000000000001,0.894686819471447
0.1880000000000001,0.1880000000000001,0.8945906625870862,0.1880000000000001,0.1880000000000001,0.8945906625870862
0.1890000000000001,0.1890000000000001,0.8944930513144722,0.1890000000000001,0.1890000000000001,0.8944930513144722
0.1900000000000001,0.1900000000000001,0.8943939690428298,0.1900000000000001,0.1900000000000001,0.8943939690428298
0.1910000000000001,0.1910000000000001,0.8942933990099098,0.1910000000000001,0.1910000000000001,0.8942933990099098
0.1920000000000001,0.1920000000000001,0.8941913242990523,0.1920000000000001,0.1920000000000001,0.8941913242990523
0.1930000000000001,0.1930000000000001,0.8940877278361542,0.1930000000000001,0.1930000000000001,0.8940877278361542
0.1940000000000001,0.1940000000000001,0.8939825923865398,0.1940000000000001,0.1940000000000001,0.8939825923865398
0.1950000000000001,0.1950000000000001,0.8938759005517336,0.1950000000000001,0.1950000000000001,0.8938759005517336
0.1960000000000001,0.1960000000000001,0.8937676347661314,0.1960000000000001,0.1960000000000001,0.8937676347661314
0.1970000000000001,0.1970000000000001,0.8936577772935677,0.1970000000000001,0.1970000000000001,0.8936577772935677
0.1980000000000001,0.1980000000000001,0.8935463102237782,0.1980000000000001,0.1980000000000001,0.8935463102237782
0.1990000000000001,0.1990000000000001,0.8934332154687523,0.1990000000000001,0.1990000000000001,0.8934332154687523
0.2000000000000001,0.2000000000000001,0.8933184747589759,0.2000000000000001,0.2000000000000001,0.8933184747589759
0.2010000000000002,0.2010000000000002,0.8932020696395593,0.2010000000000002,0.2010000000000002,0.8932020696395593
0.2020000000000002,0.2020000000000002,0.8930839814662487,0.2020000000000002,0.2020000000000002,0.8930839814662487
0.2030000000000002,0.2030000000000002,0.8929641914013178,0.2030000000000002,0.2030000000000002,0.8929641914013178
0.2040000000000002,0.2040000000000002,0.8928426804093367,0.2040000000000002,0.2040000000000002,0.8928426804093367
0.2050000000000002,0.2050000000000002,0.8927194292528138,0.2050000000000002,0.2050000000000002,0.8927194292528138
0.2060000000000002,0.2060000000000002,0.8925944184877094,0.2060000000000002,0.2060000000000002,0.8925944184877094
0.2070000000000002,0.2070000000000002,0.8924676284588151,0.2070000000000002,0.2070000000000002,0.8924676284588151
0.2080000000000002,0.2080000000000002,0.8923390392949972,0.2080000000000002,0.2080000000000002,0.8923390392949972
0.2090000000000002,0.2090000000000002,0.892208630904299,0.2090000000000002,0.2090000000000002,0.892208630904299
0.2100000000000002,0.2100000000000002,0.892076382968899,0.2100000000000002,0.2100000000000002,0.892076382968899
0.2110000000000002,0.2110000000000002,0.8919422749399206,0.2110000000000002,0.2110000000000002,0.8919422749399206
0.2120000000000002,0.2120000000000002,0.8918062860320883,0.2120000000000002,0.2120000000000002,0.8918062860320883
0.2130000000000002,0.2130000000000002,0.8916683952182268,0.2130000000000002,0.2130000000000002,0.8916683952182268
0.2140000000000002,0.2140000000000002,0.8915285812235986,0.2140000000000002,0.2140000000000002,0.8915285812235986
0.2150000000000002,0.2150000000000002,0.8913868225200732,0.2150000000000002,0.2150000000000002,0.8913868225200732
0.2160000000000002,0.2160000000000002,0.8912430973201269,0.2160000000000002,0.2160000000000002,0.8912430973201269
0.2170000000000002,0.2170000000000002,0.891097383570662,0.2170000000000002,0.2170000000000002,0.891097383570662
0.2180000000000002,0.2180000000000002,0.8909496589466468,0.2180000000000002,0.2180000000000002,0.8909496589466468
0.2190000000000002,0.2190000000000002,0.8907999008445651,0.2190000000000002,0.2190000000000002,0.8907999008445651
0.2200000000000002,0.2200000000000002,0.8906480863756717,0.2200000000000002,0.2200000000000002,0.8906480863756717
0.2210000000000002,0.2210000000000002,0.8904941923590479,0.2210000000000002,0.2210000000000002,0.8904941923590479
0.2220000000000002,0.2220000000000002,0.8903381953144507,0.2220000000000002,0.2220000000000002,0.8903381953144507
0.2230000000000002,0.2230000000000002,0.8901800714549465,0.2230000000000002,0.2230000000000002,0.8901800714549465
0.2240000000000002,0.2240000000000002,0.8900197966793264,0.2240000000000002,0.2240000000000002,0.8900197966793264
0.2250000000000002,0.2250000000000002,0.8898573465642917,0.2250000000000002,0.2250000000000002,0.8898573465642917
0.2260000000000002,0.2260000000000002,0.8896926963564066,0.2260000000000002,0.2260000000000002,0.8896926963564066
0.2270000000000002,0.2270000000000002,0.8895258209638042,0.2270000000000002,0.2270000000000002,0.8895258209638042
0.2280000000000002,0.2280000000000002,0.889356694947644,0.2280000000000002,0.2280000000000002,0.889356694947644
0.2290000000000002,0.2290000000000002,0.8891852925133079,0.2290000000000002,0.2290000000000002,0.8891852925133079
0.2300000000000002,0.2300000000000002,0.8890115875013277,0.2300000000000002,0.2300000000000002,0.8890115875013277
0.2310000000000002,0.2310000000000002,0.8888355533780337,0.2310000000000002,0.2310000000000002,0.8888355533780337
0.2320000000000002,0.2320000000000002,0.8886571632259155,0.2320000000000002,0.2320000000000002,0.8886571632259155
0.2330000000000002,0.2330000000000002,0.8884763897336856,0.2330000000000002,0.2330000000000002,0.8884763897336856
0.2340000000000002,0.2340000000000002,0.8882932051860327,0.2340000000000002,0.2340000000000002,0.8882932051860327
0.2350000000000002,0.2350000000000002,0.8881075814530577,0.2350000000000002,0.2350000000000002,0.8881075814530577
0.2360000000000002,0.2360000000000002,0.8879194899793751,0.2360000000000002,0.2360000000000002,0.8879194899793751
0.2370000000000002,0.2370000000000002,0.8877289017728751,0.2370000000000002,0.2370000000000002,0.8877289017728751
0.2380000000000002,0.2380000000000002,0.8875357873931272,0.2380000000000002,0.2380000000000002,0.8875357873931272
0.2390000000000002,0.2390000000000002,0.8873401169394166,0.2390000000000002,0.2390000000000002,0.8873401169394166
0.2400000000000002,0.2400000000000002,0.8871418600383983,0.2400000000000002,0.2400000000000002,0.8871418600383983
0.2410000000000002,0.2410000000000002,0.8869409858313542,0.2410000000000002,0.2410000000000002,0.8869409858313542
0.2420000000000002,0.2420000000000002,0.8867374629610388,0.2420000000000002,0.2420000000000002,0.8867374629610388
0.2430000000000002,0.2430000000000002,0.8865312595580989,0.2430000000000002,0.2430000000000002,0.8865312595580989
0.2440000000000002,0.2440000000000002,0.8863223432270495,0.2440000000000002,0.2440000000000002,0.8863223432270495
0.2450000000000002,0.2450000000000002,0.8861106810317899,0.2450000000000002,0.2450000000000002,0.8861106810317899
0.2460000000000002,0.2460000000000002,0.8858962394806433,0.2460000000000002,0.2460000000000002,0.8858962394806433
0.2470000000000002,0.2470000000000002,0.885678984510897,0.2470000000000002,0.2470000000000002,0.885678984510897
0.2480000000000002,0.2480000000000002,0.8854588814728317,0.2480000000000002,0.2480000000000002,0.8854588814728317
0.2490000000000002,0.2490000000000002,0.8852358951132108,0.2490000000000002,0.2490000000000002,0.8852358951132108
0.2500000000000002,0.2500000000000002,0.8850099895582153,0.2500000000000002,0.2500000000000002,0.8850099895582153
0.2510000000000002,0.2510000000000002,0.8847811282957987,0.2510000000000002,0.2510000000000002,0.8847811282957987
0.2520000000000002,0.2520000000000002,0.8845492741574387,0.2520000000000002,0.2520000000000002,0.8845492741574387
0.2530000000000002,0.2530000000000002,0.8843143892992635,0.2530000000000002,0.2530000000000002,0.8843143892992635
0.2540000000000002,0.2540000000000002,0.8840764351825253,0.2540000000000002,0.2540000000000002,0.8840764351825253
0.2550000000000002,0.2550000000000002,0.8838353725533938,0.2550000000000002,0.2550000000000002,0.8838353725533938
0.2560000000000002,0.2560000000000002,0.8835911614220442,0.2560000000000002,0.2560000000000002,0.8835911614220442
0.2570000000000002,0.2570000000000002,0.8833437610410073,0.2570000000000002,0.2570000000000002,0.8833437610410073
0.2580000000000002,0.2580000000000002,0.8830931298827532,0.2580000000000002,0.2580000000000002,0.8830931298827532
0.2590000000000002,0.2590000000000002,0.8828392256164744,0.2590000000000002,0.2590000000000002,0.8828392256164744
0.2600000000000002,0.2600000000000002,0.8825820050840362,0.2600000000000002,0.2600000000000002,0.8825820050840362
0.2610000000000002,0.2610000000000002,0.8823214242750552,0.2610000000000002,0.2610000000000002,0.8823214242750552
0.2620000000000002,0.2620000000000002,0.882057438301074,0.2620000000000002,0.2620000000000002,0.882057438301074
0.2630000000000002,0.2630000000000002,0.881790001368786,0.2630000000000002,0.2630000000000002,0.881790001368786
0.2640000000000002,0.2640000000000002,0.8815190667522734,0.2640000000000002,0.2640000000000002,0.8815190667522734
0.2650000000000002,0.2650000000000002,0.8812445867642134,0.2650000000000002,0.2650000000000002,0.8812445867642134
0.2660000000000002,0.2660000000000002,0.8809665127260051,0.2660000000000002,0.2660000000000002,0.8809665127260051
0.2670000000000002,0.2670000000000002,0.8806847949367714,0.2670000000000002,0.2670000000000002,0.8806847949367714
0.2680000000000002,0.2680000000000002,0.880399382641181,0.2680000000000002,0.2680000000000002,0.880399382641181
0.2690000000000002,0.2690000000000002,0.8801102239960404,0.2690000000000002,0.2690000000000002,0.8801102239960404
0.2700000000000002,0.2700000000000002,0.8798172660355974,0.2700000000000002,0.2700000000000002,0.8798172660355974
0.2710000000000002,0.2710000000000002,0.8795204546354938,0.2710000000000002,0.2710000000000002,0.8795204546354938
0.2720000000000002,0.2720000000000002,0.8792197344753088,0.2720000000000002,0.2720000000000002,0.8792197344753088
0.2730000000000002,0.2730000000000002,0.8789150489996224,0.2730000000000002,0.2730000000000002,0.8789150489996224
0.2740000000000002,0.2740000000000002,0.8786063403775279,0.2740000000000002,0.2740000000000002,0.8786063403775279
0.2750000000000002,0.2750000000000002,0.8782935494605233,0.2750000000000002,0.2750000000000002,0.8782935494605233
0.2760000000000002,0.2760000000000002,0.8779766157386938,0.2760000000000002,0.2760000000000002,0.8779766157386938
0.2770000000000002,0.2770000000000002,0.8776554772951132,0.2770000000000002,0.2770000000000002,0.8776554772951132
0.2780000000000002,0.2780000000000002,0.8773300707583637,0.2780000000000002,0.2780000000000002,0.8773300707583637
0.2790000000000002,0.2790000000000002,0.8770003312530891,0.2790000000000002,0.2790000000000002,0.8770003312530891
0.2800000000000002,0.2800000000000002,0.8766661923484765,0.2800000000000002,0.2800000000000002,0.8766661923484765
0.2810000000000002,0.2810000000000002,0.8763275860045632,0.2810000000000002,0.2810000000000002,0.8763275860045632
0.2820000000000002,0.2820000000000002,0.8759844425162564,0.2820000000000002,0.2820000000000002,0.8759844425162564
0.2830000000000002,0.2830000000000002,0.8756366904549444,0.2830000000000002,0.2830000000000002,0.8756366904549444
0.2840000000000002,0.2840000000000002,0.8752842566075771,0.2840000000000002,0.2840000000000002,0.8752842566075771
0.2850000000000002,0.2850000000000002,0.8749270659130769,0.2850000000000002,0.2850000000000002,0.8749270659130769
0.2860000000000002,0.2860000000000002,0.8745650413959399,0.2860000000000002,0.2860000000000002,0.8745650413959399
0.2870000000000002,0.2870000000000002,0.8741981040968734,0.2870000000000002,0.2870000000000002,0.8741981040968734
0.2880000000000002,0.2880000000000002,0.8738261730003104,0.2880000000000002,0.2880000000000002,0.8738261730003104
0.2890000000000002,0.2890000000000002,0.8734491649586246,0.2890000000000002,0.2890000000000002,0.8734491649586246
0.2900000000000002,0.2900000000000002,0.8730669946128674,0.2900000000000002,0.2900000000000002,0.8730669946128674
0.2910000000000002,0.2910000000000002,0.8726795743098251,0.2910000000000002,0.2910000000000002,0.8726795743098251
0.2920000000000002,0.2920000000000002,0.8722868140151939,0.2920000000000002,0.2920000000000002,0.8722868140151939
0.2930000000000002,0.2930000000000002,0.8718886212226439,0.2930000000000002,0.2930000000000002,0.8718886212226439
0.2940000000000002,0.2940000000000002,0.8714849008585379,0.2940000000000002,0.2940000000000002,0.8714849008585379
0.2950000000000002,0.2950000000000002,0.8710755551820509,0.2950000000000002,0.2950000000000002,0.8710755551820509
0.2960000000000002,0.2960000000000002,0.8706604836804167,0.2960000000000002,0.2960000000000002,0.8706604836804167
0.2970000000000002,0.2970000000000002,0.8702395829590142,0.2970000000000002,0.2970000000000002,0.8702395829590142
0.2980000000000002,0.2980000000000002,0.8698127466259813,0.2980000000000002,0.2980000000000002,0.8698127466259813
0.2990000000000002,0.2990000000000002,0.8693798651710259,0.2990000000000002,0.2990000000000002,0.8693798651710259
0.3000000000000002,0.3000000000000002,0.8689408258380791,0.3000000000000002,0.3000000000000002,0.8689408258380791
0.3010000000000002,0.3010000000000002,0.8684955124914102,0.3010000000000002,0.3010000000000002,0.8684955124914102
0.3020000000000002,0.3020000000000002,0.8680438054747965,0.3020000000000002,0.3020000000000002,0.8680438054747965
0.3030000000000002,0.3030000000000002,0.8675855814633132,0.3030000000000002,0.3030000000000002,0.8675855814633132
0.3040000000000002,0.3040000000000002,0.8671207133072756,0.3040000000000002,0.3040000000000002,0.8671207133072756
0.3050000000000002,0.3050000000000002,0.866649069867833,0.3050000000000002,0.3050000000000002,0.866649069867833
0.3060000000000002,0.3060000000000002,0.8661705158436781,0.3060000000000002,0.3060000000000002,0.8661705158436781
0.3070000000000002,0.3070000000000002,0.8656849115882957,0.3070000000000002,0.3070000000000002,0.8656849115882957
0.3080000000000002,0.3080000000000002,0.8651921129171329,0.3080000000000002,0.3080000000000002,0.8651921129171329
0.3090000000000002,0.3090000000000002,0.8646919709040289,0.3090000000000002,0.3090000000000002,0.8646919709040289
0.3100000000000002,0.3100000000000002,0.8641843316661897,0.3100000000000002,0.3100000000000002,0.8641843316661897
0.3110000000000002,0.3110000000000002,0.8636690361369452,0.3110000000000002,0.3110000000000002,0.8636690361369452
0.3120000000000002,0.3120000000000002,0.8631459198254691,0.3120000000000002,0.3120000000000002,0.8631459198254691
0.3130000000000002,0.3130000000000002,0.8626148125625719,0.3130000000000002,0.3130000000000002,0.8626148125625719
0.3140000000000002,0.3140000000000002,0.8620755382316245,0.3140000000000002,0.3140000000000002,0.8620755382316245
0.3150000000000002,0.3150000000000002,0.8615279144835886,0.3150000000000002,0.3150000000000002,0.8615279144835886
0.3160000000000002,0.3160000000000002,0.8609717524350542,0.3160000000000002,0.3160000000000002,0.8609717524350542
0.3170000000000002,0.3170000000000002,0.8604068563481041,0.3170000000000002,0.3170000000000002,0.8604068563481041
0.3180000000000002,0.3180000000000002,0.85983302329073,0.3180000000000002,0.3180000000000002,0.85983302329073
0.3190000000000002,0.3190000000000002,0.8592500427764291,0.3190000000000002,0.3190000000000002,0.8592500427764291
0.3200000000000002,0.3200000000000002,0.8586576963815067,0.3200000000000002,0.3200000000000002,0.8586576963815067
0.3210000000000002,0.3210000000000002,0.8580557573384847,0.3210000000000002,0.3210000000000002,0.8580557573384847
0.3220000000000002,0.3220000000000002,0.8574439901039016,0.3220000000000002,0.3220000000000002,0.8574439901039016
0.3230000000000002,0.3230000000000002,0.8568221498986477,0.3230000000000002,0.3230000000000002,0.8568221498986477
0.3240000000000002,0.3240000000000002,0.8561899822188302,0.3240000000000002,0.3240000000000002,0.8561899822188302
0.3250000000000002,0.3250000000000002,0.8555472223150061,0.3250000000000002,0.3250000000000002,0.8555472223150061
0.3260000000000002,0.3260000000000002,0.8548935946374386,0.3260000000000002,0.3260000000000002,0.8548935946374386
0.3270000000000002,0.3270000000000002,0.8542288122448465,0.3270000000000002,0.3270000000000002,0.8542288122448465
0.3280000000000002,0.3280000000000002,0.8535525761739067,0.3280000000000002,0.3280000000000002,0.8535525761739067
0.3290000000000002,0.3290000000000002,0.8528645747665368,0.3290000000000002,0.3290000000000002,0.8528645747665368
0.3300000000000002,0.3300000000000002,0.8521644829517392,0.3300000000000002,0.3300000000000002,0.8521644829517392
0.3310000000000002,0.3310000000000002,0.8514519614785122,0.3310000000000002,0.3310000000000002,0.8514519614785122
0.3320000000000002,0.3320000000000002,0.8507266560960379,0.3320000000000002,0.3320000000000002,0.8507266560960379
0.3330000000000002,0.3330000000000002,0.8499881966770214,0.3330000000000002,0.3330000000000002,0.8499881966770214
0.3340000000000002,0.3340000000000002,0.8492361962796992,0.3340000000000002,0.3340000000000002,0.8492361962796992
0.3350000000000002,0.3350000000000002,0.8484702501436373,0.3350000000000002,0.3350000000000002,0.8484702501436373
0.3360000000000002,0.3360000000000002,0.8476899346140071,0.3360000000000002,0.3360000000000002,0.8476899346140071
0.3370000000000002,0.3370000000000002,0.8468948059885338,0.3370000000000002,0.3370000000000002,0.8468948059885338
0.3380000000000002,0.3380000000000002,0.8460843992808054,0.3380000000000002,0.3380000000000002,0.8460843992808054
0.3390000000000002,0.3390000000000002,0.8452582268930219,0.3390000000000002,0.3390000000000002,0.8452582268930219
0.3400000000000002,0.3400000000000002,0.8444157771906448,0.3400000000000002,0.3400000000000002,0.8444157771906448
0.3410000000000002,0.3410000000000002,0.8435565129706808,0.3410000000000002,0.3410000000000002,0.8435565129706808
0.3420000000000002,0.3420000000000002,0.8426798698145582,0.3420000000000002,0.3420000000000002,0.8426798698145582
0.3430000000000002,0.3430000000000002,0.8417852543156854,0.3430000000000002,0.3430000000000002,0.8417852543156854
0.3440000000000003,0.3440000000000003,0.8408720421708239,0.3440000000000003,0.3440000000000003,0.8408720421708239
0.3450000000000003,0.3450000000000003,0.8399395761233562,0.3450000000000003,0.3450000000000003,0.8399395761233562
0.3460000000000003,0.3460000000000003,0.8389871637453491,0.3460000000000003,0.3460000000000003,0.8389871637453491
0.3470000000000003,0.3470000000000003,0.8380140750440236,0.3470000000000003,0.3470000000000003,0.8380140750440236
0.3480000000000003,0.3480000000000003,0.837019539876818,0.3480000000000003,0.3480000000000003,0.837019539876818
0.3490000000000003,0.3490000000000003,0.8360027451576338,0.3490000000000003,0.3490000000000003,0.8360027451576338
0.3500000000000003,0.3500000000000003,0.8349628318351195,0.3500000000000003,0.3500000000000003,0.8349628318351195
0.3510000000000003,0.3510000000000003,0.8338988916218992,0.3510000000000003,0.3510000000000003,0.8338988916218992
0.3520000000000003,0.3520000000000003,0.8328099634515289,0.3520000000000003,0.3520000000000003,0.8328099634515289
0.3530000000000003,0.3530000000000003,0.8316950296375902,0.3530000000000003,0.3530000000000003,0.8316950296375902
0.3540000000000003,0.3540000000000003,0.8305530117067521,0.3540000000000003,0.3540000000000003,0.8305530117067521
0.3550000000000003,0.3550000000000003,0.8293827658747347,0.3550000000000003,0.3550000000000003,0.8293827658747347
0.3560000000000003,0.3560000000000003,0.8281830781309897,0.3560000000000003,0.3560000000000003,0.8281830781309897
0.3570000000000003,0.3570000000000003,0.8269526588944381,0.3570000000000003,0.3570000000000003,0.8269526588944381
0.3580000000000003,0.3580000000000003,0.8256901371988136,0.3580000000000003,0.3580000000000003,0.8256901371988136
0.3590000000000003,0.3590000000000003,0.8243940543620475,0.3590000000000003,0.3590000000000003,0.8243940543620475
0.3600000000000003,0.3600000000000003,0.8230628570896109,0.3600000000000003,0.3600000000000003,0.8230628570896109
0.3610000000000003,0.3610000000000003,0.8216948899568866,0.3610000000000003,0.3610000000000003,0.8216948899568866
0.3620000000000003,0.3620000000000003,0.8202883872104004,0.3620000000000003,0.3620000000000003,0.8202883872104004
0.3630000000000003,0.3630000000000003,0.8188414638221354,0.3630000000000003,0.3630000000000003,0.8188414638221354
0.3640000000000003,0.3640000000000003,0.8173521057252641,0.3640000000000003,0.3640000000000003,0.8173521057252641
0.3650000000000003,0.3650000000000003,0.8158181591534277,0.3650000000000003,0.3650000000000003,0.8158181591534277
0.3660000000000003,0.3660000000000003,0.8142373189993426,0.3660000000000003,0.3660000000000003,0.8142373189993426
0.3670000000000003,0.3670000000000003,0.8126071161021359,0.3670000000000003,0.3670000000000003,0.8126071161021359
0.3680000000000003,0.3680000000000003,0.8109249033665761,0.3680000000000003,0.3680000000000003,0.8109249033665761
0.3690000000000003,0.3690000000000003,0.809187840611641,0.3690000000000003,0.3690000000000003,0.809187840611641
0.3700000000000003,0.3700000000000003,0.8073928780409475,0.3700000000000003,0.3700000000000003,0.8073928780409475
0.3710000000000003,0.3710000000000003,0.805536738224133,0.3710000000000003,0.3710000000000003,0.805536738224133
0.3720000000000003,0.3720000000000003,0.8036158964769071,0.3720000000000003,0.3720000000000003,0.8036158964769071
0.3730000000000003,0.3730000000000003,0.80162655952934,0.3730000000000003,0.3730000000000003,0.80162655952934
0.3740000000000003,0.3740000000000003,0.7995646423781458,0.3740000000000003,0.3740000000000003,0.7995646423781458
0.3750000000000003,0.3750000000000003,0.7974257432310473,0.3750000000000003,0.3750000000000003,0.7974257432310473
0.3760000000000003,0.3760000000000003,0.7952051164718951,0.3760000000000003,0.3760000000000003,0.7952051164718951
0.3770000000000003,0.3770000000000003,0.792897643606813,0.3770000000000003,0.3770000000000003,0.792897643606813
0.3780000000000003,0.3780000000000003,0.7904978021978336,0.3780000000000003,0.3780000000000003,0.7904978021978336
0.3790000000000003,0.3790000000000003,0.7879996328554717,0.3790000000000003,0.3790000000000003,0.7879996328554717
0.3800000000000003,0.3800000000000003,0.7853967044510208,0.3800000000000003,0.3800000000000003,0.7853967044510208
0.3810000000000003,0.3810000000000003,0.7826820778293326,0.3810000000000003,0.3810000000000003,0.7826820778293326
0.3820000000000003,0.3820000000000003,0.779848268461126,0.3820000000000003,0.3820000000000003,0.779848268461126
0.3830000000000003,0.3830000000000003,0.7768872086791465,0.3830000000000003,0.3830000000000003,0.7768872086791465
0.3840000000000003,0.3840000000000003,0.7737902104041571,0.3840000000000003,0.3840000000000003,0.7737902104041571
0.3850000000000003,0.3850000000000003,0.7705479295944982,0.3850000000000003,0.3850000000000003,0.7705479295944982
0.3860000000000003,0.3860000000000003,0.7671503340554479,0.3860000000000003,0.3860000000000003,0.7671503340554479
0.3870000000000003,0.3870000000000003,0.7635866767279167,0.3870000000000003,0.3870000000000003,0.7635866767279167
0.3880000000000003,0.3880000000000003,0.7598454771406689,0.3880000000000003,0.3880000000000003,0.7598454771406689
0.3890000000000003,0.3890000000000003,0.755914514347346,0.3890000000000003,0.3890000000000003,0.755914514347346
0.3900000000000003,0.3900000000000003,0.751780835355661,0.3900000000000003,0.3900000000000003,0.751780835355661
0.3910000000000003,0.3910000000000003,0.7474307837463278,0.3910000000000003,0.3910000000000003,0.7474307837463278
0.3920000000000003,0.3920000000000003,0.7428500538000152,0.3920000000000003,0.3920000000000003,0.7428500538000152
0.3930000000000003,0.3930000000000003,0.7380237758927037,0.3930000000000003,0.3930000000000003,0.7380237758927037
0.3940000000000003,0.3940000000000003,0.7329366390337534,0.3940000000000003,0.3940000000000003,0.7329366390337534
0.3950000000000003,0.3950000000000003,0.7275730560192212,0.3950000000000003,0.3950000000000003,0.7275730560192212
0.3960000000000003,0.3960000000000003,0.721917375542856,0.3960000000000003,0.3960000000000003,0.721917375542856
0.3970000000000003,0.3970000000000003,0.7159541435403803,0.3970000000000003,0.3970000000000003,0.7159541435403803
0.3980000000000003,0.3980000000000003,0.7096684128852467,0.3980000000000003,0.3980000000000003,0.7096684128852467
0.3990000000000003,0.3990000000000003,0.7030460962763364,0.3990000000000003,0.3990000000000003,0.7030460962763364
0.4000000000000003,0.4000000000000003,0.6960743519341626,0.4000000000000003,0.4000000000000003,0.6960743519341626
0.4010000000000003,0.4010000000000003,0.6887419859997188,0.4010000000000003,0.4010000000000003,0.6887419859997188
0.4020000000000003,0.4020000000000003,0.6810398500548117,0.4020000000000003,0.4020000000000003,0.6810398500548117
0.4030000000000003,0.4030000000000003,0.6729612079437647,0.4030000000000003,0.4030000000000003,0.6729612079437647
0.4040000000000003,0.4040000000000003,0.6645020441458427,0.4040000000000003,0.4040000000000003,0.6645020441458427
0.4050000000000003,0.4050000000000003,0.6556612872264237,0.4050000000000003,0.4050000000000003,0.6556612872264237
0.4060000000000003,0.4060000000000003,0.6464409268177842,0.4060000000000003,0.4060000000000003,0.6464409268177842
0.4070000000000003,0.4070000000000003,0.6368460108850443,0.4070000000000003,0.4070000000000003,0.6368460108850443
0.4080000000000003,0.4080000000000003,0.6268845206933773,0.4080000000000003,0.4080000000000003,0.6268845206933773
0.4090000000000003,0.4090000000000003,0.616567132286401,0.4090000000000003,0.4090000000000003,0.616567132286401
0.4100000000000003,0.4100000000000003,0.6059068835635628,0.4100000000000003,0.4100000000000003,0.6059068835635628
0.4110000000000003,0.4110000000000003,0.5949187735922959,0.4110000000000003,0.4110000000000003,0.5949187735922959
0.4120000000000003,0.4120000000000003,0.5836193246196494,0.4120000000000003,0.4120000000000003,0.5836193246196494
0.4130000000000003,0.4130000000000003,0.5720261371872712,0.4130000000000003,0.4130000000000003,0.5720261371872712
0.4140000000000003,0.4140000000000003,0.5601574653455454,0.4140000000000003,0.4140000000000003,0.5601574653455454
0.4150000000000003,0.4150000000000003,0.5480318333862204,0.4150000000000003,0.4150000000000003,0.5480318333862204
0.4160000000000003,0.4160000000000003,0.5356677088886856,0.4160000000000003,0.4160000000000003,0.5356677088886856
0.4170000000000003,0.4170000000000003,0.5230832404162046,0.4170000000000003,0.4170000000000003,0.5230832404162046
0.4180000000000003,0.4180000000000003,0.5102960627682782,0.4180000000000003,0.4180000000000003,0.5102960627682782
0.4190000000000003,0.4190000000000003,0.4973231686816945,0.4190000000000003,0.4190000000000003,0.4973231686816945
0.4200000000000003,0.4200000000000003,0.4841808434938458,0.4200000000000003,0.4200000000000003,0.4841808434938458
0.4210000000000003,0.4210000000000003,0.4708846584538826,0.4210000000000003,0.4210000000000003,0.4708846584538826
0.4220000000000003,0.4220000000000003,0.4574495189230992,0.4220000000000003,0.4220000000000003,0.4574495189230992
0.4230000000000003,0.4230000000000003,0.443889765489046,0.4230000000000003,0.4230000000000003,0.443889765489046
0.4240000000000003,0.4240000000000003,0.4302193296847829,0.4240000000000003,0.4240000000000003,0.4302193296847829
0.4250000000000003,0.4250000000000003,0.4164519629643775,0.4250000000000003,0.4250000000000003,0.4164519629643775
0.4260000000000003,0.4260000000000003,0.4026015262004811,0.4260000000000003,0.4260000000000003,0.4026015262004811
0.4270000000000003,0.4270000000000003,0.3886822987367938,0.4270000000000003,0.4270000000000003,0.3886822987367938
0.4280000000000003,0.4280000000000003,0.3747094649151404,0.4280000000000003,0.4280000000000003,0.3747094649151404
0.4290000000000003,0.4290000000000003,0.360699735739797,0.4290000000000003,0.4290000000000003,0.360699735739797
0.4300000000000003,0.4300000000000003,0.3466721404162348,0.4300000000000003,0.4300000000000003,0.3466721404162348
0.4310000000000003,0.4310000000000003,0.332649050766487,0.4310000000000003,0.4310000000000003,0.332649050766487
0.4320000000000003,0.4320000000000003,0.3186574961967101,0.4320000000000003,0.4320000000000003,0.3186574961967101
0.4330000000000003,0.4330000000000003,0.3047308178765299,0.4330000000000003,0.4330000000000003,0.3047308178765299
0.4340000000000003,0.4340000000000003,0.2909106712297201,0.4340000000000003,0.4340000000000003,0.2909106712297201
0.4350000000000003,0.4350000000000003,0.2772492857767427,0.4350000000000003,0.4350000000000003,0.2772492857767427
0.4360000000000003,0.4360000000000003,0.2638116903020702,0.4360000000000003,0.4360000000000003,0.2638116903020702
0.4370000000000003,0.4370000000000003,0.2506772764540581,0.4370000000000003,0.4370000000000003,0.2506772764540581
0.4380000000000003,0.4380000000000003,0.2379396378660009,0.4380000000000003,0.4380000000000003,0.2379396378660009
0.4390000000000003,0.4390000000000003,0.2257032876573675,0.4390000000000003,0.4390000000000003,0.2257032876573675
0.4400000000000003,0.4400000000000003,0.2140760733177828,0.4400000000000003,0.4400000000000003,0.2140760733177828
0.4410000000000003,0.4410000000000003,0.2031573818864022,0.4410000000000003,0.4410000000000003,0.2031573818864022
0.4420000000000003,0.4420000000000003,0.193024482504271,0.4420000000000003,0.4420000000000003,0.193024482504271
0.4430000000000003,0.4430000000000003,0.1837213040623652,0.4430000000000003,0.4430000000000003,0.1837213040623652
0.4440000000000003,0.4440000000000003,0.1752537424160522,0.4440000000000003,0.4440000000000003,0.1752537424160522
0.4450000000000003,0.4450000000000003,0.1675928171841168,0.4450000000000003,0.4450000000000003,0.1675928171841168
0.4460000000000003,0.4460000000000003,0.1606835767238972,0.4460000000000003,0.4460000000000003,0.1606835767238972
0.4470000000000003,0.4470000000000003,0.1544559663697762,0.4470000000000003,0.4470000000000003,0.1544559663697762
0.4480000000000003,0.4480000000000003,0.1488344712983422,0.4480000000000003,0.4480000000000003,0.1488344712983422
0.4490000000000003,0.4490000000000003,0.1437450169772806,0.4490000000000003,0.4490000000000003,0.1437450169772806
0.4500000000000003,0.4500000000000003,0.1391190448373653,0.4500000000000003,0.4500000000000003,0.1391190448373653
0.4510000000000003,0.4510000000000003,0.134895391745426,0.4510000000000003,0.4510000000000003,0.134895391745426
0.4520000000000003,0.4520000000000003,0.131020736920585,0.4520000000000003,0.4520000000000003,0.131020736920585
0.4530000000000003,0.4530000000000003,0.1274492418419051,0.4530000000000003,0.4530000000000003,0.1274492418419051
0.4540000000000003,0.4540000000000003,0.1241418083591229,0.4540000000000003,0.4540000000000003,0.1241418083591229
0.4550000000000003,0.4550000000000003,0.1210652103454864,0.4550000000000003,0.4550000000000003,0.1210652103454864
0.4560000000000003,0.4560000000000003,0.1181912364774779,0.4560000000000003,0.4560000000000003,0.1181912364774779
0.4570000000000004,0.4570000000000004,0.1154959090293425,0.4570000000000004,0.4570000000000004,0.1154959090293425
0.4580000000000004,0.4580000000000004,0.1129588023571662,0.4580000000000004,0.4580000000000004,0.1129588023571662
0.4590000000000004,0.4590000000000004,0.1105624632170798,0.4590000000000004,0.4590000000000004,0.1105624632170798
0.4600000000000004,0.4600000000000004,0.1082919249638286,0.4600000000000004,0.4600000000000004,0.1082919249638286
0.4610000000000004,0.4610000000000004,0.1061343038265657,0.4610000000000004,0.4610000000000004,0.1061343038265657
0.4620000000000004,0.4620000000000004,0.1040784648111003,0.4620000000000004,0.4620000000000004,0.1040784648111003
0.4630000000000004,0.4630000000000004,0.1021147456268904,0.4630000000000004,0.4630000000000004,0.1021147456268904
0.4640000000000004,0.4640000000000004,0.1002347284711774,0.4640000000000004,0.4640000000000004,0.1002347284711774
0.4650000000000004,0.4650000000000004,0.098431051060131,0.4650000000000004,0.4650000000000004,0.098431051060131
0.4660000000000004,0.4660000000000004,0.09669724976210475,0.4660000000000004,0.4660000000000004,0.09669724976210475
0.4670000000000004,0.4670000000000004,0.0950276289753908,0.4670000000000004,0.4670000000000004,0.0950276289753908
0.4680000000000004,0.4680000000000004,0.093417151981858,0.4680000000000004,0.4680000000000004,0.093417151981858
0.4690000000000004,0.4690000000000004,0.09186134940873081,0.4690000000000004,0.4690000000000004,0.09186134940873081
0.4700000000000004,0.4700000000000004,0.09035624216592661,0.4700000000000004,0.4700000000000004,0.09035624216592661
0.4710000000000004,0.4710000000000004,0.08889827632147568,0.4710000000000004,0.4710000000000004,0.08889827632147568
0.4720000000000004,0.4720000000000004,0.08748426785696217,0.4720000000000004,0.4720000000000004,0.08748426785696217
0.4730000000000004,0.4730000000000004,0.08611135563030722,0.4730000000000004,0.4730000000000004,0.08611135563030722
0.4740000000000004,0.4740000000000004,0.08477696118274884,0.4740000000000004,0.4740000000000004,0.08477696118274884
0.4750000000000004,0.4750000000000004,0.08347875427564927,0.4750000000000004,0.4750000000000004,0.08347875427564927
0.4760000000000004,0.4760000000000004,0.08221462324292435,0.4760000000000004,0.4760000000000004,0.08221462324292435
0.4770000000000004,0.4770000000000004,0.08098264940631957,0.4770000000000004,0.4770000000000004,0.08098264940631957
0.4780000000000004,0.4780000000000004,0.07978108493122441,0.4780000000000004,0.4780000000000004,0.07978108493122441
0.4790000000000004,0.4790000000000004,0.07860833360651112,0.4790000000000004,0.4790000000000004,0.07860833360651112
0.4800000000000004,0.4800000000000004,0.07746293411792897,0.4800000000000004,0.4800000000000004,0.07746293411792897
0.4810000000000004,0.4810000000000004,0.07634354545485493,0.4810000000000004,0.4810000000000004,0.07634354545485493
0.4820000000000004,0.4820000000000004,0.07524893414776886,0.4820000000000004,0.4820000000000004,0.07524893414776886
0.4830000000000004,0.4830000000000004,0.07417796308121827,0.4830000000000004,0.4830000000000004,0.07417796308121827
0.4840000000000004,0.4840000000000004,0.0731295816662077,0.4840000000000004,0.4840000000000004,0.0731295816662077
0.4850000000000004,0.4850000000000004,0.07210281718845792,0.4850000000000004,0.4850000000000004,0.07210281718845792
0.4860000000000004,0.4860000000000004,0.07109676717608723,0.4860000000000004,0.4860000000000004,0.07109676717608723
0.4870000000000004,0.4870000000000004,0.0701105926529762,0.4870000000000004,0.4870000000000004,0.0701105926529762
0.4880000000000004,0.4880000000000004,0.06914351216314588,0.4880000000000004,0.4880000000000004,0.06914351216314588
0.4890000000000004,0.4890000000000004,0.06819479646761475,0.4890000000000004,0.4890000000000004,0.06819479646761475
0.4900000000000004,0.4900000000000004,0.06726376382882912,0.4900000000000004,0.4900000000000004,0.06726376382882912
0.4910000000000004,0.4910000000000004,0.06634977580938969,0.4910000000000004,0.4910000000000004,0.06634977580938969
0.4920000000000004,0.4920000000000004,0.06545223352168469,0.4920000000000004,0.4920000000000004,0.06545223352168469
0.4930000000000004,0.4930000000000004,0.0645705742735167,0.4930000000000004,0.4930000000000004,0.0645705742735167
0.4940000000000004,0.4940000000000004,0.06370426856206658,0.4940000000000004,0.4940000000000004,0.06370426856206658
0.4950000000000004,0.4950000000000004,0.06285281737477892,0.4950000000000004,0.4950000000000004,0.06285281737477892
0.4960000000000004,0.4960000000000004,0.06201574976113006,0.4960000000000004,0.4960000000000004,0.06201574976113006
0.4970000000000004,0.4970000000000004,0.06119262064386355,0.4970000000000004,0.4970000000000004,0.06119262064386355
0.4980000000000004,0.4980000000000004,0.06038300884228911,0.4980000000000004,0.4980000000000004,0.06038300884228911
0.4990000000000004,0.4990000000000004,0.0595865152836941,0.4990000000000004,0.4990000000000004,0.0595865152836941
0.5000000000000003,0.5000000000000003,0.05880276138191939,0.5000000000000003,0.5000000000000003,0.05880276138191939
0.5010000000000003,0.5010000000000003,0.05803138756474134,0.5010000000000003,0.5010000000000003,0.05803138756474134
0.5020000000000003,0.5020000000000003,0.05727205193396043,0.5020000000000003,0.5020000000000003,0.05727205193396043
0.5030000000000003,0.5030000000000003,0.05652442904405107,0.5030000000000003,0.5030000000000003,0.05652442904405107
0.5040000000000003,0.5040000000000003,0.05578820878692765,0.5040000000000003,0.5040000000000003,0.05578820878692765
0.5050000000000003,0.5050000000000003,0.05506309537186334,0.5050000000000003,0.5050000000000003,0.05506309537186334
0.5060000000000003,0.5060000000000003,0.05434880639088712,0.5060000000000003,0.5060000000000003,0.05434880639088712
0.5070000000000003,0.5070000000000003,0.05364507196110715,0.5070000000000003,0.5070000000000003,0.05364507196110715
0.5080000000000003,0.5080000000000003,0.05295163393638819,0.5080000000000003,0.5080000000000003,0.05295163393638819
0.5090000000000003,0.5090000000000003,0.05226824518167474,0.5090000000000003,0.5090000000000003,0.05226824518167474
0.5100000000000003,0.5100000000000003,0.05159466890399335,0.5100000000000003,0.5100000000000003,0.05159466890399335
0.5110000000000003,0.5110000000000003,0.05093067803482623,0.5110000000000003,0.5110000000000003,0.05093067803482623
0.5120000000000003,0.5120000000000003,0.05027605465913208,0.5120000000000003,0.5120000000000003,0.05027605465913208
0.5130000000000003,0.5130000000000003,0.04963058948678469,0.5130000000000003,0.5130000000000003,0.04963058948678469
0.5140000000000003,0.5140000000000003,0.04899408136265256,0.5140000000000003,0.5140000000000003,0.04899408136265256
0.5150000000000003,0.5150000000000003,0.04836633681193747,0.5150000000000003,0.5150000000000003,0.04836633681193747
0.5160000000000003,0.5160000000000003,0.04774716961772323,0.5160000000000003,0.5160000000000003,0.04774716961772323
0.5170000000000003,0.5170000000000003,0.04713640042801168,0.5170000000000003,0.5170000000000003,0.04713640042801168
0.5180000000000003,0.5180000000000003,0.04653385638977386,0.5180000000000003,0.5180000000000003,0.04653385638977386
0.5190000000000003,0.5190000000000003,0.04593937080779913,0.5190000000000003,0.5190000000000003,0.04593937080779913
0.5200000000000004,0.5200000000000004,0.0453527828263301,0.5200000000000004,0.5200000000000004,0.0453527828263301
0.5210000000000004,0.5210000000000004,0.0447739371316672,0.5210000000000004,0.5210000000000004,0.0447739371316672
0.5220000000000004,0.5220000000000004,0.04420268367408997,0.5220000000000004,0.5220000000000004,0.04420268367408997
0.5230000000000004,0.5230000000000004,0.04363887740759805,0.5230000000000004,0.5230000000000004,0.04363887740759805
0.5240000000000004,0.5240000000000004,0.04308237804610896,0.5240000000000004,0.5240000000000004,0.04308237804610896
0.5250000000000004,0.5250000000000004,0.04253304983486972,0.5250000000000004,0.5250000000000004,0.04253304983486972
0.5260000000000004,0.5260000000000004,0.04199076133594989,0.5260000000000004,0.5260000000000004,0.04199076133594989
0.5270000000000004,0.5270000000000004,0.04145538522678056,0.5270000000000004,0.5270000000000004,0.04145538522678056
0.5280000000000004,0.5280000000000004,0.0409267981107917,0.5280000000000004,0.5280000000000004,0.0409267981107917
0.5290000000000004,0.5290000000000004,0.04040488033928167,0.5290000000000004,0.5290000000000004,0.04040488033928167
0.5300000000000004,0.5300000000000004,0.03988951584372107,0.5300000000000004,0.5300000000000004,0.03988951584372107
0.5310000000000004,0.5310000000000004,0.03938059197776441,0.5310000000000004,0.5310000000000004,0.03938059197776441
0.5320000000000004,0.5320000000000004,0.03887799936829128,0.5320000000000004,0.5320000000000004,0.03887799936829128
0.5330000000000004,0.5330000000000004,0.03838163177486677,0.5330000000000004,0.5330000000000004,0.03838163177486677
0.5340000000000004,0.5340000000000004,0.03789138595704563,0.5340000000000004,0.5340000000000004,0.03789138595704563
0.5350000000000004,0.5350000000000004,0.03740716154899817,0.5350000000000004,0.5350000000000004,0.03740716154899817
0.5360000000000004,0.5360000000000004,0.03692886094097144,0.5360000000000004,0.5360000000000004,0.03692886094097144
0.5370000000000004,0.5370000000000004,0.03645638916714029,0.5370000000000004,0.5370000000000004,0.03645638916714029
0.5380000000000004,0.5380000000000004,0.03598965379942988,0.5380000000000004,0.5380000000000004,0.03598965379942988
0.5390000000000004,0.5390000000000004,0.03552856484693084,0.5390000000000004,0.5390000000000004,0.03552856484693084
0.5400000000000004,0.5400000000000004,0.03507303466054855,0.5400000000000004,0.5400000000000004,0.03507303466054855
0.5410000000000004,0.5410000000000004,0.0346229778425586,0.5410000000000004,0.5410000000000004,0.0346229778425586
0.5420000000000004,0.5420000000000004,0.03417831116076214,0.5420000000000004,0.5420000000000004,0.03417831116076214
0.5430000000000004,0.5430000000000004,0.03373895346695843,0.5430000000000004,0.5430000000000004,0.03373895346695843
0.5440000000000004,0.5440000000000004,0.03330482561946921,0.5440000000000004,0.5440000000000004,0.03330482561946921
0.5450000000000004,0.5450000000000004,0.03287585040947158,0.5450000000000004,0.5450000000000004,0.03287585040947158
0.5460000000000004,0.5460000000000004,0.03245195249090815,0.5460000000000004,0.5460000000000004,0.03245195249090815
0.5470000000000004,0.5470000000000004,0.03203305831376681,0.5470000000000004,0.5470000000000004,0.03203305831376681
0.5480000000000004,0.5480000000000004,0.03161909606052616,0.5480000000000004,0.5480000000000004,0.03161909606052616
0.5490000000000004,0.5490000000000004,0.03120999558558694,0.5490000000000004,0.5490000000000004,0.03120999558558694
0.5500000000000004,0.5500000000000004,0.03080568835751449,0.5500000000000004,0.5500000000000004,0.03080568835751449
0.5510000000000004,0.5510000000000004,0.03040610740393113,0.5510000000000004,0.5510000000000004,0.03040610740393113
0.5520000000000004,0.5520000000000004,0.03001118725891118,0.5520000000000004,0.5520000000000004,0.03001118725891118
0.5530000000000004,0.5530000000000004,0.02962086391273419,0.5530000000000004,0.5530000000000004,0.02962086391273419
0.5540000000000004,0.5540000000000004,0.02923507476386853,0.5540000000000004,0.5540000000000004,0.02923507476386853
0.5550000000000004,0.5550000000000004,0.02885375857306012,0.5550000000000004,0.5550000000000004,0.02885375857306012
0.5560000000000004,0.5560000000000004,0.02847685541941167,0.5560000000000004,0.5560000000000004,0.02847685541941167
0.5570000000000004,0.5570000000000004,0.02810430665834739,0.5570000000000004,0.5570000000000004,0.02810430665834739
0.5580000000000004,0.5580000000000004,0.02773605488135739,0.5580000000000004,0.5580000000000004,0.02773605488135739
0.5590000000000004,0.5590000000000004,0.02737204387743146,0.5590000000000004,0.5590000000000004,0.02737204387743146
0.5600000000000004,0.5600000000000004,0.02701221859609094,0.5600000000000004,0.5600000000000004,0.02701221859609094
0.5610000000000004,0.5610000000000004,0.02665652511193579,0.5610000000000004,0.5610000000000004,0.02665652511193579
0.5620000000000004,0.5620000000000004,0.02630491059063007,0.5620000000000004,0.5620000000000004,0.02630491059063007
0.5630000000000004,0.5630000000000004,0.02595732325624923,0.5630000000000004,0.5630000000000004,0.02595732325624923
0.5640000000000004,0.5640000000000004,0.02561371235992354,0.5640000000000004,0.5640000000000004,0.02561371235992354
0.5650000000000004,0.5650000000000004,0.0252740281497099,0.5650000000000004,0.5650000000000004,0.0252740281497099
0.5660000000000004,0.5660000000000004,0.02493822184163281,0.5660000000000004,0.5660000000000004,0.02493822184163281
0.5670000000000004,0.5670000000000004,0.0246062455918349,0.5670000000000004,0.5670000000000004,0.0246062455918349
0.5680000000000004,0.5680000000000004,0.02427805246978576,0.5680000000000004,0.5680000000000004,0.02427805246978576
0.5690000000000004,0.5690000000000004,0.02395359643249409,0.5690000000000004,0.5690000000000004,0.02395359643249409
0.5700000000000004,0.5700000000000004,0.0236328322996787,0.5700000000000004,0.5700000000000004,0.0236328322996787
0.5710000000000004,0.5710000000000004,0.02331571572985075,0.5710000000000004,0.5710000000000004,0.02331571572985075
0.5720000000000004,0.5720000000000004,0.02300220319726497,0.5720000000000004,0.5720000000000004,0.02300220319726497
0.5730000000000004,0.5730000000000004,0.02269225196969903,0.5730000000000004,0.5730000000000004,0.02269225196969903
0.5740000000000004,0.5740000000000004,0.0223858200870248,0.5740000000000004,0.5740000000000004,0.0223858200870248
0.5750000000000004,0.5750000000000004,0.02208286634053214,0.5750000000000004,0.5750000000000004,0.02208286634053214
0.5760000000000004,0.5760000000000004,0.02178335025297285,0.5760000000000004,0.5760000000000004,0.02178335025297285
0.5770000000000004,0.5770000000000004,0.02148723205929485,0.5770000000000004,0.5770000000000004,0.02148723205929485
0.5780000000000004,0.5780000000000004,0.02119447268803048,0.5780000000000004,0.5780000000000004,0.02119447268803048
0.5790000000000004,0.5790000000000004,0.02090503374331652,0.5790000000000004,0.5790000000000004,0.02090503374331652
0.5800000000000004,0.5800000000000004,0.02061887748751271,0.5800000000000004,0.5800000000000004,0.02061887748751271
0.5810000000000004,0.5810000000000004,0.02033596682439738,0.5810000000000004,0.5810000000000004,0.02033596682439738
0.5820000000000004,0.5820000000000004,0.02005626528291312,0.5820000000000004,0.5820000000000004,0.02005626528291312
0.5830000000000004,0.5830000000000004,0.01977973700144062,0.5830000000000004,0.5830000000000004,0.01977973700144062
0.5840000000000004,0.5840000000000004,0.01950634671257683,0.5840000000000004,0.5840000000000004,0.01950634671257683
0.5850000000000004,0.5850000000000004,0.01923605972839839,0.5850000000000004,0.5850000000000004,0.01923605972839839
0.5860000000000004,0.5860000000000004,0.01896884192619026,0.5860000000000004,0.5860000000000004,0.01896884192619026
0.5870000000000004,0.5870000000000004,0.01870465973461869,0.5870000000000004,0.5870000000000004,0.01870465973461869
0.5880000000000004,0.5880000000000004,0.01844348012033348,0.5880000000000004,0.5880000000000004,0.01844348012033348
0.5890000000000004,0.5890000000000004,0.01818527057497992,0.5890000000000004,0.5890000000000004,0.01818527057497992
0.5900000000000004,0.5900000000000004,0.01792999910260646,0.5900000000000004,0.5900000000000004,0.01792999910260646
0.5910000000000004,0.5910000000000004,0.01767763420745025,0.5910000000000004,0.5910000000000004,0.01767763420745025
0.5920000000000004,0.5920000000000004,0.01742814488208878,0.5920000000000004,0.5920000000000004,0.01742814488208878
0.5930000000000004,0.5930000000000004,0.01718150059594042,0.5930000000000004,0.5930000000000004,0.01718150059594042
0.5940000000000004,0.5940000000000004,0.01693767128410371,0.5940000000000004,0.5940000000000004,0.01693767128410371
0.5950000000000004,0.5950000000000004,0.01669662733652007,0.5950000000000004,0.5950000000000004,0.01669662733652007
0.5960000000000004,0.5960000000000004,0.0164583395874499,0.5960000000000004,0.5960000000000004,0.0164583395874499
0.5970000000000004,0.5970000000000004,0.0162227793052492,0.5970000000000004,0.5970000000000004,0.0162227793052492
0.5980000000000004,0.5980000000000004,0.0159899181824365,0.5980000000000004,0.5980000000000004,0.0159899181824365
0.5990000000000004,0.5990000000000004,0.01575972832603921,0.5990000000000004,0.5990000000000004,0.01575972832603921
0.6000000000000004,0.6000000000000004,0.01553218224820874,0.6000000000000004,0.6000000000000004,0.01553218224820874
0.6010000000000004,0.6010000000000004,0.01530725285709717,0.6010000000000004,0.6010000000000004,0.01530725285709717
0.6020000000000004,0.6020000000000004,0.01508491344798346,0.6020000000000004,0.6020000000000004,0.01508491344798346
0.6030000000000004,0.6030000000000004,0.01486513769464207,0.6030000000000004,0.6030000000000004,0.01486513769464207
0.6040000000000004,0.6040000000000004,0.0146478996409453,0.6040000000000004,0.6040000000000004,0.0146478996409453
0.6050000000000004,0.6050000000000004,0.01443317369269162,0.6050000000000004,0.6050000000000004,0.01443317369269162
0.6060000000000004,0.6060000000000004,0.01422093460965202,0.6060000000000004,0.6060000000000004,0.01422093460965202
0.6070000000000004,0.6070000000000004,0.01401115749782673,0.6070000000000004,0.6070000000000004,0.01401115749782673
0.6080000000000004,0.6080000000000004,0.01380381780190596,0.6080000000000004,0.6080000000000004,0.01380381780190596
0.6090000000000004,0.6090000000000004,0.013598891297928,0.6090000000000004,0.6090000000000004,0.013598891297928
0.6100000000000004,0.6100000000000004,0.0133963540861276,0.6100000000000004,0.6100000000000004,0.0133963540861276
0.6110000000000004,0.6110000000000004,0.01319618258396879,0.6110000000000004,0.6110000000000004,0.01319618258396879
0.6120000000000004,0.6120000000000004,0.01299835351935579,0.6120000000000004,0.6120000000000004,0.01299835351935579
0.6130000000000004,0.6130000000000004,0.01280284392401819,0.6130000000000004,0.6130000000000004,0.01280284392401819
0.6140000000000004,0.6140000000000004,0.01260963112706176,0.6140000000000004,0.6140000000000004,0.01260963112706176
0.6150000000000004,0.6150000000000004,0.01241869274868204,0.6150000000000004,0.6150000000000004,0.01241869274868204
0.6160000000000004,0.6160000000000004,0.01223000669403586,0.6160000000000004,0.6160000000000004,0.01223000669403586
0.6170000000000004,0.6170000000000004,0.01204355114726341,0.6170000000000004,0.6170000000000004,0.01204355114726341
0.6180000000000004,0.6180000000000004,0.01185930456566,0.6180000000000004,0.6180000000000004,0.01185930456566
0.6190000000000004,0.6190000000000004,0.01167724567398804,0.6190000000000004,0.6190000000000004,0.01167724567398804
0.6200000000000004,0.6200000000000004,0.01149735345893223,0.6200000000000004,0.6200000000000004,0.01149735345893223
0.6210000000000004,0.6210000000000004,0.01131960716368419,0.6210000000000004,0.6210000000000004,0.01131960716368419
0.6220000000000004,0.6220000000000004,0.01114398628266186,0.6220000000000004,0.6220000000000004,0.01114398628266186
0.6230000000000004,0.6230000000000004,0.01097047055635359,0.6230000000000004,0.6230000000000004,0.01097047055635359
0.6240000000000004,0.6240000000000004,0.01079903996628622,0.6240000000000004,0.6240000000000004,0.01079903996628622
0.6250000000000004,0.6250000000000004,0.01062967473011302,0.6250000000000004,0.6250000000000004,0.01062967473011302
0.6260000000000004,0.6260000000000004,0.01046235529681583,0.6260000000000004,0.6260000000000004,0.01046235529681583
0.6270000000000004,0.6270000000000004,0.01029706234202252,0.6270000000000004,0.6270000000000004,0.01029706234202252
0.6280000000000004,0.6280000000000004,0.01013377676343222,0.6280000000000004,0.6280000000000004,0.01013377676343222
0.6290000000000004,0.6290000000000004,0.009972479676347861,0.6290000000000004,0.6290000000000004,0.009972479676347861
0.6300000000000004,0.6300000000000004,0.009813152409311391,0.6300000000000004,0.6300000000000004,0.009813152409311391
0.6310000000000004,0.6310000000000004,0.009655776499840741,0.6310000000000004,0.6310000000000004,0.009655776499840741
0.6320000000000005,0.6320000000000005,0.009500333690263195,0.6320000000000005,0.6320000000000005,0.009500333690263195
0.6330000000000005,0.6330000000000005,0.00934680592364456,0.6330000000000005,0.6330000000000005,0.00934680592364456
0.6340000000000005,0.6340000000000005,0.009195175339811019,0.6340000000000005,0.6340000000000005,0.009195175339811019
0.6350000000000005,0.6350000000000005,0.009045424271459913,0.6350000000000005,0.6350000000000005,0.009045424271459913
0.6360000000000005,0.6360000000000005,0.008897535240358636,0.6360000000000005,0.6360000000000005,0.008897535240358636
0.6370000000000005,0.6370000000000005,0.00875149095362876,0.6370000000000005,0.6370000000000005,0.00875149095362876
0.6380000000000005,0.6380000000000005,0.008607274300112119,0.6380000000000005,0.6380000000000005,0.008607274300112119
0.6390000000000005,0.6390000000000005,0.008464868346817816,0.6390000000000005,0.6390000000000005,0.008464868346817816
0.6400000000000005,0.6400000000000005,0.008324256335447444,0.6400000000000005,0.6400000000000005,0.008324256335447444
0.6410000000000005,0.6410000000000005,0.008185421678996645,0.6410000000000005,0.6410000000000005,0.008185421678996645
0.6420000000000005,0.6420000000000005,0.008048347958430303,0.6420000000000005,0.6420000000000005,0.008048347958430303
0.6430000000000005,0.6430000000000005,0.007913018919431082,0.6430000000000005,0.6430000000000005,0.007913018919431082
0.6440000000000005,0.6440000000000005,0.007779418469215944,0.6440000000000005,0.6440000000000005,0.007779418469215944
0.6450000000000005,0.6450000000000005,0.007647530673423574,0.6450000000000005,0.6450000000000005,0.007647530673423574
0.6460000000000005,0.6460000000000005,0.0075173397530662,0.6460000000000005,0.6460000000000005,0.0075173397530662
0.6470000000000005,0.6470000000000005,0.007388830081547198,0.6470000000000005,0.6470000000000005,0.007388830081547198
0.6480000000000005,0.6480000000000005,0.007261986181741367,0.6480000000000005,0.6480000000000005,0.007261986181741367
0.6490000000000005,0.6490000000000005,0.007136792723136552,0.6490000000000005,0.6490000000000005,0.007136792723136552
0.6500000000000005,0.6500000000000005,0.007013234519034572,0.6500000000000005,0.6500000000000005,0.007013234519034572
0.6510000000000005,0.6510000000000005,0.006891296523810249,0.6510000000000005,0.6510000000000005,0.006891296523810249
0.6520000000000005,0.6520000000000005,0.006770963830227203,0.6520000000000005,0.6520000000000005,0.006770963830227203
0.6530000000000005,0.6530000000000005,0.006652221666807583,0.6530000000000005,0.6530000000000005,0.006652221666807583
0.6540000000000005,0.6540000000000005,0.006535055395256417,0.6540000000000005,0.6540000000000005,0.006535055395256417
0.6550000000000005,0.6550000000000005,0.006419450507937535,0.6550000000000005,0.6550000000000005,0.006419450507937535
0.6560000000000005,0.6560000000000005,0.006305392625399014,0.6560000000000005,0.6560000000000005,0.006305392625399014
0.6570000000000005,0.6570000000000005,0.006192867493948553,0.6570000000000005,0.6570000000000005,0.006192867493948553
0.6580000000000005,0.6580000000000005,0.006081860983277034,0.6580000000000005,0.6580000000000005,0.006081860983277034
0.6590000000000005,0.6590000000000005,0.005972359084127383,0.6590000000000005,0.6590000000000005,0.005972359084127383
0.6600000000000005,0.6600000000000005,0.005864347906009159,0.6600000000000005,0.6600000000000005,0.005864347906009159
0.6610000000000005,0.6610000000000005,0.005757813674956946,0.6610000000000005,0.6610000000000005,0.005757813674956946
0.6620000000000005,0.6620000000000005,0.005652742731330969,0.6620000000000005,0.6620000000000005,0.005652742731330969
0.6630000000000005,0.6630000000000005,0.005549121527660042,0.6630000000000005,0.6630000000000005,0.005549121527660042
0.6640000000000005,0.6640000000000005,0.005446936626522881,0.6640000000000005,0.6640000000000005,0.005446936626522881
0.6650000000000005,0.6650000000000005,0.00534617469847058,0.6650000000000005,0.6650000000000005,0.00534617469847058
0.6660000000000005,0.6660000000000005,0.005246822519984613,0.6660000000000005,0.6660000000000005,0.005246822519984613
0.6670000000000005,0.6670000000000005,0.005148866971474353,0.6670000000000005,0.6670000000000005,0.005148866971474353
0.6680000000000005,0.6680000000000005,0.005052295035306787,0.6680000000000005,0.6680000000000005,0.005052295035306787
0.6690000000000005,0.6690000000000005,0.004957093793874603,0.6690000000000005,0.6690000000000005,0.004957093793874603
0.6700000000000005,0.6700000000000005,0.004863250427694694,0.6700000000000005,0.6700000000000005,0.004863250427694694
0.6710000000000005,0.6710000000000005,0.004770752213540878,0.6710000000000005,0.6710000000000005,0.004770752213540878
0.6720000000000005,0.6720000000000005,0.004679586522607426,0.6720000000000005,0.6720000000000005,0.004679586522607426
0.6730000000000005,0.6730000000000005,0.004589740818704009,0.6730000000000005,0.6730000000000005,0.004589740818704009
0.6740000000000005,0.6740000000000005,0.004501202656478812,0.6740000000000005,0.6740000000000005,0.004501202656478812
0.6750000000000005,0.6750000000000005,0.004413959679672179,0.6750000000000005,0.6750000000000005,0.004413959679672179
0.6760000000000005,0.6760000000000005,0.004327999619396444,0.6760000000000005,0.6760000000000005,0.004327999619396444
0.6770000000000005,0.6770000000000005,0.004243310292443884,0.6770000000000005,0.6770000000000005,0.004243310292443884
0.6780000000000005,0.6780000000000005,0.004159879599620394,0.6780000000000005,0.6780000000000005,0.004159879599620394
0.6790000000000005,0.6790000000000005,0.004077695524103816,0.6790000000000005,0.6790000000000005,0.004077695524103816
0.6800000000000005,0.6800000000000005,0.003996746129828741,0.6800000000000005,0.6800000000000005,0.003996746129828741
0.6810000000000005,0.6810000000000005,0.003917019559892249,0.6810000000000005,0.6810000000000005,0.003917019559892249
0.6820000000000005,0.6820000000000005,0.003838504034985851,0.6820000000000005,0.6820000000000005,0.003838504034985851
0.6830000000000005,0.6830000000000005,0.003761187851847496,0.6830000000000005,0.6830000000000005,0.003761187851847496
0.6840000000000005,0.6840000000000005,0.003685059381736503,0.6840000000000005,0.6840000000000005,0.003685059381736503
0.6850000000000005,0.6850000000000005,0.003610107068929234,0.6850000000000005,0.6850000000000005,0.003610107068929234
0.6860000000000005,0.6860000000000005,0.003536319429234849,0.6860000000000005,0.6860000000000005,0.003536319429234849
0.6870000000000005,0.6870000000000005,0.003463685048532905,0.6870000000000005,0.6870000000000005,0.003463685048532905
0.6880000000000005,0.6880000000000005,0.003392192581328,0.6880000000000005,0.6880000000000005,0.003392192581328
0.6890000000000005,0.6890000000000005,0.003321830749325396,0.6890000000000005,0.6890000000000005,0.003321830749325396
0.6900000000000005,0.6900000000000005,0.003252588340023805,0.6900000000000005,0.6900000000000005,0.003252588340023805
0.6910000000000005,0.6910000000000005,0.003184454205328022,0.6910000000000005,0.6910000000000005,0.003184454205328022
0.6920000000000005,0.6920000000000005,0.003117417260177446,0.6920000000000005,0.6920000000000005,0.003117417260177446
0.6930000000000005,0.6930000000000005,0.003051466481194376,0.6930000000000005,0.6930000000000005,0.003051466481194376
0.6940000000000005,0.6940000000000005,0.00298659090534802,0.6940000000000005,0.6940000000000005,0.00298659090534802
0.6950000000000005,0.6950000000000005,0.002922779628636405,0.6950000000000005,0.6950000000000005,0.002922779628636405
0.6960000000000005,0.6960000000000005,0.002860021804785041,0.6960000000000005,0.6960000000000005,0.002860021804785041
0.6970000000000005,0.6970000000000005,0.00279830664396286,0.6970000000000005,0.6970000000000005,0.00279830664396286
0.6980000000000005,0.6980000000000005,0.002737623411515084,0.6980000000000005,0.6980000000000005,0.002737623411515084
0.6990000000000005,0.6990000000000005,0.002677961426712187,0.6990000000000005,0.6990000000000005,0.002677961426712187
0.7000000000000005,0.7000000000000005,0.002619310061517572,0.7000000000000005,0.7000000000000005,0.002619310061517572
0.7010000000000005,0.7010000000000005,0.002561658739370342,0.7010000000000005,0.7010000000000005,0.002561658739370342
0.7020000000000005,0.7020000000000005,0.002504996933987725,0.7020000000000005,0.7020000000000005,0.002504996933987725
0.7030000000000005,0.7030000000000005,0.002449314168183045,0.7030000000000005,0.7030000000000005,0.002449314168183045
0.7040000000000005,0.7040000000000005,0.002394600012703658,0.7040000000000005,0.7040000000000005,0.002394600012703658
0.7050000000000005,0.7050000000000005,0.002340844085085782,0.7050000000000005,0.7050000000000005,0.002340844085085782
0.7060000000000005,0.7060000000000005,0.002288036048529442,0.7060000000000005,0.7060000000000005,0.002288036048529442
0.7070000000000005,0.7070000000000005,0.002236165610792318,0.7070000000000005,0.7070000000000005,0.002236165610792318
0.7080000000000005,0.7080000000000005,0.002185222523103349,0.7080000000000005,0.7080000000000005,0.002185222523103349
0.7090000000000005,0.7090000000000005,0.002135196579099497,0.7090000000000005,0.7090000000000005,0.002135196579099497
0.7100000000000005,0.7100000000000005,0.002086077613780016,0.7100000000000005,0.7100000000000005,0.002086077613780016
0.7110000000000005,0.7110000000000005,0.002037855502488052,0.7110000000000005,0.7110000000000005,0.002037855502488052
0.7120000000000005,0.7120000000000005,0.001990520159911724,0.7120000000000005,0.7120000000000005,0.001990520159911724
0.7130000000000005,0.7130000000000005,0.001944061539112114,0.7130000000000005,0.7130000000000005,0.001944061539112114
0.7140000000000005,0.7140000000000005,0.001898469630576325,0.7140000000000005,0.7140000000000005,0.001898469630576325
0.7150000000000005,0.7150000000000005,0.001853734461296384,0.7150000000000005,0.7150000000000005,0.001853734461296384
0.7160000000000005,0.7160000000000005,0.001809846093877715,0.7160000000000005,0.7160000000000005,0.001809846093877715
0.7170000000000005,0.7170000000000005,0.001766794625675905,0.7170000000000005,0.7170000000000005,0.001766794625675905
0.7180000000000005,0.7180000000000005,0.001724570187964041,0.7180000000000005,0.7180000000000005,0.001724570187964041
0.7190000000000005,0.7190000000000005,0.001683162945134405,0.7190000000000005,0.7190000000000005,0.001683162945134405
0.7200000000000005,0.7200000000000005,0.001642563093930289,0.7200000000000005,0.7200000000000005,0.001642563093930289
0.7210000000000005,0.7210000000000005,0.001602760862717641,0.7210000000000005,0.7210000000000005,0.001602760862717641
0.7220000000000005,0.7220000000000005,0.001563746510790266,0.7220000000000005,0.7220000000000005,0.001563746510790266
0.7230000000000005,0.7230000000000005,0.00152551032771572,0.7230000000000005,0.7230000000000005,0.00152551032771572
0.7240000000000005,0.7240000000000005,0.001488042632722017,0.7240000000000005,0.7240000000000005,0.001488042632722017
0.7250000000000005,0.7250000000000005,0.001451333774125901,0.7250000000000005,0.7250000000000005,0.001451333774125901
0.7260000000000005,0.7260000000000005,0.001415374128806207,0.7260000000000005,0.7260000000000005,0.001415374128806207
0.7270000000000005,0.7270000000000005,0.001380154101724639,0.7270000000000005,0.7270000000000005,0.001380154101724639
0.7280000000000005,0.7280000000000005,0.001345664125493099,0.7280000000000005,0.7280000000000005,0.001345664125493099
0.7290000000000005,0.7290000000000005,0.001311894659993252,0.7290000000000005,0.7290000000000005,0.001311894659993252
0.7300000000000005,0.7300000000000005,0.001278836192047361,0.7300000000000005,0.7300000000000005,0.001278836192047361
0.7310000000000005,0.7310000000000005,0.001246479235144947,0.7310000000000005,0.7310000000000005,0.001246479235144947
0.7320000000000005,0.7320000000000005,0.001214814329224481,0.7320000000000005,0.7320000000000005,0.001214814329224481
0.7330000000000005,0.7330000000000005,0.001183832040516242,0.7330000000000005,0.7330000000000005,0.001183832040516242
0.7340000000000005,0.7340000000000005,0.001153522961443999,0.7340000000000005,0.7340000000000005,0.001153522961443999
0.7350000000000005,0.7350000000000005,0.001123877710589284,0.7350000000000005,0.7350000000000005,0.001123877710589284
0.7360000000000005,0.7360000000000005,0.001094886932722708,0.7360000000000005,0.7360000000000005,0.001094886932722708
0.7370000000000005,0.7370000000000005,0.001066541298899234,0.7370000000000005,0.7370000000000005,0.001066541298899234
0.7380000000000005,0.7380000000000005,0.001038831506624524,0.7380000000000005,0.7380000000000005,0.001038831506624524
0.7390000000000005,0.7390000000000005,0.001011748280088911,0.7390000000000005,0.7390000000000005,0.001011748280088911
0.7400000000000005,0.7400000000000005,0.000985282370476942,0.7400000000000005,0.7400000000000005,0.000985282370476942
0.7410000000000005,0.7410000000000005,0.0009594245563469203,0.7410000000000005,0.7410000000000005,0.0009594245563469203
0.7420000000000005,0.7420000000000005,0.0009341656440878715,0.7420000000000005,0.7420000000000005,0.0009341656440878715
0.7430000000000005,0.7430000000000005,0.0009094964684519922,0.7430000000000005,0.7430000000000005,0.0009094964684519922
0.7440000000000005,0.7440000000000005,0.0008854078931650162,0.7440000000000005,0.7440000000000005,0.0008854078931650162
0.7450000000000006,0.7450000000000006,0.0008618908116152502,0.7450000000000006,0.7450000000000006,0.0008618908116152502
0.7460000000000006,0.7460000000000006,0.0008389361476207936,0.7460000000000006,0.7460000000000006,0.0008389361476207936
0.7470000000000006,0.7470000000000006,0.0008165348562789019,0.7470000000000006,0.7470000000000006,0.0008165348562789019
0.7480000000000006,0.7480000000000006,0.0007946779248931123,0.7480000000000006,0.7480000000000006,0.0007946779248931123
0.7490000000000006,0.7490000000000006,0.000773356373982881,0.7490000000000006,0.7490000000000006,0.000773356373982881
0.7500000000000006,0.7500000000000006,0.0007525612583727224,0.7500000000000006,0.7500000000000006,0.0007525612583727224
0.7510000000000006,0.7510000000000006,0.0007322836683616663,0.7510000000000006,0.7510000000000006,0.0007322836683616663
0.7520000000000006,0.7520000000000006,0.000712514730971099,0.7520000000000006,0.7520000000000006,0.000712514730971099
0.7530000000000006,0.7530000000000006,0.0006932456112720949,0.7530000000000006,0.7530000000000006,0.0006932456112720949
0.7540000000000006,0.7540000000000006,0.0006744675137899984,0.7540000000000006,0.7540000000000006,0.0006744675137899984
0.7550000000000006,0.7550000000000006,0.0006561716839835785,0.7550000000000006,0.7550000000000006,0.0006561716839835785
0.7560000000000006,0.7560000000000006,0.0006383494097983634,0.7560000000000006,0.7560000000000006,0.0006383494097983634
0.7570000000000006,0.7570000000000006,0.000620992023291583,0.7570000000000006,0.7570000000000006,0.000620992023291583
0.7580000000000006,0.7580000000000006,0.0006040909023257018,0.7580000000000006,0.7580000000000006,0.0006040909023257018
0.7590000000000006,0.7590000000000006,0.0005876374723281846,0.7590000000000006,0.7590000000000006,0.0005876374723281846
0.7600000000000006,0.7600000000000006,0.0005716232081131033,0.7600000000000006,0.7600000000000006,0.0005716232081131033
0.7610000000000006,0.7610000000000006,0.0005560396357637052,0.7610000000000006,0.7610000000000006,0.0005560396357637052
0.7620000000000006,0.7620000000000006,0.0005408783345679163,0.7620000000000006,0.7620000000000006,0.0005408783345679163
0.7630000000000006,0.7630000000000006,0.0005261309390055128,0.7630000000000006,0.7630000000000006,0.0005261309390055128
0.7640000000000006,0.7640000000000006,0.000511789140782543,0.7640000000000006,0.7640000000000006,0.000511789140782543
0.7650000000000006,0.7650000000000006,0.0004978446909049406,0.7650000000000006,0.7650000000000006,0.0004978446909049406
0.7660000000000006,0.7660000000000006,0.0004842894017904538,0.7660000000000006,0.7660000000000006,0.0004842894017904538
0.7670000000000006,0.7670000000000006,0.0004711151494087765,0.7670000000000006,0.7670000000000006,0.0004711151494087765
0.7680000000000006,0.7680000000000006,0.000458313875448102,0.7680000000000006,0.7680000000000006,0.000458313875448102
0.7690000000000006,0.7690000000000006,0.0004458775894993903,0.7690000000000006,0.7690000000000006,0.0004458775894993903
0.7700000000000006,0.7700000000000006,0.0004337983712530031,0.7700000000000006,0.7700000000000006,0.0004337983712530031
0.7710000000000006,0.7710000000000006,0.0004220683727010852,0.7710000000000006,0.7710000000000006,0.0004220683727010852
0.7720000000000006,0.7720000000000006,0.0004106798203399061,0.7720000000000006,0.7720000000000006,0.0004106798203399061
0.7730000000000006,0.7730000000000006,0.0003996250173627306,0.7730000000000006,0.7730000000000006,0.0003996250173627306
0.7740000000000006,0.7740000000000006,0.0003888963458402504,0.7740000000000006,0.7740000000000006,0.0003888963458402504
0.7750000000000006,0.7750000000000006,0.0003784862688779802,0.7750000000000006,0.7750000000000006,0.0003784862688779802
0.7760000000000006,0.7760000000000006,0.0003683873327459976,0.7760000000000006,0.7760000000000006,0.0003683873327459976
0.7770000000000006,0.7770000000000006,0.0003585921689721317,0.7770000000000006,0.7770000000000006,0.0003585921689721317
0.7780000000000006,0.7780000000000006,0.0003490934963939429,0.7780000000000006,0.7780000000000006,0.0003490934963939429
0.7790000000000006,0.7790000000000006,0.0003398841231603426,0.7790000000000006,0.7790000000000006,0.0003398841231603426
0.7800000000000006,0.7800000000000006,0.0003309569486788521,0.7800000000000006,0.7800000000000006,0.0003309569486788521
0.7810000000000006,0.7810000000000006,0.0003223049654966691,0.7810000000000006,0.7810000000000006,0.0003223049654966691
0.7820000000000006,0.7820000000000006,0.0003139212611178394,0.7820000000000006,0.7820000000000006,0.0003139212611178394
0.7830000000000006,0.7830000000000006,0.0003057990197409218,0.7830000000000006,0.7830000000000006,0.0003057990197409218
0.7840000000000006,0.7840000000000006,0.000297931523918444,0.7840000000000006,0.7840000000000006,0.000297931523918444
0.7850000000000006,0.7850000000000006,0.0002903121561289442,0.7850000000000006,0.7850000000000006,0.0002903121561289442
0.7860000000000006,0.7860000000000006,0.0002829344002577259,0.7860000000000006,0.7860000000000006,0.0002829344002577259
0.7870000000000006,0.7870000000000006,0.0002757918429814016,0.7870000000000006,0.7870000000000006,0.0002757918429814016
0.7880000000000006,0.7880000000000006,0.0002688781750516658,0.7880000000000006,0.7880000000000006,0.0002688781750516658
0.7890000000000006,0.7890000000000006,0.0002621871924747895,0.7890000000000006,0.7890000000000006,0.0002621871924747895
0.7900000000000006,0.7900000000000006,0.0002557127975827771,0.7900000000000006,0.7900000000000006,0.0002557127975827771
0.7910000000000006,0.7910000000000006,0.0002494489999929114,0.7910000000000006,0.7910000000000006,0.0002494489999929114
0.7920000000000006,0.7920000000000006,0.0002433899174558286,0.7920000000000006,0.7920000000000006,0.0002433899174558286
0.7930000000000006,0.7930000000000006,0.0002375297765849864,0.7930000000000006,0.7930000000000006,0.0002375297765849864
0.7940000000000006,0.7940000000000006,0.0002318629134712472,0.7940000000000006,0.7940000000000006,0.0002318629134712472
0.7950000000000006,0.7950000000000006,0.0002263837741783736,0.7950000000000006,0.7950000000000006,0.0002263837741783736
0.7960000000000006,0.7960000000000006,0.0002210869151198513,0.7960000000000006,0.7960000000000006,0.0002210869151198513
0.7970000000000006,0.7970000000000006,0.0002159670033172958,0.7970000000000006,0.7970000000000006,0.0002159670033172958
0.7980000000000006,0.7980000000000006,0.0002110188165395693,0.7980000000000006,0.7980000000000006,0.0002110188165395693
0.7990000000000006,0.7990000000000006,0.0002062372433255733,0.7990000000000006,0.7990000000000006,0.0002062372433255733
0.8000000000000006,0.8000000000000006,0.00020161728289044,0.8000000000000006,0.8000000000000006,0.00020161728289044
0.8010000000000006,0.8010000000000006,0.0001971540449169677,0.8010000000000006,0.8010000000000006,0.0001971540449169677
0.8020000000000006,0.8020000000000006,0.000192842749234629,0.8020000000000006,0.8020000000000006,0.000192842749234629
0.8030000000000006,0.8030000000000006,0.0001886787253917602,0.8030000000000006,0.8030000000000006,0.0001886787253917602
0.8040000000000006,0.8040000000000006,0.0001846574121166458,0.8040000000000006,0.8040000000000006,0.0001846574121166458
0.8050000000000006,0.8050000000000006,0.0001807743566787293,0.8050000000000006,0.8050000000000006,0.0001807743566787293
0.8060000000000006,0.8060000000000006,0.000177025214148686,0.8060000000000006,0.8060000000000006,0.000177025214148686
0.8070000000000006,0.8070000000000006,0.0001734057465618893,0.8070000000000006,0.8070000000000006,0.0001734057465618893
0.8080000000000006,0.8080000000000006,0.0001699118219922412,0.8080000000000006,0.8080000000000006,0.0001699118219922412
0.8090000000000006,0.8090000000000006,0.0001665394135346644,0.8090000000000006,0.8090000000000006,0.0001665394135346644
0.8100000000000006,0.8100000000000006,0.0001632845982090324,0.8100000000000006,0.8100000000000006,0.0001632845982090324
0.8110000000000006,0.8110000000000006,0.00016014355578101,0.8110000000000006,0.8110000000000006,0.00016014355578101
0.8120000000000006,0.8120000000000006,0.0001571125675119522,0.8120000000000006,0.8120000000000006,0.0001571125675119522
0.8130000000000006,0.8130000000000006,0.0001541880148397453,0.8130000000000006,0.8130000000000006,0.0001541880148397453
0.8140000000000006,0.8140000000000006,0.0001513663779932416,0.8140000000000006,0.8140000000000006,0.0001513663779932416
0.8150000000000006,0.8150000000000006,0.0001486442345494011,0.8150000000000006,0.8150000000000006,0.0001486442345494011
0.8160000000000006,0.8160000000000006,0.0001460182579363525,0.8160000000000006,0.8160000000000006,0.0001460182579363525
0.8170000000000006,0.8170000000000006,0.0001434852158850773,0.8170000000000006,0.8170000000000006,0.0001434852158850773
0.8180000000000006,0.8180000000000006,0.0001410419688375818,0.8180000000000006,0.8180000000000006,0.0001410419688375818
0.8190000000000006,0.8190000000000006,0.0001386854683154287,0.8190000000000006,0.8190000000000006,0.0001386854683154287
0.8200000000000006,0.8200000000000006,0.0001364127552527575,0.8200000000000006,0.8200000000000006,0.0001364127552527575
0.8210000000000006,0.8210000000000006,0.0001342209582972098,0.8210000000000006,0.8210000000000006,0.0001342209582972098
0.8220000000000006,0.8220000000000006,0.0001321072920874515,0.8220000000000006,0.8220000000000006,0.0001321072920874515
0.8230000000000006,0.8230000000000006,0.0001300690555060701,0.8230000000000006,0.8230000000000006,0.0001300690555060701
0.8240000000000006,0.8240000000000006,0.0001281036299167443,0.8240000000000006,0.8240000000000006,0.0001281036299167443
0.8250000000000006,0.8250000000000006,0.0001262084773855835,0.8250000000000006,0.8250000000000006,0.0001262084773855835
0.8260000000000006,0.8260000000000006,0.0001243811388946901,0.8260000000000006,0.8260000000000006,0.0001243811388946901
0.8270000000000006,0.8270000000000006,0.0001226192325487816,0.8270000000000006,0.8270000000000006,0.0001226192325487816
0.8280000000000006,0.8280000000000006,0.0001209204517778655,0.8280000000000006,0.8280000000000006,0.0001209204517778655
0.8290000000000006,0.8290000000000006,0.0001192825635424467,0.8290000000000006,0.8290000000000006,0.0001192825635424467
0.8300000000000006,0.8300000000000006,0.0001177034065411411,0.8300000000000006,0.8300000000000006,0.0001177034065411411
0.8310000000000006,0.8310000000000006,0.0001161808894254414,0.8310000000000006,0.8310000000000006,0.0001161808894254414
0.8320000000000006,0.8320000000000006,0.0001147129890238545,0.8320000000000006,0.8320000000000006,0.0001147129890238545
0.8330000000000006,0.8330000000000006,0.0001132977485783087,0.8330000000000006,0.8330000000000006,0.0001132977485783087
0.8340000000000006,0.8340000000000006,0.0001119332759942067,0.8340000000000006,0.8340000000000006,0.0001119332759942067
0.8350000000000006,0.8350000000000006,0.0001106177421076661,0.8350000000000006,0.8350000000000006,0.0001106177421076661
0.8360000000000006,0.8360000000000006,0.0001093493789720481,0.8360000000000006,0.8360000000000006,0.0001093493789720481
0.8370000000000006,0.8370000000000006,0.0001081264781634565,0.8370000000000006,0.8370000000000006,0.0001081264781634565
0.8380000000000006,0.8380000000000006,0.0001069473891098362,0.8380000000000006,0.8380000000000006,0.0001069473891098362
0.8390000000000006,0.8390000000000006,0.0001058105174428426,0.8390000000000006,0.8390000000000006,0.0001058105174428426
0.8400000000000006,0.8400000000000006,0.000104714323375904,0.8400000000000006,0.8400000000000006,0.000104714323375904
0.8410000000000006,0.8410000000000006,0.0001036573201070754,0.8410000000000006,0.8410000000000006,0.0001036573201070754
0.8420000000000006,0.8420000000000006,0.0001026380722521757,0.8420000000000006,0.8420000000000006,0.0001026380722521757
0.8430000000000006,0.8430000000000006,0.0001016551943021451,0.8430000000000006,0.8430000000000006,0.0001016551943021451
0.8440000000000006,0.8440000000000006,0.0001007073491139652,0.8440000000000006,0.8440000000000006,0.0001007073491139652
0.8450000000000006,0.8450000000000006,9.979324642811665e-05,0.8450000000000006,0.8450000000000006,9.979324642811665e-05
0.8460000000000006,0.8460000000000006,9.891164141941142e-05,0.8460000000000006,0.8460000000000006,9.891164141941142e-05
0.8470000000000006,0.8470000000000006,9.806133327550377e-05,0.8470000000000006,0.8470000000000006,9.806133327550377e-05
0.8480000000000006,0.8480000000000006,9.724116381072314e-05,0.8480000000000006,0.8480000000000006,9.724116381072314e-05
0.8490000000000006,0.8490000000000006,9.645001610813007e-05,0.8490000000000006,0.8490000000000006,9.645001610813007e-05
0.8500000000000006,0.8500000000000006,9.56868131948915e-05,0.8500000000000006,0.8500000000000006,9.56868131948915e-05
0.8510000000000006,0.8510000000000006,9.495051674969425e-05,0.8510000000000006,0.8510000000000006,9.495051674969425e-05
0.8520000000000006,0.8520000000000006,9.424012584132958e-05,0.8520000000000006,0.8520000000000006,9.424012584132958e-05
0.8530000000000006,0.8530000000000006,9.355467570000759e-05,0.8530000000000006,0.8530000000000006,9.355467570000759e-05
0.8540000000000006,0.8540000000000006,9.289323651990317e-05,0.8540000000000006,0.8540000000000006,9.289323651990317e-05
0.8550000000000006,0.8550000000000006,9.225491229341049e-05,0.8550000000000006,0.8550000000000006,9.225491229341049e-05
0.8560000000000006,0.8560000000000006,9.163883967688802e-05,0.8560000000000006,0.8560000000000006,9.163883967688802e-05
0.8570000000000007,0.8570000000000007,9.10441868864808e-05,0.8570000000000007,0.8570000000000007,9.10441868864808e-05
0.8580000000000007,0.8580000000000007,9.047015262711068e-05,0.8580000000000007,0.8580000000000007,9.047015262711068e-05
0.8590000000000007,0.8590000000000007,8.991596504886783e-05,0.8590000000000007,0.8590000000000007,8.991596504886783e-05
0.8600000000000007,0.8600000000000007,8.938088073559901e-05,0.8600000000000007,0.8600000000000007,8.938088073559901e-05
0.8610000000000007,0.8610000000000007,8.886418372169151e-05,0.8610000000000007,0.8610000000000007,8.886418372169151e-05
0.8620000000000007,0.8620000000000007,8.836518453896251e-05,0.8620000000000007,0.8620000000000007,8.836518453896251e-05
0.8630000000000007,0.8630000000000007,8.788321929051485e-05,0.8630000000000007,0.8630000000000007,8.788321929051485e-05
0.8640000000000007,0.8640000000000007,8.741764875563382e-05,0.8640000000000007,0.8640000000000007,8.741764875563382e-05
0.8650000000000007,0.8650000000000007,8.696785751801505e-05,0.8650000000000007,0.8650000000000007,8.696785751801505e-05
0.8660000000000007,0.8660000000000007,8.65332531252479e-05,0.8660000000000007,0.8660000000000007,8.65332531252479e-05
0.8670000000000007,0.8670000000000007,8.611326527104937e-05,0.8670000000000007,0.8670000000000007,8.611326527104937e-05
0.8680000000000007,0.8680000000000007,8.570734500647552e-05,0.8680000000000007,0.8680000000000007,8.570734500647552e-05
0.8690000000000007,0.8690000000000007,8.531496397409669e-05,0.8690000000000007,0.8690000000000007,8.531496397409669e-05
0.8700000000000007,0.8700000000000007,8.493561366793664e-05,0.8700000000000007,0.8700000000000007,8.493561366793664e-05
0.8710000000000007,0.8710000000000007,8.456880471680962e-05,0.8710000000000007,0.8710000000000007,8.456880471680962e-05
0.8720000000000007,0.8720000000000007,8.421406619287481e-05,0.8720000000000007,0.8720000000000007,8.421406619287481e-05
0.8730000000000007,0.8730000000000007,8.387094494026881e-05,0.8730000000000007,0.8730000000000007,8.387094494026881e-05
0.8740000000000007,0.8740000000000007,8.353900492835013e-05,0.8740000000000007,0.8740000000000007,8.353900492835013e-05
0.8750000000000007,0.8750000000000007,8.32178266267659e-05,0.8750000000000007,0.8750000000000007,8.32178266267659e-05
0.8760000000000007,0.8760000000000007,8.290700639884409e-05,0.8760000000000007,0.8760000000000007,8.290700639884409e-05
0.8770000000000007,0.8770000000000007,8.260615591992386e-05,0.8770000000000007,0.8770000000000007,8.260615591992386e-05
0.8780000000000007,0.8780000000000007,8.231490161081041e-05,0.8780000000000007,0.8780000000000007,8.231490161081041e-05
0.8790000000000007,0.8790000000000007,8.20328840955001e-05,0.8790000000000007,0.8790000000000007,8.20328840955001e-05
0.8800000000000007,0.8800000000000007,8.175975767387256e-05,0.8800000000000007,0.8800000000000007,8.175975767387256e-05
0.8810000000000007,0.8810000000000007,8.149518981417615e-05,0.8810000000000007,0.8810000000000007,8.149518981417615e-05
0.8820000000000007,0.8820000000000007,8.123886066385568e-05,0.8820000000000007,0.8820000000000007,8.123886066385568e-05
0.8830000000000007,0.8830000000000007,8.099046257725665e-05,0.8830000000000007,0.8830000000000007,8.099046257725665e-05
0.8840000000000007,0.8840000000000007,8.074969965751589e-05,0.8840000000000007,0.8840000000000007,8.074969965751589e-05
0.8850000000000007,0.8850000000000007,8.051628732071523e-05,0.8850000000000007,0.8850000000000007,8.051628732071523e-05
0.8860000000000007,0.8860000000000007,8.028995186834696e-05,0.8860000000000007,0.8860000000000007,8.028995186834696e-05
0.8870000000000007,0.8870000000000007,8.007043007984432e-05,0.8870000000000007,0.8870000000000007,8.007043007984432e-05
0.8880000000000007,0.8880000000000007,7.985746881857656e-05,0.8880000000000007,0.8880000000000007,7.985746881857656e-05
0.8890000000000007,0.8890000000000007,7.965082465142653e-05,0.8890000000000007,0.8890000000000007,7.965082465142653e-05
0.8900000000000007,0.8900000000000007,7.945026348204995e-05,0.8900000000000007,0.8900000000000007,7.945026348204995e-05
0.8910000000000007,0.8910000000000007,7.925556019900616e-05,0.8910000000000007,0.8910000000000007,7.925556019900616e-05
0.8920000000000007,0.8920000000000007,7.906649833485394e-05,0.8920000000000007,0.8920000000000007,7.906649833485394e-05
0.8930000000000007,0.8930000000000007,7.888286973850952e-05,0.8930000000000007,0.8930000000000007,7.888286973850952e-05
0.8940000000000007,0.8940000000000007,7.870447425974492e-05,0.8940000000000007,0.8940000000000007,7.870447425974492e-05
0.8950000000000007,0.8950000000000007,7.853111944491629e-05,0.8950000000000007,0.8950000000000007,7.853111944491629e-05
0.8960000000000007,0.8960000000000007,7.836262024401952e-05,0.8960000000000007,0.8960000000000007,7.836262024401952e-05
0.8970000000000007,0.8970000000000007,7.819879872836125e-05,0.8970000000000007,0.8970000000000007,7.819879872836125e-05
0.8980000000000007,0.8980000000000007,7.80394838194312e-05,0.8980000000000007,0.8980000000000007,7.80394838194312e-05
0.8990000000000007,0.8990000000000007,7.788451102717519e-05,0.8990000000000007,0.8990000000000007,7.788451102717519e-05
0.9,0.9,7.773372219783089e-05,0.9,0.9,7.773372219783089e-05
