/q X,/q Y,q vs qb X,q vs qb Y,qb vs q X,qb vs q Y
0,0,0.8998737502847716,0,0,0.8998737502847716
0.001,0.001,0.8998717369752743,0.001,0.001,0.8998717369752743
0.002,0.002,0.8998696738396708,0.002,0.002,0.8998696738396708
0.003,0.003,0.8998675596887251,0.003,0.003,0.8998675596887251
0.004,0.004,0.8998653933057584,0.004,0.004,0.8998653933057584
0.005,0.005,0.8998631734460641,0.005,0.005,0.8998631734460641
0.006,0.006,0.8998608988363207,0.006,0.006,0.8998608988363207
0.007,0.007,0.8998585681739918,0.007,0.007,0.8998585681739918
0.008,0.008,0.8998561801267195,0.008,0.008,0.8998561801267195
0.009000000000000001,0.009000000000000001,0.8998537333317085,0.009000000000000001,0.009000000000000001,0.8998537333317085
0.01,0.01,0.899851226395098,0.01,0.01,0.899851226395098
0.011,0.011,0.899848657891329,0.011,0.011,0.899848657891329
0.012,0.012,0.8998460263624989,0.012,0.012,0.8998460263624989
0.013,0.013,0.8998433303177082,0.013,0.013,0.8998433303177082
0.01400000000000001,0.01400000000000001,0.899840568232397,0.01400000000000001,0.01400000000000001,0.899840568232397
0.01500000000000001,0.01500000000000001,0.8998377385476725,0.01500000000000001,0.01500000000000001,0.8998377385476725
0.01600000000000001,0.01600000000000001,0.8998348396696285,0.01600000000000001,0.01600000000000001,0.8998348396696285
0.01700000000000001,0.01700000000000001,0.8998318699686534,0.01700000000000001,0.01700000000000001,0.8998318699686534
0.01800000000000001,0.01800000000000001,0.8998288277787295,0.01800000000000001,0.01800000000000001,0.8998288277787295
0.01900000000000001,0.01900000000000001,0.899825711396723,0.01900000000000001,0.01900000000000001,0.899825711396723
0.02000000000000001,0.02000000000000001,0.8998225190816643,0.02000000000000001,0.02000000000000001,0.8998225190816643
0.02100000000000001,0.02100000000000001,0.8998192490540193,0.02100000000000001,0.02100000000000001,0.8998192490540193
0.02200000000000001,0.02200000000000001,0.8998158994949489,0.02200000000000001,0.02200000000000001,0.8998158994949489
0.02300000000000001,0.02300000000000001,0.899812468545562,0.02300000000000001,0.02300000000000001,0.899812468545562
0.02400000000000001,0.02400000000000001,0.8998089543061555,0.02400000000000001,0.02400000000000001,0.8998089543061555
0.02500000000000002,0.02500000000000002,0.8998053548354472,0.02500000000000002,0.02500000000000002,0.8998053548354472
0.02600000000000002,0.02600000000000002,0.8998016681497965,0.02600000000000002,0.02600000000000002,0.8998016681497965
0.02700000000000002,0.02700000000000002,0.8997978922224162,0.02700000000000002,0.02700000000000002,0.8997978922224162
0.02800000000000002,0.02800000000000002,0.8997940249825753,0.02800000000000002,0.02800000000000002,0.8997940249825753
0.02900000000000002,0.02900000000000002,0.8997900643147889,0.02900000000000002,0.02900000000000002,0.8997900643147889
0.03000000000000002,0.03000000000000002,0.8997860080580007,0.03000000000000002,0.03000000000000002,0.8997860080580007
0.03100000000000002,0.03100000000000002,0.8997818540047546,0.03100000000000002,0.03100000000000002,0.8997818540047546
0.03200000000000002,0.03200000000000002,0.8997775999003563,0.03200000000000002,0.03200000000000002,0.8997775999003563
0.03300000000000002,0.03300000000000002,0.8997732434420239,0.03300000000000002,0.03300000000000002,0.8997732434420239
0.03400000000000002,0.03400000000000002,0.8997687822780306,0.03400000000000002,0.03400000000000002,0.8997687822780306
0.03500000000000002,0.03500000000000002,0.8997642140068366,0.03500000000000002,0.03500000000000002,0.8997642140068366
0.03600000000000003,0.03600000000000003,0.8997595361762126,0.03600000000000003,0.03600000000000003,0.8997595361762126
0.03700000000000003,0.03700000000000003,0.8997547462823534,0.03700000000000003,0.03700000000000003,0.8997547462823534
0.03800000000000003,0.03800000000000003,0.8997498417689824,0.03800000000000003,0.03800000000000003,0.8997498417689824
0.03900000000000003,0.03900000000000003,0.8997448200264511,0.03900000000000003,0.03900000000000003,0.8997448200264511
0.04000000000000003,0.04000000000000003,0.8997396783908269,0.04000000000000003,0.04000000000000003,0.8997396783908269
0.04100000000000003,0.04100000000000003,0.8997344141429773,0.04100000000000003,0.04100000000000003,0.8997344141429773
0.04200000000000003,0.04200000000000003,0.8997290245076461,0.04200000000000003,0.04200000000000003,0.8997290245076461
0.04300000000000003,0.04300000000000003,0.899723506652526,0.04300000000000003,0.04300000000000003,0.899723506652526
0.04400000000000003,0.04400000000000003,0.8997178576873249,0.04400000000000003,0.04400000000000003,0.8997178576873249
0.04500000000000003,0.04500000000000003,0.8997120746628299,0.04500000000000003,0.04500000000000003,0.8997120746628299
0.04600000000000003,0.04600000000000003,0.8997061545699688,0.04600000000000003,0.04600000000000003,0.8997061545699688
0.04700000000000003,0.04700000000000003,0.8997000943388692,0.04700000000000003,0.04700000000000003,0.8997000943388692
0.04800000000000004,0.04800000000000004,0.8996938908379185,0.04800000000000004,0.04800000000000004,0.8996938908379185
0.04900000000000004,0.04900000000000004,0.899687540872824,0.04900000000000004,0.04900000000000004,0.899687540872824
0.05000000000000004,0.05000000000000004,0.8996810411856729,0.05000000000000004,0.05000000000000004,0.8996810411856729
0.05100000000000004,0.05100000000000004,0.8996743884539991,0.05100000000000004,0.05100000000000004,0.8996743884539991
0.05200000000000004,0.05200000000000004,0.8996675792898485,0.05200000000000004,0.05200000000000004,0.8996675792898485
0.05300000000000004,0.05300000000000004,0.8996606102388539,0.05300000000000004,0.05300000000000004,0.8996606102388539
0.05400000000000004,0.05400000000000004,0.8996534777793109,0.05400000000000004,0.05400000000000004,0.8996534777793109
0.05500000000000004,0.05500000000000004,0.8996461783212643,0.05500000000000004,0.05500000000000004,0.8996461783212643
0.05600000000000004,0.05600000000000004,0.8996387082055977,0.05600000000000004,0.05600000000000004,0.8996387082055977
0.05700000000000004,0.05700000000000004,0.8996310637031335,0.05700000000000004,0.05700000000000004,0.8996310637031335
0.05800000000000004,0.05800000000000004,0.8996232410137407,0.05800000000000004,0.05800000000000004,0.8996232410137407
0.05900000000000005,0.05900000000000005,0.8996152362654509,0.05900000000000005,0.05900000000000005,0.8996152362654509
0.06000000000000005,0.06000000000000005,0.8996070455135843,0.06000000000000005,0.06000000000000005,0.8996070455135843
0.06100000000000005,0.06100000000000005,0.8995986647398858,0.06100000000000005,0.06100000000000005,0.8995986647398858
0.06200000000000005,0.06200000000000005,0.8995900898516707,0.06200000000000005,0.06200000000000005,0.8995900898516707
0.06300000000000004,0.06300000000000004,0.8995813166809818,0.06300000000000004,0.06300000000000004,0.8995813166809818
0.06400000000000004,0.06400000000000004,0.8995723409837578,0.06400000000000004,0.06400000000000004,0.8995723409837578
0.06500000000000004,0.06500000000000004,0.8995631584390115,0.06500000000000004,0.06500000000000004,0.8995631584390115
0.06600000000000004,0.06600000000000004,0.8995537646480222,0.06600000000000004,0.06600000000000004,0.8995537646480222
0.06700000000000005,0.06700000000000005,0.8995441551335375,0.06700000000000005,0.06700000000000005,0.8995441551335375
0.06800000000000005,0.06800000000000005,0.8995343253389907,0.06800000000000005,0.06800000000000005,0.8995343253389907
0.06900000000000005,0.06900000000000005,0.8995242706277283,0.06900000000000005,0.06900000000000005,0.8995242706277283
0.07000000000000005,0.07000000000000005,0.8995139862822523,0.07000000000000005,0.07000000000000005,0.8995139862822523
0.07100000000000005,0.07100000000000005,0.8995034675034764,0.07100000000000005,0.07100000000000005,0.8995034675034764
0.07200000000000005,0.07200000000000005,0.8994927094099952,0.07200000000000005,0.07200000000000005,0.8994927094099952
0.07300000000000005,0.07300000000000005,0.8994817070373692,0.07300000000000005,0.07300000000000005,0.8994817070373692
0.07400000000000005,0.07400000000000005,0.8994704553374251,0.07400000000000005,0.07400000000000005,0.8994704553374251
0.07500000000000005,0.07500000000000005,0.899458949177571,0.07500000000000005,0.07500000000000005,0.899458949177571
0.07600000000000005,0.07600000000000005,0.8994471833401285,0.07600000000000005,0.07600000000000005,0.8994471833401285
0.07700000000000005,0.07700000000000005,0.899435152521682,0.07700000000000005,0.07700000000000005,0.899435152521682
0.07800000000000006,0.07800000000000006,0.899422851332444,0.07800000000000006,0.07800000000000006,0.899422851332444
0.07900000000000006,0.07900000000000006,0.8994102742956407,0.07900000000000006,0.07900000000000006,0.8994102742956407
0.08000000000000006,0.08000000000000006,0.8993974158469143,0.08000000000000006,0.08000000000000006,0.8993974158469143
0.08100000000000006,0.08100000000000006,0.8993842703337451,0.08100000000000006,0.08100000000000006,0.8993842703337451
0.08200000000000006,0.08200000000000006,0.8993708320148935,0.08200000000000006,0.08200000000000006,0.8993708320148935
0.08300000000000006,0.08300000000000006,0.8993570950598625,0.08300000000000006,0.08300000000000006,0.8993570950598625
0.08400000000000006,0.08400000000000006,0.8993430535483796,0.08400000000000006,0.08400000000000006,0.8993430535483796
0.08500000000000006,0.08500000000000006,0.8993287014699026,0.08500000000000006,0.08500000000000006,0.8993287014699026
0.08600000000000006,0.08600000000000006,0.899314032723143,0.08600000000000006,0.08600000000000006,0.899314032723143
0.08700000000000006,0.08700000000000006,0.8992990411156165,0.08700000000000006,0.08700000000000006,0.8992990411156165
0.08800000000000006,0.08800000000000006,0.8992837203632118,0.08800000000000006,0.08800000000000006,0.8992837203632118
0.08900000000000007,0.08900000000000007,0.8992680640897843,0.08900000000000007,0.08900000000000007,0.8992680640897843
0.09000000000000007,0.09000000000000007,0.8992520658267715,0.09000000000000007,0.09000000000000007,0.8992520658267715
0.09100000000000007,0.09100000000000007,0.8992357190128343,0.09100000000000007,0.09100000000000007,0.8992357190128343
0.09200000000000007,0.09200000000000007,0.8992190169935189,0.09200000000000007,0.09200000000000007,0.8992190169935189
0.09300000000000007,0.09300000000000007,0.8992019530209436,0.09300000000000007,0.09300000000000007,0.8992019530209436
0.09400000000000007,0.09400000000000007,0.8991845202535094,0.09400000000000007,0.09400000000000007,0.8991845202535094
0.09500000000000007,0.09500000000000007,0.8991667117556341,0.09500000000000007,0.09500000000000007,0.8991667117556341
0.09600000000000007,0.09600000000000007,0.8991485204975099,0.09600000000000007,0.09600000000000007,0.8991485204975099
0.09700000000000007,0.09700000000000007,0.8991299393548849,0.09700000000000007,0.09700000000000007,0.8991299393548849
0.09800000000000007,0.09800000000000007,0.8991109611088685,0.09800000000000007,0.09800000000000007,0.8991109611088685
0.09900000000000007,0.09900000000000007,0.8990915784457576,0.09900000000000007,0.09900000000000007,0.8990915784457576
0.1000000000000001,0.1000000000000001,0.8990717839568896,0.1000000000000001,0.1000000000000001,0.8990717839568896
0.1010000000000001,0.1010000000000001,0.8990515701385149,0.1010000000000001,0.1010000000000001,0.8990515701385149
0.1020000000000001,0.1020000000000001,0.899030929391693,0.1020000000000001,0.1020000000000001,0.899030929391693
0.1030000000000001,0.1030000000000001,0.8990098540222093,0.1030000000000001,0.1030000000000001,0.8990098540222093
0.1040000000000001,0.1040000000000001,0.8989883362405151,0.1040000000000001,0.1040000000000001,0.8989883362405151
0.1050000000000001,0.1050000000000001,0.898966368161686,0.1050000000000001,0.1050000000000001,0.898966368161686
0.1060000000000001,0.1060000000000001,0.8989439418054025,0.1060000000000001,0.1060000000000001,0.8989439418054025
0.1070000000000001,0.1070000000000001,0.8989210490959484,0.1070000000000001,0.1070000000000001,0.8989210490959484
0.1080000000000001,0.1080000000000001,0.8988976818622285,0.1080000000000001,0.1080000000000001,0.8988976818622285
0.1090000000000001,0.1090000000000001,0.8988738318378046,0.1090000000000001,0.1090000000000001,0.8988738318378046
0.1100000000000001,0.1100000000000001,0.8988494906609479,0.1100000000000001,0.1100000000000001,0.8988494906609479
0.1110000000000001,0.1110000000000001,0.8988246498747088,0.1110000000000001,0.1110000000000001,0.8988246498747088
0.1120000000000001,0.1120000000000001,0.8987993009269993,0.1120000000000001,0.1120000000000001,0.8987993009269993
0.1130000000000001,0.1130000000000001,0.8987734351706935,0.1130000000000001,0.1130000000000001,0.8987734351706935
0.1140000000000001,0.1140000000000001,0.8987470438637385,0.1140000000000001,0.1140000000000001,0.8987470438637385
0.1150000000000001,0.1150000000000001,0.8987201181692775,0.1150000000000001,0.1150000000000001,0.8987201181692775
0.1160000000000001,0.1160000000000001,0.8986926491557872,0.1160000000000001,0.1160000000000001,0.8986926491557872
0.1170000000000001,0.1170000000000001,0.8986646277972203,0.1170000000000001,0.1170000000000001,0.8986646277972203
0.1180000000000001,0.1180000000000001,0.8986360449731614,0.1180000000000001,0.1180000000000001,0.8986360449731614
0.1190000000000001,0.1190000000000001,0.8986068914689866,0.1190000000000001,0.1190000000000001,0.8986068914689866
0.1200000000000001,0.1200000000000001,0.8985771579760333,0.1200000000000001,0.1200000000000001,0.8985771579760333
0.1210000000000001,0.1210000000000001,0.8985468350917707,0.1210000000000001,0.1210000000000001,0.8985468350917707
0.1220000000000001,0.1220000000000001,0.8985159133199776,0.1220000000000001,0.1220000000000001,0.8985159133199776
0.1230000000000001,0.1230000000000001,0.898484383070921,0.1230000000000001,0.1230000000000001,0.898484383070921
0.1240000000000001,0.1240000000000001,0.8984522346615362,0.1240000000000001,0.1240000000000001,0.8984522346615362
0.1250000000000001,0.1250000000000001,0.898419458315605,0.1250000000000001,0.1250000000000001,0.898419458315605
0.1260000000000001,0.1260000000000001,0.8983860441639349,0.1260000000000001,0.1260000000000001,0.8983860441639349
0.1270000000000001,0.1270000000000001,0.8983519822445328,0.1270000000000001,0.1270000000000001,0.8983519822445328
0.1280000000000001,0.1280000000000001,0.8983172625027748,0.1280000000000001,0.1280000000000001,0.8983172625027748
0.1290000000000001,0.1290000000000001,0.8982818747915703,0.1290000000000001,0.1290000000000001,0.8982818747915703
0.1300000000000001,0.1300000000000001,0.8982458088715184,0.1300000000000001,0.1300000000000001,0.8982458088715184
0.1310000000000001,0.1310000000000001,0.8982090544110547,0.1310000000000001,0.1310000000000001,0.8982090544110547
0.1320000000000001,0.1320000000000001,0.8981716009865884,0.1320000000000001,0.1320000000000001,0.8981716009865884
0.1330000000000001,0.1330000000000001,0.8981334380826271,0.1330000000000001,0.1330000000000001,0.8981334380826271
0.1340000000000001,0.1340000000000001,0.8980945550918883,0.1340000000000001,0.1340000000000001,0.8980945550918883
0.1350000000000001,0.1350000000000001,0.8980549413153959,0.1350000000000001,0.1350000000000001,0.8980549413153959
0.1360000000000001,0.1360000000000001,0.8980145859625603,0.1360000000000001,0.1360000000000001,0.8980145859625603
0.1370000000000001,0.1370000000000001,0.8979734781512417,0.1370000000000001,0.1370000000000001,0.8979734781512417
0.1380000000000001,0.1380000000000001,0.8979316069077915,0.1380000000000001,0.1380000000000001,0.8979316069077915
0.1390000000000001,0.1390000000000001,0.8978889611670757,0.1390000000000001,0.1390000000000001,0.8978889611670757
0.1400000000000001,0.1400000000000001,0.8978455297724753,0.1400000000000001,0.1400000000000001,0.8978455297724753
0.1410000000000001,0.1410000000000001,0.8978013014758619,0.1410000000000001,0.1410000000000001,0.8978013014758619
0.1420000000000001,0.1420000000000001,0.8977562649375498,0.1420000000000001,0.1420000000000001,0.8977562649375498
0.1430000000000001,0.1430000000000001,0.8977104087262202,0.1430000000000001,0.1430000000000001,0.8977104087262202
0.1440000000000001,0.1440000000000001,0.897663721318819,0.1440000000000001,0.1440000000000001,0.897663721318819
0.1450000000000001,0.1450000000000001,0.897616191100424,0.1450000000000001,0.1450000000000001,0.897616191100424
0.1460000000000001,0.1460000000000001,0.897567806364082,0.1460000000000001,0.1460000000000001,0.897567806364082
0.1470000000000001,0.1470000000000001,0.8975185553106134,0.1470000000000001,0.1470000000000001,0.8975185553106134
0.1480000000000001,0.1480000000000001,0.8974684260483851,0.1480000000000001,0.1480000000000001,0.8974684260483851
0.1490000000000001,0.1490000000000001,0.8974174065930459,0.1490000000000001,0.1490000000000001,0.8974174065930459
0.1500000000000001,0.1500000000000001,0.8973654848672283,0.1500000000000001,0.1500000000000001,0.8973654848672283
0.1510000000000001,0.1510000000000001,0.8973126487002118,0.1510000000000001,0.1510000000000001,0.8973126487002118
0.1520000000000001,0.1520000000000001,0.8972588858275471,0.1520000000000001,0.1520000000000001,0.8972588858275471
0.1530000000000001,0.1530000000000001,0.8972041838906428,0.1530000000000001,0.1530000000000001,0.8972041838906428
0.1540000000000001,0.1540000000000001,0.8971485304363075,0.1540000000000001,0.1540000000000001,0.8971485304363075
0.1550000000000001,0.1550000000000001,0.8970919129162525,0.1550000000000001,0.1550000000000001,0.8970919129162525
0.1560000000000001,0.1560000000000001,0.8970343186865489,0.1560000000000001,0.1560000000000001,0.8970343186865489
0.1570000000000001,0.1570000000000001,0.8969757350070412,0.1570000000000001,0.1570000000000001,0.8969757350070412
0.1580000000000001,0.1580000000000001,0.8969161490407136,0.1580000000000001,0.1580000000000001,0.8969161490407136
0.1590000000000001,0.1590000000000001,0.8968555478530107,0.1590000000000001,0.1590000000000001,0.8968555478530107
0.1600000000000001,0.1600000000000001,0.8967939184111084,0.1600000000000001,0.1600000000000001,0.8967939184111084
0.1610000000000001,0.1610000000000001,0.8967312475831348,0.1610000000000001,0.1610000000000001,0.8967312475831348
0.1620000000000001,0.1620000000000001,0.896667522137343,0.1620000000000001,0.1620000000000001,0.896667522137343
0.1630000000000001,0.1630000000000001,0.8966027287412283,0.1630000000000001,0.1630000000000001,0.8966027287412283
0.1640000000000001,0.1640000000000001,0.8965368539605957,0.1640000000000001,0.1640000000000001,0.8965368539605957
0.1650000000000001,0.1650000000000001,0.8964698842585708,0.1650000000000001,0.1650000000000001,0.8964698842585708
0.1660000000000001,0.1660000000000001,0.8964018059945567,0.1660000000000001,0.1660000000000001,0.8964018059945567
0.1670000000000001,0.1670000000000001,0.896332605423133,0.1670000000000001,0.1670000000000001,0.896332605423133
0.1680000000000001,0.1680000000000001,0.8962622686928998,0.1680000000000001,0.1680000000000001,0.8962622686928998
0.1690000000000001,0.1690000000000001,0.896190781845259,0.1690000000000001,0.1690000000000001,0.896190781845259
0.1700000000000001,0.1700000000000001,0.8961181308131388,0.1700000000000001,0.1700000000000001,0.8961181308131388
0.1710000000000001,0.1710000000000001,0.8960443014196559,0.1710000000000001,0.1710000000000001,0.8960443014196559
0.1720000000000001,0.1720000000000001,0.8959692793767141,0.1720000000000001,0.1720000000000001,0.8959692793767141
0.1730000000000001,0.1730000000000001,0.8958930502835424,0.1730000000000001,0.1730000000000001,0.8958930502835424
0.1740000000000001,0.1740000000000001,0.8958155996251648,0.1740000000000001,0.1740000000000001,0.8958155996251648
0.1750000000000001,0.1750000000000001,0.8957369127708059,0.1750000000000001,0.1750000000000001,0.8957369127708059
0.1760000000000001,0.1760000000000001,0.8956569749722304,0.1760000000000001,0.1760000000000001,0.8956569749722304
0.1770000000000001,0.1770000000000001,0.8955757713620107,0.1770000000000001,0.1770000000000001,0.8955757713620107
0.1780000000000001,0.1780000000000001,0.8954932869517279,0.1780000000000001,0.1780000000000001,0.8954932869517279
0.1790000000000001,0.1790000000000001,0.8954095066301001,0.1790000000000001,0.1790000000000001,0.8954095066301001
0.1800000000000001,0.1800000000000001,0.8953244151610381,0.1800000000000001,0.1800000000000001,0.8953244151610381
0.1810000000000001,0.1810000000000001,0.8952379971816279,0.1810000000000001,0.1810000000000001,0.8952379971816279
0.1820000000000001,0.1820000000000001,0.8951502372000366,0.1820000000000001,0.1820000000000001,0.8951502372000366
0.1830000000000001,0.1830000000000001,0.8950611195933436,0.1830000000000001,0.1830000000000001,0.8950611195933436
0.1840000000000001,0.1840000000000001,0.8949706286052906,0.1840000000000001,0.1840000000000001,0.8949706286052906
0.1850000000000001,0.1850000000000001,0.8948787483439546,0.1850000000000001,0.1850000000000001,0.8948787483439546
0.1860000000000001,0.1860000000000001,0.8947854627793372,0.1860000000000001,0.1860000000000001,0.8947854627793372
0.1870000000000001,0.1870000000000001,0.894690755740871,0.1870000000000001,0.1870000000000001,0.894690755740871
0.1880000000000001,0.1880000000000001,0.8945946109148427,0.1880000000000001,0.1880000000000001,0.8945946109148427
0.1890000000000001,0.1890000000000001,0.8944970118417287,0.1890000000000001,0.1890000000000001,0.8944970118417287
0.1900000000000001,0.1900000000000001,0.8943979419134401,0.1900000000000001,0.1900000000000001,0.8943979419134401
0.1910000000000001,0.1910000000000001,0.8942973843704815,0.1910000000000001,0.1910000000000001,0.8942973843704815
0.1920000000000001,0.1920000000000001,0.8941953222990131,0.1920000000000001,0.1920000000000001,0.8941953222990131
0.1930000000000001,0.1930000000000001,0.8940917386278221,0.1930000000000001,0.1930000000000001,0.8940917386278221
0.1940000000000001,0.1940000000000001,0.8939866161251944,0.1940000000000001,0.1940000000000001,0.8939866161251944
0.1950000000000001,0.1950000000000001,0.8938799373956903,0.1950000000000001,0.1950000000000001,0.8938799373956903
0.1960000000000001,0.1960000000000001,0.8937716848768171,0.1960000000000001,0.1960000000000001,0.8937716848768171
0.1970000000000001,0.1970000000000001,0.8936618408355993,0.1970000000000001,0.1970000000000001,0.8936618408355993
0.1980000000000001,0.1980000000000001,0.8935503873650431,0.1980000000000001,0.1980000000000001,0.8935503873650431
0.1990000000000001,0.1990000000000001,0.8934373063804922,0.1990000000000001,0.1990000000000001,0.8934373063804922
0.2000000000000001,0.2000000000000001,0.8933225796158719,0.2000000000000001,0.2000000000000001,0.8933225796158719
0.2010000000000002,0.2010000000000002,0.8932061886198209,0.2010000000000002,0.2010000000000002,0.8932061886198209
0.2020000000000002,0.2020000000000002,0.8930881147517049,0.2020000000000002,0.2020000000000002,0.8930881147517049
0.2030000000000002,0.2030000000000002,0.892968339177511,0.2030000000000002,0.2030000000000002,0.892968339177511
0.2040000000000002,0.2040000000000002,0.8928468428656194,0.2040000000000002,0.2040000000000002,0.8928468428656194
0.2050000000000002,0.2050000000000002,0.8927236065824496,0.2050000000000002,0.2050000000000002,0.8927236065824496
0.2060000000000002,0.2060000000000002,0.8925986108879753,0.2060000000000002,0.2060000000000002,0.8925986108879753
0.2070000000000002,0.2070000000000002,0.8924718361311087,0.2070000000000002,0.2070000000000002,0.8924718361311087
0.2080000000000002,0.2080000000000002,0.8923432624449458,0.2080000000000002,0.2080000000000002,0.8923432624449458
0.2090000000000002,0.2090000000000002,0.8922128697418739,0.2090000000000002,0.2090000000000002,0.8922128697418739
0.2100000000000002,0.2100000000000002,0.8920806377085319,0.2100000000000002,0.2100000000000002,0.8920806377085319
0.2110000000000002,0.2110000000000002,0.8919465458006249,0.2110000000000002,0.2110000000000002,0.8919465458006249
0.2120000000000002,0.2120000000000002,0.8918105732375839,0.2120000000000002,0.2120000000000002,0.8918105732375839
0.2130000000000002,0.2130000000000002,0.8916726989970689,0.2130000000000002,0.2130000000000002,0.8916726989970689
0.2140000000000002,0.2140000000000002,0.8915329018093101,0.2140000000000002,0.2140000000000002,0.8915329018093101
0.2150000000000002,0.2150000000000002,0.8913911601512835,0.2150000000000002,0.2150000000000002,0.8913911601512835
0.2160000000000002,0.2160000000000002,0.8912474522407124,0.2160000000000002,0.2160000000000002,0.8912474522407124
0.2170000000000002,0.2170000000000002,0.8911017560298944,0.2170000000000002,0.2170000000000002,0.8911017560298944
0.2180000000000002,0.2180000000000002,0.8909540491993433,0.2180000000000002,0.2180000000000002,0.8909540491993433
0.2190000000000002,0.2190000000000002,0.8908043091512458,0.2190000000000002,0.2190000000000002,0.8908043091512458
0.2200000000000002,0.2200000000000002,0.8906525130027214,0.2200000000000002,0.2200000000000002,0.8906525130027214
0.2210000000000002,0.2210000000000002,0.8904986375788836,0.2210000000000002,0.2210000000000002,0.8904986375788836
0.2220000000000002,0.2220000000000002,0.8903426594056945,0.2220000000000002,0.2220000000000002,0.8903426594056945
0.2230000000000002,0.2230000000000002,0.8901845547026045,0.2230000000000002,0.2230000000000002,0.8901845547026045
0.2240000000000002,0.2240000000000002,0.8900242993749741,0.2240000000000002,0.2240000000000002,0.8900242993749741
0.2250000000000002,0.2250000000000002,0.8898618690062657,0.2250000000000002,0.2250000000000002,0.8898618690062657
0.2260000000000002,0.2260000000000002,0.8896972388500016,0.2260000000000002,0.2260000000000002,0.8896972388500016
0.2270000000000002,0.2270000000000002,0.8895303838214796,0.2270000000000002,0.2270000000000002,0.8895303838214796
0.2280000000000002,0.2280000000000002,0.8893612784892347,0.2280000000000002,0.2280000000000002,0.8893612784892347
0.2290000000000002,0.2290000000000002,0.8891898970662445,0.2290000000000002,0.2290000000000002,0.8891898970662445
0.2300000000000002,0.2300000000000002,0.8890162134008636,0.2300000000000002,0.2300000000000002,0.8890162134008636
0.2310000000000002,0.2310000000000002,0.8888402009674798,0.2310000000000002,0.2310000000000002,0.8888402009674798
0.2320000000000002,0.2320000000000002,0.8886618328568849,0.2320000000000002,0.2320000000000002,0.8886618328568849
0.2330000000000002,0.2330000000000002,0.8884810817663453,0.2330000000000002,0.2330000000000002,0.8884810817663453
0.2340000000000002,0.2340000000000002,0.8882979199893655,0.2340000000000002,0.2340000000000002,0.8882979199893655
0.2350000000000002,0.2350000000000002,0.8881123194051322,0.2350000000000002,0.2350000000000002,0.8881123194051322
0.2360000000000002,0.2360000000000002,0.8879242514676271,0.2360000000000002,0.2360000000000002,0.8879242514676271
0.2370000000000002,0.2370000000000002,0.8877336871943983,0.2370000000000002,0.2370000000000002,0.8877336871943983
0.2380000000000002,0.2380000000000002,0.8875405971549744,0.2380000000000002,0.2380000000000002,0.8875405971549744
0.2390000000000002,0.2390000000000002,0.8873449514589127,0.2390000000000002,0.2390000000000002,0.8873449514589127
0.2400000000000002,0.2400000000000002,0.8871467197434642,0.2400000000000002,0.2400000000000002,0.8871467197434642
0.2410000000000002,0.2410000000000002,0.886945871160843,0.2410000000000002,0.2410000000000002,0.886945871160843
0.2420000000000002,0.2420000000000002,0.8867423743650846,0.2420000000000002,0.2420000000000002,0.8867423743650846
0.2430000000000002,0.2430000000000002,0.8865361974984788,0.2430000000000002,0.2430000000000002,0.8865361974984788
0.2440000000000002,0.2440000000000002,0.8863273081775591,0.2440000000000002,0.2440000000000002,0.8863273081775591
0.2450000000000002,0.2450000000000002,0.8861156734786333,0.2450000000000002,0.2450000000000002,0.8861156734786333
0.2460000000000002,0.2460000000000002,0.8859012599228367,0.2460000000000002,0.2460000000000002,0.8859012599228367
0.2470000000000002,0.2470000000000002,0.8856840334606908,0.2470000000000002,0.2470000000000002,0.8856840334606908
0.2480000000000002,0.2480000000000002,0.8854639594561456,0.2480000000000002,0.2480000000000002,0.8854639594561456
0.2490000000000002,0.2490000000000002,0.8852410026700878,0.2490000000000002,0.2490000000000002,0.8852410026700878
0.2500000000000002,0.2500000000000002,0.8850151272432929,0.2500000000000002,0.2500000000000002,0.8850151272432929
0.2510000000000002,0.2510000000000002,0.8847862966787989,0.2510000000000002,0.2510000000000002,0.8847862966787989
0.2520000000000002,0.2520000000000002,0.8845544738236768,0.2520000000000002,0.2520000000000002,0.8845544738236768
0.2530000000000002,0.2530000000000002,0.8843196208501779,0.2530000000000002,0.2530000000000002,0.8843196208501779
0.2540000000000002,0.2540000000000002,0.884081699236228,0.2540000000000002,0.2540000000000002,0.884081699236228
0.2550000000000002,0.2550000000000002,0.883840669745244,0.2550000000000002,0.2550000000000002,0.883840669745244
0.2560000000000002,0.2560000000000002,0.8835964924052441,0.2560000000000002,0.2560000000000002,0.8835964924052441
0.2570000000000002,0.2570000000000002,0.8833491264872229,0.2570000000000002,0.2570000000000002,0.8833491264872229
0.2580000000000002,0.2580000000000002,0.8830985304827613,0.2580000000000002,0.2580000000000002,0.8830985304827613
0.2590000000000002,0.2590000000000002,0.8828446620808352,0.2590000000000002,0.2590000000000002,0.8828446620808352
0.2600000000000002,0.2600000000000002,0.882587478143795,0.2600000000000002,0.2600000000000002,0.882587478143795
0.2610000000000002,0.2610000000000002,0.8823269346824739,0.2610000000000002,0.2610000000000002,0.8823269346824739
0.2620000000000002,0.2620000000000002,0.8820629868303927,0.2620000000000002,0.2620000000000002,0.8820629868303927
0.2630000000000002,0.2630000000000002,0.881795588817018,0.2630000000000002,0.2630000000000002,0.881795588817018
0.2640000000000002,0.2640000000000002,0.8815246939400346,0.2640000000000002,0.2640000000000002,0.8815246939400346
0.2650000000000002,0.2650000000000002,0.8812502545365875,0.2650000000000002,0.2650000000000002,0.8812502545365875
0.2660000000000002,0.2660000000000002,0.8809722219534468,0.2660000000000002,0.2660000000000002,0.8809722219534468
0.2670000000000002,0.2670000000000002,0.8806905465160499,0.2670000000000002,0.2670000000000002,0.8806905465160499
0.2680000000000002,0.2680000000000002,0.8804051774963653,0.2680000000000002,0.2680000000000002,0.8804051774963653
0.2690000000000002,0.2690000000000002,0.8801160630795296,0.2690000000000002,0.2690000000000002,0.8801160630795296
0.2700000000000002,0.2700000000000002,0.8798231503291967,0.2700000000000002,0.2700000000000002,0.8798231503291967
0.2710000000000002,0.2710000000000002,0.8795263851515416,0.2710000000000002,0.2710000000000002,0.8795263851515416
0.2720000000000002,0.2720000000000002,0.8792257122578545,0.2720000000000002,0.2720000000000002,0.8792257122578545
0.2730000000000002,0.2730000000000002,0.8789210751256602,0.2730000000000002,0.2730000000000002,0.8789210751256602
0.2740000000000002,0.2740000000000002,0.8786124159582888,0.2740000000000002,0.2740000000000002,0.8786124159582888
0.2750000000000002,0.2750000000000002,0.8782996756428274,0.2750000000000002,0.2750000000000002,0.8782996756428274
0.2760000000000002,0.2760000000000002,0.8779827937063708,0.2760000000000002,0.2760000000000002,0.8779827937063708
0.2770000000000002,0.2770000000000002,0.8776617082704886,0.2770000000000002,0.2770000000000002,0.8776617082704886
0.2780000000000002,0.2780000000000002,0.8773363560038205,0.2780000000000002,0.2780000000000002,0.8773363560038205
0.2790000000000002,0.2790000000000002,0.8770066720727061,0.2790000000000002,0.2790000000000002,0.8770066720727061
0.2800000000000002,0.2800000000000002,0.8766725900897492,0.2800000000000002,0.2800000000000002,0.8766725900897492
0.2810000000000002,0.2810000000000002,0.8763340420602124,0.2810000000000002,0.2810000000000002,0.8763340420602124
0.2820000000000002,0.2820000000000002,0.8759909583261286,0.2820000000000002,0.2820000000000002,0.8759909583261286
0.2830000000000002,0.2830000000000002,0.8756432675080135,0.2830000000000002,0.2830000000000002,0.8756432675080135
0.2840000000000002,0.2840000000000002,0.8752908964440483,0.2840000000000002,0.2840000000000002,0.8752908964440483
0.2850000000000002,0.2850000000000002,0.8749337701266047,0.2850000000000002,0.2850000000000002,0.8749337701266047
0.2860000000000002,0.2860000000000002,0.8745718116359648,0.2860000000000002,0.2860000000000002,0.8745718116359648
0.2870000000000002,0.2870000000000002,0.8742049420710862,0.2870000000000002,0.2870000000000002,0.8742049420710862
0.2880000000000002,0.2880000000000002,0.8738330804772522,0.2880000000000002,0.2880000000000002,0.8738330804772522
0.2890000000000002,0.2890000000000002,0.8734561437704336,0.2890000000000002,0.2890000000000002,0.8734561437704336
0.2900000000000002,0.2900000000000002,0.8730740466581788,0.2900000000000002,0.2900000000000002,0.8730740466581788
0.2910000000000002,0.2910000000000002,0.8726867015568409,0.2910000000000002,0.2910000000000002,0.8726867015568409
0.2920000000000002,0.2920000000000002,0.8722940185049283,0.2920000000000002,0.2920000000000002,0.8722940185049283
0.2930000000000002,0.2930000000000002,0.8718959050723628,0.2930000000000002,0.2930000000000002,0.8718959050723628
0.2940000000000002,0.2940000000000002,0.871492266265403,0.2940000000000002,0.2940000000000002,0.871492266265403
0.2950000000000002,0.2950000000000002,0.8710830044269847,0.2950000000000002,0.2950000000000002,0.8710830044269847
0.2960000000000002,0.2960000000000002,0.8706680191322079,0.2960000000000002,0.2960000000000002,0.8706680191322079
0.2970000000000002,0.2970000000000002,0.8702472070786773,0.2970000000000002,0.2970000000000002,0.8702472070786773
0.2980000000000002,0.2980000000000002,0.8698204619713942,0.2980000000000002,0.2980000000000002,0.8698204619713942
0.2990000000000002,0.2990000000000002,0.8693876744018663,0.2990000000000002,0.2990000000000002,0.8693876744018663
0.3000000000000002,0.3000000000000002,0.8689487317210834,0.3000000000000002,0.3000000000000002,0.8689487317210834
0.3010000000000002,0.3010000000000002,0.8685035179059811,0.3010000000000002,0.3010000000000002,0.8685035179059811
0.3020000000000002,0.3020000000000002,0.8680519134189892,0.3020000000000002,0.3020000000000002,0.8680519134189892
0.3030000000000002,0.3030000000000002,0.86759379506023,0.3030000000000002,0.3030000000000002,0.86759379506023
0.3040000000000002,0.3040000000000002,0.8671290358119047,0.3040000000000002,0.3040000000000002,0.8671290358119047
0.3050000000000002,0.3050000000000002,0.8666575046743691,0.3050000000000002,0.3050000000000002,0.8666575046743691
0.3060000000000002,0.3060000000000002,0.8661790664933645,0.3060000000000002,0.3060000000000002,0.8661790664933645
0.3070000000000002,0.3070000000000002,0.8656935817778358,0.3070000000000002,0.3070000000000002,0.8656935817778358
0.3080000000000002,0.3080000000000002,0.8652009065077193,0.3080000000000002,0.3080000000000002,0.8652009065077193
0.3090000000000002,0.3090000000000002,0.8647008919310427,0.3090000000000002,0.3090000000000002,0.8647008919310427
0.3100000000000002,0.3100000000000002,0.8641933843496336,0.3100000000000002,0.3100000000000002,0.8641933843496336
0.3110000000000002,0.3110000000000002,0.8636782248926733,0.3110000000000002,0.3110000000000002,0.8636782248926733
0.3120000000000002,0.3120000000000002,0.8631552492772828,0.3120000000000002,0.3120000000000002,0.8631552492772828
0.3130000000000002,0.3130000000000002,0.8626242875552665,0.3130000000000002,0.3130000000000002,0.8626242875552665
0.3140000000000002,0.3140000000000002,0.8620851638450685,0.3140000000000002,0.3140000000000002,0.8620851638450685
0.3150000000000002,0.3150000000000002,0.8615376960479304,0.3150000000000002,0.3150000000000002,0.8615376960479304
0.3160000000000002,0.3160000000000002,0.8609816955471651,0.3160000000000002,0.3160000000000002,0.8609816955471651
0.3170000000000002,0.3170000000000002,0.8604169668893659,0.3170000000000002,0.3170000000000002,0.8604169668893659
0.3180000000000002,0.3180000000000002,0.859843307446302,0.3180000000000002,0.3180000000000002,0.859843307446302
0.3190000000000002,0.3190000000000002,0.8592605070561289,0.3190000000000002,0.3190000000000002,0.8592605070561289
0.3200000000000002,0.3200000000000002,0.8586683476424601,0.3200000000000002,0.3200000000000002,0.8586683476424601
0.3210000000000002,0.3210000000000002,0.8580666028097179,0.3210000000000002,0.3210000000000002,0.8580666028097179
0.3220000000000002,0.3220000000000002,0.8574550374130641,0.3220000000000002,0.3220000000000002,0.8574550374130641
0.3230000000000002,0.3230000000000002,0.8568334071010766,0.3230000000000002,0.3230000000000002,0.8568334071010766
0.3240000000000002,0.3240000000000002,0.8562014578291886,0.3240000000000002,0.3240000000000002,0.8562014578291886
0.3250000000000002,0.3250000000000002,0.8555589253417568,0.3250000000000002,0.3250000000000002,0.8555589253417568
0.3260000000000002,0.3260000000000002,0.8549055346204421,0.3260000000000002,0.3260000000000002,0.8549055346204421
0.3270000000000002,0.3270000000000002,0.8542409992964086,0.3270000000000002,0.3270000000000002,0.8542409992964086
0.3280000000000002,0.3280000000000002,0.8535650210236355,0.3280000000000002,0.3280000000000002,0.8535650210236355
0.3290000000000002,0.3290000000000002,0.8528772888104152,0.3290000000000002,0.3290000000000002,0.8528772888104152
0.3300000000000002,0.3300000000000002,0.8521774783058685,0.3300000000000002,0.3300000000000002,0.8521774783058685
0.3310000000000002,0.3310000000000002,0.8514652510380387,0.3310000000000002,0.3310000000000002,0.8514652510380387
0.3320000000000002,0.3320000000000002,0.8507402535998365,0.3320000000000002,0.3320000000000002,0.8507402535998365
0.3330000000000002,0.3330000000000002,0.8500021167787857,0.3330000000000002,0.3330000000000002,0.8500021167787857
0.3340000000000002,0.3340000000000002,0.8492504546261752,0.3340000000000002,0.3340000000000002,0.8492504546261752
0.3350000000000002,0.3350000000000002,0.8484848634608284,0.3350000000000002,0.3350000000000002,0.8484848634608284
0.3360000000000002,0.3360000000000002,0.8477049208022904,0.3360000000000002,0.3360000000000002,0.8477049208022904
0.3370000000000002,0.3370000000000002,0.8469101842277652,0.3370000000000002,0.3370000000000002,0.8469101842277652
0.3380000000000002,0.3380000000000002,0.846100190146621,0.3380000000000002,0.3380000000000002,0.846100190146621
0.3390000000000002,0.3390000000000002,0.845274452485735,0.3390000000000002,0.3390000000000002,0.845274452485735
0.3400000000000002,0.3400000000000002,0.8444324612783157,0.3400000000000002,0.3400000000000002,0.8444324612783157
0.3410000000000002,0.3410000000000002,0.8435736811481821,0.3410000000000002,0.3410000000000002,0.8435736811481821
0.3420000000000002,0.3420000000000002,0.8426975496807108,0.3420000000000002,0.3420000000000002,0.8426975496807108
0.3430000000000002,0.3430000000000002,0.8418034756708668,0.3430000000000002,0.3430000000000002,0.8418034756708668
0.3440000000000003,0.3440000000000003,0.8408908372377981,0.3440000000000003,0.3440000000000003,0.8408908372377981
0.3450000000000003,0.3450000000000003,0.8399589797945073,0.3450000000000003,0.3450000000000003,0.8399589797945073
0.3460000000000003,0.3460000000000003,0.8390072138599975,0.3460000000000003,0.3460000000000003,0.8390072138599975
0.3470000000000003,0.3470000000000003,0.8380348127000891,0.3470000000000003,0.3470000000000003,0.8380348127000891
0.3480000000000003,0.3480000000000003,0.8370410097817794,0.3480000000000003,0.3480000000000003,0.8370410097817794
0.3490000000000003,0.3490000000000003,0.8360249960245586,0.3490000000000003,0.3490000000000003,0.8360249960245586
0.3500000000000003,0.3500000000000003,0.8349859168304902,0.3500000000000003,0.3500000000000003,0.8349859168304902
0.3510000000000003,0.3510000000000003,0.8339228688731251,0.3510000000000003,0.3510000000000003,0.8339228688731251
0.3520000000000003,0.3520000000000003,0.832834896623378,0.3520000000000003,0.3520000000000003,0.832834896623378
0.3530000000000003,0.3530000000000003,0.831720988588425,0.3530000000000003,0.3530000000000003,0.831720988588425
0.3540000000000003,0.3540000000000003,0.8305800732373901,0.3540000000000003,0.3540000000000003,0.8305800732373901
0.3550000000000003,0.3550000000000003,0.8294110145851061,0.3550000000000003,0.3550000000000003,0.8294110145851061
0.3560000000000003,0.3560000000000003,0.8282126074025901,0.3560000000000003,0.3560000000000003,0.8282126074025901
0.3570000000000003,0.3570000000000003,0.8269835720199744,0.3570000000000003,0.3570000000000003,0.8269835720199744
0.3580000000000003,0.3580000000000003,0.8257225486845911,0.3580000000000003,0.3580000000000003,0.8257225486845911
0.3590000000000003,0.3590000000000003,0.8244280914336634,0.3590000000000003,0.3590000000000003,0.8244280914336634
0.3600000000000003,0.3600000000000003,0.8230986614376545,0.3600000000000003,0.3600000000000003,0.8230986614376545
0.3610000000000003,0.3610000000000003,0.8217326197668552,0.3610000000000003,0.3610000000000003,0.8217326197668552
0.3620000000000003,0.3620000000000003,0.8203282195302533,0.3620000000000003,0.3620000000000003,0.8203282195302533
0.3630000000000003,0.3630000000000003,0.8188835973322807,0.3630000000000003,0.3630000000000003,0.8188835973322807
0.3640000000000003,0.3640000000000003,0.8173967639898142,0.3640000000000003,0.3640000000000003,0.8173967639898142
0.3650000000000003,0.3650000000000003,0.8158655944490194,0.3650000000000003,0.3650000000000003,0.8158655944490194
0.3660000000000003,0.3660000000000003,0.8142878168395429,0.3660000000000003,0.3660000000000003,0.8142878168395429
0.3670000000000003,0.3670000000000003,0.8126610006026481,0.3670000000000003,0.3670000000000003,0.8126610006026481
0.3680000000000003,0.3680000000000003,0.8109825436306,0.3680000000000003,0.3680000000000003,0.8109825436306
0.3690000000000003,0.3690000000000003,0.8092496583577456,0.3690000000000003,0.3690000000000003,0.8092496583577456
0.3700000000000003,0.3700000000000003,0.8074593567502616,0.3700000000000003,0.3700000000000003,0.8074593567502616
0.3710000000000003,0.3710000000000003,0.8056084341527759,0.3710000000000003,0.3710000000000003,0.8056084341527759
0.3720000000000003,0.3720000000000003,0.803693451967757,0.3720000000000003,0.3720000000000003,0.803693451967757
0.3730000000000003,0.3730000000000003,0.8017107191700776,0.3730000000000003,0.3730000000000003,0.8017107191700776
0.3740000000000003,0.3740000000000003,0.7996562726975265,0.3740000000000003,0.3740000000000003,0.7996562726975265
0.3750000000000003,0.3750000000000003,0.7975258568123867,0.3750000000000003,0.3750000000000003,0.7975258568123867
0.3760000000000003,0.3760000000000003,0.7953149016048585,0.3760000000000003,0.3760000000000003,0.7953149016048585
0.3770000000000003,0.3770000000000003,0.7930185009130267,0.3770000000000003,0.3770000000000003,0.7930185009130267
0.3780000000000003,0.3780000000000003,0.7906313900754663,0.3780000000000003,0.3780000000000003,0.7906313900754663
0.3790000000000003,0.3790000000000003,0.7881479241230863,0.3790000000000003,0.3790000000000003,0.7881479241230863
0.3800000000000003,0.3800000000000003,0.7855620572716283,0.3800000000000003,0.3800000000000003,0.7855620572716283
0.3810000000000003,0.3810000000000003,0.78286732491433,0.3810000000000003,0.3810000000000003,0.78286732491433
0.3820000000000003,0.3820000000000003,0.780056829759508,0.3820000000000003,0.3820000000000003,0.780056829759508
0.3830000000000003,0.3830000000000003,0.7771232343389917,0.3830000000000003,0.3830000000000003,0.7771232343389917
0.3840000000000003,0.3840000000000003,0.7740587628643851,0.3840000000000003,0.3840000000000003,0.7740587628643851
0.3850000000000003,0.3850000000000003,0.7708552163665002,0.3850000000000003,0.3850000000000003,0.7708552163665002
0.3860000000000003,0.3860000000000003,0.7675040062563978,0.3860000000000003,0.3860000000000003,0.7675040062563978
0.3870000000000003,0.3870000000000003,0.7639962129234064,0.3870000000000003,0.3870000000000003,0.7639962129234064
0.3880000000000003,0.3880000000000003,0.7603226777420447,0.3880000000000003,0.3880000000000003,0.7603226777420447
0.3890000000000003,0.3890000000000003,0.7564741388512474,0.3890000000000003,0.3890000000000003,0.7564741388512474
0.3900000000000003,0.3900000000000003,0.7524414231560073,0.3900000000000003,0.3900000000000003,0.7524414231560073
0.3910000000000003,0.3910000000000003,0.7482157088802829,0.3910000000000003,0.3910000000000003,0.7482157088802829
0.3920000000000003,0.3920000000000003,0.7437888741072678,0.3920000000000003,0.3920000000000003,0.7437888741072678
0.3930000000000003,0.3930000000000003,0.739153946136101,0.3930000000000003,0.3930000000000003,0.739153946136101
0.3940000000000003,0.3940000000000003,0.7343056627310134,0.3940000000000003,0.3940000000000003,0.7343056627310134
0.3950000000000003,0.3950000000000003,0.7292411474981251,0.3950000000000003,0.3950000000000003,0.7292411474981251
0.3960000000000003,0.3960000000000003,0.7239606854710086,0.3960000000000003,0.3960000000000003,0.7239606854710086
0.3970000000000003,0.3970000000000003,0.7184685597192934,0.3970000000000003,0.3970000000000003,0.7184685597192934
0.3980000000000003,0.3980000000000003,0.7127738754744575,0.3980000000000003,0.3980000000000003,0.7127738754744575
0.3990000000000003,0.3990000000000003,0.7068912589525153,0.3990000000000003,0.3990000000000003,0.7068912589525153
0.4000000000000003,0.4000000000000003,0.7008412839240447,0.4000000000000003,0.4000000000000003,0.7008412839240447
0.4010000000000003,0.4010000000000003,0.6946504666988699,0.4010000000000003,0.4010000000000003,0.6946504666988699
0.4020000000000003,0.4020000000000003,0.6883506983284813,0.4020000000000003,0.4020000000000003,0.6883506983284813
0.4030000000000003,0.4030000000000003,0.6819780626318404,0.4030000000000003,0.4030000000000003,0.6819780626318404
0.4040000000000003,0.4040000000000003,0.6755711114915297,0.4040000000000003,0.4040000000000003,0.6755711114915297
0.4050000000000003,0.4050000000000003,0.6691688008445772,0.4050000000000003,0.4050000000000003,0.6691688008445772
0.4060000000000003,0.4060000000000003,0.6628083829342994,0.4060000000000003,0.4060000000000003,0.6628083829342994
0.4070000000000003,0.4070000000000003,0.6565235633129031,0.4070000000000003,0.4070000000000003,0.6565235633129031
0.4080000000000003,0.4080000000000003,0.6503431585790038,0.4080000000000003,0.4080000000000003,0.6503431585790038
0.4090000000000003,0.4090000000000003,0.6442903639943032,0.4090000000000003,0.4090000000000003,0.6442903639943032
0.4100000000000003,0.4100000000000003,0.6383826084968748,0.4100000000000003,0.4100000000000003,0.6383826084968748
0.4110000000000003,0.4110000000000003,0.6326318793846759,0.4110000000000003,0.4110000000000003,0.6326318793846759
0.4120000000000003,0.4120000000000003,0.6270453567546895,0.4120000000000003,0.4120000000000003,0.6270453567546895
0.4130000000000003,0.4130000000000003,0.621626201941035,0.4130000000000003,0.4130000000000003,0.621626201941035
0.4140000000000003,0.4140000000000003,0.616374376154722,0.4140000000000003,0.4140000000000003,0.616374376154722
0.4150000000000003,0.4150000000000003,0.6112874065914522,0.4150000000000003,0.4150000000000003,0.6112874065914522
0.4160000000000003,0.4160000000000003,0.606361054820313,0.4160000000000003,0.4160000000000003,0.606361054820313
0.4170000000000003,0.4170000000000003,0.6015898705798951,0.4170000000000003,0.4170000000000003,0.6015898705798951
0.4180000000000003,0.4180000000000003,0.5969676324152277,0.4180000000000003,0.4180000000000003,0.5969676324152277
0.4190000000000003,0.4190000000000003,0.5924876866201662,0.4190000000000003,0.4190000000000003,0.5924876866201662
0.4200000000000003,0.4200000000000003,0.5881432001587543,0.4200000000000003,0.4200000000000003,0.5881432001587543
0.4210000000000003,0.4210000000000003,0.5839273438539538,0.4210000000000003,0.4210000000000003,0.5839273438539538
0.4220000000000003,0.4220000000000003,0.5798334208190481,0.4220000000000003,0.4220000000000003,0.5798334208190481
0.4230000000000003,0.4230000000000003,0.575854952961984,0.4230000000000003,0.4230000000000003,0.575854952961984
0.4240000000000003,0.4240000000000003,0.5719857360623839,0.4240000000000003,0.4240000000000003,0.5719857360623839
0.4250000000000003,0.4250000000000003,0.5682198717423559,0.4250000000000003,0.4250000000000003,0.5682198717423559
0.4260000000000003,0.4260000000000003,0.5645517827711649,0.4260000000000003,0.4260000000000003,0.5645517827711649
0.4270000000000003,0.4270000000000003,0.5609762165972172,0.4270000000000003,0.4270000000000003,0.5609762165972172
0.4280000000000003,0.4280000000000003,0.5574882407699552,0.4280000000000003,0.4280000000000003,0.5574882407699552
0.4290000000000003,0.4290000000000003,0.5540832329572788,0.4290000000000003,0.4290000000000003,0.5540832329572788
0.4300000000000003,0.4300000000000003,0.5507568675325427,0.4300000000000003,0.4300000000000003,0.5507568675325427
0.4310000000000003,0.4310000000000003,0.5475051001533593,0.4310000000000003,0.4310000000000003,0.5475051001533593
0.4320000000000003,0.4320000000000003,0.5443241513425323,0.4320000000000003,0.4320000000000003,0.5443241513425323
0.4330000000000003,0.4330000000000003,0.5412104897767522,0.4330000000000003,0.4330000000000003,0.5412104897767522
0.4340000000000003,0.4340000000000003,0.5381608157651807,0.4340000000000003,0.4340000000000003,0.5381608157651807
0.4350000000000003,0.4350000000000003,0.5351720452374303,0.4350000000000003,0.4350000000000003,0.5351720452374303
0.4360000000000003,0.4360000000000003,0.5322412944430419,0.4360000000000003,0.4360000000000003,0.5322412944430419
0.4370000000000003,0.4370000000000003,0.5293658654808228,0.4370000000000003,0.4370000000000003,0.5293658654808228
0.4380000000000003,0.4380000000000003,0.5265432327172098,0.4380000000000003,0.4380000000000003,0.5265432327172098
0.4390000000000003,0.4390000000000003,0.5237710301117116,0.4390000000000003,0.4390000000000003,0.5237710301117116
0.4400000000000003,0.4400000000000003,0.5210470394395597,0.4400000000000003,0.4400000000000003,0.5210470394395597
0.4410000000000003,0.4410000000000003,0.5183691793831831,0.4410000000000003,0.4410000000000003,0.5183691793831831
0.4420000000000003,0.4420000000000003,0.5157354954525277,0.4420000000000003,0.4420000000000003,0.5157354954525277
0.4430000000000003,0.4430000000000003,0.5131441506874276,0.4430000000000003,0.4430000000000003,0.5131441506874276
0.4440000000000003,0.4440000000000003,0.5105934170919156,0.4440000000000003,0.4440000000000003,0.5105934170919156
0.4450000000000003,0.4450000000000003,0.5080816677493453,0.4450000000000003,0.4450000000000003,0.5080816677493453
0.4460000000000003,0.4460000000000003,0.5056073695678239,0.4460000000000003,0.4460000000000003,0.5056073695678239
0.4470000000000003,0.4470000000000003,0.503169076607156,0.4470000000000003,0.4470000000000003,0.503169076607156
0.4480000000000003,0.4480000000000003,0.5007654239408124,0.4480000000000003,0.4480000000000003,0.5007654239408124
0.4490000000000003,0.4490000000000003,0.4983951220091902,0.4490000000000003,0.4490000000000003,0.4983951220091902
0.4500000000000003,0.4500000000000003,0.4960569514233262,0.4500000000000003,0.4500000000000003,0.4960569514233262
0.4510000000000003,0.4510000000000003,0.4937497581811907,0.4510000000000003,0.4510000000000003,0.4937497581811907
0.4520000000000003,0.4520000000000003,0.491472449261631,0.4520000000000003,0.4520000000000003,0.491472449261631
0.4530000000000003,0.4530000000000003,0.4892239885637942,0.4530000000000003,0.4530000000000003,0.4892239885637942
0.4540000000000003,0.4540000000000003,0.4870033931625983,0.4540000000000003,0.4540000000000003,0.4870033931625983
0.4550000000000003,0.4550000000000003,0.4848097298532902,0.4550000000000003,0.4550000000000003,0.4848097298532902
0.4560000000000003,0.4560000000000003,0.4826421119604888,0.4560000000000003,0.4560000000000003,0.4826421119604888
0.4570000000000004,0.4570000000000004,0.4804996963892811,0.4570000000000004,0.4570000000000004,0.4804996963892811
0.4580000000000004,0.4580000000000004,0.4783816808979737,0.4580000000000004,0.4580000000000004,0.4783816808979737
0.4590000000000004,0.4590000000000004,0.4762873015739956,0.4590000000000004,0.4590000000000004,0.4762873015739956
0.4600000000000004,0.4600000000000004,0.4742158304963059,0.4600000000000004,0.4600000000000004,0.4742158304963059
0.4610000000000004,0.4610000000000004,0.4721665735695333,0.4610000000000004,0.4610000000000004,0.4721665735695333
0.4620000000000004,0.4620000000000004,0.4701388685166982,0.4620000000000004,0.4620000000000004,0.4701388685166982
0.4630000000000004,0.4630000000000004,0.4681320830168248,0.4630000000000004,0.4630000000000004,0.4681320830168248
0.4640000000000004,0.4640000000000004,0.4661456129688906,0.4640000000000004,0.4640000000000004,0.4661456129688906
0.4650000000000004,0.4650000000000004,0.4641788808661477,0.4650000000000004,0.4650000000000004,0.4641788808661477
0.4660000000000004,0.4660000000000004,0.4622313342841023,0.4660000000000004,0.4660000000000004,0.4622313342841023
0.4670000000000004,0.4670000000000004,0.4603024444812055,0.4670000000000004,0.4670000000000004,0.4603024444812055
0.4680000000000004,0.4680000000000004,0.4583917050893998,0.4680000000000004,0.4680000000000004,0.4583917050893998
0.4690000000000004,0.4690000000000004,0.4564986308858643,0.4690000000000004,0.4690000000000004,0.4564986308858643
0.4700000000000004,0.4700000000000004,0.4546227566536198,0.4700000000000004,0.4700000000000004,0.4546227566536198
0.4710000000000004,0.4710000000000004,0.4527636361240928,0.4710000000000004,0.4710000000000004,0.4527636361240928
0.4720000000000004,0.4720000000000004,0.4509208409880426,0.4720000000000004,0.4720000000000004,0.4509208409880426
0.4730000000000004,0.4730000000000004,0.4490939599675111,0.4730000000000004,0.4730000000000004,0.4490939599675111
0.4740000000000004,0.4740000000000004,0.4472825979450051,0.4740000000000004,0.4740000000000004,0.4472825979450051
0.4750000000000004,0.4750000000000004,0.4454863751464918,0.4750000000000004,0.4750000000000004,0.4454863751464918
0.4760000000000004,0.4760000000000004,0.4437049263746748,0.4760000000000004,0.4760000000000004,0.4437049263746748
0.4770000000000004,0.4770000000000004,0.4419379002891303,0.4770000000000004,0.4770000000000004,0.4419379002891303
0.4780000000000004,0.4780000000000004,0.4401849587300176,0.4780000000000004,0.4780000000000004,0.4401849587300176
0.4790000000000004,0.4790000000000004,0.4384457760823367,0.4790000000000004,0.4790000000000004,0.4384457760823367
0.4800000000000004,0.4800000000000004,0.4367200386779059,0.4800000000000004,0.4800000000000004,0.4367200386779059
0.4810000000000004,0.4810000000000004,0.4350074442324677,0.4810000000000004,0.4810000000000004,0.4350074442324677
0.4820000000000004,0.4820000000000004,0.4333077013155083,0.4820000000000004,0.4820000000000004,0.4333077013155083
0.4830000000000004,0.4830000000000004,0.4316205288505877,0.4830000000000004,0.4830000000000004,0.4316205288505877
0.4840000000000004,0.4840000000000004,0.4299456556441164,0.4840000000000004,0.4840000000000004,0.4299456556441164
0.4850000000000004,0.4850000000000004,0.4282828199407081,0.4850000000000004,0.4850000000000004,0.4282828199407081
0.4860000000000004,0.4860000000000004,0.4266317690033393,0.4860000000000004,0.4860000000000004,0.4266317690033393
0.4870000000000004,0.4870000000000004,0.4249922587167115,0.4870000000000004,0.4870000000000004,0.4249922587167115
0.4880000000000004,0.4880000000000004,0.4233640532123125,0.4880000000000004,0.4880000000000004,0.4233640532123125
0.4890000000000004,0.4890000000000004,0.4217469245137907,0.4890000000000004,0.4890000000000004,0.4217469245137907
0.4900000000000004,0.4900000000000004,0.4201406522013555,0.4900000000000004,0.4900000000000004,0.4201406522013555
0.4910000000000004,0.4910000000000004,0.418545023094014,0.4910000000000004,0.4910000000000004,0.418545023094014
0.4920000000000004,0.4920000000000004,0.4169598309485273,0.4920000000000004,0.4920000000000004,0.4169598309485273
0.4930000000000004,0.4930000000000004,0.415384876174072,0.4930000000000004,0.4930000000000004,0.415384876174072
0.4940000000000004,0.4940000000000004,0.413819965561632,0.4940000000000004,0.4940000000000004,0.413819965561632
0.4950000000000004,0.4950000000000004,0.4122649120272494,0.4950000000000004,0.4950000000000004,0.4122649120272494
0.4960000000000004,0.4960000000000004,0.4107195343682911,0.4960000000000004,0.4960000000000004,0.4107195343682911
0.4970000000000004,0.4970000000000004,0.4091836570319695,0.4970000000000004,0.4970000000000004,0.4091836570319695
0.4980000000000004,0.4980000000000004,0.4076571098953928,0.4980000000000004,0.4980000000000004,0.4076571098953928
0.4990000000000004,0.4990000000000004,0.4061397280564776,0.4990000000000004,0.4990000000000004,0.4061397280564776
0.5000000000000003,0.5000000000000003,0.4046313516350981,0.5000000000000003,0.5000000000000003,0.4046313516350981
0.5010000000000003,0.5010000000000003,0.4031318255838829,0.5010000000000003,0.5010000000000003,0.4031318255838829
0.5020000000000003,0.5020000000000003,0.4016409995081213,0.5020000000000003,0.5020000000000003,0.4016409995081213
0.5030000000000003,0.5030000000000003,0.4001587274942626,0.5030000000000003,0.5030000000000003,0.4001587274942626
0.5040000000000003,0.5040000000000003,0.3986848679465337,0.5040000000000003,0.5040000000000003,0.3986848679465337
0.5050000000000003,0.5050000000000003,0.3972192834312289,0.5050000000000003,0.5050000000000003,0.3972192834312289
0.5060000000000003,0.5060000000000003,0.3957618405282496,0.5060000000000003,0.5060000000000003,0.3957618405282496
0.5070000000000003,0.5070000000000003,0.3943124096895095,0.5070000000000003,0.5070000000000003,0.3943124096895095
0.5080000000000003,0.5080000000000003,0.3928708651038283,0.5080000000000003,0.5080000000000003,0.3928708651038283
0.5090000000000003,0.5090000000000003,0.3914370845679764,0.5090000000000003,0.5090000000000003,0.3914370845679764
0.5100000000000003,0.5100000000000003,0.3900109493635453,0.5100000000000003,0.5100000000000003,0.3900109493635453
0.5110000000000003,0.5110000000000003,0.3885923441393374,0.5110000000000003,0.5110000000000003,0.3885923441393374
0.5120000000000003,0.5120000000000003,0.387181156798992,0.5120000000000003,0.5120000000000003,0.387181156798992
0.5130000000000003,0.5130000000000003,0.3857772783935776,0.5130000000000003,0.5130000000000003,0.3857772783935776
0.5140000000000003,0.5140000000000003,0.384380603018902,0.5140000000000003,0.5140000000000003,0.384380603018902
0.5150000000000003,0.5150000000000003,0.3829910277172967,0.5150000000000003,0.5150000000000003,0.3829910277172967
0.5160000000000003,0.5160000000000003,0.3816084523836546,0.5160000000000003,0.5160000000000003,0.3816084523836546
0.5170000000000003,0.5170000000000003,0.3802327796755136,0.5170000000000003,0.5170000000000003,0.3802327796755136
0.5180000000000003,0.5180000000000003,0.3788639149269826,0.5180000000000003,0.5180000000000003,0.3788639149269826
0.5190000000000003,0.5190000000000003,0.3775017660663235,0.5190000000000003,0.5190000000000003,0.3775017660663235
0.5200000000000004,0.5200000000000004,0.3761462435370163,0.5200000000000004,0.5200000000000004,0.3761462435370163
0.5210000000000004,0.5210000000000004,0.3747972602221371,0.5210000000000004,0.5210000000000004,0.3747972602221371
0.5220000000000004,0.5220000000000004,0.3734547313718897,0.5220000000000004,0.5220000000000004,0.3734547313718897
0.5230000000000004,0.5230000000000004,0.3721185745341502,0.5230000000000004,0.5230000000000004,0.3721185745341502
0.5240000000000004,0.5240000000000004,0.3707887094878735,0.5240000000000004,0.5240000000000004,0.3707887094878735
0.5250000000000004,0.5250000000000004,0.3694650581792354,0.5250000000000004,0.5250000000000004,0.3694650581792354
0.5260000000000004,0.5260000000000004,0.3681475446603859,0.5260000000000004,0.5260000000000004,0.3681475446603859
0.5270000000000004,0.5270000000000004,0.366836095030684,0.5270000000000004,0.5270000000000004,0.366836095030684
0.5280000000000004,0.5280000000000004,0.3655306373803166,0.5280000000000004,0.5280000000000004,0.3655306373803166
0.5290000000000004,0.5290000000000004,0.3642311017361829,0.5290000000000004,0.5290000000000004,0.3642311017361829
0.5300000000000004,0.5300000000000004,0.3629374200099464,0.5300000000000004,0.5300000000000004,0.3629374200099464
0.5310000000000004,0.5310000000000004,0.3616495259481584,0.5310000000000004,0.5310000000000004,0.3616495259481584
0.5320000000000004,0.5320000000000004,0.3603673550843611,0.5320000000000004,0.5320000000000004,0.3603673550843611
0.5330000000000004,0.5330000000000004,0.3590908446930894,0.5330000000000004,0.5330000000000004,0.3590908446930894
0.5340000000000004,0.5340000000000004,0.3578199337456746,0.5340000000000004,0.5340000000000004,0.3578199337456746
0.5350000000000004,0.5350000000000004,0.3565545628677895,0.5350000000000004,0.5350000000000004,0.3565545628677895
0.5360000000000004,0.5360000000000004,0.3552946742986473,0.5360000000000004,0.5360000000000004,0.3552946742986473
0.5370000000000004,0.5370000000000004,0.3540402118517884,0.5370000000000004,0.5370000000000004,0.3540402118517884
0.5380000000000004,0.5380000000000004,0.3527911208773869,0.5380000000000004,0.5380000000000004,0.3527911208773869
0.5390000000000004,0.5390000000000004,0.3515473482260157,0.5390000000000004,0.5390000000000004,0.3515473482260157
0.5400000000000004,0.5400000000000004,0.3503088422138003,0.5400000000000004,0.5400000000000004,0.3503088422138003
0.5410000000000004,0.5410000000000004,0.3490755525889123,0.5410000000000004,0.5410000000000004,0.3490755525889123
0.5420000000000004,0.5420000000000004,0.3478474304993407,0.5420000000000004,0.5420000000000004,0.3478474304993407
0.5430000000000004,0.5430000000000004,0.3466244284618912,0.5430000000000004,0.5430000000000004,0.3466244284618912
0.5440000000000004,0.5440000000000004,0.3454065003323569,0.5440000000000004,0.5440000000000004,0.3454065003323569
0.5450000000000004,0.5450000000000004,0.3441936012768206,0.5450000000000004,0.5450000000000004,0.3441936012768206
0.5460000000000004,0.5460000000000004,0.3429856877440308,0.5460000000000004,0.5460000000000004,0.3429856877440308
0.5470000000000004,0.5470000000000004,0.3417827174388178,0.5470000000000004,0.5470000000000004,0.3417827174388178
0.5480000000000004,0.5480000000000004,0.3405846492964985,0.5480000000000004,0.5480000000000004,0.3405846492964985
0.5490000000000004,0.5490000000000004,0.3393914434582309,0.5490000000000004,0.5490000000000004,0.3393914434582309
0.5500000000000004,0.5500000000000004,0.3382030612472803,0.5500000000000004,0.5500000000000004,0.3382030612472803
0.5510000000000004,0.5510000000000004,0.3370194651461594,0.5510000000000004,0.5510000000000004,0.3370194651461594
0.5520000000000004,0.5520000000000004,0.3358406187746035,0.5520000000000004,0.5520000000000004,0.3358406187746035
0.5530000000000004,0.5530000000000004,0.3346664868683425,0.5530000000000004,0.5530000000000004,0.3346664868683425
0.5540000000000004,0.5540000000000004,0.3334970352586462,0.5540000000000004,0.5540000000000004,0.3334970352586462
0.5550000000000004,0.5550000000000004,0.3323322308525965,0.5550000000000004,0.5550000000000004,0.3323322308525965
0.5560000000000004,0.5560000000000004,0.3311720416140639,0.5560000000000004,0.5560000000000004,0.3311720416140639
0.5570000000000004,0.5570000000000004,0.3300164365453558,0.5570000000000004,0.5570000000000004,0.3300164365453558
0.5580000000000004,0.5580000000000004,0.3288653856695023,0.5580000000000004,0.5580000000000004,0.3288653856695023
0.5590000000000004,0.5590000000000004,0.3277188600131586,0.5590000000000004,0.5590000000000004,0.3277188600131586
0.5600000000000004,0.5600000000000004,0.326576831590085,0.5600000000000004,0.5600000000000004,0.326576831590085
0.5610000000000004,0.5610000000000004,0.3254392733851901,0.5610000000000004,0.5610000000000004,0.3254392733851901
0.5620000000000004,0.5620000000000004,0.3243061593390972,0.5620000000000004,0.5620000000000004,0.3243061593390972
0.5630000000000004,0.5630000000000004,0.3231774643332191,0.5630000000000004,0.5630000000000004,0.3231774643332191
0.5640000000000004,0.5640000000000004,0.3220531641753108,0.5640000000000004,0.5640000000000004,0.3220531641753108
0.5650000000000004,0.5650000000000004,0.320933235585473,0.5650000000000004,0.5650000000000004,0.320933235585473
0.5660000000000004,0.5660000000000004,0.3198176561825884,0.5660000000000004,0.5660000000000004,0.3198176561825884
0.5670000000000004,0.5670000000000004,0.3187064044711637,0.5670000000000004,0.5670000000000004,0.3187064044711637
0.5680000000000004,0.5680000000000004,0.3175994598285505,0.5680000000000004,0.5680000000000004,0.3175994598285505
0.5690000000000004,0.5690000000000004,0.3164968024925327,0.5690000000000004,0.5690000000000004,0.3164968024925327
0.5700000000000004,0.5700000000000004,0.3153984135492415,0.5700000000000004,0.5700000000000004,0.3153984135492415
0.5710000000000004,0.5710000000000004,0.3143042749213978,0.5710000000000004,0.5710000000000004,0.3143042749213978
0.5720000000000004,0.5720000000000004,0.3132143693568364,0.5720000000000004,0.5720000000000004,0.3132143693568364
0.5730000000000004,0.5730000000000004,0.3121286804173107,0.5730000000000004,0.5730000000000004,0.3121286804173107
0.5740000000000004,0.5740000000000004,0.311047192467545,0.5740000000000004,0.5740000000000004,0.311047192467545
0.5750000000000004,0.5750000000000004,0.309969890664514,0.5750000000000004,0.5750000000000004,0.309969890664514
0.5760000000000004,0.5760000000000004,0.3088967609469371,0.5760000000000004,0.5760000000000004,0.3088967609469371
0.5770000000000004,0.5770000000000004,0.3078277900249582,0.5770000000000004,0.5770000000000004,0.3078277900249582
0.5780000000000004,0.5780000000000004,0.3067629653699937,0.5780000000000004,0.5780000000000004,0.3067629653699937
0.5790000000000004,0.5790000000000004,0.305702275204729,0.5790000000000004,0.5790000000000004,0.305702275204729
0.5800000000000004,0.5800000000000004,0.304645708493247,0.5800000000000004,0.5800000000000004,0.304645708493247
0.5810000000000004,0.5810000000000004,0.3035932549312587,0.5810000000000004,0.5810000000000004,0.3035932549312587
0.5820000000000004,0.5820000000000004,0.3025449049364268,0.5820000000000004,0.5820000000000004,0.3025449049364268
0.5830000000000004,0.5830000000000004,0.301500649638763,0.5830000000000004,0.5830000000000004,0.301500649638763
0.5840000000000004,0.5840000000000004,0.300460480871062,0.5840000000000004,0.5840000000000004,0.300460480871062
0.5850000000000004,0.5850000000000004,0.299424391159385,0.5850000000000004,0.5850000000000004,0.299424391159385
0.5860000000000004,0.5860000000000004,0.2983923737135379,0.5860000000000004,0.5860000000000004,0.2983923737135379
0.5870000000000004,0.5870000000000004,0.2973644224175546,0.5870000000000004,0.5870000000000004,0.2973644224175546
0.5880000000000004,0.5880000000000004,0.2963405318201482,0.5880000000000004,0.5880000000000004,0.2963405318201482
0.5890000000000004,0.5890000000000004,0.295320697125122,0.5890000000000004,0.5890000000000004,0.295320697125122
0.5900000000000004,0.5900000000000004,0.2943049141817126,0.5900000000000004,0.5900000000000004,0.2943049141817126
0.5910000000000004,0.5910000000000004,0.2932931794748579,0.5910000000000004,0.5910000000000004,0.2932931794748579
0.5920000000000004,0.5920000000000004,0.2922854901153633,0.5920000000000004,0.5920000000000004,0.2922854901153633
0.5930000000000004,0.5930000000000004,0.291281843829952,0.5930000000000004,0.5930000000000004,0.291281843829952
0.5940000000000004,0.5940000000000004,0.2902822389511803,0.5940000000000004,0.5940000000000004,0.2902822389511803
0.5950000000000004,0.5950000000000004,0.289286674407203,0.5950000000000004,0.5950000000000004,0.289286674407203
0.5960000000000004,0.5960000000000004,0.2882951497113682,0.5960000000000004,0.5960000000000004,0.2882951497113682
0.5970000000000004,0.5970000000000004,0.2873076649516314,0.5970000000000004,0.5970000000000004,0.2873076649516314
0.5980000000000004,0.5980000000000004,0.286324220779764,0.5980000000000004,0.5980000000000004,0.286324220779764
0.5990000000000004,0.5990000000000004,0.2853448184003461,0.5990000000000004,0.5990000000000004,0.2853448184003461
0.6000000000000004,0.6000000000000004,0.284369459559529,0.6000000000000004,0.6000000000000004,0.284369459559529
0.6010000000000004,0.6010000000000004,0.2833981465335473,0.6010000000000004,0.6010000000000004,0.2833981465335473
0.6020000000000004,0.6020000000000004,0.2824308821169697,0.6020000000000004,0.6020000000000004,0.2824308821169697
0.6030000000000004,0.6030000000000004,0.2814676696106778,0.6030000000000004,0.6030000000000004,0.2814676696106778
0.6040000000000004,0.6040000000000004,0.2805085128095481,0.6040000000000004,0.6040000000000004,0.2805085128095481
0.6050000000000004,0.6050000000000004,0.2795534159898403,0.6050000000000004,0.6050000000000004,0.2795534159898403
0.6060000000000004,0.6060000000000004,0.2786023838962673,0.6060000000000004,0.6060000000000004,0.2786023838962673
0.6070000000000004,0.6070000000000004,0.2776554217287411,0.6070000000000004,0.6070000000000004,0.2776554217287411
0.6080000000000004,0.6080000000000004,0.2767125351287844,0.6080000000000004,0.6080000000000004,0.2767125351287844
0.6090000000000004,0.6090000000000004,0.2757737301655933,0.6090000000000004,0.6090000000000004,0.2757737301655933
0.6100000000000004,0.6100000000000004,0.2748390133217549,0.6100000000000004,0.6100000000000004,0.2748390133217549
0.6110000000000004,0.6110000000000004,0.2739083914785936,0.6110000000000004,0.6110000000000004,0.2739083914785936
0.6120000000000004,0.6120000000000004,0.2729818719011551,0.6120000000000004,0.6120000000000004,0.2729818719011551
0.6130000000000004,0.6130000000000004,0.2720594622228154,0.6130000000000004,0.6130000000000004,0.2720594622228154
0.6140000000000004,0.6140000000000004,0.2711411704295116,0.6140000000000004,0.6140000000000004,0.2711411704295116
0.6150000000000004,0.6150000000000004,0.2702270048435906,0.6150000000000004,0.6150000000000004,0.2702270048435906
0.6160000000000004,0.6160000000000004,0.2693169741072756,0.6160000000000004,0.6160000000000004,0.2693169741072756
0.6170000000000004,0.6170000000000004,0.2684110871657424,0.6170000000000004,0.6170000000000004,0.2684110871657424
0.6180000000000004,0.6180000000000004,0.2675093532498202,0.6180000000000004,0.6180000000000004,0.2675093532498202
0.6190000000000004,0.6190000000000004,0.2666117818583043,0.6190000000000004,0.6190000000000004,0.2666117818583043
0.6200000000000004,0.6200000000000004,0.2657183827398886,0.6200000000000004,0.6200000000000004,0.2657183827398886
0.6210000000000004,0.6210000000000004,0.2648291658747266,0.6210000000000004,0.6210000000000004,0.2648291658747266
0.6220000000000004,0.6220000000000004,0.2639441414556237,0.6220000000000004,0.6220000000000004,0.2639441414556237
0.6230000000000004,0.6230000000000004,0.2630633198688668,0.6230000000000004,0.6230000000000004,0.2630633198688668
0.6240000000000004,0.6240000000000004,0.2621867116747051,0.6240000000000004,0.6240000000000004,0.2621867116747051
0.6250000000000004,0.6250000000000004,0.2613143275874871,0.6250000000000004,0.6250000000000004,0.2613143275874871
0.6260000000000004,0.6260000000000004,0.2604461784554731,0.6260000000000004,0.6260000000000004,0.2604461784554731
0.6270000000000004,0.6270000000000004,0.2595822752403293,0.6270000000000004,0.6270000000000004,0.2595822752403293
0.6280000000000004,0.6280000000000004,0.2587226289963259,0.6280000000000004,0.6280000000000004,0.2587226289963259
0.6290000000000004,0.6290000000000004,0.2578672508492571,0.6290000000000004,0.6290000000000004,0.2578672508492571
0.6300000000000004,0.6300000000000004,0.2570161519750896,0.6300000000000004,0.6300000000000004,0.2570161519750896
0.6310000000000004,0.6310000000000004,0.2561693435783792,0.6310000000000004,0.6310000000000004,0.2561693435783792
0.6320000000000005,0.6320000000000005,0.2553268368704599,0.6320000000000005,0.6320000000000005,0.2553268368704599
0.6330000000000005,0.6330000000000005,0.2544886430474423,0.6330000000000005,0.6330000000000005,0.2544886430474423
0.6340000000000005,0.6340000000000005,0.2536547732680373,0.6340000000000005,0.6340000000000005,0.2536547732680373
0.6350000000000005,0.6350000000000005,0.2528252386312361,0.6350000000000005,0.6350000000000005,0.2528252386312361
0.6360000000000005,0.6360000000000005,0.2520000501538753,0.6360000000000005,0.6360000000000005,0.2520000501538753
0.6370000000000005,0.6370000000000005,0.2511792187481126,0.6370000000000005,0.6370000000000005,0.2511792187481126
0.6380000000000005,0.6380000000000005,0.2503627551988464,0.6380000000000005,0.6380000000000005,0.2503627551988464
0.6390000000000005,0.6390000000000005,0.2495506701411143,0.6390000000000005,0.6390000000000005,0.2495506701411143
0.6400000000000005,0.6400000000000005,0.2487429740374944,0.6400000000000005,0.6400000000000005,0.2487429740374944
0.6410000000000005,0.6410000000000005,0.2479396771555528,0.6410000000000005,0.6410000000000005,0.2479396771555528
0.6420000000000005,0.6420000000000005,0.2471407895453691,0.6420000000000005,0.6420000000000005,0.2471407895453691
0.6430000000000005,0.6430000000000005,0.2463463210171723,0.6430000000000005,0.6430000000000005,0.2463463210171723
0.6440000000000005,0.6440000000000005,0.2455562811191294,0.6440000000000005,0.6440000000000005,0.2455562811191294
0.6450000000000005,0.6450000000000005,0.2447706791153208,0.6450000000000005,0.6450000000000005,0.2447706791153208
0.6460000000000005,0.6460000000000005,0.2439895239639371,0.6460000000000005,0.6460000000000005,0.2439895239639371
0.6470000000000005,0.6470000000000005,0.2432128242957437,0.6470000000000005,0.6470000000000005,0.2432128242957437
0.6480000000000005,0.6480000000000005,0.2424405883928421,0.6480000000000005,0.6480000000000005,0.2424405883928421
0.6490000000000005,0.6490000000000005,0.2416728241677708,0.6490000000000005,0.6490000000000005,0.2416728241677708
0.6500000000000005,0.6500000000000005,0.2409095391429859,0.6500000000000005,0.6500000000000005,0.2409095391429859
0.6510000000000005,0.6510000000000005,0.2401507404307529,0.6510000000000005,0.6510000000000005,0.2401507404307529
0.6520000000000005,0.6520000000000005,0.2393964347134957,0.6520000000000005,0.6520000000000005,0.2393964347134957
0.6530000000000005,0.6530000000000005,0.2386466282246279,0.6530000000000005,0.6530000000000005,0.2386466282246279
0.6540000000000005,0.6540000000000005,0.2379013267299168,0.6540000000000005,0.6540000000000005,0.2379013267299168
0.6550000000000005,0.6550000000000005,0.2371605355094072,0.6550000000000005,0.6550000000000005,0.2371605355094072
0.6560000000000005,0.6560000000000005,0.2364242593399356,0.6560000000000005,0.6560000000000005,0.2364242593399356
0.6570000000000005,0.6570000000000005,0.2356925024782813,0.6570000000000005,0.6570000000000005,0.2356925024782813
0.6580000000000005,0.6580000000000005,0.2349652686449721,0.6580000000000005,0.6580000000000005,0.2349652686449721
0.6590000000000005,0.6590000000000005,0.2342425610087859,0.6590000000000005,0.6590000000000005,0.2342425610087859
0.6600000000000005,0.6600000000000005,0.2335243821719709,0.6600000000000005,0.6600000000000005,0.2335243821719709
0.6610000000000005,0.6610000000000005,0.232810734156216,0.6610000000000005,0.6610000000000005,0.232810734156216
0.6620000000000005,0.6620000000000005,0.2321016183893946,0.6620000000000005,0.6620000000000005,0.2321016183893946
0.6630000000000005,0.6630000000000005,0.2313970356931065,0.6630000000000005,0.6630000000000005,0.2313970356931065
0.6640000000000005,0.6640000000000005,0.2306969862710414,0.6640000000000005,0.6640000000000005,0.2306969862710414
0.6650000000000005,0.6650000000000005,0.2300014696981795,0.6650000000000005,0.6650000000000005,0.2300014696981795
0.6660000000000005,0.6660000000000005,0.2293104849108542,0.6660000000000005,0.6660000000000005,0.2293104849108542
0.6670000000000005,0.6670000000000005,0.2286240301976825,0.6670000000000005,0.6670000000000005,0.2286240301976825
0.6680000000000005,0.6680000000000005,0.227942103191388,0.6680000000000005,0.6680000000000005,0.227942103191388
0.6690000000000005,0.6690000000000005,0.2272647008615151,0.6690000000000005,0.6690000000000005,0.2272647008615151
0.6700000000000005,0.6700000000000005,0.2265918195080537,0.6700000000000005,0.6700000000000005,0.2265918195080537
0.6710000000000005,0.6710000000000005,0.2259234547559761,0.6710000000000005,0.6710000000000005,0.2259234547559761
0.6720000000000005,0.6720000000000005,0.2252596015506847,0.6720000000000005,0.6720000000000005,0.2252596015506847
0.6730000000000005,0.6730000000000005,0.224600254154384,0.6730000000000005,0.6730000000000005,0.224600254154384
0.6740000000000005,0.6740000000000005,0.223945406143364,0.6740000000000005,0.6740000000000005,0.223945406143364
0.6750000000000005,0.6750000000000005,0.2232950504061988,0.6750000000000005,0.6750000000000005,0.2232950504061988
0.6760000000000005,0.6760000000000005,0.2226491791428511,0.6760000000000005,0.6760000000000005,0.2226491791428511
0.6770000000000005,0.6770000000000005,0.2220077838646787,0.6770000000000005,0.6770000000000005,0.2220077838646787
0.6780000000000005,0.6780000000000005,0.2213708553953284,0.6780000000000005,0.6780000000000005,0.2213708553953284
0.6790000000000005,0.6790000000000005,0.2207383838725052,0.6790000000000005,0.6790000000000005,0.2207383838725052
0.6800000000000005,0.6800000000000005,0.2201103587506101,0.6800000000000005,0.6800000000000005,0.2201103587506101
0.6810000000000005,0.6810000000000005,0.219486768804215,0.6810000000000005,0.6810000000000005,0.219486768804215
0.6820000000000005,0.6820000000000005,0.2188676021323763,0.6820000000000005,0.6820000000000005,0.2188676021323763
0.6830000000000005,0.6830000000000005,0.218252846163745,0.6830000000000005,0.6830000000000005,0.218252846163745
0.6840000000000005,0.6840000000000005,0.2176424876624734,0.6840000000000005,0.6840000000000005,0.2176424876624734
0.6850000000000005,0.6850000000000005,0.2170365127348755,0.6850000000000005,0.6850000000000005,0.2170365127348755
0.6860000000000005,0.6860000000000005,0.2164349068368311,0.6860000000000005,0.6860000000000005,0.2164349068368311
0.6870000000000005,0.6870000000000005,0.215837654781898,0.6870000000000005,0.6870000000000005,0.215837654781898
0.6880000000000005,0.6880000000000005,0.2152447407501107,0.6880000000000005,0.6880000000000005,0.2152447407501107
0.6890000000000005,0.6890000000000005,0.2146561482974305,0.6890000000000005,0.6890000000000005,0.2146561482974305
0.6900000000000005,0.6900000000000005,0.2140718603658296,0.6900000000000005,0.6900000000000005,0.2140718603658296
0.6910000000000005,0.6910000000000005,0.2134918592939584,0.6910000000000005,0.6910000000000005,0.2134918592939584
0.6920000000000005,0.6920000000000005,0.2129161268283898,0.6920000000000005,0.6920000000000005,0.2129161268283898
0.6930000000000005,0.6930000000000005,0.2123446441353893,0.6930000000000005,0.6930000000000005,0.2123446441353893
0.6940000000000005,0.6940000000000005,0.211777391813186,0.6940000000000005,0.6940000000000005,0.211777391813186
0.6950000000000005,0.6950000000000005,0.2112143499047156,0.6950000000000005,0.6950000000000005,0.2112143499047156
0.6960000000000005,0.6960000000000005,0.2106554979107951,0.6960000000000005,0.6960000000000005,0.2106554979107951
0.6970000000000005,0.6970000000000005,0.2101008148037029,0.6970000000000005,0.6970000000000005,0.2101008148037029
0.6980000000000005,0.6980000000000005,0.2095502790411291,0.6980000000000005,0.6980000000000005,0.2095502790411291
0.6990000000000005,0.6990000000000005,0.2090038685804616,0.6990000000000005,0.6990000000000005,0.2090038685804616
0.7000000000000005,0.7000000000000005,0.2084615608933806,0.7000000000000005,0.7000000000000005,0.2084615608933806
0.7010000000000005,0.7010000000000005,0.2079233329807246,0.7010000000000005,0.7010000000000005,0.2079233329807246
0.7020000000000005,0.7020000000000005,0.2073891613875995,0.7020000000000005,0.7020000000000005,0.2073891613875995
0.7030000000000005,0.7030000000000005,0.2068590222186975,0.7030000000000005,0.7030000000000005,0.2068590222186975
0.7040000000000005,0.7040000000000005,0.2063328911538012,0.7040000000000005,0.7040000000000005,0.2063328911538012
0.7050000000000005,0.7050000000000005,0.2058107434634323,0.7050000000000005,0.7050000000000005,0.2058107434634323
0.7060000000000005,0.7060000000000005,0.2052925540246287,0.7060000000000005,0.7060000000000005,0.2052925540246287
0.7070000000000005,0.7070000000000005,0.2047782973368147,0.7070000000000005,0.7070000000000005,0.2047782973368147
0.7080000000000005,0.7080000000000005,0.204267947537737,0.7080000000000005,0.7080000000000005,0.204267947537737
0.7090000000000005,0.7090000000000005,0.2037614784194437,0.7090000000000005,0.7090000000000005,0.2037614784194437
0.7100000000000005,0.7100000000000005,0.2032588634442797,0.7100000000000005,0.7100000000000005,0.2032588634442797
0.7110000000000005,0.7110000000000005,0.2027600757608736,0.7110000000000005,0.7110000000000005,0.2027600757608736
0.7120000000000005,0.7120000000000005,0.2022650882200949,0.7120000000000005,0.7120000000000005,0.2022650882200949
0.7130000000000005,0.7130000000000005,0.2017738733909569,0.7130000000000005,0.7130000000000005,0.2017738733909569
0.7140000000000005,0.7140000000000005,0.2012864035764478,0.7140000000000005,0.7140000000000005,0.2012864035764478
0.7150000000000005,0.7150000000000005,0.2008026508292679,0.7150000000000005,0.7150000000000005,0.2008026508292679
0.7160000000000005,0.7160000000000005,0.2003225869674525,0.7160000000000005,0.7160000000000005,0.2003225869674525
0.7170000000000005,0.7170000000000005,0.1998461835898716,0.7170000000000005,0.7170000000000005,0.1998461835898716
0.7180000000000005,0.7180000000000005,0.1993734120915761,0.7180000000000005,0.7180000000000005,0.1993734120915761
0.7190000000000005,0.7190000000000005,0.1989042436789899,0.7190000000000005,0.7190000000000005,0.1989042436789899
0.7200000000000005,0.7200000000000005,0.1984386493849222,0.7200000000000005,0.7200000000000005,0.1984386493849222
0.7210000000000005,0.7210000000000005,0.1979766000833937,0.7210000000000005,0.7210000000000005,0.1979766000833937
0.7220000000000005,0.7220000000000005,0.1975180665042634,0.7220000000000005,0.7220000000000005,0.1975180665042634
0.7230000000000005,0.7230000000000005,0.1970630192476419,0.7230000000000005,0.7230000000000005,0.1970630192476419
0.7240000000000005,0.7240000000000005,0.1966114287980846,0.7240000000000005,0.7240000000000005,0.1966114287980846
0.7250000000000005,0.7250000000000005,0.1961632655385565,0.7250000000000005,0.7250000000000005,0.1961632655385565
0.7260000000000005,0.7260000000000005,0.1957184997641541,0.7260000000000005,0.7260000000000005,0.1957184997641541
0.7270000000000005,0.7270000000000005,0.1952771016955866,0.7270000000000005,0.7270000000000005,0.1952771016955866
0.7280000000000005,0.7280000000000005,0.1948390414924034,0.7280000000000005,0.7280000000000005,0.1948390414924034
0.7290000000000005,0.7290000000000005,0.1944042892659609,0.7290000000000005,0.7290000000000005,0.1944042892659609
0.7300000000000005,0.7300000000000005,0.193972815092133,0.7300000000000005,0.7300000000000005,0.193972815092133
0.7310000000000005,0.7310000000000005,0.1935445890237494,0.7310000000000005,0.7310000000000005,0.1935445890237494
0.7320000000000005,0.7320000000000005,0.1931195811027684,0.7320000000000005,0.7320000000000005,0.1931195811027684
0.7330000000000005,0.7330000000000005,0.1926977613721732,0.7330000000000005,0.7330000000000005,0.1926977613721732
0.7340000000000005,0.7340000000000005,0.1922790998875966,0.7340000000000005,0.7340000000000005,0.1922790998875966
0.7350000000000005,0.7350000000000005,0.1918635667286669,0.7350000000000005,0.7350000000000005,0.1918635667286669
0.7360000000000005,0.7360000000000005,0.1914511320100766,0.7360000000000005,0.7360000000000005,0.1914511320100766
0.7370000000000005,0.7370000000000005,0.1910417658923725,0.7370000000000005,0.7370000000000005,0.1910417658923725
0.7380000000000005,0.7380000000000005,0.190635438592469,0.7380000000000005,0.7380000000000005,0.190635438592469
0.7390000000000005,0.7390000000000005,0.1902321203938756,0.7390000000000005,0.7390000000000005,0.1902321203938756
0.7400000000000005,0.7400000000000005,0.1898317816566559,0.7400000000000005,0.7400000000000005,0.1898317816566559
0.7410000000000005,0.7410000000000005,0.1894343928270991,0.7410000000000005,0.7410000000000005,0.1894343928270991
0.7420000000000005,0.7420000000000005,0.1890399244471197,0.7420000000000005,0.7420000000000005,0.1890399244471197
0.7430000000000005,0.7430000000000005,0.1886483471633781,0.7430000000000005,0.7430000000000005,0.1886483471633781
0.7440000000000005,0.7440000000000005,0.1882596317361291,0.7440000000000005,0.7440000000000005,0.1882596317361291
0.7450000000000006,0.7450000000000006,0.1878737490477917,0.7450000000000006,0.7450000000000006,0.1878737490477917
0.7460000000000006,0.7460000000000006,0.1874906701112516,0.7460000000000006,0.7460000000000006,0.1874906701112516
0.7470000000000006,0.7470000000000006,0.1871103660778883,0.7470000000000006,0.7470000000000006,0.1871103660778883
0.7480000000000006,0.7480000000000006,0.1867328082453362,0.7480000000000006,0.7480000000000006,0.1867328082453362
0.7490000000000006,0.7490000000000006,0.1863579680649754,0.7490000000000006,0.7490000000000006,0.1863579680649754
0.7500000000000006,0.7500000000000006,0.1859858171491575,0.7500000000000006,0.7500000000000006,0.1859858171491575
0.7510000000000006,0.7510000000000006,0.1856163272781652,0.7510000000000006,0.7510000000000006,0.1856163272781652
0.7520000000000006,0.7520000000000006,0.1852494704069119,0.7520000000000006,0.7520000000000006,0.1852494704069119
0.7530000000000006,0.7530000000000006,0.1848852186713748,0.7530000000000006,0.7530000000000006,0.1848852186713748
0.7540000000000006,0.7540000000000006,0.1845235443947736,0.7540000000000006,0.7540000000000006,0.1845235443947736
0.7550000000000006,0.7550000000000006,0.1841644200934863,0.7550000000000006,0.7550000000000006,0.1841644200934863
0.7560000000000006,0.7560000000000006,0.1838078184827107,0.7560000000000006,0.7560000000000006,0.1838078184827107
0.7570000000000006,0.7570000000000006,0.1834537124818694,0.7570000000000006,0.7570000000000006,0.1834537124818694
0.7580000000000006,0.7580000000000006,0.1831020752197624,0.7580000000000006,0.7580000000000006,0.1831020752197624
0.7590000000000006,0.7590000000000006,0.1827528800394634,0.7590000000000006,0.7590000000000006,0.1827528800394634
0.7600000000000006,0.7600000000000006,0.1824061005029725,0.7600000000000006,0.7600000000000006,0.1824061005029725
0.7610000000000006,0.7610000000000006,0.1820617103956118,0.7610000000000006,0.7610000000000006,0.1820617103956118
0.7620000000000006,0.7620000000000006,0.1817196837301784,0.7620000000000006,0.7620000000000006,0.1817196837301784
0.7630000000000006,0.7630000000000006,0.1813799947508507,0.7630000000000006,0.7630000000000006,0.1813799947508507
0.7640000000000006,0.7640000000000006,0.1810426179368488,0.7640000000000006,0.7640000000000006,0.1810426179368488
0.7650000000000006,0.7650000000000006,0.1807075280058523,0.7650000000000006,0.7650000000000006,0.1807075280058523
0.7660000000000006,0.7660000000000006,0.1803746999171819,0.7660000000000006,0.7660000000000006,0.1803746999171819
0.7670000000000006,0.7670000000000006,0.1800441088747361,0.7670000000000006,0.7670000000000006,0.1800441088747361
0.7680000000000006,0.7680000000000006,0.1797157303296961,0.7680000000000006,0.7680000000000006,0.1797157303296961
0.7690000000000006,0.7690000000000006,0.1793895399829956,0.7690000000000006,0.7690000000000006,0.1793895399829956
0.7700000000000006,0.7700000000000006,0.1790655137875582,0.7700000000000006,0.7700000000000006,0.1790655137875582
0.7710000000000006,0.7710000000000006,0.1787436279503073,0.7710000000000006,0.7710000000000006,0.1787436279503073
0.7720000000000006,0.7720000000000006,0.178423858933949,0.7720000000000006,0.7720000000000006,0.178423858933949
0.7730000000000006,0.7730000000000006,0.1781061834585333,0.7730000000000006,0.7730000000000006,0.1781061834585333
0.7740000000000006,0.7740000000000006,0.1777905785027947,0.7740000000000006,0.7740000000000006,0.1777905785027947
0.7750000000000006,0.7750000000000006,0.1774770213052792,0.7750000000000006,0.7750000000000006,0.1774770213052792
0.7760000000000006,0.7760000000000006,0.1771654893652545,0.7760000000000006,0.7760000000000006,0.1771654893652545
0.7770000000000006,0.7770000000000006,0.1768559604434186,0.7770000000000006,0.7770000000000006,0.1768559604434186
0.7780000000000006,0.7780000000000006,0.1765484125623991,0.7780000000000006,0.7780000000000006,0.1765484125623991
0.7790000000000006,0.7790000000000006,0.1762428240070574,0.7790000000000006,0.7790000000000006,0.1762428240070574
0.7800000000000006,0.7800000000000006,0.1759391733245952,0.7800000000000006,0.7800000000000006,0.1759391733245952
0.7810000000000006,0.7810000000000006,0.1756374393244734,0.7810000000000006,0.7810000000000006,0.1756374393244734
0.7820000000000006,0.7820000000000006,0.1753376010781476,0.7820000000000006,0.7820000000000006,0.1753376010781476
0.7830000000000006,0.7830000000000006,0.1750396379186224,0.7830000000000006,0.7830000000000006,0.1750396379186224
0.7840000000000006,0.7840000000000006,0.1747435294398355,0.7840000000000006,0.7840000000000006,0.1747435294398355
0.7850000000000006,0.7850000000000006,0.1744492554958724,0.7850000000000006,0.7850000000000006,0.1744492554958724
0.7860000000000006,0.7860000000000006,0.1741567962000209,0.7860000000000006,0.7860000000000006,0.1741567962000209
0.7870000000000006,0.7870000000000006,0.1738661319236716,0.7870000000000006,0.7870000000000006,0.1738661319236716
0.7880000000000006,0.7880000000000006,0.1735772432950662,0.7880000000000006,0.7880000000000006,0.1735772432950662
0.7890000000000006,0.7890000000000006,0.1732901111979094,0.7890000000000006,0.7890000000000006,0.1732901111979094
0.7900000000000006,0.7900000000000006,0.1730047167698398,0.7900000000000006,0.7900000000000006,0.1730047167698398
0.7910000000000006,0.7910000000000006,0.1727210414007743,0.7910000000000006,0.7910000000000006,0.1727210414007743
0.7920000000000006,0.7920000000000006,0.1724390667311299,0.7920000000000006,0.7920000000000006,0.1724390667311299
0.7930000000000006,0.7930000000000006,0.1721587746499297,0.7930000000000006,0.7930000000000006,0.1721587746499297
0.7940000000000006,0.7940000000000006,0.1718801472928012,0.7940000000000006,0.7940000000000006,0.1718801472928012
0.7950000000000006,0.7950000000000006,0.1716031670398694,0.7950000000000006,0.7950000000000006,0.1716031670398694
0.7960000000000006,0.7960000000000006,0.1713278165135579,0.7960000000000006,0.7960000000000006,0.1713278165135579
0.7970000000000006,0.7970000000000006,0.1710540785763003,0.7970000000000006,0.7970000000000006,0.1710540785763003
0.7980000000000006,0.7980000000000006,0.1707819363281666,0.7980000000000006,0.7980000000000006,0.1707819363281666
0.7990000000000006,0.7990000000000006,0.170511373104419,0.7990000000000006,0.7990000000000006,0.170511373104419
0.8000000000000006,0.8000000000000006,0.1702423724729934,0.8000000000000006,0.8000000000000006,0.1702423724729934
0.8010000000000006,0.8010000000000006,0.1699749182319206,0.8010000000000006,0.8010000000000006,0.1699749182319206
0.8020000000000006,0.8020000000000006,0.1697089944066905,0.8020000000000006,0.8020000000000006,0.1697089944066905
0.8030000000000006,0.8030000000000006,0.1694445852475633,0.8030000000000006,0.8030000000000006,0.1694445852475633
0.8040000000000006,0.8040000000000006,0.1691816752268391,0.8040000000000006,0.8040000000000006,0.1691816752268391
0.8050000000000006,0.8050000000000006,0.1689202490360827,0.8050000000000006,0.8050000000000006,0.1689202490360827
0.8060000000000006,0.8060000000000006,0.1686602915833201,0.8060000000000006,0.8060000000000006,0.1686602915833201
0.8070000000000006,0.8070000000000006,0.168401787990201,0.8070000000000006,0.8070000000000006,0.168401787990201
0.8080000000000006,0.8080000000000006,0.1681447235891409,0.8080000000000006,0.8080000000000006,0.1681447235891409
0.8090000000000006,0.8090000000000006,0.1678890839204439,0.8090000000000006,0.8090000000000006,0.1678890839204439
0.8100000000000006,0.8100000000000006,0.1676348547294066,0.8100000000000006,0.8100000000000006,0.1676348547294066
0.8110000000000006,0.8110000000000006,0.1673820219634196,0.8110000000000006,0.8110000000000006,0.1673820219634196
0.8120000000000006,0.8120000000000006,0.1671305717690558,0.8120000000000006,0.8120000000000006,0.1671305717690558
0.8130000000000006,0.8130000000000006,0.1668804904891622,0.8130000000000006,0.8130000000000006,0.1668804904891622
0.8140000000000006,0.8140000000000006,0.1666317646599482,0.8140000000000006,0.8140000000000006,0.1666317646599482
0.8150000000000006,0.8150000000000006,0.1663843810080864,0.8150000000000006,0.8150000000000006,0.1663843810080864
0.8160000000000006,0.8160000000000006,0.1661383264478144,0.8160000000000006,0.8160000000000006,0.1661383264478144
0.8170000000000006,0.8170000000000006,0.1658935880780531,0.8170000000000006,0.8170000000000006,0.1658935880780531
0.8180000000000006,0.8180000000000006,0.1656501531795388,0.8180000000000006,0.8180000000000006,0.1656501531795388
0.8190000000000006,0.8190000000000006,0.1654080092119717,0.8190000000000006,0.8190000000000006,0.1654080092119717
0.8200000000000006,0.8200000000000006,0.1651671438111836,0.8200000000000006,0.8200000000000006,0.1651671438111836
0.8210000000000006,0.8210000000000006,0.1649275447863304,0.8210000000000006,0.8210000000000006,0.1649275447863304
0.8220000000000006,0.8220000000000006,0.1646892001171058,0.8220000000000006,0.8220000000000006,0.1646892001171058
0.8230000000000006,0.8230000000000006,0.1644520979509817,0.8230000000000006,0.8230000000000006,0.1644520979509817
0.8240000000000006,0.8240000000000006,0.1642162266004787,0.8240000000000006,0.8240000000000006,0.1642162266004787
0.8250000000000006,0.8250000000000006,0.1639815745404619,0.8250000000000006,0.8250000000000006,0.1639815745404619
0.8260000000000006,0.8260000000000006,0.1637481304054717,0.8260000000000006,0.8260000000000006,0.1637481304054717
0.8270000000000006,0.8270000000000006,0.1635158829870835,0.8270000000000006,0.8270000000000006,0.1635158829870835
0.8280000000000006,0.8280000000000006,0.1632848212313025,0.8280000000000006,0.8280000000000006,0.1632848212313025
0.8290000000000006,0.8290000000000006,0.163054934235991,0.8290000000000006,0.8290000000000006,0.163054934235991
0.8300000000000006,0.8300000000000006,0.1628262112483331,0.8300000000000006,0.8300000000000006,0.1628262112483331
0.8310000000000006,0.8310000000000006,0.1625986416623322,0.8310000000000006,0.8310000000000006,0.1625986416623322
0.8320000000000006,0.8320000000000006,0.1623722150163471,0.8320000000000006,0.8320000000000006,0.1623722150163471
0.8330000000000006,0.8330000000000006,0.1621469209906638,0.8330000000000006,0.8330000000000006,0.1621469209906638
0.8340000000000006,0.8340000000000006,0.1619227494051066,0.8340000000000006,0.8340000000000006,0.1619227494051066
0.8350000000000006,0.8350000000000006,0.1616996902166817,0.8350000000000006,0.8350000000000006,0.1616996902166817
0.8360000000000006,0.8360000000000006,0.1614777335172657,0.8360000000000006,0.8360000000000006,0.1614777335172657
0.8370000000000006,0.8370000000000006,0.1612568695313264,0.8370000000000006,0.8370000000000006,0.1612568695313264
0.8380000000000006,0.8380000000000006,0.1610370886136831,0.8380000000000006,0.8380000000000006,0.1610370886136831
0.8390000000000006,0.8390000000000006,0.1608183812473068,0.8390000000000006,0.8390000000000006,0.1608183812473068
0.8400000000000006,0.8400000000000006,0.1606007380411563,0.8400000000000006,0.8400000000000006,0.1606007380411563
0.8410000000000006,0.8410000000000006,0.1603841497280517,0.8410000000000006,0.8410000000000006,0.1603841497280517
0.8420000000000006,0.8420000000000006,0.1601686071625875,0.8420000000000006,0.8420000000000006,0.1601686071625875
0.8430000000000006,0.8430000000000006,0.159954101319082,0.8430000000000006,0.8430000000000006,0.159954101319082
0.8440000000000006,0.8440000000000006,0.1597406232895618,0.8440000000000006,0.8440000000000006,0.1597406232895618
0.8450000000000006,0.8450000000000006,0.1595281642817881,0.8450000000000006,0.8450000000000006,0.1595281642817881
0.8460000000000006,0.8460000000000006,0.159316715617314,0.8460000000000006,0.8460000000000006,0.159316715617314
0.8470000000000006,0.8470000000000006,0.1591062687295799,0.8470000000000006,0.8470000000000006,0.1591062687295799
0.8480000000000006,0.8480000000000006,0.1588968151620463,0.8480000000000006,0.8480000000000006,0.1588968151620463
0.8490000000000006,0.8490000000000006,0.1586883465663589,0.8490000000000006,0.8490000000000006,0.1586883465663589
0.8500000000000006,0.8500000000000006,0.1584808547005496,0.8500000000000006,0.8500000000000006,0.1584808547005496
0.8510000000000006,0.8510000000000006,0.1582743314272716,0.8510000000000006,0.8510000000000006,0.1582743314272716
0.8520000000000006,0.8520000000000006,0.158068768712069,0.8520000000000006,0.8520000000000006,0.158068768712069
0.8530000000000006,0.8530000000000006,0.1578641586216776,0.8530000000000006,0.8530000000000006,0.1578641586216776
0.8540000000000006,0.8540000000000006,0.15766049332236,0.8540000000000006,0.8540000000000006,0.15766049332236
0.8550000000000006,0.8550000000000006,0.1574577650782724,0.8550000000000006,0.8550000000000006,0.1574577650782724
0.8560000000000006,0.8560000000000006,0.1572559662498629,0.8560000000000006,0.8560000000000006,0.1572559662498629
0.8570000000000007,0.8570000000000007,0.1570550892922996,0.8570000000000007,0.8570000000000007,0.1570550892922996
0.8580000000000007,0.8580000000000007,0.1568551267539319,0.8580000000000007,0.8580000000000007,0.1568551267539319
0.8590000000000007,0.8590000000000007,0.1566560712747782,0.8590000000000007,0.8590000000000007,0.1566560712747782
0.8600000000000007,0.8600000000000007,0.1564579155850461,0.8600000000000007,0.8600000000000007,0.1564579155850461
0.8610000000000007,0.8610000000000007,0.1562606525036794,0.8610000000000007,0.8610000000000007,0.1562606525036794
0.8620000000000007,0.8620000000000007,0.1560642749369335,0.8620000000000007,0.8620000000000007,0.1560642749369335
0.8630000000000007,0.8630000000000007,0.1558687758769782,0.8630000000000007,0.8630000000000007,0.1558687758769782
0.8640000000000007,0.8640000000000007,0.1556741484005303,0.8640000000000007,0.8640000000000007,0.1556741484005303
0.8650000000000007,0.8650000000000007,0.155480385667508,0.8650000000000007,0.8650000000000007,0.155480385667508
0.8660000000000007,0.8660000000000007,0.1552874809197154,0.8660000000000007,0.8660000000000007,0.1552874809197154
0.8670000000000007,0.8670000000000007,0.1550954274795496,0.8670000000000007,0.8670000000000007,0.1550954274795496
0.8680000000000007,0.8680000000000007,0.1549042187487356,0.8680000000000007,0.8680000000000007,0.1549042187487356
0.8690000000000007,0.8690000000000007,0.1547138482070817,0.8690000000000007,0.8690000000000007,0.1547138482070817
0.8700000000000007,0.8700000000000007,0.1545243094112633,0.8700000000000007,0.8700000000000007,0.1545243094112633
0.8710000000000007,0.8710000000000007,0.1543355959936267,0.8710000000000007,0.8710000000000007,0.1543355959936267
0.8720000000000007,0.8720000000000007,0.1541477016610157,0.8720000000000007,0.8720000000000007,0.1541477016610157
0.8730000000000007,0.8730000000000007,0.1539606201936245,0.8730000000000007,0.8730000000000007,0.1539606201936245
0.8740000000000007,0.8740000000000007,0.1537743454438666,0.8740000000000007,0.8740000000000007,0.1537743454438666
0.8750000000000007,0.8750000000000007,0.1535888713352702,0.8750000000000007,0.8750000000000007,0.1535888713352702
0.8760000000000007,0.8760000000000007,0.1534041918613911,0.8760000000000007,0.8760000000000007,0.1534041918613911
0.8770000000000007,0.8770000000000007,0.1532203010847493,0.8770000000000007,0.8770000000000007,0.1532203010847493
0.8780000000000007,0.8780000000000007,0.1530371931357813,0.8780000000000007,0.8780000000000007,0.1530371931357813
0.8790000000000007,0.8790000000000007,0.1528548622118166,0.8790000000000007,0.8790000000000007,0.1528548622118166
0.8800000000000007,0.8800000000000007,0.1526733025760701,0.8800000000000007,0.8800000000000007,0.1526733025760701
0.8810000000000007,0.8810000000000007,0.1524925085566552,0.8810000000000007,0.8810000000000007,0.1524925085566552
0.8820000000000007,0.8820000000000007,0.1523124745456128,0.8820000000000007,0.8820000000000007,0.1523124745456128
0.8830000000000007,0.8830000000000007,0.1521331949979615,0.8830000000000007,0.8830000000000007,0.1521331949979615
0.8840000000000007,0.8840000000000007,0.1519546644307625,0.8840000000000007,0.8840000000000007,0.1519546644307625
0.8850000000000007,0.8850000000000007,0.1517768774222029,0.8850000000000007,0.8850000000000007,0.1517768774222029
0.8860000000000007,0.8860000000000007,0.1515998286106967,0.8860000000000007,0.8860000000000007,0.1515998286106967
0.8870000000000007,0.8870000000000007,0.1514235126939989,0.8870000000000007,0.8870000000000007,0.1514235126939989
0.8880000000000007,0.8880000000000007,0.1512479244283397,0.8880000000000007,0.8880000000000007,0.1512479244283397
0.8890000000000007,0.8890000000000007,0.1510730586275713,0.8890000000000007,0.8890000000000007,0.1510730586275713
0.8900000000000007,0.8900000000000007,0.1508989101623319,0.8900000000000007,0.8900000000000007,0.1508989101623319
0.8910000000000007,0.8910000000000007,0.1507254739592232,0.8910000000000007,0.8910000000000007,0.1507254739592232
0.8920000000000007,0.8920000000000007,0.1505527450000049,0.8920000000000007,0.8920000000000007,0.1505527450000049
0.8930000000000007,0.8930000000000007,0.1503807183208,0.8930000000000007,0.8930000000000007,0.1503807183208
0.8940000000000007,0.8940000000000007,0.1502093890113173,0.8940000000000007,0.8940000000000007,0.1502093890113173
0.8950000000000007,0.8950000000000007,0.1500387522140869,0.8950000000000007,0.8950000000000007,0.1500387522140869
0.8960000000000007,0.8960000000000007,0.1498688031237069,0.8960000000000007,0.8960000000000007,0.1498688031237069
0.8970000000000007,0.8970000000000007,0.1496995369861072,0.8970000000000007,0.8970000000000007,0.1496995369861072
0.8980000000000007,0.8980000000000007,0.1495309490978235,0.8980000000000007,0.8980000000000007,0.1495309490978235
0.8990000000000007,0.8990000000000007,0.1493630348052833,0.8990000000000007,0.8990000000000007,0.1493630348052833
0.9,0.9,0.1491957895041069,0.9,0.9,0.1491957895041069
