/blb X,/blb Y,/q X,/q Y,/qb X,/qb Y
1.2,1.2,1.2,0.5903524022770666,1.2,0.5903524022770665
1.199,1.199,1.199,0.5903300667650828,1.199,0.5903634014065789
1.198,1.198,1.198,0.5903077246371888,1.198,0.5903744006949406
1.197,1.197,1.197,0.5902853782837002,1.197,0.5903854025893102
1.196,1.196,1.196,0.5902630276663025,1.196,0.5903964071088292
1.195000000000001,1.195000000000001,1.195000000000001,0.5902406727462723,1.195000000000001,0.5904074142728429
1.194000000000001,1.194000000000001,1.194000000000001,0.5902183134844724,1.194000000000001,0.5904184241009054
1.193000000000001,1.193000000000001,1.193000000000001,0.5901959498413438,1.193000000000001,0.5904294366127812
1.192000000000001,1.192000000000001,1.192000000000001,0.5901735817769028,1.192000000000001,0.5904404518284475
1.191000000000001,1.191000000000001,1.191000000000001,0.5901512092507342,1.191000000000001,0.5904514697680991
1.190000000000001,1.190000000000001,1.190000000000001,0.5901288322219862,1.190000000000001,0.5904624904521485
1.189000000000001,1.189000000000001,1.189000000000001,0.5901064506493662,1.189000000000001,0.5904735139012289
1.188000000000001,1.188000000000001,1.188000000000001,0.5900840644911307,1.188000000000001,0.5904845401362014
1.187000000000001,1.187000000000001,1.187000000000001,0.5900616737050859,1.187000000000001,0.5904955691781508
1.186000000000001,1.186000000000001,1.186000000000001,0.5900392782485757,1.186000000000001,0.590506601048395
1.185000000000002,1.185000000000002,1.185000000000002,0.5900168780784814,1.185000000000002,0.5905176357684827
1.184000000000002,1.184000000000002,1.184000000000002,0.589994473151208,1.184000000000002,0.5905286733602029
1.183000000000002,1.183000000000002,1.183000000000002,0.5899720634226887,1.183000000000002,0.5905397138455795
1.182000000000002,1.182000000000002,1.182000000000002,0.5899496488483691,1.182000000000002,0.5905507572468821
1.181000000000002,1.181000000000002,1.181000000000002,0.5899272293832057,1.181000000000002,0.590561803586625
1.180000000000002,1.180000000000002,1.180000000000002,0.5899048049816569,1.180000000000002,0.5905728528875728
1.179000000000002,1.179000000000002,1.179000000000002,0.5898823755976808,1.179000000000002,0.5905839051727395
1.178000000000002,1.178000000000002,1.178000000000002,0.5898599411847232,1.178000000000002,0.5905949604653977
1.177000000000002,1.177000000000002,1.177000000000002,0.5898375016957141,1.177000000000002,0.5906060187890779
1.176000000000003,1.176000000000003,1.176000000000003,0.5898150570830613,1.176000000000003,0.5906170801675725
1.175000000000003,1.175000000000003,1.175000000000003,0.5897926072986409,1.175000000000003,0.5906281446249398
1.174000000000003,1.174000000000003,1.174000000000003,0.5897701522937927,1.174000000000003,0.5906392121855087
1.173000000000003,1.173000000000003,1.173000000000003,0.5897476920193119,1.173000000000003,0.5906502828738797
1.172000000000003,1.172000000000003,1.172000000000003,0.5897252264254427,1.172000000000003,0.5906613567149297
1.171000000000003,1.171000000000003,1.171000000000003,0.5897027554618692,1.171000000000003,0.5906724337338174
1.170000000000003,1.170000000000003,1.170000000000003,0.5896802790777098,1.170000000000003,0.5906835139559847
1.169000000000003,1.169000000000003,1.169000000000003,0.5896577972215095,1.169000000000003,0.5906945974071608
1.168000000000003,1.168000000000003,1.168000000000003,0.5896353098412312,1.168000000000003,0.5907056841133671
1.167000000000004,1.167000000000004,1.167000000000004,0.5896128168842479,1.167000000000004,0.5907167741009209
1.166000000000004,1.166000000000004,1.166000000000004,0.5895903182973361,1.166000000000004,0.5907278673964386
1.165000000000004,1.165000000000004,1.165000000000004,0.5895678140266665,1.165000000000004,0.5907389640268401
1.164000000000004,1.164000000000004,1.164000000000004,0.5895453040177965,1.164000000000004,0.5907500640193533
1.163000000000004,1.163000000000004,1.163000000000004,0.5895227882156612,1.163000000000004,0.5907611674015182
1.162000000000004,1.162000000000004,1.162000000000004,0.589500266564566,1.162000000000004,0.5907722742011902
1.161000000000004,1.161000000000004,1.161000000000004,0.5894777390081776,1.161000000000004,0.5907833844465458
1.160000000000004,1.160000000000004,1.160000000000004,0.5894552054895138,1.160000000000004,0.5907944981660865
1.159000000000004,1.159000000000004,1.159000000000004,0.5894326659509384,1.159000000000004,0.5908056153886417
1.158000000000005,1.158000000000005,1.158000000000005,0.5894101203341479,1.158000000000005,0.5908167361433754
1.157000000000005,1.157000000000005,1.157000000000005,0.5893875685801653,1.157000000000005,0.5908278604597904
1.156000000000005,1.156000000000005,1.156000000000005,0.58936501062933,1.156000000000005,0.5908389883677312
1.155000000000005,1.155000000000005,1.155000000000005,0.5893424464212881,1.155000000000005,0.5908501198973909
1.154000000000005,1.154000000000005,1.154000000000005,0.5893198758949838,1.154000000000005,0.5908612550793141
1.153000000000005,1.153000000000005,1.153000000000005,0.5892972989886479,1.153000000000005,0.5908723939444038
1.152000000000005,1.152000000000005,1.152000000000005,0.5892747156397908,1.152000000000005,0.5908835365239244
1.151000000000005,1.151000000000005,1.151000000000005,0.5892521257851893,1.151000000000005,0.5908946828495074
1.150000000000005,1.150000000000005,1.150000000000005,0.5892295293608787,1.150000000000005,0.5909058329531574
1.149000000000006,1.149000000000006,1.149000000000006,0.589206926302143,1.149000000000006,0.5909169868672554
1.148000000000006,1.148000000000006,1.148000000000006,0.5891843165435007,1.148000000000006,0.5909281446245668
1.147000000000006,1.147000000000006,1.147000000000006,0.5891617000186979,1.147000000000006,0.5909393062582438
1.146000000000006,1.146000000000006,1.146000000000006,0.5891390766606979,1.146000000000006,0.5909504718018318
1.145000000000006,1.145000000000006,1.145000000000006,0.5891164464016656,1.145000000000006,0.5909616412892773
1.144000000000006,1.144000000000006,1.144000000000006,0.5890938091729615,1.144000000000006,0.5909728147549291
1.143000000000006,1.143000000000006,1.143000000000006,0.5890711649051279,1.143000000000006,0.5909839922335479
1.142000000000006,1.142000000000006,1.142000000000006,0.5890485135278773,1.142000000000006,0.5909951737603099
1.141000000000006,1.141000000000006,1.141000000000006,0.5890258549700803,1.141000000000006,0.5910063593708139
1.140000000000007,1.140000000000007,1.140000000000007,0.5890031891597569,1.140000000000007,0.5910175491010856
1.139000000000007,1.139000000000007,1.139000000000007,0.5889805160240592,1.139000000000007,0.5910287429875863
1.138000000000007,1.138000000000007,1.138000000000007,0.5889578354892648,1.138000000000007,0.5910399410672156
1.137000000000007,1.137000000000007,1.137000000000007,0.5889351474807591,1.137000000000007,0.5910511433773215
1.136000000000007,1.136000000000007,1.136000000000007,0.5889124519230257,1.136000000000007,0.5910623499557042
1.135000000000007,1.135000000000007,1.135000000000007,0.588889748739633,1.135000000000007,0.5910735608406227
1.134000000000007,1.134000000000007,1.134000000000007,0.5888670378532214,1.134000000000007,0.5910847760708029
1.133000000000007,1.133000000000007,1.133000000000007,0.5888443191854886,1.133000000000007,0.5910959956854431
1.132000000000007,1.132000000000007,1.132000000000007,0.5888215926571776,1.132000000000007,0.5911072197242201
1.131000000000008,1.131000000000008,1.131000000000008,0.5887988581880618,1.131000000000008,0.5911184482272988
1.130000000000008,1.130000000000008,1.130000000000008,0.588776115696932,1.130000000000008,0.5911296812353353
1.129000000000008,1.129000000000008,1.129000000000008,0.5887533651015822,1.129000000000008,0.5911409187894873
1.128000000000008,1.128000000000008,1.128000000000008,0.5887306063187933,1.128000000000008,0.5911521609314213
1.127000000000008,1.127000000000008,1.127000000000008,0.588707839264321,1.127000000000008,0.5911634077033171
1.126000000000008,1.126000000000008,1.126000000000008,0.5886850638528798,1.126000000000008,0.5911746591478783
1.125000000000008,1.125000000000008,1.125000000000008,0.5886622799981265,1.125000000000008,0.5911859153083385
1.124000000000008,1.124000000000008,1.124000000000008,0.5886394876126483,1.124000000000008,0.591197176228469
1.123000000000008,1.123000000000008,1.123000000000008,0.5886166866079424,1.123000000000008,0.5912084419525873
1.122000000000009,1.122000000000009,1.122000000000009,0.5885938768944039,1.122000000000009,0.5912197125255646
1.121000000000009,1.121000000000009,1.121000000000009,0.5885710583813079,1.121000000000009,0.5912309879928348
1.120000000000009,1.120000000000009,1.120000000000009,0.5885482309767942,1.120000000000009,0.5912422684004004
1.119000000000009,1.119000000000009,1.119000000000009,0.5885253945878484,1.119000000000009,0.5912535537948448
1.118000000000009,1.118000000000009,1.118000000000009,0.5885025491202865,1.118000000000009,0.5912648442233372
1.117000000000009,1.117000000000009,1.117000000000009,0.5884796944787378,1.117000000000009,0.5912761397336442
1.116000000000009,1.116000000000009,1.116000000000009,0.5884568305666267,1.116000000000009,0.5912874403741355
1.115000000000009,1.115000000000009,1.115000000000009,0.5884339572861553,1.115000000000009,0.5912987461937953
1.114000000000009,1.114000000000009,1.114000000000009,0.5884110745382831,1.114000000000009,0.591310057242232
1.11300000000001,1.11300000000001,1.11300000000001,0.5883881822227127,1.11300000000001,0.5913213735696842
1.11200000000001,1.11200000000001,1.11200000000001,0.5883652802378655,1.11200000000001,0.5913326952270348
1.11100000000001,1.11100000000001,1.11100000000001,0.5883423684808683,1.11100000000001,0.5913440222658159
1.11000000000001,1.11000000000001,1.11000000000001,0.5883194468475281,1.11000000000001,0.5913553547382221
1.10900000000001,1.10900000000001,1.10900000000001,0.5882965152323194,1.10900000000001,0.5913666926971182
1.10800000000001,1.10800000000001,1.10800000000001,0.5882735735283544,1.10800000000001,0.5913780361960518
1.10700000000001,1.10700000000001,1.10700000000001,0.5882506216273735,1.10700000000001,0.5913893852892601
1.10600000000001,1.10600000000001,1.10600000000001,0.5882276594197148,1.10600000000001,0.591400740031684
1.10500000000001,1.10500000000001,1.10500000000001,0.5882046867942986,1.10500000000001,0.5914121004789771
1.104000000000011,1.104000000000011,1.104000000000011,0.5881817036386044,1.104000000000011,0.591423466687515
1.103000000000011,1.103000000000011,1.103000000000011,0.5881587098386493,1.103000000000011,0.5914348387144102
1.102000000000011,1.102000000000011,1.102000000000011,0.5881357052789639,1.102000000000011,0.5914462166175192
1.101000000000011,1.101000000000011,1.101000000000011,0.5881126898425719,1.101000000000011,0.5914576004554567
1.100000000000011,1.100000000000011,1.100000000000011,0.5880896634109654,1.100000000000011,0.5914689902876065
1.099000000000011,1.099000000000011,1.099000000000011,0.5880666258640828,1.099000000000011,0.5914803861741319
1.098000000000011,1.098000000000011,1.098000000000011,0.5880435770802837,1.098000000000011,0.5914917881759898
1.097000000000011,1.097000000000011,1.097000000000011,0.5880205169363242,1.097000000000011,0.5915031963549426
1.096000000000011,1.096000000000011,1.096000000000011,0.5879974453073344,1.096000000000011,0.5915146107735698
1.095000000000012,1.095000000000012,1.095000000000012,0.5879743620667908,1.095000000000012,0.59152603149528
1.094000000000012,1.094000000000012,1.094000000000012,0.5879512670864921,1.094000000000012,0.591537458584326
1.093000000000012,1.093000000000012,1.093000000000012,0.5879281602365316,1.093000000000012,0.5915488921058167
1.092000000000012,1.092000000000012,1.092000000000012,0.5879050413852733,1.092000000000012,0.5915603321257292
1.091000000000012,1.091000000000012,1.091000000000012,0.5878819103993217,1.091000000000012,0.5915717787109258
1.090000000000012,1.090000000000012,1.090000000000012,0.5878587671434975,1.090000000000012,0.5915832319291632
1.089000000000012,1.089000000000012,1.089000000000012,0.5878356114808059,1.089000000000012,0.5915946918491118
1.088000000000012,1.088000000000012,1.088000000000012,0.5878124432724129,1.088000000000012,0.5916061585403648
1.087000000000012,1.087000000000012,1.087000000000012,0.587789262377612,1.087000000000012,0.5916176320734564
1.086000000000013,1.086000000000013,1.086000000000013,0.5877660686537959,1.086000000000013,0.5916291125198763
1.085000000000013,1.085000000000013,1.085000000000013,0.5877428619564294,1.085000000000013,0.5916405999520821
1.084000000000013,1.084000000000013,1.084000000000013,0.5877196421390131,1.084000000000013,0.5916520944435186
1.083000000000013,1.083000000000013,1.083000000000013,0.5876964090530578,1.083000000000013,0.5916635960686308
1.082000000000013,1.082000000000013,1.082000000000013,0.587673162548051,1.082000000000013,0.5916751049028797
1.081000000000013,1.081000000000013,1.081000000000013,0.5876499024714218,1.081000000000013,0.5916866210227609
1.080000000000013,1.080000000000013,1.080000000000013,0.5876266286685139,1.080000000000013,0.5916981445058173
1.079000000000013,1.079000000000013,1.079000000000013,0.5876033409825455,1.079000000000013,0.5917096754306617
1.078000000000013,1.078000000000013,1.078000000000013,0.5875800392545811,1.078000000000013,0.5917212138769865
1.077000000000014,1.077000000000014,1.077000000000014,0.5875567233234935,1.077000000000014,0.5917327599255877
1.076000000000014,1.076000000000014,1.076000000000014,0.5875333930259293,1.076000000000014,0.5917443136583789
1.075000000000014,1.075000000000014,1.075000000000014,0.5875100481962739,1.075000000000014,0.5917558751584109
1.074000000000014,1.074000000000014,1.074000000000014,0.5874866886666129,1.074000000000014,0.5917674445098893
1.073000000000014,1.073000000000014,1.073000000000014,0.5874633142666977,1.073000000000014,0.5917790217981939
1.072000000000014,1.072000000000014,1.072000000000014,0.5874399248239036,1.072000000000014,0.5917906071098985
1.071000000000014,1.071000000000014,1.071000000000014,0.587416520163197,1.071000000000014,0.5918022005327868
1.070000000000014,1.070000000000014,1.070000000000014,0.5873931001070901,1.070000000000014,0.591813802155877
1.069000000000014,1.069000000000014,1.069000000000014,0.5873696644756031,1.069000000000014,0.5918254120694398
1.068000000000014,1.068000000000014,1.068000000000014,0.5873462130862269,1.068000000000014,0.5918370303650168
1.067000000000015,1.067000000000015,1.067000000000015,0.5873227457538747,1.067000000000015,0.5918486571354461
1.066000000000015,1.066000000000015,1.066000000000015,0.5872992622908451,1.066000000000015,0.59186029247488
1.065000000000015,1.065000000000015,1.065000000000015,0.5872757625067783,1.065000000000015,0.5918719364788059
1.064000000000015,1.064000000000015,1.064000000000015,0.5872522462086087,1.064000000000015,0.5918835892440734
1.063000000000015,1.063000000000015,1.063000000000015,0.5872287132005251,1.063000000000015,0.5918952508689119
1.062000000000015,1.062000000000015,1.062000000000015,0.5872051632839209,1.062000000000015,0.591906921452955
1.061000000000015,1.061000000000015,1.061000000000015,0.58718159625735,1.061000000000015,0.591918601097265
1.060000000000015,1.060000000000015,1.060000000000015,0.5871580119164808,1.060000000000015,0.591930289904355
1.059000000000015,1.059000000000015,1.059000000000015,0.5871344100540424,1.059000000000015,0.5919419879782161
1.058000000000016,1.058000000000016,1.058000000000016,0.5871107904597832,1.058000000000016,0.5919536954243376
1.057000000000016,1.057000000000016,1.057000000000016,0.5870871529204148,1.057000000000016,0.5919654123497361
1.056000000000016,1.056000000000016,1.056000000000016,0.5870634972195644,1.056000000000016,0.5919771388629789
1.055000000000016,1.055000000000016,1.055000000000016,0.5870398231377207,1.055000000000016,0.5919888750742125
1.054000000000016,1.054000000000016,1.054000000000016,0.5870161304521825,1.054000000000016,0.5920006210951873
1.053000000000016,1.053000000000016,1.053000000000016,0.5869924189370052,1.053000000000016,0.5920123770392829
1.052000000000016,1.052000000000016,1.052000000000016,0.5869686883629435,1.052000000000016,0.5920241430215417
1.051000000000016,1.051000000000016,1.051000000000016,0.5869449384973987,1.051000000000016,0.5920359191586909
1.050000000000016,1.050000000000016,1.050000000000016,0.5869211691043583,1.050000000000016,0.5920477055691754
1.049000000000017,1.049000000000017,1.049000000000017,0.5868973799443395,1.049000000000017,0.5920595023731851
1.048000000000017,1.048000000000017,1.048000000000017,0.5868735707743312,1.048000000000017,0.5920713096926855
1.047000000000017,1.047000000000017,1.047000000000017,0.5868497413477305,1.047000000000017,0.5920831276514474
1.046000000000017,1.046000000000017,1.046000000000017,0.5868258914142835,1.046000000000017,0.5920949563750791
1.045000000000017,1.045000000000017,1.045000000000017,0.5868020207200234,1.045000000000017,0.5921067959910566
1.044000000000017,1.044000000000017,1.044000000000017,0.5867781290072017,1.044000000000017,0.5921186466287578
1.043000000000017,1.043000000000017,1.043000000000017,0.5867542160142292,1.043000000000017,0.5921305084194933
1.042000000000017,1.042000000000017,1.042000000000017,0.586730281475604,1.042000000000017,0.592142381496542
1.041000000000017,1.041000000000017,1.041000000000017,0.5867063251218494,1.041000000000017,0.5921542659951823
1.040000000000018,1.040000000000018,1.040000000000018,0.5866823466794377,1.040000000000018,0.5921661620527309
1.039000000000018,1.039000000000018,1.039000000000018,0.5866583458707268,1.039000000000018,0.5921780698085747
1.038000000000018,1.038000000000018,1.038000000000018,0.5866343224138837,1.038000000000018,0.5921899894042096
1.037000000000018,1.037000000000018,1.037000000000018,0.5866102760228131,1.037000000000018,0.5922019209832761
1.036000000000018,1.036000000000018,1.036000000000018,0.5865862064070815,1.036000000000018,0.5922138646915978
1.035000000000018,1.035000000000018,1.035000000000018,0.586562113271843,1.035000000000018,0.5922258206772174
1.034000000000018,1.034000000000018,1.034000000000018,0.5865379963177602,1.034000000000018,0.5922377890904397
1.033000000000018,1.033000000000018,1.033000000000018,0.5865138552409239,1.033000000000018,0.592249770083869
1.032000000000018,1.032000000000018,1.032000000000018,0.5864896897327744,1.032000000000018,0.5922617638124515
1.031000000000019,1.031000000000019,1.031000000000019,0.5864654994800189,1.031000000000019,0.592273770433514
1.030000000000019,1.030000000000019,1.030000000000019,0.5864412841645453,1.030000000000019,0.5922857901068104
1.029000000000019,1.029000000000019,1.029000000000019,0.5864170434633393,1.029000000000019,0.5922978229945607
1.028000000000019,1.028000000000019,1.028000000000019,0.5863927770483947,1.028000000000019,0.5923098692614979
1.027000000000019,1.027000000000019,1.027000000000019,0.5863684845866257,1.027000000000019,0.5923219290749129
1.026000000000019,1.026000000000019,1.026000000000019,0.5863441657397754,1.026000000000019,0.5923340026046984
1.025000000000019,1.025000000000019,1.025000000000019,0.586319820164322,1.025000000000019,0.5923460900233986
1.024000000000019,1.024000000000019,1.024000000000019,0.5862954475113856,1.024000000000019,0.592358191506255
1.023000000000019,1.023000000000019,1.023000000000019,0.5862710474266315,1.023000000000019,0.5923703072312543
1.02200000000002,1.02200000000002,1.02200000000002,0.5862466195501693,1.02200000000002,0.5923824373791815
1.02100000000002,1.02100000000002,1.02100000000002,0.5862221635164568,1.02100000000002,0.5923945821336668
1.02000000000002,1.02000000000002,1.02000000000002,0.5861976789541929,1.02000000000002,0.5924067416812401
1.01900000000002,1.01900000000002,1.01900000000002,0.5861731654862143,1.01900000000002,0.5924189162113833
1.01800000000002,1.01800000000002,1.01800000000002,0.5861486227293911,1.01800000000002,0.592431105916583
1.01700000000002,1.01700000000002,1.01700000000002,0.5861240502945144,1.01700000000002,0.592443310992386
1.01600000000002,1.01600000000002,1.01600000000002,0.5860994477861867,1.01600000000002,0.5924555316374576
1.01500000000002,1.01500000000002,1.01500000000002,0.586074814802707,1.01500000000002,0.592467768053636
1.01400000000002,1.01400000000002,1.01400000000002,0.5860501509359585,1.01400000000002,0.592480020445991
1.013000000000021,1.013000000000021,1.013000000000021,0.5860254557712854,1.013000000000021,0.5924922890228864
1.012000000000021,1.012000000000021,1.012000000000021,0.5860007288873764,1.012000000000021,0.5925045739960378
1.011000000000021,1.011000000000021,1.011000000000021,0.5859759698561389,1.011000000000021,0.5925168755805774
1.010000000000021,1.010000000000021,1.010000000000021,0.5859511782425736,1.010000000000021,0.5925291939951158
1.009000000000021,1.009000000000021,1.009000000000021,0.585926353604647,1.009000000000021,0.5925415294618067
1.008000000000021,1.008000000000021,1.008000000000021,0.5859014954931608,1.008000000000021,0.5925538822064144
1.007000000000021,1.007000000000021,1.007000000000021,0.5858766034516166,1.007000000000021,0.5925662524583802
1.006000000000021,1.006000000000021,1.006000000000021,0.5858516770160792,1.006000000000021,0.5925786404508931
1.005000000000021,1.005000000000021,1.005000000000021,0.5858267157150397,1.005000000000021,0.5925910464209565
1.004000000000022,1.004000000000022,1.004000000000022,0.5858017190692688,1.004000000000022,0.5926034706094659
1.003000000000022,1.003000000000022,1.003000000000022,0.5857766865916764,1.003000000000022,0.5926159132612761
1.002000000000022,1.002000000000022,1.002000000000022,0.5857516177871608,1.002000000000022,0.5926283746252797
1.001000000000022,1.001000000000022,1.001000000000022,0.5857265121524554,1.001000000000022,0.5926408549544846
1.000000000000022,1.000000000000022,1.000000000000022,0.5857013691759765,1.000000000000022,0.5926533545060895
0.999000000000022,0.999000000000022,0.999000000000022,0.5856761883376647,0.999000000000022,0.5926658735415646
0.998000000000022,0.998000000000022,0.998000000000022,0.5856509691088227,0.998000000000022,0.5926784123267347
0.997000000000022,0.997000000000022,0.997000000000022,0.585625710951952,0.997000000000022,0.5926909711318599
0.996000000000022,0.996000000000022,0.996000000000022,0.585600413320583,0.996000000000022,0.5927035502317224
0.995000000000022,0.995000000000022,0.995000000000022,0.5855750756591037,0.995000000000022,0.5927161499057134
0.994000000000022,0.994000000000022,0.994000000000022,0.5855496974025831,0.994000000000022,0.5927287704379217
0.993000000000022,0.993000000000022,0.993000000000022,0.5855242779765936,0.993000000000022,0.5927414121172235
0.992000000000022,0.992000000000022,0.992000000000022,0.5854988167970272,0.992000000000022,0.5927540752373769
0.991000000000022,0.991000000000022,0.991000000000022,0.5854733132699067,0.991000000000022,0.592766760097114
0.990000000000022,0.990000000000022,0.990000000000022,0.5854477667911973,0.990000000000022,0.5927794670002395
0.989000000000022,0.989000000000022,0.989000000000022,0.5854221767466086,0.989000000000022,0.5927921962557291
0.988000000000022,0.988000000000022,0.988000000000022,0.5853965425113961,0.988000000000022,0.5928049481778301
0.987000000000022,0.987000000000022,0.987000000000022,0.5853708634501583,0.987000000000022,0.592817723086165
0.986000000000022,0.986000000000022,0.986000000000022,0.5853451389166255,0.986000000000022,0.5928305213058358
0.985000000000022,0.985000000000022,0.985000000000022,0.58531936825345,0.985000000000022,0.5928433431675335
0.984000000000022,0.984000000000022,0.984000000000022,0.5852935507919877,0.984000000000022,0.5928561890076453
0.983000000000022,0.983000000000022,0.983000000000022,0.5852676858520742,0.983000000000022,0.5928690591683707
0.982000000000022,0.982000000000022,0.982000000000022,0.5852417727417983,0.982000000000022,0.5928819539978344
0.981000000000022,0.981000000000022,0.981000000000022,0.5852158107572722,0.981000000000022,0.5928948738502029
0.980000000000022,0.980000000000022,0.980000000000022,0.5851897991823913,0.980000000000022,0.5929078190858048
0.979000000000022,0.979000000000022,0.979000000000022,0.5851637372885933,0.979000000000022,0.5929207900712569
0.978000000000022,0.978000000000022,0.978000000000022,0.5851376243346084,0.978000000000022,0.5929337871795842
0.977000000000022,0.977000000000022,0.977000000000022,0.5851114595662082,0.977000000000022,0.5929468107903535
0.976000000000022,0.976000000000022,0.976000000000022,0.5850852422159467,0.976000000000022,0.5929598612897992
0.975000000000022,0.975000000000022,0.975000000000022,0.5850589715028943,0.975000000000022,0.5929729390709618
0.974000000000022,0.974000000000022,0.974000000000022,0.5850326466323683,0.974000000000022,0.5929860445338216
0.973000000000022,0.973000000000022,0.973000000000022,0.5850062667956537,0.973000000000022,0.5929991780854416
0.972000000000022,0.972000000000022,0.972000000000022,0.5849798311697251,0.972000000000022,0.593012340140108
0.971000000000022,0.971000000000022,0.971000000000022,0.584953338916954,0.971000000000022,0.5930255311194772
0.970000000000022,0.970000000000022,0.970000000000022,0.5849267891848131,0.970000000000022,0.593038751452728
0.969000000000022,0.969000000000022,0.969000000000022,0.5849001811055761,0.969000000000022,0.5930520015767127
0.968000000000022,0.968000000000022,0.968000000000022,0.5848735137960085,0.968000000000022,0.5930652819361102
0.967000000000022,0.967000000000022,0.967000000000022,0.5848467863570486,0.967000000000022,0.593078592983594
0.966000000000022,0.966000000000022,0.966000000000022,0.5848199978734896,0.966000000000022,0.5930919351799876
0.965000000000022,0.965000000000022,0.965000000000022,0.5847931474136435,0.965000000000022,0.5931053089944383
0.964000000000022,0.964000000000022,0.964000000000022,0.5847662340290071,0.964000000000022,0.5931187149045842
0.9630000000000219,0.9630000000000219,0.9630000000000219,0.5847392567539141,0.9630000000000219,0.5931321533967319
0.9620000000000219,0.9620000000000219,0.9620000000000219,0.5847122146051853,0.9620000000000219,0.5931456249660332
0.9610000000000219,0.9610000000000219,0.9610000000000219,0.5846851065817608,0.9610000000000219,0.5931591301166717
0.9600000000000219,0.9600000000000219,0.9600000000000219,0.5846579316643356,0.9600000000000219,0.5931726693620469
0.9590000000000219,0.9590000000000219,0.9590000000000219,0.5846306888149814,0.9590000000000219,0.5931862432249666
0.9580000000000219,0.9580000000000219,0.9580000000000219,0.5846033769767551,0.9580000000000219,0.5931998522378453
0.9570000000000219,0.9570000000000219,0.9570000000000219,0.5845759950733078,0.9570000000000219,0.5932134969429025
0.9560000000000219,0.9560000000000219,0.9560000000000219,0.5845485420084776,0.9560000000000219,0.5932271778923679
0.9550000000000219,0.9550000000000219,0.9550000000000219,0.5845210166658755,0.9550000000000219,0.5932408956486932
0.9540000000000219,0.9540000000000219,0.9540000000000219,0.5844934179084633,0.9540000000000219,0.5932546507847657
0.9530000000000219,0.9530000000000219,0.9530000000000219,0.5844657445781174,0.9530000000000219,0.5932684438841288
0.9520000000000219,0.9520000000000219,0.9520000000000219,0.5844379954951886,0.9520000000000219,0.5932822755412053
0.9510000000000219,0.9510000000000219,0.9510000000000219,0.5844101694580446,0.9510000000000219,0.5932961463615307
0.9500000000000219,0.9500000000000219,0.9500000000000219,0.5843822652426075,0.9500000000000219,0.5933100569619875
0.9490000000000219,0.9490000000000219,0.9490000000000219,0.5843542816018801,0.9490000000000219,0.5933240079710433
0.9480000000000219,0.9480000000000219,0.9480000000000219,0.584326217265458,0.9480000000000219,0.5933380000290025
0.9470000000000219,0.9470000000000219,0.9470000000000219,0.5842980709390309,0.9470000000000219,0.5933520337882557
0.9460000000000219,0.9460000000000219,0.9460000000000219,0.5842698413038753,0.9460000000000219,0.5933661099135389
0.9450000000000219,0.9450000000000219,0.9450000000000219,0.5842415270163319,0.9450000000000219,0.5933802290821992
0.9440000000000219,0.9440000000000219,0.9440000000000219,0.5842131267072752,0.9440000000000219,0.5933943919844631
0.9430000000000219,0.9430000000000219,0.9430000000000219,0.584184638981563,0.9430000000000219,0.5934085993237163
0.9420000000000219,0.9420000000000219,0.9420000000000219,0.5841560624174815,0.9420000000000219,0.593422851816786
0.9410000000000219,0.9410000000000219,0.9410000000000219,0.5841273955661713,0.9410000000000219,0.5934371501942318
0.9400000000000219,0.9400000000000219,0.9400000000000219,0.5840986369510445,0.9400000000000219,0.5934514952006418
0.9390000000000219,0.9390000000000219,0.9390000000000219,0.5840697850671802,0.9390000000000219,0.5934658875949408
0.9380000000000219,0.9380000000000219,0.9380000000000219,0.5840408383807169,0.9380000000000219,0.5934803281506977
0.9370000000000219,0.9370000000000219,0.9370000000000219,0.5840117953282224,0.9370000000000219,0.5934948176564462
0.9360000000000219,0.9360000000000219,0.9360000000000219,0.5839826543160503,0.9360000000000219,0.5935093569160115
0.9350000000000219,0.9350000000000219,0.9350000000000219,0.5839534137196817,0.9350000000000219,0.5935239467488458
0.9340000000000219,0.9340000000000219,0.9340000000000219,0.5839240718830524,0.9340000000000219,0.5935385879903697
0.9330000000000219,0.9330000000000219,0.9330000000000219,0.5838946271178627,0.9330000000000219,0.5935532814923232
0.9320000000000219,0.9320000000000219,0.9320000000000219,0.58386507770287,0.9320000000000219,0.5935680281231251
0.9310000000000219,0.9310000000000219,0.9310000000000219,0.5838354218831681,0.9310000000000219,0.5935828287682406
0.9300000000000219,0.9300000000000219,0.9300000000000219,0.5838056578694428,0.9300000000000219,0.5935976843305588
0.9290000000000219,0.9290000000000219,0.9290000000000219,0.5837757838372176,0.9290000000000219,0.5936125957307768
0.9280000000000219,0.9280000000000219,0.9280000000000219,0.583745797926074,0.9280000000000219,0.5936275639077967
0.9270000000000219,0.9270000000000219,0.9270000000000219,0.5837156982388588,0.9270000000000219,0.5936425898191281
0.9260000000000219,0.9260000000000219,0.9260000000000219,0.5836854828408669,0.9260000000000219,0.5936576744413063
0.9250000000000219,0.9250000000000219,0.9250000000000219,0.58365514975901,0.9250000000000219,0.593672818770312
0.9240000000000219,0.9240000000000219,0.9240000000000219,0.583624696980962,0.9240000000000219,0.5936880238220099
0.9230000000000219,0.9230000000000219,0.9230000000000219,0.5835941224542828,0.9230000000000219,0.593703290632592
0.9220000000000219,0.9220000000000219,0.9220000000000219,0.5835634240855234,0.9220000000000219,0.5937186202590351
0.9210000000000219,0.9210000000000219,0.9210000000000219,0.5835325997393086,0.9210000000000219,0.5937340137795677
0.9200000000000219,0.9200000000000219,0.9200000000000219,0.5835016472373968,0.9200000000000219,0.5937494722941488
0.9190000000000219,0.9190000000000219,0.9190000000000219,0.583470564357718,0.9190000000000219,0.5937649969249578
0.9180000000000219,0.9180000000000219,0.9180000000000219,0.5834393488333862,0.9180000000000219,0.5937805888168982
0.9170000000000219,0.9170000000000219,0.9170000000000219,0.5834079983516908,0.9170000000000219,0.5937962491381117
0.9160000000000219,0.9160000000000219,0.9160000000000219,0.5833765105530618,0.9160000000000219,0.5938119790805065
0.9150000000000219,0.9150000000000219,0.9150000000000219,0.583344883030011,0.9150000000000219,0.5938277798602941
0.9140000000000219,0.9140000000000219,0.9140000000000219,0.5833131133260431,0.9140000000000219,0.59384365271855
0.9130000000000219,0.9130000000000219,0.9130000000000219,0.5832811989345467,0.9130000000000219,0.5938595989217732
0.9120000000000219,0.9120000000000219,0.9120000000000219,0.5832491372976554,0.9120000000000219,0.5938756197624728
0.9110000000000219,0.9110000000000219,0.9110000000000219,0.5832169258050773,0.9110000000000219,0.593891716559761
0.9100000000000219,0.9100000000000219,0.9100000000000219,0.5831845617929022,0.9100000000000219,0.5939078906599643
0.9090000000000219,0.9090000000000219,0.9090000000000219,0.5831520425423756,0.9090000000000219,0.5939241434372498
0.9080000000000219,0.9080000000000219,0.9080000000000219,0.5831193652786434,0.9080000000000219,0.5939404762942633
0.9070000000000219,0.9070000000000219,0.9070000000000219,0.5830865271694674,0.9070000000000219,0.5939568906627883
0.9060000000000219,0.9060000000000219,0.9060000000000219,0.583053525323906,0.9060000000000219,0.5939733880044187
0.9050000000000219,0.9050000000000219,0.9050000000000219,0.5830203567909659,0.9050000000000219,0.5939899698112462
0.9040000000000219,0.9040000000000219,0.9040000000000219,0.582987018558219,0.9040000000000219,0.5940066376065702
0.9030000000000219,0.9030000000000219,0.9030000000000219,0.5829535075503848,0.9030000000000219,0.59402339294562
0.9020000000000219,0.9020000000000219,0.9020000000000219,0.5829198206278807,0.9020000000000219,0.5940402374162962
0.9010000000000219,0.9010000000000219,0.9010000000000219,0.5828859545853319,0.9010000000000219,0.5940571726399337
0.9000000000000219,0.9000000000000219,0.9000000000000219,0.5828519061500497,0.9000000000000219,0.5940742002720796
0.8990000000000219,0.8990000000000219,0.8990000000000219,0.5828176719804687,0.8990000000000219,0.5940913220032914
0.8980000000000219,0.8980000000000219,0.8980000000000219,0.5827832486645467,0.8980000000000219,0.5941085395599586
0.8970000000000219,0.8970000000000219,0.8970000000000219,0.5827486327181273,0.8970000000000219,0.5941258547051377
0.8960000000000219,0.8960000000000219,0.8960000000000219,0.5827138205832582,0.8960000000000219,0.5941432692394151
0.8950000000000219,0.8950000000000219,0.8950000000000219,0.582678808626471,0.8950000000000219,0.5941607850017881
0.8940000000000219,0.8940000000000219,0.8940000000000219,0.5826435931370172,0.8940000000000219,0.5941784038705678
0.8930000000000219,0.8930000000000219,0.8930000000000219,0.5826081703250628,0.8930000000000219,0.5941961277643029
0.8920000000000219,0.8920000000000219,0.8920000000000219,0.582572536319835,0.8920000000000219,0.5942139586427319
0.8910000000000219,0.8910000000000219,0.8910000000000219,0.5825366871677261,0.8910000000000219,0.5942318985077546
0.8900000000000219,0.8900000000000219,0.8900000000000219,0.5825006188303506,0.8900000000000219,0.5942499494044273
0.8890000000000219,0.8890000000000219,0.8890000000000219,0.5824643271825527,0.8890000000000219,0.5942681134219856
0.8880000000000219,0.8880000000000219,0.8880000000000219,0.5824278080103672,0.8880000000000219,0.5942863926948901
0.8870000000000219,0.8870000000000219,0.8870000000000219,0.5823910570089289,0.8870000000000219,0.5943047894038995
0.8860000000000219,0.8860000000000219,0.8860000000000219,0.5823540697803277,0.8860000000000219,0.5943233057771727
0.8850000000000219,0.8850000000000219,0.8850000000000219,0.5823168418314179,0.8850000000000219,0.5943419440913926
0.8840000000000219,0.8840000000000219,0.8840000000000219,0.5822793685715704,0.8840000000000219,0.5943607066729213
0.8830000000000219,0.8830000000000219,0.8830000000000219,0.5822416453103659,0.8830000000000219,0.5943795958989851
0.8820000000000219,0.8820000000000219,0.8820000000000219,0.5822036672552371,0.8820000000000219,0.5943986141988877
0.8810000000000219,0.8810000000000219,0.8810000000000219,0.5821654295090524,0.8810000000000219,0.5944177640552504
0.8800000000000219,0.8800000000000219,0.8800000000000219,0.5821269270676369,0.8800000000000219,0.5944370480052896
0.8790000000000219,0.8790000000000219,0.8790000000000219,0.5820881548172385,0.8790000000000219,0.5944564686421195
0.8780000000000219,0.8780000000000219,0.8780000000000219,0.5820491075319265,0.8780000000000219,0.5944760286160913
0.8770000000000219,0.8770000000000219,0.8770000000000219,0.5820097798709335,0.8770000000000219,0.594495730636161
0.8760000000000219,0.8760000000000219,0.8760000000000219,0.5819701663759231,0.8760000000000219,0.5945155774712985
0.8750000000000219,0.8750000000000219,0.8750000000000219,0.5819302614682046,0.8750000000000219,0.5945355719519219
0.8740000000000219,0.8740000000000219,0.8740000000000219,0.5818900594458667,0.8740000000000219,0.594555716971375
0.8730000000000219,0.8730000000000219,0.8730000000000219,0.5818495544808533,0.8730000000000219,0.5945760154874347
0.8720000000000219,0.8720000000000219,0.8720000000000219,0.5818087406159589,0.8720000000000219,0.5945964705238639
0.8710000000000219,0.8710000000000219,0.8710000000000219,0.5817676117617611,0.8710000000000219,0.5946170851719909
0.8700000000000219,0.8700000000000219,0.8700000000000219,0.5817261616934739,0.8700000000000219,0.5946378625923362
0.8690000000000219,0.8690000000000219,0.8690000000000219,0.5816843840477263,0.8690000000000219,0.5946588060162765
0.8680000000000219,0.8680000000000219,0.8680000000000219,0.5816422723192658,0.8680000000000219,0.5946799187477475
0.8670000000000219,0.8670000000000219,0.8670000000000219,0.5815998198575815,0.8670000000000219,0.5947012041649913
0.8660000000000219,0.8660000000000219,0.8660000000000219,0.5815570198634494,0.8660000000000219,0.5947226657223408
0.8650000000000219,0.8650000000000219,0.8650000000000219,0.5815138653853953,0.8650000000000219,0.5947443069520532
0.8640000000000219,0.8640000000000219,0.8640000000000219,0.5814703493160739,0.8640000000000219,0.594766131466181
0.8630000000000219,0.8630000000000219,0.8630000000000219,0.5814264643885624,0.8630000000000219,0.5947881429584967
0.8620000000000219,0.8620000000000219,0.8620000000000219,0.5813822031725686,0.8620000000000219,0.5948103452064525
0.8610000000000219,0.8610000000000219,0.8610000000000219,0.5813375580705539,0.8610000000000219,0.5948327420731947
0.8600000000000219,0.8600000000000219,0.8600000000000219,0.5812925213137575,0.8600000000000219,0.5948553375096252
0.8590000000000219,0.8590000000000219,0.8590000000000219,0.5812470849581408,0.8590000000000219,0.5948781355565057
0.8580000000000219,0.8580000000000219,0.8580000000000219,0.581201240880229,0.8580000000000219,0.5949011403466188
0.8570000000000219,0.8570000000000219,0.8570000000000219,0.5811549807728625,0.8570000000000219,0.5949243561069747
0.8560000000000219,0.8560000000000219,0.8560000000000219,0.5811082961408546,0.8560000000000219,0.5949477871610701
0.8550000000000219,0.8550000000000219,0.8550000000000219,0.5810611782965437,0.8550000000000219,0.5949714379312019
0.8540000000000219,0.8540000000000219,0.8540000000000219,0.5810136183552514,0.8540000000000219,0.5949953129408304
0.8530000000000219,0.8530000000000219,0.8530000000000219,0.5809656072306405,0.8530000000000219,0.5950194168170001
0.8520000000000219,0.8520000000000219,0.8520000000000219,0.5809171356299651,0.8520000000000219,0.5950437542928142
0.8510000000000219,0.8510000000000219,0.8510000000000219,0.5808681940492221,0.8510000000000219,0.5950683302099639
0.8500000000000218,0.8500000000000218,0.8500000000000218,0.5808187727681947,0.8500000000000218,0.5950931495213149
0.8490000000000218,0.8490000000000218,0.8490000000000218,0.5807688618453878,0.8490000000000218,0.5951182172935537
0.8480000000000218,0.8480000000000218,0.8480000000000218,0.5807184511128557,0.8480000000000218,0.5951435387098929
0.8470000000000218,0.8470000000000218,0.8470000000000218,0.5806675301709237,0.8470000000000218,0.595169119072828
0.8460000000000218,0.8460000000000218,0.8460000000000218,0.5806160883827913,0.8460000000000218,0.5951949638069691
0.8450000000000218,0.8450000000000218,0.8450000000000218,0.5805641148690334,0.8450000000000218,0.5952210784619167
0.8440000000000218,0.8440000000000218,0.8440000000000218,0.5805115985019784,0.8440000000000218,0.5952474687152118
0.8430000000000218,0.8430000000000218,0.8430000000000218,0.5804585278999776,0.8430000000000218,0.5952741403753443
0.8420000000000218,0.8420000000000218,0.8420000000000218,0.5804048914215604,0.8420000000000218,0.5953010993848222
0.8410000000000218,0.8410000000000218,0.8410000000000218,0.5803506771594695,0.8410000000000218,0.5953283518233073
0.8400000000000218,0.8400000000000218,0.8400000000000218,0.5802958729345841,0.8400000000000218,0.5953559039108149
0.8390000000000218,0.8390000000000218,0.8390000000000218,0.5802404662897223,0.8390000000000218,0.5953837620109768
0.8380000000000218,0.8380000000000218,0.8380000000000218,0.5801844444833288,0.8380000000000218,0.5954119326343709
0.8370000000000218,0.8370000000000218,0.8370000000000218,0.5801277944830442,0.8370000000000218,0.5954404224419146
0.8360000000000218,0.8360000000000218,0.8360000000000218,0.5800705029591552,0.8360000000000218,0.5954692382483271
0.8350000000000218,0.8350000000000218,0.8350000000000218,0.5800125562779292,0.8350000000000218,0.5954983870256537
0.8340000000000218,0.8340000000000218,0.8340000000000218,0.5799539404948306,0.8340000000000218,0.5955278759068611
0.8330000000000218,0.8330000000000218,0.8330000000000218,0.5798946413476211,0.8330000000000218,0.5955577121894913
0.8320000000000218,0.8320000000000218,0.8320000000000218,0.5798346442493418,0.8320000000000218,0.5955879033393925
0.8310000000000218,0.8310000000000218,0.8310000000000218,0.5797739342811852,0.8310000000000218,0.5956184569945051
0.8300000000000218,0.8300000000000218,0.8300000000000218,0.5797124961852453,0.8300000000000218,0.5956493809687208
0.8290000000000218,0.8290000000000218,0.8290000000000218,0.5796503143571645,0.8290000000000218,0.5956806832558038
0.8280000000000218,0.8280000000000218,0.8280000000000218,0.5795873728386668,0.8280000000000218,0.5957123720333737
0.8270000000000218,0.8270000000000218,0.8270000000000218,0.5795236553099772,0.8270000000000218,0.5957444556669612
0.8260000000000218,0.8260000000000218,0.8260000000000218,0.5794591450821459,0.8260000000000218,0.5957769427141151
0.8250000000000218,0.8250000000000218,0.8250000000000218,0.5793938250892627,0.8250000000000218,0.5958098419285806
0.8240000000000218,0.8240000000000218,0.8240000000000218,0.5793276778805745,0.8240000000000218,0.5958431622645315
0.8230000000000218,0.8230000000000218,0.8230000000000218,0.579260685612505,0.8230000000000218,0.5958769128808679
0.8220000000000218,0.8220000000000218,0.8220000000000218,0.5791928300405886,0.8220000000000218,0.5959111031455622
0.8210000000000218,0.8210000000000218,0.8210000000000218,0.5791240925113114,0.8210000000000218,0.5959457426400721
0.8200000000000218,0.8200000000000218,0.8200000000000218,0.5790544539538752,0.8200000000000218,0.5959808411637945
0.8190000000000218,0.8190000000000218,0.8190000000000218,0.5789838948718828,0.8190000000000218,0.59601640873858
0.8180000000000218,0.8180000000000218,0.8180000000000218,0.5789123953349586,0.8180000000000218,0.5960524556132896
0.8170000000000218,0.8170000000000218,0.8170000000000218,0.5788399349703013,0.8170000000000218,0.5960889922683987
0.8160000000000218,0.8160000000000218,0.8160000000000218,0.5787664929541865,0.8160000000000218,0.5961260294206427
0.8150000000000218,0.8150000000000218,0.8150000000000218,0.5786920480034223,0.8150000000000218,0.5961635780276977
0.8140000000000218,0.8140000000000218,0.8140000000000218,0.5786165783667648,0.8140000000000218,0.5962016492929002
0.8130000000000218,0.8130000000000218,0.8130000000000218,0.5785400618163099,0.8130000000000218,0.5962402546699925
0.8120000000000218,0.8120000000000218,0.8120000000000218,0.578462475638868,0.8120000000000218,0.5962794058678912
0.8110000000000218,0.8110000000000218,0.8110000000000218,0.5783837966273323,0.8110000000000218,0.5963191148554797
0.8100000000000218,0.8100000000000218,0.8100000000000218,0.5783040010720527,0.8100000000000218,0.5963593938664131
0.8090000000000218,0.8090000000000218,0.8090000000000218,0.5782230647522364,0.8090000000000218,0.5964002554039253
0.8080000000000218,0.8080000000000218,0.8080000000000218,0.578140962927377,0.8080000000000218,0.5964417122456456
0.8070000000000218,0.8070000000000218,0.8070000000000218,0.5780576703287366,0.8070000000000218,0.596483777448402
0.8060000000000218,0.8060000000000218,0.8060000000000218,0.5779731611508994,0.8060000000000218,0.5965264643530125
0.8050000000000218,0.8050000000000218,0.8050000000000218,0.577887409043399,0.8050000000000218,0.596569786589058
0.8040000000000218,0.8040000000000218,0.8040000000000218,0.5778003871024642,0.8040000000000218,0.5966137580796146
0.8030000000000218,0.8030000000000218,0.8030000000000218,0.5777120678628721,0.8030000000000218,0.5966583930459579
0.8020000000000218,0.8020000000000218,0.8020000000000218,0.5776224232899612,0.8020000000000218,0.5967037060122036
0.8010000000000218,0.8010000000000218,0.8010000000000218,0.577531424771803,0.8010000000000218,0.5967497118098946
0.8000000000000218,0.8000000000000218,0.8000000000000218,0.5774390431115676,0.8000000000000218,0.5967964255825131
0.7990000000000218,0.7990000000000218,0.7990000000000218,0.57734524852011,0.7990000000000218,0.5968438627899049
0.7980000000000218,0.7980000000000218,0.7980000000000218,0.5772500106087981,0.7980000000000218,0.5968920392126061
0.7970000000000218,0.7970000000000218,0.7970000000000218,0.5771532983826158,0.7970000000000218,0.5969409709560572
0.7960000000000218,0.7960000000000218,0.7960000000000218,0.5770550802335711,0.7960000000000218,0.5969906744546902
0.7950000000000218,0.7950000000000218,0.7950000000000218,0.5769553239344366,0.7950000000000218,0.5970411664758718
0.7940000000000218,0.7940000000000218,0.7940000000000218,0.576853996632864,0.7940000000000218,0.5970924641236885
0.7930000000000218,0.7930000000000218,0.7930000000000218,0.5767510648459026,0.7930000000000218,0.5971445848425525
0.7920000000000218,0.7920000000000218,0.7920000000000218,0.5766464944549606,0.7920000000000218,0.5971975464206128
0.7910000000000218,0.7910000000000218,0.7910000000000218,0.5765402507012461,0.7910000000000218,0.5972513669929567
0.7900000000000218,0.7900000000000218,0.7900000000000218,0.5764322981817349,0.7900000000000218,0.5973060650445684
0.7890000000000218,0.7890000000000218,0.7890000000000218,0.5763226008457014,0.7890000000000218,0.5973616594130385
0.7880000000000218,0.7880000000000218,0.7880000000000218,0.5762111219918625,0.7880000000000218,0.5974181692909893
0.7870000000000218,0.7870000000000218,0.7870000000000218,0.5760978242661762,0.7870000000000218,0.5974756142282058
0.7860000000000218,0.7860000000000218,0.7860000000000218,0.5759826696603513,0.7860000000000218,0.5975340141334301
0.7850000000000218,0.7850000000000218,0.7850000000000218,0.5758656195111086,0.7850000000000218,0.5975933892758166
0.7840000000000218,0.7840000000000218,0.7840000000000218,0.5757466345002583,0.7840000000000218,0.5976537602859976
0.7830000000000218,0.7830000000000218,0.7830000000000218,0.5756256746556392,0.7830000000000218,0.59771514815675
0.7820000000000218,0.7820000000000218,0.7820000000000218,0.5755026993529785,0.7820000000000218,0.597777574243225
0.7810000000000218,0.7810000000000218,0.7810000000000218,0.575377667318733,0.7810000000000218,0.5978410602627153
0.7800000000000218,0.7800000000000218,0.7800000000000218,0.5752505366339722,0.7800000000000218,0.5979056282939249
0.7790000000000218,0.7790000000000218,0.7790000000000218,0.5751212647393611,0.7790000000000218,0.5979713007757118
0.7780000000000218,0.7780000000000218,0.7780000000000218,0.57498980844131,0.7780000000000218,0.5980381005052776
0.7770000000000218,0.7770000000000218,0.7770000000000218,0.5748561239193588,0.7770000000000218,0.5981060506357527
0.7760000000000218,0.7760000000000218,0.7760000000000218,0.5747201667348526,0.7760000000000218,0.5981751746731655
0.7750000000000218,0.7750000000000218,0.7750000000000218,0.5745818918409911,0.7750000000000218,0.5982454964727423
0.7740000000000218,0.7740000000000218,0.7740000000000218,0.5744412535943102,0.7740000000000218,0.5983170402345057
0.7730000000000218,0.7730000000000218,0.7730000000000218,0.5742982057676689,0.7730000000000218,0.5983898304981429
0.7720000000000218,0.7720000000000218,0.7720000000000218,0.5741527015648101,0.7720000000000218,0.5984638921371001
0.7710000000000218,0.7710000000000218,0.7710000000000218,0.5740046936365752,0.7710000000000218,0.5985392503518595
0.7700000000000218,0.7700000000000218,0.7700000000000218,0.5738541340988296,0.7700000000000218,0.5986159306623775
0.7690000000000218,0.7690000000000218,0.7690000000000218,0.5737009745521851,0.7690000000000218,0.5986939588996251
0.7680000000000218,0.7680000000000218,0.7680000000000218,0.5735451661035756,0.7680000000000218,0.5987733611962112
0.7670000000000218,0.7670000000000218,0.7670000000000218,0.573386659389768,0.7670000000000218,0.5988541639760393
0.7660000000000218,0.7660000000000218,0.7660000000000218,0.5732254046028691,0.7660000000000218,0.5989363939429644
0.7650000000000218,0.7650000000000218,0.7650000000000218,0.5730613515178978,0.7650000000000218,0.5990200780684105
0.7640000000000218,0.7640000000000218,0.7640000000000218,0.5728944495224845,0.7640000000000218,0.5991052435779147
0.7630000000000218,0.7630000000000218,0.7630000000000218,0.5727246476487627,0.7630000000000218,0.5991919179365672
0.7620000000000218,0.7620000000000218,0.7620000000000218,0.5725518946075061,0.7620000000000218,0.5992801288333014
0.7610000000000218,0.7610000000000218,0.7610000000000218,0.5723761388245676,0.7610000000000218,0.5993699041640183
0.7600000000000218,0.7600000000000218,0.7600000000000218,0.572197328479667,0.7600000000000218,0.5994612720135037
0.7590000000000218,0.7590000000000218,0.7590000000000218,0.5720154115475721,0.7590000000000218,0.5995542606361161
0.7580000000000218,0.7580000000000218,0.7580000000000218,0.5718303358417088,0.7580000000000218,0.5996488984352194
0.7570000000000218,0.7570000000000218,0.7570000000000218,0.5716420490602261,0.7570000000000218,0.5997452139413468
0.7560000000000218,0.7560000000000218,0.7560000000000218,0.571450498834544,0.7560000000000218,0.5998432357890658
0.7550000000000218,0.7550000000000218,0.7550000000000218,0.5712556327803866,0.7550000000000218,0.599942992692546
0.7540000000000218,0.7540000000000218,0.7540000000000218,0.5710573985513172,0.7540000000000218,0.6000445134198068
0.7530000000000218,0.7530000000000218,0.7530000000000218,0.5708557438947407,0.7530000000000218,0.6001478267656658
0.7520000000000218,0.7520000000000218,0.7520000000000218,0.5706506167103801,0.7520000000000218,0.6002529615233598
0.7510000000000218,0.7510000000000218,0.7510000000000218,0.5704419651111704,0.7510000000000218,0.6003599464548788
0.7500000000000218,0.7500000000000218,0.7500000000000218,0.5702297374865306,0.7500000000000218,0.6004688102600108
0.7490000000000218,0.7490000000000218,0.7490000000000218,0.5700138825679443,0.7490000000000218,0.6005795815441309
0.7480000000000218,0.7480000000000218,0.7480000000000218,0.569794349496763,0.7480000000000218,0.6006922887847691
0.7470000000000218,0.7470000000000218,0.7470000000000218,0.5695710878941456,0.7470000000000218,0.600806960296988
0.7460000000000218,0.7460000000000218,0.7460000000000218,0.5693440479329935,0.7460000000000218,0.6009236241976402
0.7450000000000218,0.7450000000000218,0.7450000000000218,0.5691131804117572,0.7450000000000218,0.6010423083685533
0.7440000000000218,0.7440000000000218,0.7440000000000218,0.5688784368299467,0.7440000000000218,0.6011630404187204
0.7430000000000218,0.7430000000000218,0.7430000000000218,0.568639769465161,0.7430000000000218,0.6012858476455869
0.7420000000000218,0.7420000000000218,0.7420000000000218,0.56839713145143,0.7420000000000218,0.6014107569955202
0.7410000000000218,0.7410000000000218,0.7410000000000218,0.5681504768586368,0.7410000000000218,0.6015377950235778
0.7400000000000218,0.7400000000000218,0.7400000000000218,0.5678997607727634,0.7400000000000218,0.6016669878526986
0.7390000000000218,0.7390000000000218,0.7390000000000218,0.567644939376677,0.7390000000000218,0.601798361132449
0.7380000000000217,0.7380000000000217,0.7380000000000217,0.5673859700311451,0.7380000000000217,0.6019319399974776
0.7370000000000217,0.7370000000000217,0.7370000000000217,0.5671228113557552,0.7370000000000217,0.6020677490258335
0.7360000000000217,0.7360000000000217,0.7360000000000217,0.5668554233093624,0.7360000000000217,0.6022058121973423
0.7350000000000217,0.7350000000000217,0.7350000000000217,0.5665837672696955,0.7350000000000217,0.6023461528522139
0.7340000000000217,0.7340000000000217,0.7340000000000217,0.5663078061116958,0.7340000000000217,0.6024887936501018
0.7330000000000217,0.7330000000000217,0.7330000000000217,0.5660275042841689,0.7330000000000217,0.6026337565298201
0.7320000000000217,0.7320000000000217,0.7320000000000217,0.565742827884283,0.7320000000000217,0.6027810626699556
0.7310000000000217,0.7310000000000217,0.7310000000000217,0.5654537447294424,0.7310000000000217,0.6029307324506196
0.7300000000000217,0.7300000000000217,0.7300000000000217,0.565160224426045,0.7300000000000217,0.6030827854165829
0.7290000000000217,0.7290000000000217,0.7290000000000217,0.5648622384346145,0.7290000000000217,0.6032372402420618
0.7280000000000217,0.7280000000000217,0.7280000000000217,0.5645597601307942,0.7280000000000217,0.603394114697422
0.7270000000000217,0.7270000000000217,0.7270000000000217,0.5642527648616786,0.7270000000000217,0.6035534256180684
0.7260000000000217,0.7260000000000217,0.7260000000000217,0.5639412299969624,0.7260000000000217,0.6037151888758001
0.7250000000000217,0.7250000000000217,0.7250000000000217,0.5636251349743885,0.7250000000000217,0.6038794193529033
0.7240000000000217,0.7240000000000217,0.7240000000000217,0.5633044613389936,0.7240000000000217,0.6040461309192464
0.7230000000000217,0.7230000000000217,0.7230000000000217,0.5629791927756587,0.7230000000000217,0.6042153364126487
0.7220000000000217,0.7220000000000217,0.7220000000000217,0.562649315134516,0.7220000000000217,0.6043870476227616
0.7210000000000217,0.7210000000000217,0.7210000000000217,0.5623148164487738,0.7210000000000217,0.6045612752787078
0.7200000000000217,0.7200000000000217,0.7200000000000217,0.5619756869445823,0.7200000000000217,0.6047380290406892
0.7190000000000217,0.7190000000000217,0.7190000000000217,0.561631919042617,0.7190000000000217,0.6049173174957447
0.7180000000000217,0.7180000000000217,0.7180000000000217,0.5612835073510944,0.7180000000000217,0.6050991481578383
0.7170000000000217,0.7170000000000217,0.7170000000000217,0.5609304486500324,0.7170000000000217,0.6052835274723761
0.7160000000000217,0.7160000000000217,0.7160000000000217,0.5605727418666183,0.7160000000000217,0.6054704608252737
0.7150000000000217,0.7150000000000217,0.7150000000000217,0.5602103880416599,0.7150000000000217,0.6056599525565839
0.7140000000000217,0.7140000000000217,0.7140000000000217,0.5598433902871639,0.7140000000000217,0.6058520059787054
0.7130000000000217,0.7130000000000217,0.7130000000000217,0.5594717537351979,0.7130000000000217,0.6060466233991104
0.7120000000000217,0.7120000000000217,0.7120000000000217,0.5590954854782892,0.7120000000000217,0.6062438061474897
0.7110000000000217,0.7110000000000217,0.7110000000000217,0.5587145945017276,0.7110000000000217,0.6064435546071435
0.7100000000000217,0.7100000000000217,0.7100000000000217,0.5583290916082343,0.7100000000000217,0.606645868250413
0.7090000000000217,0.7090000000000217,0.7090000000000217,0.5579389893355702,0.7090000000000217,0.6068507456778732
0.7080000000000217,0.7080000000000217,0.7080000000000217,0.5575443018677648,0.7080000000000217,0.6070581846609591
0.7070000000000217,0.7070000000000217,0.7070000000000217,0.5571450449407245,0.7070000000000217,0.6072681821876489
0.7060000000000217,0.7060000000000217,0.7060000000000217,0.5567412357430823,0.7060000000000217,0.6074807345107825
0.7050000000000217,0.7050000000000217,0.7050000000000217,0.5563328928132085,0.7050000000000217,0.6076958371985454
0.7040000000000217,0.7040000000000217,0.7040000000000217,0.5559200359333765,0.7040000000000217,0.6079134851866214
0.7030000000000217,0.7030000000000217,0.7030000000000217,0.5555026860220963,0.7030000000000217,0.6081336728314957
0.7020000000000217,0.7020000000000217,0.7020000000000217,0.5550808650256804,0.7020000000000217,0.6083563939643588
0.7010000000000217,0.7010000000000217,0.7010000000000217,0.5546545958100726,0.7010000000000217,0.6085816419450902
0.7000000000000217,0.7000000000000217,0.7000000000000217,0.5542239020539819,0.7000000000000217,0.6088094097157633
0.6990000000000217,0.6990000000000217,0.6990000000000217,0.5537888081443008,0.6990000000000217,0.609039689853175
0.6980000000000217,0.6980000000000217,0.6980000000000217,0.5533493390747261,0.6980000000000217,0.6092724746199101
0.6970000000000217,0.6970000000000217,0.6970000000000217,0.5529055203484168,0.6970000000000217,0.6095077560134932
0.6960000000000217,0.6960000000000217,0.6960000000000217,0.5524573778854173,0.6960000000000217,0.6097455258132505
0.6950000000000217,0.6950000000000217,0.6950000000000217,0.5520049379354531,0.6950000000000217,0.6099857756245385
0.6940000000000217,0.6940000000000217,0.6940000000000217,0.5515482269965607,0.6940000000000217,0.6102284969200993
0.6930000000000217,0.6930000000000217,0.6930000000000217,0.5510872717398906,0.6930000000000217,0.6104736810783359
0.6920000000000217,0.6920000000000217,0.6920000000000217,0.5506220989408424,0.6920000000000217,0.6107213194184286
0.6910000000000217,0.6910000000000217,0.6910000000000217,0.5501527354165541,0.6910000000000217,0.6109714032322487
0.6900000000000217,0.6900000000000217,0.6900000000000217,0.5496792079696273,0.6900000000000217,0.6112239238131297
0.6890000000000217,0.6890000000000217,0.6890000000000217,0.5492015433378012,0.6890000000000217,0.6114788724816289
0.6880000000000217,0.6880000000000217,0.6880000000000217,0.5487197681491833,0.6880000000000217,0.6117362406084746
0.6870000000000217,0.6870000000000217,0.6870000000000217,0.5482339088825172,0.6870000000000217,0.6119960196349611
0.6860000000000217,0.6860000000000217,0.6860000000000217,0.5477439918318618,0.6860000000000217,0.6122582010911188
0.6850000000000217,0.6850000000000217,0.6850000000000217,0.5472500430750129,0.6850000000000217,0.6125227766119948
0.6840000000000217,0.6840000000000217,0.6840000000000217,0.54675208844489,0.6840000000000217,0.6127897379524634
0.6830000000000217,0.6830000000000217,0.6830000000000217,0.5462501535031374,0.6830000000000217,0.6130590770009516
0.6820000000000217,0.6820000000000217,0.6820000000000217,0.5457442635151292,0.6820000000000217,0.6133307857925161
0.6810000000000217,0.6810000000000217,0.6810000000000217,0.5452344434256211,0.6810000000000217,0.6136048565216682
0.6800000000000217,0.6800000000000217,0.6800000000000217,0.5447207178342902,0.6800000000000217,0.6138812815553659
0.6790000000000217,0.6790000000000217,0.6790000000000217,0.5442031109704838,0.6790000000000217,0.6141600534465284
0.6780000000000217,0.6780000000000217,0.6780000000000217,0.5436816466665455,0.6780000000000217,0.6144411649484246
0.6770000000000217,0.6770000000000217,0.6770000000000217,0.5431563483291799,0.6770000000000217,0.6147246090302342
0.6760000000000217,0.6760000000000217,0.6760000000000217,0.542627238908396,0.6760000000000217,0.6150103788940331
0.6750000000000217,0.6750000000000217,0.6750000000000217,0.5420943408636744,0.6750000000000217,0.6152984679934095
0.6740000000000217,0.6740000000000217,0.6740000000000217,0.5415576761270959,0.6740000000000217,0.6155888700538632
0.6730000000000217,0.6730000000000217,0.6730000000000217,0.5410172660632808,0.6730000000000217,0.6158815790950801
0.6720000000000217,0.6720000000000217,0.6720000000000217,0.540473131426061,0.6720000000000217,0.6161765894551458
0.6710000000000217,0.6710000000000217,0.6710000000000217,0.5399252923119386,0.6710000000000217,0.6164738958166713
0.6700000000000217,0.6700000000000217,0.6700000000000217,0.53937376811044,0.6700000000000217,0.6167734932347974
0.6690000000000217,0.6690000000000217,0.6690000000000217,0.5388185774515657,0.6690000000000217,0.6170753771669729
0.6680000000000217,0.6680000000000217,0.6680000000000217,0.538259738150614,0.6680000000000217,0.6173795435043802
0.6670000000000217,0.6670000000000217,0.6670000000000217,0.5376972671507009,0.6670000000000217,0.6176859886048299
0.6660000000000217,0.6660000000000217,0.6660000000000217,0.5371311804633737,0.6660000000000217,0.6179947093269366
0.6650000000000217,0.6650000000000217,0.6650000000000217,0.5365614931077362,0.6650000000000217,0.6183057030653426
0.6640000000000217,0.6640000000000217,0.6640000000000217,0.5359882190485378,0.6640000000000217,0.6186189677867595
0.6630000000000217,0.6630000000000217,0.6630000000000217,0.5354113711337201,0.6630000000000217,0.6189345020665641
0.6620000000000217,0.6620000000000217,0.6620000000000217,0.5348309610319033,0.6620000000000217,0.6192523051256871
0.6610000000000217,0.6610000000000217,0.6610000000000217,0.5342469991703228,0.6610000000000217,0.6195723768675159
0.6600000000000217,0.6600000000000217,0.6600000000000217,0.5336594946737069,0.6600000000000217,0.6198947179145534
0.6590000000000217,0.6590000000000217,0.6590000000000217,0.5330684553045999,0.6590000000000217,0.6202193296445438
0.6580000000000217,0.6580000000000217,0.6580000000000217,0.5324738874056109,0.6580000000000217,0.6205462142258013
0.6570000000000217,0.6570000000000217,0.6570000000000217,0.5318757958440581,0.6570000000000217,0.6208753746514873
0.6560000000000217,0.6560000000000217,0.6560000000000217,0.5312741839594628,0.6560000000000217,0.6212068147725669
0.6550000000000217,0.6550000000000217,0.6550000000000217,0.5306690535143304,0.6550000000000217,0.6215405393291995
0.6540000000000217,0.6540000000000217,0.6540000000000217,0.5300604046486275,0.6540000000000217,0.6218765539803316
0.6530000000000217,0.6530000000000217,0.6530000000000217,0.5294482358383533,0.6530000000000217,0.6222148653312538
0.6520000000000217,0.6520000000000217,0.6520000000000217,0.5288325438585756,0.6520000000000217,0.622555480958903
0.6510000000000217,0.6510000000000217,0.6510000000000217,0.5282133237512947,0.6510000000000217,0.622898409434698
0.6500000000000217,0.6500000000000217,0.6500000000000217,0.5275905687984624,0.6500000000000217,0.6232436603446994
0.6490000000000217,0.6490000000000217,0.6490000000000217,0.5269642705004836,0.6490000000000217,0.6235912443069075
0.6480000000000217,0.6480000000000217,0.6480000000000217,0.5263344185605208,0.6480000000000217,0.6239411729854828
0.6470000000000217,0.6470000000000217,0.6470000000000217,0.5257010008748773,0.6470000000000217,0.6242934591017262
0.6460000000000217,0.6460000000000217,0.6460000000000217,0.5250640035297824,0.6460000000000217,0.624648116441607
0.6450000000000217,0.6450000000000217,0.6450000000000217,0.5244234108048411,0.6450000000000217,0.6250051598596723
0.6440000000000217,0.6440000000000217,0.6440000000000217,0.5237792051834554,0.6440000000000217,0.625364605279133
0.6430000000000217,0.6430000000000217,0.6430000000000217,0.5231313673705075,0.6430000000000217,0.6257264696879394
0.6420000000000217,0.6420000000000217,0.6420000000000217,0.5224798763175893,0.6420000000000217,0.6260907711306607
0.6410000000000217,0.6410000000000217,0.6410000000000217,0.5218247092561156,0.6410000000000217,0.6264575286959343
0.6400000000000217,0.6400000000000217,0.6400000000000217,0.5211658417386221,0.6400000000000217,0.6268267624992959
0.6390000000000217,0.6390000000000217,0.6390000000000217,0.5205032476885941,0.6390000000000217,0.6271984936611542
0.6380000000000217,0.6380000000000217,0.6380000000000217,0.5198368994592012,0.6380000000000217,0.6275727442796574
0.6370000000000217,0.6370000000000217,0.6370000000000217,0.519166767901309,0.6370000000000217,0.6279495373982115
0.6360000000000217,0.6360000000000217,0.6360000000000217,0.5184928224411892,0.6360000000000217,0.6283288969673603
0.6350000000000217,0.6350000000000217,0.6350000000000217,0.5178150311683726,0.6350000000000217,0.6287108478007402
0.6340000000000217,0.6340000000000217,0.6340000000000217,0.5171333609341174,0.6340000000000217,0.6290954155247876
0.6330000000000217,0.6330000000000217,0.6330000000000217,0.5164477774610141,0.6330000000000217,0.6294826265218582
0.6320000000000217,0.6320000000000217,0.6320000000000217,0.5157582454642653,0.6320000000000217,0.6298725078663961
0.6310000000000217,0.6310000000000217,0.6310000000000217,0.5150647287852448,0.6310000000000217,0.6302650872537559
0.6300000000000217,0.6300000000000217,0.6300000000000217,0.5143671905379644,0.6300000000000217,0.630660392921252
0.6290000000000217,0.6290000000000217,0.6290000000000217,0.5136655932688978,0.6290000000000217,0.6310584535611272
0.6280000000000217,0.6280000000000217,0.6280000000000217,0.5129598991265654,0.6280000000000217,0.6314592982274003
0.6270000000000217,0.6270000000000217,0.6270000000000217,0.512250070032117,0.6270000000000217,0.6318629562415345
0.6260000000000217,0.6260000000000217,0.6260000000000217,0.5115360678464638,0.6260000000000217,0.6322694570994418
0.6250000000000216,0.6250000000000216,0.6250000000000216,0.5108178545337044,0.6250000000000216,0.6326788303799775
0.6240000000000216,0.6240000000000216,0.6240000000000216,0.5100953923209411,0.6240000000000216,0.6330911056548701
0.6230000000000216,0.6230000000000216,0.6230000000000216,0.5093686438545074,0.6230000000000216,0.6335063124000859
0.6220000000000216,0.6220000000000216,0.6220000000000216,0.5086375723526411,0.6220000000000216,0.6339244799086158
0.6210000000000216,0.6210000000000216,0.6210000000000216,0.5079021417546119,0.6210000000000216,0.6343456372046776
0.6200000000000216,0.6200000000000216,0.6200000000000216,0.5071623168662805,0.6200000000000216,0.6347698129593655
0.6190000000000216,0.6190000000000216,0.6190000000000216,0.5064180635020614,0.6190000000000216,0.6351970354077539
0.6180000000000216,0.6180000000000216,0.6180000000000216,0.5056693486232391,0.6180000000000216,0.6356273322675022
0.6170000000000216,0.6170000000000216,0.6170000000000216,0.5049161404725419,0.6170000000000216,0.636060730659022
0.6160000000000216,0.6160000000000216,0.6160000000000216,0.5041584087049026,0.6160000000000216,0.6364972570272471
0.6150000000000216,0.6150000000000216,0.6150000000000216,0.5033961245142715,0.6150000000000216,0.6369369370651017
0.6140000000000216,0.6140000000000216,0.6140000000000216,0.5026292607563621,0.6140000000000216,0.6373797956387357
0.6130000000000216,0.6130000000000216,0.6130000000000216,0.5018577920671702,0.6130000000000216,0.6378258567146402
0.6120000000000216,0.6120000000000216,0.6120000000000216,0.5010816949771267,0.6120000000000216,0.6382751432887238
0.6110000000000216,0.6110000000000216,0.6110000000000216,0.5003009480207,0.6110000000000216,0.6387276773174757
0.6100000000000216,0.6100000000000216,0.6100000000000216,0.4995155318412888,0.6100000000000216,0.6391834796513201
0.6090000000000216,0.6090000000000216,0.6090000000000216,0.4987254292912379,0.6090000000000216,0.6396425699702714
0.6080000000000216,0.6080000000000216,0.6080000000000216,0.4979306255268095,0.6080000000000216,0.6401049667220077
0.6070000000000216,0.6070000000000216,0.6070000000000216,0.4971311080979759,0.6070000000000216,0.6405706870624541
0.6060000000000216,0.6060000000000216,0.6060000000000216,0.4963268670328971,0.6060000000000216,0.6410397467989758
0.6050000000000216,0.6050000000000216,0.6050000000000216,0.4955178949169929,0.6050000000000216,0.6415121603362558
0.6040000000000216,0.6040000000000216,0.6040000000000216,0.4947041869665613,0.6040000000000216,0.6419879406249017
0.6030000000000216,0.6030000000000216,0.6030000000000216,0.493885741096916,0.6030000000000216,0.6424670991128233
0.6020000000000216,0.6020000000000216,0.6020000000000216,0.4930625579851093,0.6020000000000216,0.6429496456993645
0.6010000000000216,0.6010000000000216,0.6010000000000216,0.4922346411273453,0.6010000000000216,0.6434355886921478
0.6000000000000216,0.6000000000000216,0.6000000000000216,0.491401996891273,0.6000000000000216,0.6439249347665467
0.5990000000000216,0.5990000000000216,0.5990000000000216,0.4905646345634358,0.5990000000000216,0.6444176889276438
0.5980000000000216,0.5980000000000216,0.5980000000000216,0.4897225663922389,0.5980000000000216,0.6449138544744871
0.5970000000000216,0.5970000000000216,0.5970000000000216,0.4888758076268976,0.5970000000000216,0.645413432966384
0.5960000000000216,0.5960000000000216,0.5960000000000216,0.4880243765529107,0.5960000000000216,0.6459164241909393
0.5950000000000216,0.5950000000000216,0.5950000000000216,0.4871682945247224,0.5950000000000216,0.6464228261334576
0.5940000000000216,0.5940000000000216,0.5940000000000216,0.4863075859963005,0.5940000000000216,0.6469326349472893
0.5930000000000216,0.5930000000000216,0.5930000000000216,0.4854422785504633,0.5930000000000216,0.6474458449246381
0.5920000000000216,0.5920000000000216,0.5920000000000216,0.4845724029278234,0.5920000000000216,0.6479624484673232
0.5910000000000216,0.5910000000000216,0.5910000000000216,0.4836979930562935,0.5910000000000216,0.6484824360569258
0.5900000000000216,0.5900000000000216,0.5900000000000216,0.4828190860820828,0.5900000000000216,0.6490057962237766
0.5890000000000216,0.5890000000000216,0.5890000000000216,0.4819357224031379,0.5890000000000216,0.6495325155141866
0.5880000000000216,0.5880000000000216,0.5880000000000216,0.4810479457058798,0.5880000000000216,0.6500625784554184
0.5870000000000216,0.5870000000000216,0.5870000000000216,0.4801558030060539,0.5870000000000216,0.6505959675178717
0.5860000000000216,0.5860000000000216,0.5860000000000216,0.4792593446943073,0.5860000000000216,0.6511326630741036
0.5850000000000216,0.5850000000000216,0.5850000000000216,0.4783586245869706,0.5850000000000216,0.6516726433543608
0.5840000000000216,0.5840000000000216,0.5840000000000216,0.477453699982236,0.5840000000000216,0.6522158843984802
0.5830000000000216,0.5830000000000216,0.5830000000000216,0.4765446317216608,0.5830000000000216,0.6527623600041665
0.5820000000000216,0.5820000000000216,0.5820000000000216,0.4756314842565738,0.5820000000000216,0.6533120416718691
0.5810000000000216,0.5810000000000216,0.5810000000000216,0.4747143257185704,0.5810000000000216,0.6538648985467147
0.5800000000000216,0.5800000000000216,0.5800000000000216,0.4737932279928876,0.5800000000000216,0.6544208973582047
0.5790000000000216,0.5790000000000216,0.5790000000000216,0.4728682667930021,0.5790000000000216,0.6549800023586567
0.5780000000000216,0.5780000000000216,0.5780000000000216,0.4719395217343618,0.5780000000000216,0.6555421752616399
0.5770000000000216,0.5770000000000216,0.5770000000000216,0.4710070764047189,0.5770000000000216,0.6561073751819541
0.5760000000000216,0.5760000000000216,0.5760000000000216,0.4700710184281436,0.5760000000000216,0.6566755585789341
0.5750000000000216,0.5750000000000216,0.5750000000000216,0.4691314395194436,0.5750000000000216,0.6572466792051093
0.5740000000000216,0.5740000000000216,0.5740000000000216,0.4681884355254196,0.5740000000000216,0.6578206880624509
0.5730000000000216,0.5730000000000216,0.5730000000000216,0.4672421064492085,0.5730000000000216,0.6583975333685729
0.5720000000000216,0.5720000000000216,0.5720000000000216,0.4662925564538721,0.5720000000000216,0.6589771605353296
0.5710000000000216,0.5710000000000216,0.5710000000000216,0.4653398938413987,0.5710000000000216,0.65955951216229
0.5700000000000216,0.5700000000000216,0.5700000000000216,0.4643842310034801,0.5700000000000216,0.6601445280474671
0.5690000000000216,0.5690000000000216,0.5690000000000216,0.4634256843406662,0.5690000000000216,0.6607321452175635
0.5680000000000216,0.5680000000000216,0.5680000000000216,0.462464374146961,0.5680000000000216,0.6613222979797412
0.5670000000000216,0.5670000000000216,0.5670000000000216,0.4615004244574304,0.5670000000000216,0.6619149179966308
0.5660000000000216,0.5660000000000216,0.5660000000000216,0.4605339628570599,0.5660000000000216,0.6625099343859062
0.5650000000000216,0.5650000000000216,0.5650000000000216,0.4595651202498306,0.5650000000000216,0.6631072738453155
0.5640000000000216,0.5640000000000216,0.5640000000000216,0.4585940305877855,0.5640000000000216,0.6637068608035711
0.5630000000000216,0.5630000000000216,0.5630000000000216,0.4576208305607036,0.5630000000000216,0.664308617596987
0.5620000000000216,0.5620000000000216,0.5620000000000216,0.4566456592478487,0.5620000000000216,0.6649124646712167
0.5610000000000216,0.5610000000000216,0.5610000000000216,0.4556686577341023,0.5610000000000216,0.665518320806918
0.5600000000000216,0.5600000000000216,0.5600000000000216,0.4546899686935644,0.5600000000000216,0.6661261033676774
0.5590000000000216,0.5590000000000216,0.5590000000000216,0.4537097359444354,0.5590000000000216,0.6667357285680435
0.5580000000000216,0.5580000000000216,0.5580000000000216,0.4527281039795923,0.5580000000000216,0.6673471117591272
0.5570000000000216,0.5570000000000216,0.5570000000000216,0.4517452174777958,0.5570000000000216,0.6679601677288625
0.5560000000000216,0.5560000000000216,0.5560000000000216,0.4507612208008244,0.5560000000000216,0.6685748110137646
0.5550000000000216,0.5550000000000216,0.5550000000000216,0.4497762574820929,0.5550000000000216,0.6691909562188133
0.5540000000000216,0.5540000000000216,0.5540000000000216,0.4487904697124062,0.5540000000000216,0.6698085183419999
0.5530000000000216,0.5530000000000216,0.5530000000000216,0.4478039978284864,0.5530000000000216,0.670427413100031
0.5520000000000216,0.5520000000000216,0.5520000000000216,0.4468169798097585,0.5520000000000216,0.6710475572517405
0.5510000000000216,0.5510000000000216,0.5510000000000216,0.4458295507886235,0.5510000000000216,0.6716688689158801
0.5500000000000216,0.5500000000000216,0.5500000000000216,0.4448418425790742,0.5500000000000216,0.6722912678801568
0.5490000000000216,0.5490000000000216,0.5490000000000216,0.4438539832280966,0.5490000000000216,0.6729146758986004
0.5480000000000216,0.5480000000000216,0.5480000000000216,0.4428660965937568,0.5480000000000216,0.6735390169746611
0.5470000000000216,0.5470000000000216,0.5470000000000216,0.4418783019533576,0.5470000000000216,0.6741642176277283
0.5460000000000216,0.5460000000000216,0.5460000000000216,0.4408907136444456,0.5460000000000216,0.6747902071411184
0.5450000000000216,0.5450000000000216,0.5450000000000216,0.4399034407408676,0.5450000000000216,0.6754169177899307
0.5440000000000216,0.5440000000000216,0.5440000000000216,0.4389165867654866,0.5440000000000216,0.6760442850475161
0.5430000000000216,0.5430000000000216,0.5430000000000216,0.4379302494405947,0.5430000000000216,0.6766722477696693
0.5420000000000216,0.5420000000000216,0.5420000000000216,0.4369445204765127,0.5420000000000216,0.6773007483559906
0.5410000000000216,0.5410000000000216,0.5410000000000216,0.4359594853983649,0.5410000000000216,0.6779297328881665
0.5400000000000216,0.5400000000000216,0.5400000000000216,0.4349752234105487,0.5400000000000216,0.678559151245239
0.5390000000000216,0.5390000000000216,0.5390000000000216,0.4339918072980099,0.5390000000000216,0.6791889571961847
0.5380000000000216,0.5380000000000216,0.5380000000000216,0.4330093033630541,0.5380000000000216,0.6798191084703807
0.5370000000000216,0.5370000000000216,0.5370000000000216,0.4320277713961461,0.5370000000000216,0.6804495668067162
0.5360000000000216,0.5360000000000216,0.5360000000000216,0.4310472646788532,0.5360000000000216,0.681080297982316
0.5350000000000216,0.5350000000000216,0.5350000000000216,0.4300678300169072,0.5350000000000216,0.6817112718219845
0.5340000000000216,0.5340000000000216,0.5340000000000216,0.4290895078012052,0.5340000000000216,0.6823424621895601
0.5330000000000216,0.5330000000000216,0.5330000000000216,0.4281123320944369,0.5330000000000216,0.6829738469625148
0.5320000000000216,0.5320000000000216,0.5320000000000216,0.4271363307409823,0.5320000000000216,0.683605407991145
0.5310000000000216,0.5310000000000216,0.5310000000000216,0.4261615254976754,0.5310000000000216,0.6842371310437706
0.5300000000000216,0.5300000000000216,0.5300000000000216,0.4251879321830527,0.5300000000000216,0.6848690057393509
0.5290000000000216,0.5290000000000216,0.5290000000000216,0.4242155608427177,0.5290000000000216,0.6855010254689451
0.5280000000000216,0.5280000000000216,0.5280000000000216,0.4232444159285306,0.5280000000000216,0.686133187307403
0.5270000000000216,0.5270000000000216,0.5270000000000216,0.4222744964894152,0.5270000000000216,0.686765491916641
0.5260000000000216,0.5260000000000216,0.5260000000000216,0.4213057963716511,0.5260000000000216,0.6873979434418279
0.5250000000000216,0.5250000000000216,0.5250000000000216,0.4203383044266602,0.5250000000000216,0.6880305494017251
0.5240000000000216,0.5240000000000216,0.5240000000000216,0.4193720047244036,0.5240000000000216,0.6886633205743666
0.5230000000000216,0.5230000000000216,0.5230000000000216,0.4184068767706392,0.5230000000000216,0.6892962708792034
0.5220000000000216,0.5220000000000216,0.5220000000000216,0.4174428957264216,0.5220000000000216,0.6899294172567515
0.5210000000000216,0.5210000000000216,0.5210000000000216,0.4164800326283706,0.5210000000000216,0.6905627795467095
0.5200000000000216,0.5200000000000216,0.5200000000000216,0.4155182546083599,0.5200000000000216,0.6911963803654254
0.5190000000000216,0.5190000000000216,0.5190000000000216,0.4145575251114252,0.5190000000000216,0.6918302449835331
0.5180000000000216,0.5180000000000216,0.5180000000000216,0.4135978041108112,0.5180000000000216,0.6924644012044729
0.5170000000000216,0.5170000000000216,0.5170000000000216,0.4126390483192042,0.5170000000000216,0.6930988792445636
0.5160000000000216,0.5160000000000216,0.5160000000000216,0.4116812113953327,0.5160000000000216,0.6937337116151995
0.5150000000000216,0.5150000000000216,0.5150000000000216,0.4107242441452121,0.5150000000000216,0.6943689330076859
0.5140000000000216,0.5140000000000216,0.5140000000000216,0.4097680947174285,0.5140000000000216,0.6950045801811605
0.5130000000000215,0.5130000000000215,0.5130000000000215,0.4088127087919604,0.5130000000000215,0.6956406918539862
0.5120000000000215,0.5120000000000215,0.5120000000000215,0.407858029762125,0.5120000000000215,0.6962773085989279
0.5110000000000215,0.5110000000000215,0.5110000000000215,0.4069039989093212,0.5110000000000215,0.6969144727424016
0.5100000000000215,0.5100000000000215,0.5100000000000215,0.405950555570317,0.5100000000000215,0.6975522282680072
0.5090000000000215,0.5090000000000215,0.5090000000000215,0.4049976372969179,0.5090000000000215,0.6981906207245183
0.5080000000000215,0.5080000000000215,0.5080000000000215,0.4040451800078821,0.5080000000000215,0.698829697138476
0.5070000000000215,0.5070000000000215,0.5070000000000215,0.4030931181330477,0.5070000000000215,0.6994695059314745
0.5060000000000215,0.5060000000000215,0.5060000000000215,0.4021413847496492,0.5060000000000215,0.7001100968422029
0.5050000000000215,0.5050000000000215,0.5050000000000215,0.4011899117108748,0.5050000000000215,0.7007515208532875
0.5040000000000215,0.5040000000000215,0.5040000000000215,0.4002386297667289,0.5040000000000215,0.7013938301229372
0.5030000000000215,0.5030000000000215,0.5030000000000215,0.3992874686773241,0.5030000000000215,0.7020370779213757
0.5020000000000215,0.5020000000000215,0.5020000000000215,0.3983363573187287,0.5020000000000215,0.7026813185720421
0.5010000000000215,0.5010000000000215,0.5010000000000215,0.3973852237815456,0.5010000000000215,0.7033266073974925
0.5000000000000215,0.5000000000000215,0.5000000000000215,0.3964339954623859,0.5000000000000215,0.7039730006699619
0.4990000000000215,0.4990000000000215,0.4990000000000215,0.3954825991484563,0.4990000000000215,0.7046205555664867
0.4980000000000215,0.4980000000000215,0.4980000000000215,0.3945309610954543,0.4980000000000215,0.7052693301285363
0.4970000000000215,0.4970000000000215,0.4970000000000215,0.3935790070989951,0.4970000000000215,0.7059193832260342
0.4960000000000215,0.4960000000000215,0.4960000000000215,0.3926266625597933,0.4960000000000215,0.706570774525703
0.4950000000000215,0.4950000000000215,0.4950000000000215,0.3916738525428346,0.4950000000000215,0.7072235644636106
0.4940000000000215,0.4940000000000215,0.4940000000000215,0.3907205018307554,0.4940000000000215,0.7078778142218362
0.4930000000000215,0.4930000000000215,0.4930000000000215,0.3897665349716707,0.4930000000000215,0.7085335857091571
0.4920000000000215,0.4920000000000215,0.4920000000000215,0.3888118763216736,0.4920000000000215,0.7091909415456442
0.4910000000000215,0.4910000000000215,0.4910000000000215,0.3878564500822271,0.4910000000000215,0.7098499450510881
0.4900000000000215,0.4900000000000215,0.4900000000000215,0.3869001803326735,0.4900000000000215,0.7105106602371534
0.4890000000000215,0.4890000000000215,0.4890000000000215,0.3859429910580705,0.4890000000000215,0.7111731518031716
0.4880000000000215,0.4880000000000215,0.4880000000000215,0.3849848061725543,0.4880000000000215,0.711837485135504
0.4870000000000215,0.4870000000000215,0.4870000000000215,0.3840255495384453,0.4870000000000215,0.7125037263103725
0.4860000000000215,0.4860000000000215,0.4860000000000215,0.3830651449812625,0.4860000000000215,0.713171942100113
0.4850000000000215,0.4850000000000215,0.4850000000000215,0.3821035163008492,0.4850000000000215,0.7138421999827669
0.4840000000000215,0.4840000000000215,0.4840000000000215,0.3811405872787634,0.4840000000000215,0.7145145681549692
0.4830000000000215,0.4830000000000215,0.4830000000000215,0.3801762816821144,0.4830000000000215,0.7151891155480644
0.4820000000000215,0.4820000000000215,0.4820000000000215,0.3792105232639774,0.4820000000000215,0.7158659118474324
0.4810000000000215,0.4810000000000215,0.4810000000000215,0.3782432357605416,0.4810000000000215,0.716545027514977
0.4800000000000215,0.4800000000000215,0.4800000000000215,0.3772743428851201,0.4800000000000215,0.7172265338147502
0.4790000000000215,0.4790000000000215,0.4790000000000215,0.3763037683191399,0.4790000000000215,0.7179105028417131
0.4780000000000215,0.4780000000000215,0.4780000000000215,0.375331435700228,0.4780000000000215,0.7185970075536173
0.4770000000000215,0.4770000000000215,0.4770000000000215,0.3743572686074845,0.4770000000000215,0.7192861218060155
0.4760000000000215,0.4760000000000215,0.4760000000000215,0.3733811905440479,0.4760000000000215,0.7199779203904166
0.4750000000000215,0.4750000000000215,0.4750000000000215,0.3724031249170116,0.4750000000000215,0.7206724790756159
0.4740000000000215,0.4740000000000215,0.4740000000000215,0.3714229950147793,0.4740000000000215,0.7213698746522365
0.4730000000000215,0.4730000000000215,0.4730000000000215,0.3704407239819039,0.4730000000000215,0.7220701849805243
0.4720000000000215,0.4720000000000215,0.4720000000000215,0.3694562347914611,0.4720000000000215,0.7227734890414768
0.4710000000000215,0.4710000000000215,0.4710000000000215,0.3684694502149956,0.4710000000000215,0.7234798669913609
0.4700000000000215,0.4700000000000215,0.4700000000000215,0.3674802927900651,0.4700000000000215,0.7241894002197167
0.4690000000000215,0.4690000000000215,0.4690000000000215,0.366488684785388,0.4690000000000215,0.7249021714109548
0.4680000000000215,0.4680000000000215,0.4680000000000215,0.3654945481636193,0.4680000000000215,0.7256182646096446
0.4670000000000215,0.4670000000000215,0.4670000000000215,0.3644978045417183,0.4670000000000215,0.7263377652896476
0.4660000000000215,0.4660000000000215,0.4660000000000215,0.3634983751489119,0.4660000000000215,0.7270607604272284
0.4650000000000215,0.4650000000000215,0.4650000000000215,0.3624961807822151,0.4650000000000215,0.7277873385783085
0.4640000000000215,0.4640000000000215,0.4640000000000215,0.3614911417594598,0.4640000000000215,0.7285175899600524
0.4630000000000215,0.4630000000000215,0.4630000000000215,0.3604831778697876,0.4630000000000215,0.7292516065369835
0.4620000000000215,0.4620000000000215,0.4620000000000215,0.3594722083215244,0.4620000000000215,0.7299894821118474
0.4610000000000215,0.4610000000000215,0.4610000000000215,0.3584581516873759,0.4610000000000215,0.7307313124214716
0.4600000000000215,0.4600000000000215,0.4600000000000215,0.3574409258468226,0.4600000000000215,0.7314771952378876
0.4590000000000215,0.4590000000000215,0.4590000000000215,0.356420447925626,0.4590000000000215,0.732227230475005
0.4580000000000215,0.4580000000000215,0.4580000000000215,0.3553966342323114,0.4580000000000215,0.7329815203011562
0.4570000000000215,0.4570000000000215,0.4570000000000215,0.3543694001914863,0.4570000000000215,0.7337401692578571
0.4560000000000215,0.4560000000000215,0.4560000000000215,0.3533386602738312,0.4560000000000215,0.7345032843851725
0.4550000000000215,0.4550000000000215,0.4550000000000215,0.3523043279225996,0.4550000000000215,0.7352709753540775
0.4540000000000215,0.4540000000000215,0.4540000000000215,0.3512663154764117,0.4540000000000215,0.7360433546062902
0.4530000000000215,0.4530000000000215,0.4530000000000215,0.3502245340881389,0.4530000000000215,0.73682053750204
0.4520000000000215,0.4520000000000215,0.4520000000000215,0.349178893639629,0.4520000000000215,0.7376026424763202
0.4510000000000215,0.4510000000000215,0.4510000000000215,0.3481293026520126,0.4510000000000215,0.7383897912041945
0.4500000000000215,0.4500000000000215,0.4500000000000215,0.3470756681912942,0.4500000000000215,0.7391821087757924
0.4490000000000215,0.4490000000000215,0.4490000000000215,0.3460178957689118,0.4490000000000215,0.7399797238816771
0.4480000000000215,0.4480000000000215,0.4480000000000215,0.3449558892369075,0.4480000000000215,0.7407827690093414
0.4470000000000215,0.4470000000000215,0.4470000000000215,0.3438895506773242,0.4470000000000215,0.7415913806516392
0.4460000000000215,0.4460000000000215,0.4460000000000215,0.3428187802854142,0.4460000000000215,0.742405699528049
0.4450000000000215,0.4450000000000215,0.4450000000000215,0.3417434762461717,0.4450000000000215,0.7432258708197401
0.4440000000000215,0.4440000000000215,0.4440000000000215,0.3406635346036982,0.4440000000000215,0.7440520444195167
0.4430000000000215,0.4430000000000215,0.4430000000000215,0.3395788491228349,0.4430000000000215,0.7448843751977796
0.4420000000000215,0.4420000000000215,0.4420000000000215,0.3384893111424407,0.4420000000000215,0.7457230232858053
0.4410000000000215,0.4410000000000215,0.4410000000000215,0.3373948094196392,0.4410000000000215,0.7465681543777296
0.4400000000000215,0.4400000000000215,0.4400000000000215,0.3362952299642924,0.4400000000000215,0.7474199400527655
0.4390000000000215,0.4390000000000215,0.4390000000000215,0.3351904558628829,0.4390000000000215,0.7482785581193447
0.4380000000000215,0.4380000000000215,0.4380000000000215,0.3340803670908886,0.4380000000000215,0.7491441929830408
0.4370000000000215,0.4370000000000215,0.4370000000000215,0.3329648403126649,0.4370000000000215,0.7500170360403083
0.4360000000000215,0.4360000000000215,0.4360000000000215,0.3318437486677212,0.4360000000000215,0.7508972861002926
0.4350000000000215,0.4350000000000215,0.4350000000000215,0.3307169615421741,0.4350000000000215,0.7517851498372061
0.4340000000000215,0.4340000000000215,0.4340000000000215,0.3295843443240353,0.4340000000000215,0.752680842276003
0.4330000000000215,0.4330000000000215,0.4330000000000215,0.3284457581408188,0.4330000000000215,0.7535845873144271
0.4320000000000215,0.4320000000000215,0.4320000000000215,0.3273010595778133,0.4320000000000215,0.7544966182847925
0.4310000000000215,0.4310000000000215,0.4310000000000215,0.3261501003751694,0.4310000000000215,0.755417178559267
0.4300000000000215,0.4300000000000215,0.4300000000000215,0.324992727101723,0.4300000000000215,0.7563465222028427
0.4290000000000215,0.4290000000000215,0.4290000000000215,0.3238287808032667,0.4290000000000215,0.7572849146786582
0.4280000000000215,0.4280000000000215,0.4280000000000215,0.3226580966226793,0.4280000000000215,0.7582326336108796
0.4270000000000215,0.4270000000000215,0.4270000000000215,0.3214805033890262,0.4270000000000215,0.7591899696109951
0.4260000000000215,0.4260000000000215,0.4260000000000215,0.3202958231723951,0.4260000000000215,0.7601572271740458
0.4250000000000215,0.4250000000000215,0.4250000000000215,0.319103870800808,0.4250000000000215,0.7611347256521641
0.4240000000000215,0.4240000000000215,0.4240000000000215,0.3179044533351011,0.4240000000000215,0.7621228003137018
0.4230000000000215,0.4230000000000215,0.4230000000000215,0.316697369497127,0.4230000000000215,0.7631218034972926
0.4220000000000215,0.4220000000000215,0.4220000000000215,0.3154824090460105,0.4220000000000215,0.764132105871442
0.4210000000000215,0.4210000000000215,0.4210000000000215,0.3142593520964954,0.4210000000000215,0.7651540978116181
0.4200000000000215,0.4200000000000215,0.4200000000000215,0.3130279683725632,0.4200000000000215,0.7661881909085206
0.4190000000000215,0.4190000000000215,0.4190000000000215,0.3117880163885964,0.4190000000000215,0.7672348196230268
0.4180000000000215,0.4180000000000215,0.4180000000000215,0.3105392425491791,0.4180000000000215,0.7682944431056312
0.4170000000000215,0.4170000000000215,0.4170000000000215,0.3092813801573962,0.4170000000000215,0.7693675472006952
0.4160000000000215,0.4160000000000215,0.4160000000000215,0.3080141483198789,0.4160000000000215,0.7704546466589534
0.4150000000000215,0.4150000000000215,0.4150000000000215,0.3067372507351142,0.4150000000000215,0.7715562875852298
0.4140000000000215,0.4140000000000215,0.4140000000000215,0.3054503743493502,0.4140000000000215,0.7726730501526088
0.4130000000000215,0.4130000000000215,0.4130000000000215,0.3041531878619224,0.4130000000000215,0.7738055516192729
0.4120000000000215,0.4120000000000215,0.4120000000000215,0.3028453400588182,0.4120000000000215,0.7749544496901996
0.4110000000000215,0.4110000000000215,0.4110000000000215,0.3015264579496712,0.4110000000000215,0.7761204462730611
0.4100000000000215,0.4100000000000215,0.4100000000000215,0.3001961446790649,0.4100000000000215,0.7773042916861904
0.4090000000000215,0.4090000000000215,0.4090000000000215,0.2988539771777992,0.4090000000000215,0.7785067893868288
0.4080000000000215,0.4080000000000215,0.4080000000000215,0.2974995035134245,0.4080000000000215,0.7797288013003683
0.4070000000000215,0.4070000000000215,0.4070000000000215,0.2961322398916499,0.4070000000000215,0.7809712538465144
0.4060000000000215,0.4060000000000215,0.4060000000000215,0.294751667250736,0.4060000000000215,0.7822351447769879
0.4050000000000215,0.4050000000000215,0.4050000000000215,0.2933572273793641,0.4050000000000215,0.7835215509622971
0.4040000000000215,0.4040000000000215,0.4040000000000215,0.2919483184739717,0.4040000000000215,0.7848316372936204
0.4030000000000215,0.4030000000000215,0.4030000000000215,0.2905242900335528,0.4030000000000215,0.7861666669012713
0.4020000000000215,0.4020000000000215,0.4020000000000215,0.2890844369672362,0.4020000000000215,0.7875280129357671
0.4010000000000215,0.4010000000000215,0.4010000000000215,0.2876279927613025,0.4010000000000215,0.7889171722138251
0.4000000000000214,0.4000000000000214,0.4000000000000214,0.2861541215157834,0.4000000000000214,0.7903357811032905
0.3990000000000214,0.3990000000000214,0.3990000000000214,0.2846619086137976,0.3990000000000214,0.7917856341131743
0.3980000000000214,0.3980000000000214,0.3980000000000214,0.2831503497259361,0.3980000000000214,0.7932687057742471
0.3970000000000214,0.3970000000000214,0.3970000000000214,0.2816183377723094,0.3970000000000214,0.7947871765517871
0.3960000000000214,0.3960000000000214,0.3960000000000214,0.2800646473595672,0.3960000000000214,0.7963434637382408
0.3950000000000214,0.3950000000000214,0.3950000000000214,0.2784879160694734,0.3950000000000214,0.7979402585489083
0.3940000000000214,0.3940000000000214,0.3940000000000214,0.2768866217852747,0.3940000000000214,0.7995805710159629
0.3930000000000214,0.3930000000000214,0.3930000000000214,0.2752590549815597,0.3930000000000214,0.8012677847852712
0.3920000000000214,0.3920000000000214,0.3920000000000214,0.2736032845413444,0.3920000000000214,0.8030057246273712
0.3910000000000214,0.3910000000000214,0.3910000000000214,0.2719171151539849,0.3910000000000214,0.8047987404696807
0.3900000000000214,0.3900000000000214,0.3900000000000214,0.270198033616016,0.3900000000000214,0.8066518131838571
0.3890000000000214,0.3890000000000214,0.3890000000000214,0.2684431402890721,0.3890000000000214,0.808570689444196
0.3880000000000214,0.3880000000000214,0.3880000000000214,0.2666490603772972,0.3880000000000214,0.8105620560741387
0.3870000000000214,0.3870000000000214,0.3870000000000214,0.2648118272599008,0.3870000000000214,0.8126337690232825
0.3860000000000214,0.3860000000000214,0.3860000000000214,0.2629267263184791,0.3860000000000214,0.8147951595044626
0.3850000000000214,0.3850000000000214,0.3850000000000214,0.2609880815862558,0.3850000000000214,0.8170574517086499
0.3840000000000214,0.3840000000000214,0.3840000000000214,0.2589889573725927,0.3840000000000214,0.8194343462910436
0.3830000000000214,0.3830000000000214,0.3830000000000214,0.2569207294227394,0.3830000000000214,0.8219428579998423
0.3820000000000214,0.3820000000000214,0.3820000000000214,0.2547724483607986,0.3820000000000214,0.8246045575840558
0.3810000000000214,0.3810000000000214,0.3810000000000214,0.2525298575195099,0.3810000000000214,0.8274474857944406
0.3800000000000214,0.3800000000000214,0.3800000000000214,0.2501738040453018,0.3800000000000214,0.8305092462496295
0.3790000000000214,0.3790000000000214,0.3790000000000214,0.2476775113729948,0.3790000000000214,0.833842308807914
0.3780000000000214,0.3780000000000214,0.3780000000000214,0.2450015237365597,0.3780000000000214,0.8375238286258616
0.3770000000000214,0.3770000000000214,0.3770000000000214,0.2420833135489178,0.3770000000000214,0.8416758093746435
0.3760000000000214,0.3760000000000214,0.3760000000000214,0.2388124938979296,0.3760000000000214,0.8465131426910116
0.3750000000000214,0.3750000000000214,0.3750000000000214,0.2349559896592209,0.3750000000000214,0.8524884729396197
0.3740000000000214,0.3740000000000214,0.3740000000000214,0.2298019996502812,0.3740000000000214,0.8609806962541973
0.3730000000000214,0.3730000000000214,0.3730000000000214,1.197412042618951,0.3730000000000214,0.1250650914003883
0.3720000000000214,0.3720000000000214,0.3720000000000214,1.19742139949525,0.3720000000000214,0.1248615427256299
0.3710000000000214,0.3710000000000214,0.3710000000000214,1.197430785512255,0.3710000000000214,0.1246567067561382
0.3700000000000214,0.3700000000000214,0.3700000000000214,1.197440199570057,0.3700000000000214,0.1244505854077517
0.3690000000000214,0.3690000000000214,0.3690000000000214,1.197449641028079,0.3690000000000214,0.1242431816431476
0.3680000000000214,0.3680000000000214,0.3680000000000214,1.197459109240354,0.3680000000000214,0.1240344985631815
0.3670000000000214,0.3670000000000214,0.3670000000000214,1.197468603555776,0.3670000000000214,0.1238245394048684
0.3660000000000214,0.3660000000000214,0.3660000000000214,1.197478123318352,0.3660000000000214,0.1236133075393121
0.3650000000000214,0.3650000000000214,0.3650000000000214,1.197487667867462,0.3650000000000214,0.1234008064695769
0.3640000000000214,0.3640000000000214,0.3640000000000214,1.197497236538106,0.3640000000000214,0.1231870398285121
0.3630000000000214,0.3630000000000214,0.3630000000000214,1.197506828661166,0.3630000000000214,0.1229720113765254
0.3620000000000214,0.3620000000000214,0.3620000000000214,1.197516443563665,0.3620000000000214,0.1227557249993129
0.3610000000000214,0.3610000000000214,0.3610000000000214,1.197526080569018,0.3610000000000214,0.1225381847055429
0.3600000000000214,0.3600000000000214,0.3600000000000214,1.197535738997294,0.3600000000000214,0.1223193946244998
0.3590000000000214,0.3590000000000214,0.3590000000000214,1.197545418165473,0.3590000000000214,0.1220993590036888
0.3580000000000214,0.3580000000000214,0.3580000000000214,1.197555117387701,0.3580000000000214,0.1218780822064055
0.3570000000000214,0.3570000000000214,0.3570000000000214,1.197564835975549,0.3570000000000214,0.1216555687092688
0.3560000000000214,0.3560000000000214,0.3560000000000214,1.197574573238267,0.3560000000000214,0.1214318230997244
0.3550000000000214,0.3550000000000214,0.3550000000000214,1.197584328483039,0.3550000000000214,0.1212068500735191
0.3540000000000214,0.3540000000000214,0.3540000000000214,1.197594101015239,0.3540000000000214,0.1209806544321464
0.3530000000000214,0.3530000000000214,0.3530000000000214,1.19760389013868,0.3530000000000214,0.120753241080269
0.3520000000000214,0.3520000000000214,0.3520000000000214,1.197613695155868,0.3520000000000214,0.120524615023119
0.3510000000000214,0.3510000000000214,0.3510000000000214,1.197623515368249,0.3510000000000214,0.1202947813638781
0.3500000000000214,0.3500000000000214,0.3500000000000214,1.197633350076459,0.3500000000000214,0.1200637453010392
0.3490000000000214,0.3490000000000214,0.3490000000000214,1.197643198580565,0.3490000000000214,0.1198315121257535
0.3480000000000214,0.3480000000000214,0.3480000000000214,1.197653060180313,0.3480000000000214,0.1195980872191645
0.3470000000000214,0.3470000000000214,0.3470000000000214,1.197662934175366,0.3470000000000214,0.1193634760497304
0.3460000000000214,0.3460000000000214,0.3460000000000214,1.197672819865541,0.3460000000000214,0.1191276841705367
0.3450000000000214,0.3450000000000214,0.3450000000000214,1.197682716551047,0.3450000000000214,0.1188907172166039
0.3440000000000214,0.3440000000000214,0.3440000000000214,1.197692623532717,0.3440000000000214,0.1186525809021891
0.3430000000000214,0.3430000000000214,0.3430000000000214,1.197702540112237,0.3430000000000214,0.1184132810180841
0.3420000000000214,0.3420000000000214,0.3420000000000214,1.197712465592371,0.3420000000000214,0.118172823428914
0.3410000000000214,0.3410000000000214,0.3410000000000214,1.197722399277188,0.3410000000000214,0.1179312140704363
0.3400000000000214,0.3400000000000214,0.3400000000000214,1.19773234047228,0.3400000000000214,0.1176884589468422
0.3390000000000214,0.3390000000000214,0.3390000000000214,1.197742288484976,0.3390000000000214,0.1174445641280633
0.3380000000000214,0.3380000000000214,0.3380000000000214,1.197752242624561,0.3380000000000214,0.1171995357470852
0.3370000000000214,0.3370000000000214,0.3370000000000214,1.197762202202477,0.3370000000000214,0.1169533799972668
0.3360000000000214,0.3360000000000214,0.3360000000000214,1.197772166532535,0.3360000000000214,0.1167061031296735
0.3350000000000214,0.3350000000000214,0.3350000000000214,1.197782134931115,0.3350000000000214,0.1164577114504179
0.3340000000000214,0.3340000000000214,0.3340000000000214,1.197792106717361,0.3340000000000214,0.1162082113180163
0.3330000000000214,0.3330000000000214,0.3330000000000214,1.197802081213377,0.3330000000000214,0.1159576091407575
0.3320000000000214,0.3320000000000214,0.3320000000000214,1.197812057744416,0.3320000000000214,0.1157059113740891
0.3310000000000214,0.3310000000000214,0.3310000000000214,1.197822035639063,0.3310000000000214,0.1154531245180218
0.3300000000000214,0.3300000000000214,0.3300000000000214,1.197832014229421,0.3300000000000214,0.1151992551145499
0.3290000000000214,0.3290000000000214,0.3290000000000214,1.197841992851281,0.3290000000000214,0.114944309745095
0.3280000000000214,0.3280000000000214,0.3280000000000214,1.197851970844299,0.3280000000000214,0.114688295027969
0.3270000000000214,0.3270000000000214,0.3270000000000214,1.197861947552164,0.3270000000000214,0.1144312176158603
0.3260000000000214,0.3260000000000214,0.3260000000000214,1.197871922322757,0.3260000000000214,0.1141730841933437
0.3250000000000214,0.3250000000000214,0.3250000000000214,1.197881894508317,0.3250000000000214,0.113913901474416
0.3240000000000214,0.3240000000000214,0.3240000000000214,1.197891863465587,0.3240000000000214,0.1136536762000562
0.3230000000000214,0.3230000000000214,0.3230000000000214,1.197901828555972,0.3230000000000214,0.1133924151358144
0.3220000000000214,0.3220000000000214,0.3220000000000214,1.197911789145679,0.3220000000000214,0.1131301250694268
0.3210000000000214,0.3210000000000214,0.3210000000000214,1.197921744605862,0.3210000000000214,0.1128668128084612
0.3200000000000214,0.3200000000000214,0.3200000000000214,1.197931694312752,0.3200000000000214,0.1126024851779923
0.3190000000000214,0.3190000000000214,0.3190000000000214,1.197941637647796,0.3190000000000214,0.1123371490183069
0.3180000000000214,0.3180000000000214,0.3180000000000214,1.197951573997779,0.3180000000000214,0.1120708111826408
0.3170000000000214,0.3170000000000214,0.3170000000000214,1.19796150275495,0.3170000000000214,0.1118034785349491
0.3160000000000214,0.3160000000000214,0.3160000000000214,1.197971423317137,0.3160000000000214,0.1115351579477082
0.3150000000000214,0.3150000000000214,0.3150000000000214,1.197981335087861,0.3150000000000214,0.1112658562997532
0.3140000000000214,0.3140000000000214,0.3140000000000214,1.197991237476446,0.3140000000000214,0.1109955804741467
0.3130000000000214,0.3130000000000214,0.3130000000000214,1.198001129898124,0.3130000000000214,0.1107243373560885
0.3120000000000214,0.3120000000000214,0.3120000000000214,1.198011011774132,0.3120000000000214,0.1104521338308527
0.3110000000000214,0.3110000000000214,0.3110000000000214,1.198020882531807,0.3110000000000214,0.1101789767817696
0.3100000000000214,0.3100000000000214,0.3100000000000214,1.198030741604683,0.3100000000000214,0.1099048730882376
0.3090000000000214,0.3090000000000214,0.3090000000000214,1.19804058843257,0.3090000000000214,0.1096298296237774
0.3080000000000214,0.3080000000000214,0.3080000000000214,1.198050422461638,0.3080000000000214,0.1093538532541199
0.3070000000000214,0.3070000000000214,0.3070000000000214,1.198060243144499,0.3070000000000214,0.1090769508353347
0.3060000000000214,0.3060000000000214,0.3060000000000214,1.198070049940272,0.3060000000000214,0.1087991292119965
0.3050000000000214,0.3050000000000214,0.3050000000000214,1.198079842314661,0.3050000000000214,0.1085203952153907
0.3040000000000214,0.3040000000000214,0.3040000000000214,1.198089619740015,0.3040000000000214,0.1082407556617572
0.3030000000000214,0.3030000000000214,0.3030000000000214,1.198099381695387,0.3030000000000214,0.1079602173505751
0.3020000000000214,0.3020000000000214,0.3020000000000214,1.198109127666594,0.3020000000000214,0.1076787870628865
0.3010000000000214,0.3010000000000214,0.3010000000000214,1.198118857146268,0.3010000000000214,0.1073964715596604
0.3000000000000214,0.3000000000000214,0.3000000000000214,1.198128569633904,0.3000000000000214,0.1071132775801975
0.2990000000000214,0.2990000000000214,0.2990000000000214,1.198138264635905,0.2990000000000214,0.1068292118405753
0.2980000000000214,0.2980000000000214,0.2980000000000214,1.198147941665622,0.2980000000000214,0.1065442810321331
0.2970000000000214,0.2970000000000214,0.2970000000000214,1.19815760024339,0.2970000000000214,0.1062584918199996
0.2960000000000214,0.2960000000000214,0.2960000000000214,1.198167239896561,0.2960000000000214,0.1059718508416597
0.2950000000000214,0.2950000000000214,0.2950000000000214,1.198176860159534,0.2950000000000214,0.1056843647055639
0.2940000000000214,0.2940000000000214,0.2940000000000214,1.19818646057378,0.2940000000000214,0.1053960399897784
0.2930000000000214,0.2930000000000214,0.2930000000000214,1.198196040687862,0.2930000000000214,0.1051068832406753
0.2920000000000214,0.2920000000000214,0.2920000000000214,1.198205600057455,0.2920000000000214,0.1048169009716673
0.2910000000000214,0.2910000000000214,0.2910000000000214,1.198215138245359,0.2910000000000214,0.1045260996619796
0.2900000000000214,0.2900000000000214,0.2900000000000214,1.198224654821514,0.2900000000000214,0.1042344857554665
0.2890000000000214,0.2890000000000214,0.2890000000000214,1.198234149363001,0.2890000000000214,0.1039420656594676
0.2880000000000214,0.2880000000000214,0.2880000000000214,1.198243621454054,0.2880000000000214,0.1036488457437053
0.2870000000000213,0.2870000000000213,0.2870000000000213,1.198253070686058,0.2870000000000213,0.1033548323392251
0.2860000000000213,0.2860000000000213,0.2860000000000213,1.198262496657545,0.2860000000000213,0.1030600317373744
0.2850000000000213,0.2850000000000213,0.2850000000000213,1.198271898974194,0.2850000000000213,0.1027644501888235
0.2840000000000213,0.2840000000000213,0.2840000000000213,1.19828127724882,0.2840000000000213,0.1024680939026294
0.2830000000000213,0.2830000000000213,0.2830000000000213,1.198290631101363,0.2830000000000213,0.1021709690453357
0.2820000000000213,0.2820000000000213,0.2820000000000213,1.19829996015888,0.2820000000000213,0.1018730817401177
0.2810000000000213,0.2810000000000213,0.2810000000000213,1.198309264055519,0.2810000000000213,0.101574438065965
0.2800000000000213,0.2800000000000213,0.2800000000000213,1.198318542432508,0.2800000000000213,0.1012750440569043
0.2790000000000213,0.2790000000000213,0.2790000000000213,1.198327794938132,0.2790000000000213,0.1009749057012631
0.2780000000000213,0.2780000000000213,0.2780000000000213,1.198337021227706,0.2780000000000213,0.1006740289409718
0.2770000000000213,0.2770000000000213,0.2770000000000213,1.19834622096355,0.2770000000000213,0.1003724196709055
0.2760000000000213,0.2760000000000213,0.2760000000000213,1.198355393814963,0.2760000000000213,0.1000700837382649
0.2750000000000213,0.2750000000000213,0.2750000000000213,1.198364539458186,0.2750000000000213,0.09976702694199459
0.2740000000000213,0.2740000000000213,0.2740000000000213,1.198373657576373,0.2740000000000213,0.0994632550322414
0.2730000000000213,0.2730000000000213,0.2730000000000213,1.198382747859554,0.2730000000000213,0.09915877370984791
0.2720000000000213,0.2720000000000213,0.2720000000000213,1.198391810004598,0.2720000000000213,0.09885358862588561
0.2710000000000213,0.2710000000000213,0.2710000000000213,1.19840084371517,0.2710000000000213,0.09854770538122401
0.2700000000000213,0.2700000000000213,0.2700000000000213,1.198409848701695,0.2700000000000213,0.09824112952613612
0.2690000000000213,0.2690000000000213,0.2690000000000213,1.19841882468131,0.2690000000000213,0.09793386655993908
0.2680000000000213,0.2680000000000213,0.2680000000000213,1.198427771377821,0.2680000000000213,0.09762592193067225
0.2670000000000213,0.2670000000000213,0.2670000000000213,1.198436688521654,0.2670000000000213,0.09731730103480878
0.2660000000000213,0.2660000000000213,0.2660000000000213,1.198445575849808,0.2660000000000213,0.09700800921700072
0.2650000000000213,0.2650000000000213,0.2650000000000213,1.198454433105807,0.2650000000000213,0.09669805176986017
0.2640000000000213,0.2640000000000213,0.2640000000000213,1.198463260039644,0.2640000000000213,0.0963874339337715
0.2630000000000213,0.2630000000000213,0.2630000000000213,1.19847205640773,0.2630000000000213,0.09607616089673764
0.2620000000000213,0.2620000000000213,0.2620000000000213,1.19848082197284,0.2620000000000213,0.09576423779425761
0.2610000000000213,0.2610000000000213,0.2610000000000213,1.198489556504058,0.2610000000000213,0.09545166970923431
0.2600000000000213,0.2600000000000213,0.2600000000000213,1.198498259776718,0.2600000000000213,0.09513846167191548
0.2590000000000213,0.2590000000000213,0.2590000000000213,1.19850693157235,0.2590000000000213,0.09482461865986236
0.2580000000000213,0.2580000000000213,0.2580000000000213,1.198515571678617,0.2580000000000213,0.09451014559794851
0.2570000000000213,0.2570000000000213,0.2570000000000213,1.198524179889256,0.2570000000000213,0.09419504735838605
0.2560000000000213,0.2560000000000213,0.2560000000000213,1.198532756004018,0.2560000000000213,0.09387932876078253
0.2550000000000213,0.2550000000000213,0.2550000000000213,1.198541299828608,0.2550000000000213,0.09356299457222027
0.2540000000000213,0.2540000000000213,0.2540000000000213,1.198549811174619,0.2540000000000213,0.09324604950736612
0.2530000000000213,0.2530000000000213,0.2530000000000213,1.19855828985947,0.2530000000000213,0.09292849822860506
0.2520000000000213,0.2520000000000213,0.2520000000000213,1.198566735706345,0.2520000000000213,0.09261034534619744
0.2510000000000213,0.2510000000000213,0.2510000000000213,1.198575148544124,0.2510000000000213,0.09229159541846206
0.2500000000000213,0.2500000000000213,0.2500000000000213,1.19858352820732,0.2500000000000213,0.09197225295198029
0.2490000000000213,0.2490000000000213,0.2490000000000213,1.198591874536015,0.2490000000000213,0.09165232240182422
0.2480000000000213,0.2480000000000213,0.2480000000000213,1.198600187375792,0.2480000000000213,0.09133180817180549
0.2470000000000213,0.2470000000000213,0.2470000000000213,1.19860846657767,0.2470000000000213,0.09101071461474419
0.2460000000000213,0.2460000000000213,0.2460000000000213,1.198616711998035,0.2460000000000213,0.09068904603275806
0.2450000000000213,0.2450000000000213,0.2450000000000213,1.198624923498576,0.2450000000000213,0.0903668066775708
0.2440000000000213,0.2440000000000213,0.2440000000000213,1.198633100946219,0.2440000000000213,0.09004400075083779
0.2430000000000213,0.2430000000000213,0.2430000000000213,1.198641244213054,0.2430000000000213,0.08972063240448973
0.2420000000000213,0.2420000000000213,0.2420000000000213,1.198649353176274,0.2420000000000213,0.08939670574109169
0.2410000000000213,0.2410000000000213,0.2410000000000213,1.198657427718103,0.2410000000000213,0.08907222481421871
0.2400000000000213,0.2400000000000213,0.2400000000000213,1.198665467725732,0.2400000000000213,0.08874719362884603
0.2390000000000213,0.2390000000000213,0.2390000000000213,1.198673473091248,0.2390000000000213,0.08842161614175156
0.2380000000000213,0.2380000000000213,0.2380000000000213,1.198681443711571,0.2380000000000213,0.08809549626193404
0.2370000000000213,0.2370000000000213,0.2370000000000213,1.198689379488383,0.2370000000000213,0.08776883785104052
0.2360000000000213,0.2360000000000213,0.2360000000000213,1.198697280328061,0.2360000000000213,0.08744164472380808
0.2350000000000213,0.2350000000000213,0.2350000000000213,1.198705146141615,0.2350000000000213,0.08711392064851363
0.2340000000000213,0.2340000000000213,0.2340000000000213,1.198712976844614,0.2340000000000213,0.08678566934743473
0.2330000000000213,0.2330000000000213,0.2330000000000213,1.198720772357124,0.2330000000000213,0.08645689449731978
0.2320000000000213,0.2320000000000213,0.2320000000000213,1.198728532603643,0.2320000000000213,0.0861275997298654
0.2310000000000213,0.2310000000000213,0.2310000000000213,1.198736257513032,0.2310000000000213,0.08579778863220135
0.2300000000000213,0.2300000000000213,0.2300000000000213,1.198743947018448,0.2300000000000213,0.08546746474738329
0.2290000000000213,0.2290000000000213,0.2290000000000213,1.198751601057286,0.2290000000000213,0.08513663157488995
0.2280000000000213,0.2280000000000213,0.2280000000000213,1.198759219571107,0.2280000000000213,0.08480529257112758
0.2270000000000213,0.2270000000000213,0.2270000000000213,1.198766802505577,0.2270000000000213,0.08447345114993557
0.2260000000000213,0.2260000000000213,0.2260000000000213,1.198774349810401,0.2260000000000213,0.08414111068310079
0.2250000000000213,0.2250000000000213,0.2250000000000213,1.198781861439265,0.2250000000000213,0.08380827450087001
0.2240000000000213,0.2240000000000213,0.2240000000000213,1.198789337349764,0.2240000000000213,0.08347494589246901
0.2230000000000213,0.2230000000000213,0.2230000000000213,1.198796777503351,0.2230000000000213,0.08314112810662057
0.2220000000000213,0.2220000000000213,0.2220000000000213,1.198804181865262,0.2220000000000213,0.08280682435206664
0.2210000000000213,0.2210000000000213,0.2210000000000213,1.198811550404468,0.2210000000000213,0.08247203779808851
0.2200000000000213,0.2200000000000213,0.2200000000000213,1.198818883093604,0.2200000000000213,0.08213677157502915
0.2190000000000213,0.2190000000000213,0.2190000000000213,1.198826179908912,0.2190000000000213,0.08180102877481443
0.2180000000000213,0.2180000000000213,0.2180000000000213,1.198833440830186,0.2180000000000213,0.08146481245147272
0.2170000000000213,0.2170000000000213,0.2170000000000213,1.198840665840704,0.2170000000000213,0.08112812562165546
0.2160000000000213,0.2160000000000213,0.2160000000000213,1.19884785492718,0.2160000000000213,0.08079097126515297
0.2150000000000213,0.2150000000000213,0.2150000000000213,1.198855008079695,0.2150000000000213,0.08045335232540995
0.2140000000000213,0.2140000000000213,0.2140000000000213,1.198862125291649,0.2140000000000213,0.08011527171003713
0.2130000000000213,0.2130000000000213,0.2130000000000213,1.1988692065597,0.2130000000000213,0.07977673229132159
0.2120000000000213,0.2120000000000213,0.2120000000000213,1.19887625188371,0.2120000000000213,0.07943773690673089
0.2110000000000213,0.2110000000000213,0.2110000000000213,1.198883261266688,0.2110000000000213,0.07909828835941461
0.2100000000000213,0.2100000000000213,0.2100000000000213,1.198890234714733,0.2100000000000213,0.07875838941870283
0.2090000000000213,0.2090000000000213,0.2090000000000213,1.19889717223699,0.2090000000000213,0.07841804282059811
0.2080000000000213,0.2080000000000213,0.2080000000000213,1.198904073845584,0.2080000000000213,0.07807725126826359
0.2070000000000213,0.2070000000000213,0.2070000000000213,1.198910939555574,0.2070000000000213,0.07773601743250579
0.2060000000000213,0.2060000000000213,0.2060000000000213,1.198917769384902,0.2060000000000213,0.07739434395225235
0.2050000000000213,0.2050000000000213,0.2050000000000213,1.198924563354338,0.2050000000000213,0.07705223343502314
0.2040000000000213,0.2040000000000213,0.2040000000000213,1.19893132148743,0.2040000000000213,0.07670968845739663
0.2030000000000213,0.2030000000000213,0.2030000000000213,1.198938043810457,0.2030000000000213,0.0763667115654703
0.2020000000000213,0.2020000000000213,0.2020000000000213,1.198944730352375,0.2020000000000213,0.07602330527531301
0.2010000000000213,0.2010000000000213,0.2010000000000213,1.198951381144772,0.2010000000000213,0.07567947207341377
0.2000000000000213,0.2000000000000213,0.2000000000000213,1.198957996221816,0.2000000000000213,0.0753352144171214
0.1990000000000213,0.1990000000000213,0.1990000000000213,1.198964575620213,0.1990000000000213,0.07499053473507955
0.1980000000000213,0.1980000000000213,0.1980000000000213,1.198971119379154,0.1980000000000213,0.07464543542765328
0.1970000000000213,0.1970000000000213,0.1970000000000213,1.198977627540271,0.1970000000000213,0.07429991886735059
0.1960000000000213,0.1960000000000213,0.1960000000000213,1.198984100147593,0.1960000000000213,0.07395398739923509
0.1950000000000213,0.1950000000000213,0.1950000000000213,1.1989905372475,0.1950000000000213,0.07360764334133384
0.1940000000000213,0.1940000000000213,0.1940000000000213,1.198996938888678,0.1940000000000213,0.07326088898503598
0.1930000000000213,0.1930000000000213,0.1930000000000213,1.199003305122072,0.1930000000000213,0.07291372659548584
0.1920000000000213,0.1920000000000213,0.1920000000000213,1.199009636000851,0.1920000000000213,0.07256615841196917
0.1910000000000213,0.1910000000000213,0.1910000000000213,1.199015931580357,0.1910000000000213,0.07221818664829048
0.1900000000000213,0.1900000000000213,0.1900000000000213,1.199022191918067,0.1900000000000213,0.07186981349314583
0.1890000000000213,0.1890000000000213,0.1890000000000213,1.199028417073551,0.1890000000000213,0.07152104111048672
0.1880000000000213,0.1880000000000213,0.1880000000000213,1.19903460710843,0.1880000000000213,0.07117187163987744
0.1870000000000213,0.1870000000000213,0.1870000000000213,1.199040762086337,0.1870000000000213,0.07082230719684665
0.1860000000000213,0.1860000000000213,0.1860000000000213,1.199046882072877,0.1860000000000213,0.07047234987322962
0.1850000000000213,0.1850000000000213,0.1850000000000213,1.199052967135586,0.1850000000000213,0.07012200173750643
0.1840000000000213,0.1840000000000213,0.1840000000000213,1.199059017343892,0.1840000000000213,0.06977126483513131
0.1830000000000213,0.1830000000000213,0.1830000000000213,1.199065032769083,0.1830000000000213,0.06942014118885641
0.1820000000000213,0.1820000000000213,0.1820000000000213,1.19907101348426,0.1820000000000213,0.06906863279904878
0.1810000000000213,0.1810000000000213,0.1810000000000213,1.199076959564305,0.1810000000000213,0.06871674164400005
0.1800000000000213,0.1800000000000213,0.1800000000000213,1.199082871085847,0.1800000000000213,0.06836446968023124
0.1790000000000213,0.1790000000000213,0.1790000000000213,1.199088748127217,0.1790000000000213,0.06801181884278953
0.1780000000000213,0.1780000000000213,0.1780000000000213,1.199094590768423,0.1780000000000213,0.06765879104554059
0.1770000000000213,0.1770000000000213,0.1770000000000213,1.199100399091106,0.1770000000000213,0.06730538818145317
0.1760000000000213,0.1760000000000213,0.1760000000000213,1.199106173178511,0.1760000000000213,0.06695161212287881
0.1750000000000212,0.1750000000000212,0.1750000000000212,1.19911191311545,0.1750000000000212,0.06659746472182528
0.1740000000000212,0.1740000000000212,0.1740000000000212,1.199117618988268,0.1740000000000212,0.06624294781022447
0.1730000000000212,0.1730000000000212,0.1730000000000212,1.199123290884811,0.1730000000000212,0.06588806320019423
0.1720000000000212,0.1720000000000212,0.1720000000000212,1.199128928894394,0.1720000000000212,0.06553281268429587
0.1710000000000212,0.1710000000000212,0.1710000000000212,1.199134533107767,0.1710000000000212,0.06517719803578517
0.1700000000000212,0.1700000000000212,0.1700000000000212,1.199140103617081,0.1700000000000212,0.06482122100885784
0.1690000000000212,0.1690000000000212,0.1690000000000212,1.199145640515861,0.1690000000000212,0.06446488333889212
0.1680000000000212,0.1680000000000212,0.1680000000000212,1.199151143898972,0.1680000000000212,0.06410818674268352
0.1670000000000212,0.1670000000000212,0.1670000000000212,1.19915661386259,0.1670000000000212,0.06375113291867689
0.1660000000000212,0.1660000000000212,0.1660000000000212,1.199162050504168,0.1660000000000212,0.06339372354719348
0.1650000000000212,0.1650000000000212,0.1650000000000212,1.199167453922412,0.1650000000000212,0.06303596029065187
0.1640000000000212,0.1640000000000212,0.1640000000000212,1.199172824217247,0.1640000000000212,0.06267784479378714
0.1630000000000212,0.1630000000000212,0.1630000000000212,1.199178161489788,0.1630000000000212,0.06231937868386311
0.1620000000000212,0.1620000000000212,0.1620000000000212,1.199183465842315,0.1620000000000212,0.06196056357088248
0.1610000000000212,0.1610000000000212,0.1610000000000212,1.19918873737824,0.1610000000000212,0.06160140104779174
0.1600000000000212,0.1600000000000212,0.1600000000000212,1.199193976202083,0.1600000000000212,0.06124189269068308
0.1590000000000212,0.1590000000000212,0.1590000000000212,1.199199182419441,0.1590000000000212,0.06088204005899055
0.1580000000000212,0.1580000000000212,0.1580000000000212,1.199204356136966,0.1580000000000212,0.06052184469568613
0.1570000000000212,0.1570000000000212,0.1570000000000212,1.19920949746233,0.1570000000000212,0.06016130812746955
0.1560000000000212,0.1560000000000212,0.1560000000000212,1.199214606504207,0.1560000000000212,0.05980043186495401
0.1550000000000212,0.1550000000000212,0.1550000000000212,1.199219683372243,0.1550000000000212,0.05943921740285224
0.1540000000000212,0.1540000000000212,0.1540000000000212,1.199224728177029,0.1540000000000212,0.05907766622015549
0.1530000000000212,0.1530000000000212,0.1530000000000212,1.199229741030077,0.1530000000000212,0.05871577978031214
0.1520000000000212,0.1520000000000212,0.1520000000000212,1.199234722043797,0.1520000000000212,0.05835355953140208
0.1510000000000212,0.1510000000000212,0.1510000000000212,1.199239671331468,0.1510000000000212,0.05799100690630894
0.1500000000000212,0.1500000000000212,0.1500000000000212,1.199244589007219,0.1500000000000212,0.05762812332288873
0.1490000000000212,0.1490000000000212,0.1490000000000212,1.199249475185997,0.1490000000000212,0.05726491018413702
0.1480000000000212,0.1480000000000212,0.1480000000000212,1.199254329983553,0.1480000000000212,0.056901368878353
0.1470000000000212,0.1470000000000212,0.1470000000000212,1.199259153516412,0.1470000000000212,0.05653750077930064
0.1460000000000212,0.1460000000000212,0.1460000000000212,1.19926394590185,0.1460000000000212,0.05617330724636869
0.1450000000000212,0.1450000000000212,0.1450000000000212,1.199268707257875,0.1450000000000212,0.05580878962472818
0.1440000000000212,0.1440000000000212,0.1440000000000212,1.1992734377032,0.1440000000000212,0.05544394924548603
0.1430000000000212,0.1430000000000212,0.1430000000000212,1.199278137357226,0.1430000000000212,0.05507878742584018
0.1420000000000212,0.1420000000000212,0.1420000000000212,1.199282806340016,0.1420000000000212,0.05471330546922847
0.1410000000000212,0.1410000000000212,0.1410000000000212,1.199287444772272,0.1410000000000212,0.05434750466547973
0.1400000000000212,0.1400000000000212,0.1400000000000212,1.199292052775322,0.1400000000000212,0.05398138629095971
0.1390000000000212,0.1390000000000212,0.1390000000000212,1.199296630471088,0.1390000000000212,0.0536149516087183
0.1380000000000212,0.1380000000000212,0.1380000000000212,1.199301177982074,0.1380000000000212,0.05324820186863206
0.1370000000000212,0.1370000000000212,0.1370000000000212,1.199305695431342,0.1370000000000212,0.05288113830754754
0.1360000000000212,0.1360000000000212,0.1360000000000212,1.19931018294249,0.1360000000000212,0.0525137621494222
0.1350000000000212,0.1350000000000212,0.1350000000000212,1.199314640639637,0.1350000000000212,0.05214607460546399
0.1340000000000212,0.1340000000000212,0.1340000000000212,1.199319068647399,0.1340000000000212,0.05177807687426962
0.1330000000000212,0.1330000000000212,0.1330000000000212,1.199323467090872,0.1330000000000212,0.05140977014196047
0.1320000000000212,0.1320000000000212,0.1320000000000212,1.199327836095613,0.1320000000000212,0.05104115558231943
0.1310000000000212,0.1310000000000212,0.1310000000000212,1.19933217578762,0.1310000000000212,0.05067223435692478
0.1300000000000212,0.1300000000000212,0.1300000000000212,1.199336486293314,0.1300000000000212,0.05030300761528305
0.1290000000000212,0.1290000000000212,0.1290000000000212,1.199340767739522,0.1290000000000212,0.04993347649496186
0.1280000000000212,0.1280000000000212,0.1280000000000212,1.199345020253455,0.1280000000000212,0.04956364212172067
0.1270000000000212,0.1270000000000212,0.1270000000000212,1.199349243962698,0.1270000000000212,0.04919350560964036
0.1260000000000212,0.1260000000000212,0.1260000000000212,1.199353438995184,0.1260000000000212,0.04882306806125287
0.1250000000000212,0.1250000000000212,0.1250000000000212,1.19935760547918,0.1250000000000212,0.0484523305676693
0.1240000000000212,0.1240000000000212,0.1240000000000212,1.199361743543274,0.1240000000000212,0.0480812942087068
0.1230000000000212,0.1230000000000212,0.1230000000000212,1.199365853316353,0.1230000000000212,0.04770996005301543
0.1220000000000212,0.1220000000000212,0.1220000000000212,1.199369934927586,0.1220000000000212,0.04733832915820389
0.1210000000000212,0.1210000000000212,0.1210000000000212,1.199373988506415,0.1210000000000212,0.0469664025709625
0.1200000000000212,0.1200000000000212,0.1200000000000212,1.19937801418253,0.1200000000000212,0.04659418132719022
0.1190000000000212,0.1190000000000212,0.1190000000000212,1.199382012085858,0.1190000000000212,0.04622166645211527
0.1180000000000212,0.1180000000000212,0.1180000000000212,1.199385982346549,0.1180000000000212,0.0458488589604189
0.1170000000000212,0.1170000000000212,0.1170000000000212,1.199389925094955,0.1170000000000212,0.04547575985635768
0.1160000000000212,0.1160000000000212,0.1160000000000212,1.199393840461622,0.1160000000000212,0.04510237013388328
0.1150000000000212,0.1150000000000212,0.1150000000000212,1.199397728577268,0.1150000000000212,0.04472869077676406
0.1140000000000212,0.1140000000000212,0.1140000000000212,1.199401589572774,0.1140000000000212,0.04435472275870522
0.1130000000000212,0.1130000000000212,0.1130000000000212,1.199405423579167,0.1130000000000212,0.04398046704346729
0.1120000000000212,0.1120000000000212,0.1120000000000212,1.199409230727606,0.1120000000000212,0.04360592458498558
0.1110000000000212,0.1110000000000212,0.1110000000000212,1.199413011149368,0.1110000000000212,0.04323109632748774
0.1100000000000212,0.1100000000000212,0.1100000000000212,1.199416764975835,0.1100000000000212,0.0428559832056121
0.1090000000000212,0.1090000000000212,0.1090000000000212,1.199420492338479,0.1090000000000212,0.04248058614452421
0.1080000000000212,0.1080000000000212,0.1080000000000212,1.199424193368852,0.1080000000000212,0.04210490606003259
0.1070000000000212,0.1070000000000212,0.1070000000000212,1.199427868198567,0.1070000000000212,0.04172894385870737
0.1060000000000212,0.1060000000000212,0.1060000000000212,1.199431516959291,0.1060000000000212,0.04135270043799234
0.1050000000000212,0.1050000000000212,0.1050000000000212,1.199435139782728,0.1050000000000212,0.04097617668632259
0.1040000000000212,0.1040000000000212,0.1040000000000212,1.199438736800609,0.1040000000000212,0.040599373483237
0.1030000000000212,0.1030000000000212,0.1030000000000212,1.19944230814468,0.1030000000000212,0.04022229169949455
0.1020000000000212,0.1020000000000212,0.1020000000000212,1.199445853946686,0.1020000000000212,0.03984493219718468
0.1010000000000212,0.1010000000000212,0.1010000000000212,1.199449374338364,0.1010000000000212,0.03946729582984318
0.1000000000000212,0.1000000000000212,0.1000000000000212,1.199452869451429,0.1000000000000212,0.03908938344256297
0.09900000000002118,0.09900000000002118,0.09900000000002118,1.19945633941756,0.09900000000002118,0.03871119587210668
0.09800000000002118,0.09800000000002118,0.09800000000002118,1.199459784368393,0.09800000000002118,0.03833273394701837
0.09700000000002118,0.09700000000002118,0.09700000000002118,1.199463204435509,0.09700000000002118,0.03795399848773362
0.09600000000002118,0.09600000000002118,0.09600000000002118,1.199466599750419,0.09600000000002118,0.03757499030669189
0.09500000000002118,0.09500000000002118,0.09500000000002118,1.199469970444559,0.09500000000002118,0.03719571020844482
0.09400000000002118,0.09400000000002118,0.09400000000002118,1.199473316649272,0.09400000000002118,0.03681615898976679
0.09300000000002118,0.09300000000002118,0.09300000000002118,1.199476638495807,0.09300000000002118,0.03643633743976407
0.09200000000002118,0.09200000000002118,0.09200000000002118,1.199479936115299,0.09200000000002118,0.03605624633998381
0.09100000000002118,0.09100000000002118,0.09100000000002118,1.199483209638768,0.09100000000002118,0.03567588646452078
0.09000000000002117,0.09000000000002117,0.09000000000002117,1.199486459197101,0.09000000000002117,0.03529525858012753
0.08900000000002117,0.08900000000002117,0.08900000000002117,1.199489684921047,0.08900000000002117,0.03491436344631955
0.08800000000002117,0.08800000000002117,0.08800000000002117,1.199492886941207,0.08800000000002117,0.03453320181548312
0.08700000000002117,0.08700000000002117,0.08700000000002117,1.199496065388021,0.08700000000002117,0.03415177443298173
0.08600000000002117,0.08600000000002117,0.08600000000002117,1.199499220391765,0.08600000000002117,0.03377008203726124
0.08500000000002117,0.08500000000002117,0.08500000000002117,1.199502352082535,0.08500000000002117,0.03338812535995612
0.08400000000002117,0.08400000000002117,0.08400000000002117,1.199505460590245,0.08400000000002117,0.03300590512599372
0.08300000000002117,0.08300000000002117,0.08300000000002117,1.199508546044611,0.08300000000002117,0.03262342205369851
0.08200000000002117,0.08200000000002117,0.08200000000002117,1.199511608575148,0.08200000000002117,0.03224067685489711
0.08100000000002117,0.08100000000002117,0.08100000000002117,1.199514648311159,0.08100000000002117,0.03185767023502072
0.08000000000002117,0.08000000000002117,0.08000000000002117,1.199517665381729,0.08000000000002117,0.03147440289320817
0.07900000000002116,0.07900000000002116,0.07900000000002116,1.199520659915711,0.07900000000002116,0.03109087552240892
0.07800000000002116,0.07800000000002116,0.07800000000002116,1.199523632041726,0.07800000000002116,0.03070708880948414
0.07700000000002116,0.07700000000002116,0.07700000000002116,1.19952658188815,0.07700000000002116,0.03032304343530923
0.07600000000002116,0.07600000000002116,0.07600000000002116,1.199529509583107,0.07600000000002116,0.02993874007487423
0.07500000000002116,0.07500000000002116,0.07500000000002116,1.199532415254462,0.07500000000002116,0.0295541793973834
0.07400000000002116,0.07400000000002116,0.07400000000002116,1.199535299029816,0.07400000000002116,0.02916936206635647
0.07300000000002116,0.07300000000002116,0.07300000000002116,1.199538161036491,0.07300000000002116,0.02878428873972792
0.07200000000002116,0.07200000000002116,0.07200000000002116,1.199541001401534,0.07200000000002116,0.0283989600699447
0.07100000000002116,0.07100000000002116,0.07100000000002116,1.199543820251702,0.07100000000002116,0.0280133767040656
0.07000000000002116,0.07000000000002116,0.07000000000002116,1.199546617713457,0.07000000000002116,0.02762753928385826
0.06900000000002116,0.06900000000002116,0.06900000000002116,1.199549393912959,0.06900000000002116,0.02724144844589757
0.06800000000002115,0.06800000000002115,0.06800000000002115,1.199552148976064,0.06800000000002115,0.02685510482166078
0.06700000000002115,0.06700000000002115,0.06700000000002115,1.199554883028309,0.06700000000002115,0.02646850903762554
0.06600000000002115,0.06600000000002115,0.06600000000002115,1.199557596194913,0.06600000000002115,0.0260816617153634
0.06500000000002115,0.06500000000002115,0.06500000000002115,1.19956028860077,0.06500000000002115,0.0256945634716361
0.06400000000002115,0.06400000000002115,0.06400000000002115,1.19956296037044,0.06400000000002115,0.02530721491849034
0.06300000000002115,0.06300000000002115,0.06300000000002115,1.199565611628142,0.06300000000002115,0.02491961666334993
0.06200000000002115,0.06200000000002115,0.06200000000002115,1.199568242497755,0.06200000000002115,0.02453176930911177
0.06100000000002115,0.06100000000002115,0.06100000000002115,1.199570853102807,0.06100000000002115,0.02414367345423498
0.06000000000002115,0.06000000000002115,0.06000000000002115,1.199573443566469,0.06000000000002115,0.02375532969283626
0.05900000000002115,0.05900000000002115,0.05900000000002115,1.199576014011554,0.05900000000002115,0.02336673861477958
0.05800000000002115,0.05800000000002115,0.05800000000002115,1.199578564560507,0.05800000000002115,0.02297790080576701
0.05700000000002114,0.05700000000002114,0.05700000000002114,1.199581095335403,0.05700000000002114,0.02258881684743026
0.05600000000002114,0.05600000000002114,0.05600000000002114,1.199583606457942,0.05600000000002114,0.02219948731741872
0.05500000000002114,0.05500000000002114,0.05500000000002114,1.199586098049443,0.05500000000002114,0.02180991278948891
0.05400000000002114,0.05400000000002114,0.05400000000002114,1.199588570230837,0.05400000000002114,0.0214200938335932
0.05300000000002114,0.05300000000002114,0.05300000000002114,1.199591023122669,0.05300000000002114,0.02103003101596749
0.05200000000002114,0.05200000000002114,0.05200000000002114,1.199593456845085,0.05200000000002114,0.02063972489921745
0.05100000000002114,0.05100000000002114,0.05100000000002114,1.199595871517837,0.05100000000002114,0.02024917604240547
0.05000000000002114,0.05000000000002114,0.05000000000002114,1.19959826726027,0.05000000000002114,0.01985838500113585
0.04900000000002114,0.04900000000002114,0.04900000000002114,1.199600644191323,0.04900000000002114,0.01946735232764078
0.04800000000002114,0.04800000000002114,0.04800000000002114,1.199603002429523,0.04800000000002114,0.01907607857086331
0.04700000000002114,0.04700000000002114,0.04700000000002114,1.199605342092982,0.04700000000002114,0.01868456427654186
0.04600000000002114,0.04600000000002114,0.04600000000002114,1.199607663299394,0.04600000000002114,0.01829280998729253
0.04500000000002113,0.04500000000002113,0.04500000000002113,1.199609966166028,0.04500000000002113,0.0179008162426918
0.04400000000002113,0.04400000000002113,0.04400000000002113,1.199612250809728,0.04400000000002113,0.01750858357935715
0.04300000000002113,0.04300000000002113,0.04300000000002113,1.199614517346908,0.04300000000002113,0.01711611253102926
0.04200000000002113,0.04200000000002113,0.04200000000002113,1.199616765893547,0.04200000000002113,0.01672340362865033
0.04100000000002113,0.04100000000002113,0.04100000000002113,1.199618996565189,0.04100000000002113,0.01633045740044446
0.04000000000002113,0.04000000000002113,0.04000000000002113,1.199621209476939,0.04000000000002113,0.0159372743719957
0.03900000000002113,0.03900000000002113,0.03900000000002113,1.199623404743455,0.03900000000002113,0.0155438550663261
0.03800000000002113,0.03800000000002113,0.03800000000002113,1.199625582478955,0.03800000000002113,0.01515020000397224
0.03700000000002113,0.03700000000002113,0.03700000000002113,1.199627742797203,0.03700000000002113,0.01475630970306219
0.03600000000002113,0.03600000000002113,0.03600000000002113,1.199629885811514,0.03600000000002113,0.01436218467939047
0.03500000000002113,0.03500000000002113,0.03500000000002113,1.199632011634749,0.03500000000002113,0.0139678254464929
0.03400000000002112,0.03400000000002112,0.03400000000002112,1.19963412037931,0.03400000000002112,0.01357323251572039
0.03300000000002112,0.03300000000002112,0.03300000000002112,1.199636212157142,0.03300000000002112,0.01317840639631206
0.03200000000002112,0.03200000000002112,0.03200000000002112,1.199638287079727,0.03200000000002112,0.01278334759546837
0.03100000000002112,0.03100000000002112,0.03100000000002112,1.199640345258082,0.03100000000002112,0.01238805661842149
0.03000000000002112,0.03000000000002112,0.03000000000002112,1.199642386802759,0.03000000000002112,0.01199253396850693
0.02900000000002112,0.02900000000002112,0.02900000000002112,1.199644411823842,0.02900000000002112,0.01159678014723284
0.02800000000002112,0.02800000000002112,0.02800000000002112,1.199646420430943,0.02800000000002112,0.01120079565434972
0.02700000000002112,0.02700000000002112,0.02700000000002112,1.199648412733202,0.02700000000002112,0.01080458098791861
0.02600000000002112,0.02600000000002112,0.02600000000002112,1.199650388839285,0.02600000000002112,0.01040813664437829
0.02500000000002112,0.02500000000002112,0.02500000000002112,1.19965234885738,0.02500000000002112,0.01001146311861211
0.02400000000002112,0.02400000000002112,0.02400000000002112,1.199654292895201,0.02400000000002112,0.009614560904014254
0.02300000000002111,0.02300000000002111,0.02300000000002111,1.199656221059977,0.02300000000002111,0.009217430492554161
0.02200000000002111,0.02200000000002111,0.02200000000002111,1.199658133458461,0.02200000000002111,0.008820072374841254
0.02100000000002111,0.02100000000002111,0.02100000000002111,1.19966003019692,0.02100000000002111,0.008422487040187289
0.02000000000002111,0.02000000000002111,0.02000000000002111,1.199661911381137,0.02000000000002111,0.008024674976670598
0.01900000000002111,0.01900000000002111,0.01900000000002111,1.199663777116413,0.01900000000002111,0.007626636671196347
0.01800000000002111,0.01800000000002111,0.01800000000002111,1.199665627507559,0.01800000000002111,0.007228372609557718
0.01700000000002111,0.01700000000002111,0.01700000000002111,1.1996674626589,0.01700000000002111,0.0068298832764958
0.01600000000002111,0.01600000000002111,0.01600000000002111,1.199669282674271,0.01600000000002111,0.006431169155759421
0.01500000000002111,0.01500000000002111,0.01500000000002111,1.199671087657018,0.01500000000002111,0.006032230730162455
0.01400000000002111,0.01400000000002111,0.01400000000002111,1.199672877709994,0.01400000000002111,0.005633068481641804
0.01300000000002111,0.01300000000002111,0.01300000000002111,1.199674652935565,0.01300000000002111,0.005233682891313826
0.0120000000000211,0.0120000000000211,0.0120000000000211,1.199676413435598,0.0120000000000211,0.004834074439529678
0.0110000000000211,0.0110000000000211,0.0110000000000211,1.199678159311473,0.0110000000000211,0.004434243605930652
0.0100000000000211,0.0100000000000211,0.0100000000000211,1.199679890664072,0.0100000000000211,0.004034190869502401
0.009000000000021102,0.009000000000021102,0.009000000000021102,1.199681607593783,0.009000000000021102,0.003633916708626516
0.008000000000021101,0.008000000000021101,0.008000000000021101,1.1996833102005,0.008000000000021101,0.003233421601134572
0.007000000000021101,0.007000000000021101,0.007000000000021101,1.19968499858362,0.007000000000021101,0.002832706024358313
0.006000000000021101,0.006000000000021101,0.006000000000021101,1.199686672842045,0.006000000000021101,0.002431770455180151
0.005000000000021101,0.005000000000021101,0.005000000000021101,1.19968833307418,0.005000000000021101,0.002030615370083701
0.004000000000021101,0.004000000000021101,0.004000000000021101,1.199689979377933,0.004000000000021101,0.001629241245200717
0.003000000000021101,0.003000000000021101,0.003000000000021101,1.199691611850715,0.003000000000021101,0.001227648556360298
0.002000000000021101,0.002000000000021101,0.002000000000021101,1.19969323058944,0.002000000000021101,0.000825837779135811
0.001000000000021101,0.001000000000021101,0.001000000000021101,1.199694835690526,0.001000000000021101,0.0004238093888900333
0,0,0,1.19969642724989,0,2.156386081238559e-05
