/q X,/q Y,q vs qb X,q vs qb Y,qb vs q X,qb vs q Y
0,0,1.199696512166628,0,0,1.199696512166628
0.001,0.001,1.199692530745693,0.001,0.001,1.199692530745693
0.002,0.002,1.199688459169489,0.002,0.002,1.199688459169489
0.003,0.003,1.199684295539716,0.003,0.003,1.199684295539716
0.004,0.004,1.199680037921019,0.004,0.004,1.199680037921019
0.005,0.005,1.199675684340395,0.005,0.005,1.199675684340395
0.006,0.006,1.199671232786603,0.006,0.006,1.199671232786603
0.007,0.007,1.199666681209573,0.007,0.007,1.199666681209573
0.008,0.008,1.19966202751981,0.008,0.008,1.19966202751981
0.009000000000000001,0.009000000000000001,1.199657269587796,0.009000000000000001,0.009000000000000001,1.199657269587796
0.01,0.01,1.199652405243394,0.01,0.01,1.199652405243394
0.011,0.011,1.199647432275247,0.011,0.011,1.199647432275247
0.012,0.012,1.199642348430175,0.012,0.012,1.199642348430175
0.013,0.013,1.199637151412577,0.013,0.013,1.199637151412577
0.01400000000000001,0.01400000000000001,1.199631838883824,0.01400000000000001,0.01400000000000001,1.199631838883824
0.01500000000000001,0.01500000000000001,1.199626408461662,0.01500000000000001,0.01500000000000001,1.199626408461662
0.01600000000000001,0.01600000000000001,1.199620857719603,0.01600000000000001,0.01600000000000001,1.199620857719603
0.01700000000000001,0.01700000000000001,1.199615184186328,0.01700000000000001,0.01700000000000001,1.199615184186328
0.01800000000000001,0.01800000000000001,1.199609385345083,0.01800000000000001,0.01800000000000001,1.199609385345083
0.01900000000000001,0.01900000000000001,1.199603458633079,0.01900000000000001,0.01900000000000001,1.199603458633079
0.02000000000000001,0.02000000000000001,1.199597401440894,0.02000000000000001,0.02000000000000001,1.199597401440894
0.02100000000000001,0.02100000000000001,1.199591211111874,0.02100000000000001,0.02100000000000001,1.199591211111874
0.02200000000000001,0.02200000000000001,1.199584884941538,0.02200000000000001,0.02200000000000001,1.199584884941538
0.02300000000000001,0.02300000000000001,1.199578420176982,0.02300000000000001,0.02300000000000001,1.199578420176982
0.02400000000000001,0.02400000000000001,1.199571814016297,0.02400000000000001,0.02400000000000001,1.199571814016297
0.02500000000000002,0.02500000000000002,1.199565063607969,0.02500000000000002,0.02500000000000002,1.199565063607969
0.02600000000000002,0.02600000000000002,1.199558166050303,0.02600000000000002,0.02600000000000002,1.199558166050303
0.02700000000000002,0.02700000000000002,1.199551118390838,0.02700000000000002,0.02700000000000002,1.199551118390838
0.02800000000000002,0.02800000000000002,1.199543917625771,0.02800000000000002,0.02800000000000002,1.199543917625771
0.02900000000000002,0.02900000000000002,1.199536560699381,0.02900000000000002,0.02900000000000002,1.199536560699381
0.03000000000000002,0.03000000000000002,1.199529044503463,0.03000000000000002,0.03000000000000002,1.199529044503463
0.03100000000000002,0.03100000000000002,1.199521365876761,0.03100000000000002,0.03100000000000002,1.199521365876761
0.03200000000000002,0.03200000000000002,1.199513521604408,0.03200000000000002,0.03200000000000002,1.199513521604408
0.03300000000000002,0.03300000000000002,1.199505508417376,0.03300000000000002,0.03300000000000002,1.199505508417376
0.03400000000000002,0.03400000000000002,1.19949732299192,0.03400000000000002,0.03400000000000002,1.19949732299192
0.03500000000000002,0.03500000000000002,1.199488961949041,0.03500000000000002,0.03500000000000002,1.199488961949041
0.03600000000000003,0.03600000000000003,1.199480421853947,0.03600000000000003,0.03600000000000003,1.199480421853947
0.03700000000000003,0.03700000000000003,1.199471699215526,0.03700000000000003,0.03700000000000003,1.199471699215526
0.03800000000000003,0.03800000000000003,1.199462790485819,0.03800000000000003,0.03800000000000003,1.199462790485819
0.03900000000000003,0.03900000000000003,1.199453692059508,0.03900000000000003,0.03900000000000003,1.199453692059508
0.04000000000000003,0.04000000000000003,1.199444400273413,0.04000000000000003,0.04000000000000003,1.199444400273413
0.04100000000000003,0.04100000000000003,1.199434911405987,0.04100000000000003,0.04100000000000003,1.199434911405987
0.04200000000000003,0.04200000000000003,1.199425221676835,0.04200000000000003,0.04200000000000003,1.199425221676835
0.04300000000000003,0.04300000000000003,1.199415327246231,0.04300000000000003,0.04300000000000003,1.199415327246231
0.04400000000000003,0.04400000000000003,1.199405224214658,0.04400000000000003,0.04400000000000003,1.199405224214658
0.04500000000000003,0.04500000000000003,1.199394908622344,0.04500000000000003,0.04500000000000003,1.199394908622344
0.04600000000000003,0.04600000000000003,1.199384376448831,0.04600000000000003,0.04600000000000003,1.199384376448831
0.04700000000000003,0.04700000000000003,1.199373623612537,0.04700000000000003,0.04700000000000003,1.199373623612537
0.04800000000000004,0.04800000000000004,1.199362645970349,0.04800000000000004,0.04800000000000004,1.199362645970349
0.04900000000000004,0.04900000000000004,1.199351439317224,0.04900000000000004,0.04900000000000004,1.199351439317224
0.05000000000000004,0.05000000000000004,1.199339999385806,0.05000000000000004,0.05000000000000004,1.199339999385806
0.05100000000000004,0.05100000000000004,1.199328321846065,0.05100000000000004,0.05100000000000004,1.199328321846065
0.05200000000000004,0.05200000000000004,1.199316402304957,0.05200000000000004,0.05200000000000004,1.199316402304957
0.05300000000000004,0.05300000000000004,1.199304236306093,0.05300000000000004,0.05300000000000004,1.199304236306093
0.05400000000000004,0.05400000000000004,1.199291819329447,0.05400000000000004,0.05400000000000004,1.199291819329447
0.05500000000000004,0.05500000000000004,1.19927914679107,0.05500000000000004,0.05500000000000004,1.19927914679107
0.05600000000000004,0.05600000000000004,1.199266214042836,0.05600000000000004,0.05600000000000004,1.199266214042836
0.05700000000000004,0.05700000000000004,1.199253016372217,0.05700000000000004,0.05700000000000004,1.199253016372217
0.05800000000000004,0.05800000000000004,1.199239549002071,0.05800000000000004,0.05800000000000004,1.199239549002071
0.05900000000000005,0.05900000000000005,1.199225807090469,0.05900000000000005,0.05900000000000005,1.199225807090469
0.06000000000000005,0.06000000000000005,1.19921178573054,0.06000000000000005,0.06000000000000005,1.19921178573054
0.06100000000000005,0.06100000000000005,1.199197479950356,0.06100000000000005,0.06100000000000005,1.199197479950356
0.06200000000000005,0.06200000000000005,1.199182884712829,0.06200000000000005,0.06200000000000005,1.199182884712829
0.06300000000000004,0.06300000000000004,1.199167994915657,0.06300000000000004,0.06300000000000004,1.199167994915657
0.06400000000000004,0.06400000000000004,1.199152805391281,0.06400000000000004,0.06400000000000004,1.199152805391281
0.06500000000000004,0.06500000000000004,1.199137310906884,0.06500000000000004,0.06500000000000004,1.199137310906884
0.06600000000000004,0.06600000000000004,1.19912150616442,0.06600000000000004,0.06600000000000004,1.19912150616442
0.06700000000000005,0.06700000000000005,1.199105385800665,0.06700000000000005,0.06700000000000005,1.199105385800665
0.06800000000000005,0.06800000000000005,1.199088944387308,0.06800000000000005,0.06800000000000005,1.199088944387308
0.06900000000000005,0.06900000000000005,1.199072176431065,0.06900000000000005,0.06900000000000005,1.199072176431065
0.07000000000000005,0.07000000000000005,1.199055076373828,0.07000000000000005,0.07000000000000005,1.199055076373828
0.07100000000000005,0.07100000000000005,1.199037638592841,0.07100000000000005,0.07100000000000005,1.199037638592841
0.07200000000000005,0.07200000000000005,1.199019857400907,0.07200000000000005,0.07200000000000005,1.199019857400907
0.07300000000000005,0.07300000000000005,1.199001727046624,0.07300000000000005,0.07300000000000005,1.199001727046624
0.07400000000000005,0.07400000000000005,1.198983241714648,0.07400000000000005,0.07400000000000005,1.198983241714648
0.07500000000000005,0.07500000000000005,1.198964395525984,0.07500000000000005,0.07500000000000005,1.198964395525984
0.07600000000000005,0.07600000000000005,1.198945182538311,0.07600000000000005,0.07600000000000005,1.198945182538311
0.07700000000000005,0.07700000000000005,1.198925596746326,0.07700000000000005,0.07700000000000005,1.198925596746326
0.07800000000000006,0.07800000000000006,1.198905632082118,0.07800000000000006,0.07800000000000006,1.198905632082118
0.07900000000000006,0.07900000000000006,1.198885282415569,0.07900000000000006,0.07900000000000006,1.198885282415569
0.08000000000000006,0.08000000000000006,1.198864541554779,0.08000000000000006,0.08000000000000006,1.198864541554779
0.08100000000000006,0.08100000000000006,1.198843403246517,0.08100000000000006,0.08100000000000006,1.198843403246517
0.08200000000000006,0.08200000000000006,1.198821861176698,0.08200000000000006,0.08200000000000006,1.198821861176698
0.08300000000000006,0.08300000000000006,1.198799908970876,0.08300000000000006,0.08300000000000006,1.198799908970876
0.08400000000000006,0.08400000000000006,1.19877754019477,0.08400000000000006,0.08400000000000006,1.19877754019477
0.08500000000000006,0.08500000000000006,1.19875474835481,0.08500000000000006,0.08500000000000006,1.19875474835481
0.08600000000000006,0.08600000000000006,1.198731526898698,0.08600000000000006,0.08600000000000006,1.198731526898698
0.08700000000000006,0.08700000000000006,1.198707869215997,0.08700000000000006,0.08700000000000006,1.198707869215997
0.08800000000000006,0.08800000000000006,1.198683768638744,0.08800000000000006,0.08800000000000006,1.198683768638744
0.08900000000000007,0.08900000000000007,1.198659218442072,0.08900000000000007,0.08900000000000007,1.198659218442072
0.09000000000000007,0.09000000000000007,1.198634211844861,0.09000000000000007,0.09000000000000007,1.198634211844861
0.09100000000000007,0.09100000000000007,1.198608742010402,0.09100000000000007,0.09100000000000007,1.198608742010402
0.09200000000000007,0.09200000000000007,1.198582802047085,0.09200000000000007,0.09200000000000007,1.198582802047085
0.09300000000000007,0.09300000000000007,1.1985563850091,0.09300000000000007,0.09300000000000007,1.1985563850091
0.09400000000000007,0.09400000000000007,1.198529483897151,0.09400000000000007,0.09400000000000007,1.198529483897151
0.09500000000000007,0.09500000000000007,1.198502091659198,0.09500000000000007,0.09500000000000007,1.198502091659198
0.09600000000000007,0.09600000000000007,1.198474201191201,0.09600000000000007,0.09600000000000007,1.198474201191201
0.09700000000000007,0.09700000000000007,1.198445805337885,0.09700000000000007,0.09700000000000007,1.198445805337885
0.09800000000000007,0.09800000000000007,1.19841689689352,0.09800000000000007,0.09800000000000007,1.19841689689352
0.09900000000000007,0.09900000000000007,1.198387468602712,0.09900000000000007,0.09900000000000007,1.198387468602712
0.1000000000000001,0.1000000000000001,1.198357513161201,0.1000000000000001,0.1000000000000001,1.198357513161201
0.1010000000000001,0.1010000000000001,1.198327023216678,0.1010000000000001,0.1010000000000001,1.198327023216678
0.1020000000000001,0.1020000000000001,1.198295991369613,0.1020000000000001,0.1020000000000001,1.198295991369613
0.1030000000000001,0.1030000000000001,1.198264410174076,0.1030000000000001,0.1030000000000001,1.198264410174076
0.1040000000000001,0.1040000000000001,1.198232272138594,0.1040000000000001,0.1040000000000001,1.198232272138594
0.1050000000000001,0.1050000000000001,1.198199569726988,0.1050000000000001,0.1050000000000001,1.198199569726988
0.1060000000000001,0.1060000000000001,1.198166295359236,0.1060000000000001,0.1060000000000001,1.198166295359236
0.1070000000000001,0.1070000000000001,1.198132441412328,0.1070000000000001,0.1070000000000001,1.198132441412328
0.1080000000000001,0.1080000000000001,1.198098000221139,0.1080000000000001,0.1080000000000001,1.198098000221139
0.1090000000000001,0.1090000000000001,1.198062964079293,0.1090000000000001,0.1090000000000001,1.198062964079293
0.1100000000000001,0.1100000000000001,1.198027325240036,0.1100000000000001,0.1100000000000001,1.198027325240036
0.1110000000000001,0.1110000000000001,1.197991075917112,0.1110000000000001,0.1110000000000001,1.197991075917112
0.1120000000000001,0.1120000000000001,1.197954208285635,0.1120000000000001,0.1120000000000001,1.197954208285635
0.1130000000000001,0.1130000000000001,1.197916714482961,0.1130000000000001,0.1130000000000001,1.197916714482961
0.1140000000000001,0.1140000000000001,1.197878586609566,0.1140000000000001,0.1140000000000001,1.197878586609566
0.1150000000000001,0.1150000000000001,1.197839816729909,0.1150000000000001,0.1150000000000001,1.197839816729909
0.1160000000000001,0.1160000000000001,1.197800396873306,0.1160000000000001,0.1160000000000001,1.197800396873306
0.1170000000000001,0.1170000000000001,1.197760319034784,0.1170000000000001,0.1170000000000001,1.197760319034784
0.1180000000000001,0.1180000000000001,1.197719575175945,0.1180000000000001,0.1180000000000001,1.197719575175945
0.1190000000000001,0.1190000000000001,1.197678157225812,0.1190000000000001,0.1190000000000001,1.197678157225812
0.1200000000000001,0.1200000000000001,1.197636057081674,0.1200000000000001,0.1200000000000001,1.197636057081674
0.1210000000000001,0.1210000000000001,1.197593266609919,0.1210000000000001,0.1210000000000001,1.197593266609919
0.1220000000000001,0.1220000000000001,1.197549777646863,0.1220000000000001,0.1220000000000001,1.197549777646863
0.1230000000000001,0.1230000000000001,1.19750558199956,0.1230000000000001,0.1230000000000001,1.19750558199956
0.1240000000000001,0.1240000000000001,1.197460671446614,0.1240000000000001,0.1240000000000001,1.197460671446614
0.1250000000000001,0.1250000000000001,1.197415037738963,0.1250000000000001,0.1250000000000001,1.197415037738963
0.1260000000000001,0.1260000000000001,1.197368672600668,0.1260000000000001,0.1260000000000001,1.197368672600668
0.1270000000000001,0.1270000000000001,1.197321567729672,0.1270000000000001,0.1270000000000001,1.197321567729672
0.1280000000000001,0.1280000000000001,1.197273714798556,0.1280000000000001,0.1280000000000001,1.197273714798556
0.1290000000000001,0.1290000000000001,1.197225105455275,0.1290000000000001,0.1290000000000001,1.197225105455275
0.1300000000000001,0.1300000000000001,1.19717573132388,0.1300000000000001,0.1300000000000001,1.19717573132388
0.1310000000000001,0.1310000000000001,1.19712558400522,0.1310000000000001,0.1310000000000001,1.19712558400522
0.1320000000000001,0.1320000000000001,1.197074655077632,0.1320000000000001,0.1320000000000001,1.197074655077632
0.1330000000000001,0.1330000000000001,1.19702293609761,0.1330000000000001,0.1330000000000001,1.19702293609761
0.1340000000000001,0.1340000000000001,1.196970418600454,0.1340000000000001,0.1340000000000001,1.196970418600454
0.1350000000000001,0.1350000000000001,1.196917094100903,0.1350000000000001,0.1350000000000001,1.196917094100903
0.1360000000000001,0.1360000000000001,1.196862954093746,0.1360000000000001,0.1360000000000001,1.196862954093746
0.1370000000000001,0.1370000000000001,1.196807990054412,0.1370000000000001,0.1370000000000001,1.196807990054412
0.1380000000000001,0.1380000000000001,1.196752193439543,0.1380000000000001,0.1380000000000001,1.196752193439543
0.1390000000000001,0.1390000000000001,1.196695555687542,0.1390000000000001,0.1390000000000001,1.196695555687542
0.1400000000000001,0.1400000000000001,1.1966380682191,0.1400000000000001,0.1400000000000001,1.1966380682191
0.1410000000000001,0.1410000000000001,1.196579722437699,0.1410000000000001,0.1410000000000001,1.196579722437699
0.1420000000000001,0.1420000000000001,1.196520509730098,0.1420000000000001,0.1420000000000001,1.196520509730098
0.1430000000000001,0.1430000000000001,1.196460421466789,0.1430000000000001,0.1430000000000001,1.196460421466789
0.1440000000000001,0.1440000000000001,1.196399449002433,0.1440000000000001,0.1440000000000001,1.196399449002433
0.1450000000000001,0.1450000000000001,1.196337583676275,0.1450000000000001,0.1450000000000001,1.196337583676275
0.1460000000000001,0.1460000000000001,1.196274816812525,0.1460000000000001,0.1460000000000001,1.196274816812525
0.1470000000000001,0.1470000000000001,1.196211139720728,0.1470000000000001,0.1470000000000001,1.196211139720728
0.1480000000000001,0.1480000000000001,1.1961465436961,0.1480000000000001,0.1480000000000001,1.1961465436961
0.1490000000000001,0.1490000000000001,1.196081020019841,0.1490000000000001,0.1490000000000001,1.196081020019841
0.1500000000000001,0.1500000000000001,1.196014559959425,0.1500000000000001,0.1500000000000001,1.196014559959425
0.1510000000000001,0.1510000000000001,1.195947154768864,0.1510000000000001,0.1510000000000001,1.195947154768864
0.1520000000000001,0.1520000000000001,1.195878795688946,0.1520000000000001,0.1520000000000001,1.195878795688946
0.1530000000000001,0.1530000000000001,1.195809473947446,0.1530000000000001,0.1530000000000001,1.195809473947446
0.1540000000000001,0.1540000000000001,1.195739180759315,0.1540000000000001,0.1540000000000001,1.195739180759315
0.1550000000000001,0.1550000000000001,1.195667907326842,0.1550000000000001,0.1550000000000001,1.195667907326842
0.1560000000000001,0.1560000000000001,1.195595644839787,0.1560000000000001,0.1560000000000001,1.195595644839787
0.1570000000000001,0.1570000000000001,1.195522384475493,0.1570000000000001,0.1570000000000001,1.195522384475493
0.1580000000000001,0.1580000000000001,1.195448117398969,0.1580000000000001,0.1580000000000001,1.195448117398969
0.1590000000000001,0.1590000000000001,1.195372834762947,0.1590000000000001,0.1590000000000001,1.195372834762947
0.1600000000000001,0.1600000000000001,1.195296527707916,0.1600000000000001,0.1600000000000001,1.195296527707916
0.1610000000000001,0.1610000000000001,1.195219187362128,0.1610000000000001,0.1610000000000001,1.195219187362128
0.1620000000000001,0.1620000000000001,1.195140804841577,0.1620000000000001,0.1620000000000001,1.195140804841577
0.1630000000000001,0.1630000000000001,1.195061371249951,0.1630000000000001,0.1630000000000001,1.195061371249951
0.1640000000000001,0.1640000000000001,1.194980877678568,0.1640000000000001,0.1640000000000001,1.194980877678568
0.1650000000000001,0.1650000000000001,1.194899315206272,0.1650000000000001,0.1650000000000001,1.194899315206272
0.1660000000000001,0.1660000000000001,1.194816674899314,0.1660000000000001,0.1660000000000001,1.194816674899314
0.1670000000000001,0.1670000000000001,1.1947329478112,0.1670000000000001,0.1670000000000001,1.1947329478112
0.1680000000000001,0.1680000000000001,1.194648124982523,0.1680000000000001,0.1680000000000001,1.194648124982523
0.1690000000000001,0.1690000000000001,1.194562197440759,0.1690000000000001,0.1690000000000001,1.194562197440759
0.1700000000000001,0.1700000000000001,1.194475156200042,0.1700000000000001,0.1700000000000001,1.194475156200042
0.1710000000000001,0.1710000000000001,1.194386992260919,0.1710000000000001,0.1710000000000001,1.194386992260919
0.1720000000000001,0.1720000000000001,1.194297696610069,0.1720000000000001,0.1720000000000001,1.194297696610069
0.1730000000000001,0.1730000000000001,1.19420726022001,0.1730000000000001,0.1730000000000001,1.19420726022001
0.1740000000000001,0.1740000000000001,1.194115674048767,0.1740000000000001,0.1740000000000001,1.194115674048767
0.1750000000000001,0.1750000000000001,1.19402292903953,0.1750000000000001,0.1750000000000001,1.19402292903953
0.1760000000000001,0.1760000000000001,1.193929016120272,0.1760000000000001,0.1760000000000001,1.193929016120272
0.1770000000000001,0.1770000000000001,1.193833926203358,0.1770000000000001,0.1770000000000001,1.193833926203358
0.1780000000000001,0.1780000000000001,1.193737650185117,0.1780000000000001,0.1780000000000001,1.193737650185117
0.1790000000000001,0.1790000000000001,1.193640178945395,0.1790000000000001,0.1790000000000001,1.193640178945395
0.1800000000000001,0.1800000000000001,1.193541503347086,0.1800000000000001,0.1800000000000001,1.193541503347086
0.1810000000000001,0.1810000000000001,1.193441614235635,0.1810000000000001,0.1810000000000001,1.193441614235635
0.1820000000000001,0.1820000000000001,1.193340502438519,0.1820000000000001,0.1820000000000001,1.193340502438519
0.1830000000000001,0.1830000000000001,1.193238158764701,0.1830000000000001,0.1830000000000001,1.193238158764701
0.1840000000000001,0.1840000000000001,1.193134574004067,0.1840000000000001,0.1840000000000001,1.193134574004067
0.1850000000000001,0.1850000000000001,1.193029738926832,0.1850000000000001,0.1850000000000001,1.193029738926832
0.1860000000000001,0.1860000000000001,1.192923644282929,0.1860000000000001,0.1860000000000001,1.192923644282929
0.1870000000000001,0.1870000000000001,1.192816280801364,0.1870000000000001,0.1870000000000001,1.192816280801364
0.1880000000000001,0.1880000000000001,1.192707639189565,0.1880000000000001,0.1880000000000001,1.192707639189565
0.1890000000000001,0.1890000000000001,1.192597710132688,0.1890000000000001,0.1890000000000001,1.192597710132688
0.1900000000000001,0.1900000000000001,1.192486484292915,0.1900000000000001,0.1900000000000001,1.192486484292915
0.1910000000000001,0.1910000000000001,1.192373952308718,0.1910000000000001,0.1910000000000001,1.192373952308718
0.1920000000000001,0.1920000000000001,1.19226010479411,0.1920000000000001,0.1920000000000001,1.19226010479411
0.1930000000000001,0.1930000000000001,1.192144932337861,0.1930000000000001,0.1930000000000001,1.192144932337861
0.1940000000000001,0.1940000000000001,1.192028425502702,0.1940000000000001,0.1940000000000001,1.192028425502702
0.1950000000000001,0.1950000000000001,1.191910574824501,0.1950000000000001,0.1950000000000001,1.191910574824501
0.1960000000000001,0.1960000000000001,1.191791370811409,0.1960000000000001,0.1960000000000001,1.191791370811409
0.1970000000000001,0.1970000000000001,1.191670803942999,0.1970000000000001,0.1970000000000001,1.191670803942999
0.1980000000000001,0.1980000000000001,1.191548864669366,0.1980000000000001,0.1980000000000001,1.191548864669366
0.1990000000000001,0.1990000000000001,1.191425543410212,0.1990000000000001,0.1990000000000001,1.191425543410212
0.2000000000000001,0.2000000000000001,1.191300830553905,0.2000000000000001,0.2000000000000001,1.191300830553905
0.2010000000000002,0.2010000000000002,1.191174716456517,0.2010000000000002,0.2010000000000002,1.191174716456517
0.2020000000000002,0.2020000000000002,1.191047191440835,0.2020000000000002,0.2020000000000002,1.191047191440835
0.2030000000000002,0.2030000000000002,1.190918245795352,0.2030000000000002,0.2030000000000002,1.190918245795352
0.2040000000000002,0.2040000000000002,1.190787869773231,0.2040000000000002,0.2040000000000002,1.190787869773231
0.2050000000000002,0.2050000000000002,1.190656053591249,0.2050000000000002,0.2050000000000002,1.190656053591249
0.2060000000000002,0.2060000000000002,1.190522787428713,0.2060000000000002,0.2060000000000002,1.190522787428713
0.2070000000000002,0.2070000000000002,1.190388061426353,0.2070000000000002,0.2070000000000002,1.190388061426353
0.2080000000000002,0.2080000000000002,1.190251865685197,0.2080000000000002,0.2080000000000002,1.190251865685197
0.2090000000000002,0.2090000000000002,1.190114190265412,0.2090000000000002,0.2090000000000002,1.190114190265412
0.2100000000000002,0.2100000000000002,1.189975025185123,0.2100000000000002,0.2100000000000002,1.189975025185123
0.2110000000000002,0.2110000000000002,1.189834360419213,0.2110000000000002,0.2110000000000002,1.189834360419213
0.2120000000000002,0.2120000000000002,1.189692185898094,0.2120000000000002,0.2120000000000002,1.189692185898094
0.2130000000000002,0.2130000000000002,1.189548491506448,0.2130000000000002,0.2130000000000002,1.189548491506448
0.2140000000000002,0.2140000000000002,1.189403267081952,0.2140000000000002,0.2140000000000002,1.189403267081952
0.2150000000000002,0.2150000000000002,1.189256502413969,0.2150000000000002,0.2150000000000002,1.189256502413969
0.2160000000000002,0.2160000000000002,1.189108187242218,0.2160000000000002,0.2160000000000002,1.189108187242218
0.2170000000000002,0.2170000000000002,1.188958311255413,0.2170000000000002,0.2170000000000002,1.188958311255413
0.2180000000000002,0.2180000000000002,1.188806864089882,0.2180000000000002,0.2180000000000002,1.188806864089882
0.2190000000000002,0.2190000000000002,1.188653835328152,0.2190000000000002,0.2190000000000002,1.188653835328152
0.2200000000000002,0.2200000000000002,1.188499214497508,0.2200000000000002,0.2200000000000002,1.188499214497508
0.2210000000000002,0.2210000000000002,1.18834299106853,0.2210000000000002,0.2210000000000002,1.18834299106853
0.2220000000000002,0.2220000000000002,1.18818515445359,0.2220000000000002,0.2220000000000002,1.18818515445359
0.2230000000000002,0.2230000000000002,1.188025694005338,0.2230000000000002,0.2230000000000002,1.188025694005338
0.2240000000000002,0.2240000000000002,1.187864599015135,0.2240000000000002,0.2240000000000002,1.187864599015135
0.2250000000000002,0.2250000000000002,1.18770185871148,0.2250000000000002,0.2250000000000002,1.18770185871148
0.2260000000000002,0.2260000000000002,1.187537462258395,0.2260000000000002,0.2260000000000002,1.187537462258395
0.2270000000000002,0.2270000000000002,1.187371398753776,0.2270000000000002,0.2270000000000002,1.187371398753776
0.2280000000000002,0.2280000000000002,1.187203657227722,0.2280000000000002,0.2280000000000002,1.187203657227722
0.2290000000000002,0.2290000000000002,1.187034226640826,0.2290000000000002,0.2290000000000002,1.187034226640826
0.2300000000000002,0.2300000000000002,1.186863095882438,0.2300000000000002,0.2300000000000002,1.186863095882438
0.2310000000000002,0.2310000000000002,1.186690253768893,0.2310000000000002,0.2310000000000002,1.186690253768893
0.2320000000000002,0.2320000000000002,1.186515689041701,0.2320000000000002,0.2320000000000002,1.186515689041701
0.2330000000000002,0.2330000000000002,1.186339390365714,0.2330000000000002,0.2330000000000002,1.186339390365714
0.2340000000000002,0.2340000000000002,1.186161346327248,0.2340000000000002,0.2340000000000002,1.186161346327248
0.2350000000000002,0.2350000000000002,1.185981545432171,0.2350000000000002,0.2350000000000002,1.185981545432171
0.2360000000000002,0.2360000000000002,1.185799976103963,0.2360000000000002,0.2360000000000002,1.185799976103963
0.2370000000000002,0.2370000000000002,1.185616626681728,0.2370000000000002,0.2370000000000002,1.185616626681728
0.2380000000000002,0.2380000000000002,1.185431485418175,0.2380000000000002,0.2380000000000002,1.185431485418175
0.2390000000000002,0.2390000000000002,1.185244540477562,0.2390000000000002,0.2390000000000002,1.185244540477562
0.2400000000000002,0.2400000000000002,1.185055779933591,0.2400000000000002,0.2400000000000002,1.185055779933591
0.2410000000000002,0.2410000000000002,1.184865191767277,0.2410000000000002,0.2410000000000002,1.184865191767277
0.2420000000000002,0.2420000000000002,1.184672763864761,0.2420000000000002,0.2420000000000002,1.184672763864761
0.2430000000000002,0.2430000000000002,1.184478484015097,0.2430000000000002,0.2430000000000002,1.184478484015097
0.2440000000000002,0.2440000000000002,1.18428233990798,0.2440000000000002,0.2440000000000002,1.18428233990798
0.2450000000000002,0.2450000000000002,1.184084319131443,0.2450000000000002,0.2450000000000002,1.184084319131443
0.2460000000000002,0.2460000000000002,1.183884409169503,0.2460000000000002,0.2460000000000002,1.183884409169503
0.2470000000000002,0.2470000000000002,1.18368259739976,0.2470000000000002,0.2470000000000002,1.18368259739976
0.2480000000000002,0.2480000000000002,1.183478871090956,0.2480000000000002,0.2480000000000002,1.183478871090956
0.2490000000000002,0.2490000000000002,1.183273217400477,0.2490000000000002,0.2490000000000002,1.183273217400477
0.2500000000000002,0.2500000000000002,1.183065623371811,0.2500000000000002,0.2500000000000002,1.183065623371811
0.2510000000000002,0.2510000000000002,1.18285607593196,0.2510000000000002,0.2510000000000002,1.18285607593196
0.2520000000000002,0.2520000000000002,1.18264456188879,0.2520000000000002,0.2520000000000002,1.18264456188879
0.2530000000000002,0.2530000000000002,1.182431067928332,0.2530000000000002,0.2530000000000002,1.182431067928332
0.2540000000000002,0.2540000000000002,1.182215580612041,0.2540000000000002,0.2540000000000002,1.182215580612041
0.2550000000000002,0.2550000000000002,1.181998086373977,0.2550000000000002,0.2550000000000002,1.181998086373977
0.2560000000000002,0.2560000000000002,1.181778571517949,0.2560000000000002,0.2560000000000002,1.181778571517949
0.2570000000000002,0.2570000000000002,1.181557022214595,0.2570000000000002,0.2570000000000002,1.181557022214595
0.2580000000000002,0.2580000000000002,1.181333424498393,0.2580000000000002,0.2580000000000002,1.181333424498393
0.2590000000000002,0.2590000000000002,1.181107764264628,0.2590000000000002,0.2590000000000002,1.181107764264628
0.2600000000000002,0.2600000000000002,1.180880027266278,0.2600000000000002,0.2600000000000002,1.180880027266278
0.2610000000000002,0.2610000000000002,1.180650199110856,0.2610000000000002,0.2610000000000002,1.180650199110856
0.2620000000000002,0.2620000000000002,1.180418265257162,0.2620000000000002,0.2620000000000002,1.180418265257162
0.2630000000000002,0.2630000000000002,1.180184211011991,0.2630000000000002,0.2630000000000002,1.180184211011991
0.2640000000000002,0.2640000000000002,1.179948021526757,0.2640000000000002,0.2640000000000002,1.179948021526757
0.2650000000000002,0.2650000000000002,1.179709681794047,0.2650000000000002,0.2650000000000002,1.179709681794047
0.2660000000000002,0.2660000000000002,1.179469176644108,0.2660000000000002,0.2660000000000002,1.179469176644108
0.2670000000000002,0.2670000000000002,1.179226490741256,0.2670000000000002,0.2670000000000002,1.179226490741256
0.2680000000000002,0.2680000000000002,1.178981608580202,0.2680000000000002,0.2680000000000002,1.178981608580202
0.2690000000000002,0.2690000000000002,1.178734514482311,0.2690000000000002,0.2690000000000002,1.178734514482311
0.2700000000000002,0.2700000000000002,1.178485192591769,0.2700000000000002,0.2700000000000002,1.178485192591769
0.2710000000000002,0.2710000000000002,1.178233626871667,0.2710000000000002,0.2710000000000002,1.178233626871667
0.2720000000000002,0.2720000000000002,1.177979801100011,0.2720000000000002,0.2720000000000002,1.177979801100011
0.2730000000000002,0.2730000000000002,1.177723698865627,0.2730000000000002,0.2730000000000002,1.177723698865627
0.2740000000000002,0.2740000000000002,1.177465303563984,0.2740000000000002,0.2740000000000002,1.177465303563984
0.2750000000000002,0.2750000000000002,1.177204598392928,0.2750000000000002,0.2750000000000002,1.177204598392928
0.2760000000000002,0.2760000000000002,1.176941566348311,0.2760000000000002,0.2760000000000002,1.176941566348311
0.2770000000000002,0.2770000000000002,1.176676190219524,0.2770000000000002,0.2770000000000002,1.176676190219524
0.2780000000000002,0.2780000000000002,1.176408452584933,0.2780000000000002,0.2780000000000002,1.176408452584933
0.2790000000000002,0.2790000000000002,1.176138335807204,0.2790000000000002,0.2790000000000002,1.176138335807204
0.2800000000000002,0.2800000000000002,1.175865822028527,0.2800000000000002,0.2800000000000002,1.175865822028527
0.2810000000000002,0.2810000000000002,1.175590893165723,0.2810000000000002,0.2810000000000002,1.175590893165723
0.2820000000000002,0.2820000000000002,1.175313530905239,0.2820000000000002,0.2820000000000002,1.175313530905239
0.2830000000000002,0.2830000000000002,1.17503371669803,0.2830000000000002,0.2830000000000002,1.17503371669803
0.2840000000000002,0.2840000000000002,1.174751431754314,0.2840000000000002,0.2840000000000002,1.174751431754314
0.2850000000000002,0.2850000000000002,1.174466657038205,0.2850000000000002,0.2850000000000002,1.174466657038205
0.2860000000000002,0.2860000000000002,1.174179373262218,0.2860000000000002,0.2860000000000002,1.174179373262218
0.2870000000000002,0.2870000000000002,1.17388956088164,0.2870000000000002,0.2870000000000002,1.17388956088164
0.2880000000000002,0.2880000000000002,1.173597200088769,0.2880000000000002,0.2880000000000002,1.173597200088769
0.2890000000000002,0.2890000000000002,1.173302270807005,0.2890000000000002,0.2890000000000002,1.173302270807005
0.2900000000000002,0.2900000000000002,1.173004752684802,0.2900000000000002,0.2900000000000002,1.173004752684802
0.2910000000000002,0.2910000000000002,1.172704625089466,0.2910000000000002,0.2910000000000002,1.172704625089466
0.2920000000000002,0.2920000000000002,1.172401867100806,0.2920000000000002,0.2920000000000002,1.172401867100806
0.2930000000000002,0.2930000000000002,1.172096457504614,0.2930000000000002,0.2930000000000002,1.172096457504614
0.2940000000000002,0.2940000000000002,1.17178837478599,0.2940000000000002,0.2940000000000002,1.17178837478599
0.2950000000000002,0.2950000000000002,1.171477597122494,0.2950000000000002,0.2950000000000002,1.171477597122494
0.2960000000000002,0.2960000000000002,1.17116410237712,0.2960000000000002,0.2960000000000002,1.17116410237712
0.2970000000000002,0.2970000000000002,1.170847868091092,0.2970000000000002,0.2970000000000002,1.170847868091092
0.2980000000000002,0.2980000000000002,1.170528871476473,0.2980000000000002,0.2980000000000002,1.170528871476473
0.2990000000000002,0.2990000000000002,1.170207089408575,0.2990000000000002,0.2990000000000002,1.170207089408575
0.3000000000000002,0.3000000000000002,1.169882498418176,0.3000000000000002,0.3000000000000002,1.169882498418176
0.3010000000000002,0.3010000000000002,1.169555074683523,0.3010000000000002,0.3010000000000002,1.169555074683523
0.3020000000000002,0.3020000000000002,1.169224794022126,0.3020000000000002,0.3020000000000002,1.169224794022126
0.3030000000000002,0.3030000000000002,1.168891631882328,0.3030000000000002,0.3030000000000002,1.168891631882328
0.3040000000000002,0.3040000000000002,1.168555563334646,0.3040000000000002,0.3040000000000002,1.168555563334646
0.3050000000000002,0.3050000000000002,1.168216563062876,0.3050000000000002,0.3050000000000002,1.168216563062876
0.3060000000000002,0.3060000000000002,1.167874605354947,0.3060000000000002,0.3060000000000002,1.167874605354947
0.3070000000000002,0.3070000000000002,1.167529664093528,0.3070000000000002,0.3070000000000002,1.167529664093528
0.3080000000000002,0.3080000000000002,1.167181712746366,0.3080000000000002,0.3080000000000002,1.167181712746366
0.3090000000000002,0.3090000000000002,1.166830724356351,0.3090000000000002,0.3090000000000002,1.166830724356351
0.3100000000000002,0.3100000000000002,1.166476671531304,0.3100000000000002,0.3100000000000002,1.166476671531304
0.3110000000000002,0.3110000000000002,1.166119526433461,0.3110000000000002,0.3110000000000002,1.166119526433461
0.3120000000000002,0.3120000000000002,1.16575926076866,0.3120000000000002,0.3120000000000002,1.16575926076866
0.3130000000000002,0.3130000000000002,1.165395845775214,0.3130000000000002,0.3130000000000002,1.165395845775214
0.3140000000000002,0.3140000000000002,1.16502925221245,0.3140000000000002,0.3140000000000002,1.16502925221245
0.3150000000000002,0.3150000000000002,1.164659450348914,0.3150000000000002,0.3150000000000002,1.164659450348914
0.3160000000000002,0.3160000000000002,1.16428640995022,0.3160000000000002,0.3160000000000002,1.16428640995022
0.3170000000000002,0.3170000000000002,1.163910100266533,0.3170000000000002,0.3170000000000002,1.163910100266533
0.3180000000000002,0.3180000000000002,1.16353049001968,0.3180000000000002,0.3180000000000002,1.16353049001968
0.3190000000000002,0.3190000000000002,1.163147547389853,0.3190000000000002,0.3190000000000002,1.163147547389853
0.3200000000000002,0.3200000000000002,1.162761240001916,0.3200000000000002,0.3200000000000002,1.162761240001916
0.3210000000000002,0.3210000000000002,1.162371534911277,0.3210000000000002,0.3210000000000002,1.162371534911277
0.3220000000000002,0.3220000000000002,1.161978398589321,0.3220000000000002,0.3220000000000002,1.161978398589321
0.3230000000000002,0.3230000000000002,1.161581796908388,0.3230000000000002,0.3230000000000002,1.161581796908388
0.3240000000000002,0.3240000000000002,1.161181695126265,0.3240000000000002,0.3240000000000002,1.161181695126265
0.3250000000000002,0.3250000000000002,1.16077805787019,0.3250000000000002,0.3250000000000002,1.16077805787019
0.3260000000000002,0.3260000000000002,1.160370849120335,0.3260000000000002,0.3260000000000002,1.160370849120335
0.3270000000000002,0.3270000000000002,1.159960032192753,0.3270000000000002,0.3270000000000002,1.159960032192753
0.3280000000000002,0.3280000000000002,1.159545569721769,0.3280000000000002,0.3280000000000002,1.159545569721769
0.3290000000000002,0.3290000000000002,1.159127423641792,0.3290000000000002,0.3290000000000002,1.159127423641792
0.3300000000000002,0.3300000000000002,1.158705555168513,0.3300000000000002,0.3300000000000002,1.158705555168513
0.3310000000000002,0.3310000000000002,1.158279924779494,0.3310000000000002,0.3310000000000002,1.158279924779494
0.3320000000000002,0.3320000000000002,1.15785049219408,0.3320000000000002,0.3320000000000002,1.15785049219408
0.3330000000000002,0.3330000000000002,1.157417216352649,0.3330000000000002,0.3330000000000002,1.157417216352649
0.3340000000000002,0.3340000000000002,1.156980055395149,0.3340000000000002,0.3340000000000002,1.156980055395149
0.3350000000000002,0.3350000000000002,1.156538966638891,0.3350000000000002,0.3350000000000002,1.156538966638891
0.3360000000000002,0.3360000000000002,1.156093906555583,0.3360000000000002,0.3360000000000002,1.156093906555583
0.3370000000000002,0.3370000000000002,1.155644830747564,0.3370000000000002,0.3370000000000002,1.155644830747564
0.3380000000000002,0.3380000000000002,1.1551916939232,0.3380000000000002,0.3380000000000002,1.1551916939232
0.3390000000000002,0.3390000000000002,1.154734449871421,0.3390000000000002,0.3390000000000002,1.154734449871421
0.3400000000000002,0.3400000000000002,1.154273051435354,0.3400000000000002,0.3400000000000002,1.154273051435354
0.3410000000000002,0.3410000000000002,1.153807450485013,0.3410000000000002,0.3410000000000002,1.153807450485013
0.3420000000000002,0.3420000000000002,1.153337597889015,0.3420000000000002,0.3420000000000002,1.153337597889015
0.3430000000000002,0.3430000000000002,1.152863443485273,0.3430000000000002,0.3430000000000002,1.152863443485273
0.3440000000000003,0.3440000000000003,1.152384936050631,0.3440000000000003,0.3440000000000003,1.152384936050631
0.3450000000000003,0.3450000000000003,1.151902023269389,0.3450000000000003,0.3450000000000003,1.151902023269389
0.3460000000000003,0.3460000000000003,1.151414651700674,0.3460000000000003,0.3460000000000003,1.151414651700674
0.3470000000000003,0.3470000000000003,1.150922766744618,0.3470000000000003,0.3470000000000003,1.150922766744618
0.3480000000000003,0.3480000000000003,1.150426312607274,0.3480000000000003,0.3480000000000003,1.150426312607274
0.3490000000000003,0.3490000000000003,1.149925232264234,0.3490000000000003,0.3490000000000003,1.149925232264234
0.3500000000000003,0.3500000000000003,1.149419467422889,0.3500000000000003,0.3500000000000003,1.149419467422889
0.3510000000000003,0.3510000000000003,1.148908958483263,0.3510000000000003,0.3510000000000003,1.148908958483263
0.3520000000000003,0.3520000000000003,1.148393644497382,0.3520000000000003,0.3520000000000003,1.148393644497382
0.3530000000000003,0.3530000000000003,1.147873463127095,0.3530000000000003,0.3530000000000003,1.147873463127095
0.3540000000000003,0.3540000000000003,1.147348350600296,0.3540000000000003,0.3540000000000003,1.147348350600296
0.3550000000000003,0.3550000000000003,1.146818241665465,0.3550000000000003,0.3550000000000003,1.146818241665465
0.3560000000000003,0.3560000000000003,1.146283069544469,0.3560000000000003,0.3560000000000003,1.146283069544469
0.3570000000000003,0.3570000000000003,1.14574276588355,0.3570000000000003,0.3570000000000003,1.14574276588355
0.3580000000000003,0.3580000000000003,1.145197260702397,0.3580000000000003,0.3580000000000003,1.145197260702397
0.3590000000000003,0.3590000000000003,1.144646482341264,0.3590000000000003,0.3590000000000003,1.144646482341264
0.3600000000000003,0.3600000000000003,1.144090357405997,0.3600000000000003,0.3600000000000003,1.144090357405997
0.3610000000000003,0.3610000000000003,1.143528810710928,0.3610000000000003,0.3610000000000003,1.143528810710928
0.3620000000000003,0.3620000000000003,1.14296176521951,0.3620000000000003,0.3620000000000003,1.14296176521951
0.3630000000000003,0.3630000000000003,1.142389141982611,0.3630000000000003,0.3630000000000003,1.142389141982611
0.3640000000000003,0.3640000000000003,1.14181086007436,0.3640000000000003,0.3640000000000003,1.14181086007436
0.3650000000000003,0.3650000000000003,1.141226836525436,0.3650000000000003,0.3650000000000003,1.141226836525436
0.3660000000000003,0.3660000000000003,1.140636986253693,0.3660000000000003,0.3660000000000003,1.140636986253693
0.3670000000000003,0.3670000000000003,1.140041221991993,0.3670000000000003,0.3670000000000003,1.140041221991993
0.3680000000000003,0.3680000000000003,1.139439454213137,0.3680000000000003,0.3680000000000003,1.139439454213137
0.3690000000000003,0.3690000000000003,1.138831591051751,0.3690000000000003,0.3690000000000003,1.138831591051751
0.3700000000000003,0.3700000000000003,1.138217538223002,0.3700000000000003,0.3700000000000003,1.138217538223002
0.3710000000000003,0.3710000000000003,1.137597198937986,0.3710000000000003,0.3710000000000003,1.137597198937986
0.3720000000000003,0.3720000000000003,1.136970473815657,0.3720000000000003,0.3720000000000003,1.136970473815657
0.3730000000000003,0.3730000000000003,1.136337260791126,0.3730000000000003,0.3730000000000003,1.136337260791126
0.3740000000000003,0.3740000000000003,1.135697455020155,0.3740000000000003,0.3740000000000003,1.135697455020155
0.3750000000000003,0.3750000000000003,1.135050948779702,0.3750000000000003,0.3750000000000003,1.135050948779702
0.3760000000000003,0.3760000000000003,1.134397631364298,0.3760000000000003,0.3760000000000003,1.134397631364298
0.3770000000000003,0.3770000000000003,1.13373738897808,0.3770000000000003,0.3770000000000003,1.13373738897808
0.3780000000000003,0.3780000000000003,1.133070104622276,0.3780000000000003,0.3780000000000003,1.133070104622276
0.3790000000000003,0.3790000000000003,1.132395657977919,0.3790000000000003,0.3790000000000003,1.132395657977919
0.3800000000000003,0.3800000000000003,1.131713925283569,0.3800000000000003,0.3800000000000003,1.131713925283569
0.3810000000000003,0.3810000000000003,1.131024779207801,0.3810000000000003,0.3810000000000003,1.131024779207801
0.3820000000000003,0.3820000000000003,1.130328088716201,0.3820000000000003,0.3820000000000003,1.130328088716201
0.3830000000000003,0.3830000000000003,1.129623718932614,0.3830000000000003,0.3830000000000003,1.129623718932614
0.3840000000000003,0.3840000000000003,1.128911530994347,0.3840000000000003,0.3840000000000003,1.128911530994347
0.3850000000000003,0.3850000000000003,1.128191381901042,0.3850000000000003,0.3850000000000003,1.128191381901042
0.3860000000000003,0.3860000000000003,1.127463124356893,0.3860000000000003,0.3860000000000003,1.127463124356893
0.3870000000000003,0.3870000000000003,1.126726606605881,0.3870000000000003,0.3870000000000003,1.126726606605881
0.3880000000000003,0.3880000000000003,1.125981672259661,0.3880000000000003,0.3880000000000003,1.125981672259661
0.3890000000000003,0.3890000000000003,1.125228160117748,0.3890000000000003,0.3890000000000003,1.125228160117748
0.3900000000000003,0.3900000000000003,1.12446590397958,0.3900000000000003,0.3900000000000003,1.12446590397958
0.3910000000000003,0.3910000000000003,1.123694732448061,0.3910000000000003,0.3910000000000003,1.123694732448061
0.3920000000000003,0.3920000000000003,1.122914468724123,0.3920000000000003,0.3920000000000003,1.122914468724123
0.3930000000000003,0.3930000000000003,1.122124930391844,0.3930000000000003,0.3930000000000003,1.122124930391844
0.3940000000000003,0.3940000000000003,1.121325929193621,0.3940000000000003,0.3940000000000003,1.121325929193621
0.3950000000000003,0.3950000000000003,1.120517270794859,0.3950000000000003,0.3950000000000003,1.120517270794859
0.3960000000000003,0.3960000000000003,1.119698754537634,0.3960000000000003,0.3960000000000003,1.119698754537634
0.3970000000000003,0.3970000000000003,1.118870173182707,0.3970000000000003,0.3970000000000003,1.118870173182707
0.3980000000000003,0.3980000000000003,1.118031312639274,0.3980000000000003,0.3980000000000003,1.118031312639274
0.3990000000000003,0.3990000000000003,1.11718195168177,0.3990000000000003,0.3990000000000003,1.11718195168177
0.4000000000000003,0.4000000000000003,1.116321861653022,0.4000000000000003,0.4000000000000003,1.116321861653022
0.4010000000000003,0.4010000000000003,1.115450806152981,0.4010000000000003,0.4010000000000003,1.115450806152981
0.4020000000000003,0.4020000000000003,1.114568540712232,0.4020000000000003,0.4020000000000003,1.114568540712232
0.4030000000000003,0.4030000000000003,1.113674812449436,0.4030000000000003,0.4030000000000003,1.113674812449436
0.4040000000000003,0.4040000000000003,1.112769359711774,0.4040000000000003,0.4040000000000003,1.112769359711774
0.4050000000000003,0.4050000000000003,1.111851911697451,0.4050000000000003,0.4050000000000003,1.111851911697451
0.4060000000000003,0.4060000000000003,1.110922188059208,0.4060000000000003,0.4060000000000003,1.110922188059208
0.4070000000000003,0.4070000000000003,1.109979898487779,0.4070000000000003,0.4070000000000003,1.109979898487779
0.4080000000000003,0.4080000000000003,1.109024742274114,0.4080000000000003,0.4080000000000003,1.109024742274114
0.4090000000000003,0.4090000000000003,1.108056407849139,0.4090000000000003,0.4090000000000003,1.108056407849139
0.4100000000000003,0.4100000000000003,1.107074572299757,0.4100000000000003,0.4100000000000003,1.107074572299757
0.4110000000000003,0.4110000000000003,1.106078900859687,0.4110000000000003,0.4110000000000003,1.106078900859687
0.4120000000000003,0.4120000000000003,1.105069046373668,0.4120000000000003,0.4120000000000003,1.105069046373668
0.4130000000000003,0.4130000000000003,1.104044648733467,0.4130000000000003,0.4130000000000003,1.104044648733467
0.4140000000000003,0.4140000000000003,1.10300533428402,0.4140000000000003,0.4140000000000003,1.10300533428402
0.4150000000000003,0.4150000000000003,1.101950715197938,0.4150000000000003,0.4150000000000003,1.101950715197938
0.4160000000000003,0.4160000000000003,1.100880388816511,0.4160000000000003,0.4160000000000003,1.100880388816511
0.4170000000000003,0.4170000000000003,1.099793936955213,0.4170000000000003,0.4170000000000003,1.099793936955213
0.4180000000000003,0.4180000000000003,1.098690925171612,0.4180000000000003,0.4180000000000003,1.098690925171612
0.4190000000000003,0.4190000000000003,1.097570901993445,0.4190000000000003,0.4190000000000003,1.097570901993445
0.4200000000000003,0.4200000000000003,1.096433398104502,0.4200000000000003,0.4200000000000003,1.096433398104502
0.4210000000000003,0.4210000000000003,1.09527792548582,0.4210000000000003,0.4210000000000003,1.09527792548582
0.4220000000000003,0.4220000000000003,1.09410397650955,0.4220000000000003,0.4220000000000003,1.09410397650955
0.4230000000000003,0.4230000000000003,1.092911022982729,0.4230000000000003,0.4230000000000003,1.092911022982729
0.4240000000000003,0.4240000000000003,1.091698515138002,0.4240000000000003,0.4240000000000003,1.091698515138002
0.4250000000000003,0.4250000000000003,1.090465880568244,0.4250000000000003,0.4250000000000003,1.090465880568244
0.4260000000000003,0.4260000000000003,1.089212523101841,0.4260000000000003,0.4260000000000003,1.089212523101841
0.4270000000000003,0.4270000000000003,1.08793782161525,0.4270000000000003,0.4270000000000003,1.08793782161525
0.4280000000000003,0.4280000000000003,1.086641128779314,0.4280000000000003,0.4280000000000003,1.086641128779314
0.4290000000000003,0.4290000000000003,1.085321769735679,0.4290000000000003,0.4290000000000003,1.085321769735679
0.4300000000000003,0.4300000000000003,1.083979040699505,0.4300000000000003,0.4300000000000003,1.083979040699505
0.4310000000000003,0.4310000000000003,1.082612207484583,0.4310000000000003,0.4310000000000003,1.082612207484583
0.4320000000000003,0.4320000000000003,1.081220503946846,0.4320000000000003,0.4320000000000003,1.081220503946846
0.4330000000000003,0.4330000000000003,1.079803130342223,0.4330000000000003,0.4330000000000003,1.079803130342223
0.4340000000000003,0.4340000000000003,1.078359251594765,0.4340000000000003,0.4340000000000003,1.078359251594765
0.4350000000000003,0.4350000000000003,1.076887995470966,0.4350000000000003,0.4350000000000003,1.076887995470966
0.4360000000000003,0.4360000000000003,1.075388450656345,0.4360000000000003,0.4360000000000003,1.075388450656345
0.4370000000000003,0.4370000000000003,1.073859664730485,0.4370000000000003,0.4370000000000003,1.073859664730485
0.4380000000000003,0.4380000000000003,1.072300642037029,0.4380000000000003,0.4380000000000003,1.072300642037029
0.4390000000000003,0.4390000000000003,1.070710341445532,0.4390000000000003,0.4390000000000003,1.070710341445532
0.4400000000000003,0.4400000000000003,1.069087674002661,0.4400000000000003,0.4400000000000003,1.069087674002661
0.4410000000000003,0.4410000000000003,1.067431500470976,0.4410000000000003,0.4410000000000003,1.067431500470976
0.4420000000000003,0.4420000000000003,1.06574062875457,0.4420000000000003,0.4420000000000003,1.06574062875457
0.4430000000000003,0.4430000000000003,1.064013811212202,0.4430000000000003,0.4430000000000003,1.064013811212202
0.4440000000000003,0.4440000000000003,1.062249741860211,0.4440000000000003,0.4440000000000003,1.062249741860211
0.4450000000000003,0.4450000000000003,1.060447053469742,0.4450000000000003,0.4450000000000003,1.060447053469742
0.4460000000000003,0.4460000000000003,1.058604314565514,0.4460000000000003,0.4460000000000003,1.058604314565514
0.4470000000000003,0.4470000000000003,1.056720026336829,0.4470000000000003,0.4470000000000003,1.056720026336829
0.4480000000000003,0.4480000000000003,1.054792619475789,0.4480000000000003,0.4480000000000003,1.054792619475789
0.4490000000000003,0.4490000000000003,1.052820450963016,0.4490000000000003,0.4490000000000003,1.052820450963016
0.4500000000000003,0.4500000000000003,1.050801800827703,0.4500000000000003,0.4500000000000003,1.050801800827703
0.4510000000000003,0.4510000000000003,1.048734868916928,0.4510000000000003,0.4510000000000003,1.048734868916928
0.4520000000000003,0.4520000000000003,1.046617771718977,0.4520000000000003,0.4520000000000003,1.046617771718977
0.4530000000000003,0.4530000000000003,1.044448539297536,0.4530000000000003,0.4530000000000003,1.044448539297536
0.4540000000000003,0.4540000000000003,1.042225112408202,0.4540000000000003,0.4540000000000003,1.042225112408202
0.4550000000000003,0.4550000000000003,1.039945339886571,0.4550000000000003,0.4550000000000003,1.039945339886571
0.4560000000000003,0.4560000000000003,1.037606976418552,0.4560000000000003,0.4560000000000003,1.037606976418552
0.4570000000000004,0.4570000000000004,1.035207680829303,0.4570000000000004,0.4570000000000004,1.035207680829303
0.4580000000000004,0.4580000000000004,1.032745015057963,0.4580000000000004,0.4580000000000004,1.032745015057963
0.4590000000000004,0.4590000000000004,1.030216444021916,0.4590000000000004,0.4590000000000004,1.030216444021916
0.4600000000000004,0.4600000000000004,1.027619336617512,0.4600000000000004,0.4600000000000004,1.027619336617512
0.4610000000000004,0.4610000000000004,1.024950968154714,0.4610000000000004,0.4610000000000004,1.024950968154714
0.4620000000000004,0.4620000000000004,1.022208524581753,0.4620000000000004,0.4620000000000004,1.022208524581753
0.4630000000000004,0.4630000000000004,1.019389108922962,0.4630000000000004,0.4630000000000004,1.019389108922962
0.4640000000000004,0.4640000000000004,1.016489750428557,0.4640000000000004,0.4640000000000004,1.016489750428557
0.4650000000000004,0.4650000000000004,1.013507417018577,0.4650000000000004,0.4650000000000004,1.013507417018577
0.4660000000000004,0.4660000000000004,1.010439031692692,0.4660000000000004,0.4660000000000004,1.010439031692692
0.4670000000000004,0.4670000000000004,1.007281493669941,0.4670000000000004,0.4670000000000004,1.007281493669941
0.4680000000000004,0.4680000000000004,1.004031705112006,0.4680000000000004,0.4680000000000004,1.004031705112006
0.4690000000000004,0.4690000000000004,1.000686604361934,0.4690000000000004,0.4690000000000004,1.000686604361934
0.4700000000000004,0.4700000000000004,0.9972432066847133,0.4700000000000004,0.4700000000000004,0.9972432066847133
0.4710000000000004,0.4710000000000004,0.9936986535093439,0.4710000000000004,0.4710000000000004,0.9936986535093439
0.4720000000000004,0.4720000000000004,0.9900502711207763,0.4720000000000004,0.4720000000000004,0.9900502711207763
0.4730000000000004,0.4730000000000004,0.9862956396046297,0.4730000000000004,0.4730000000000004,0.9862956396046297
0.4740000000000004,0.4740000000000004,0.9824326725725974,0.4740000000000004,0.4740000000000004,0.9824326725725974
0.4750000000000004,0.4750000000000004,0.978459707752129,0.4750000000000004,0.4750000000000004,0.978459707752129
0.4760000000000004,0.4760000000000004,0.9743756078710323,0.4760000000000004,0.4760000000000004,0.9743756078710323
0.4770000000000004,0.4770000000000004,0.9701798703745158,0.4770000000000004,0.4770000000000004,0.9701798703745158
0.4780000000000004,0.4780000000000004,0.9658727433657548,0.4780000000000004,0.4780000000000004,0.9658727433657548
0.4790000000000004,0.4790000000000004,0.9614553437834145,0.4790000000000004,0.4790000000000004,0.9614553437834145
0.4800000000000004,0.4800000000000004,0.9569297722935464,0.4800000000000004,0.4800000000000004,0.9569297722935464
0.4810000000000004,0.4810000000000004,0.9522992178208401,0.4810000000000004,0.4810000000000004,0.9522992178208401
0.4820000000000004,0.4820000000000004,0.9475680432932596,0.4820000000000004,0.4820000000000004,0.9475680432932596
0.4830000000000004,0.4830000000000004,0.942741843312066,0.4830000000000004,0.4830000000000004,0.942741843312066
0.4840000000000004,0.4840000000000004,0.9378274644097792,0.4840000000000004,0.4840000000000004,0.9378274644097792
0.4850000000000004,0.4850000000000004,0.9328329796201291,0.4850000000000004,0.4850000000000004,0.9328329796201291
0.4860000000000004,0.4860000000000004,0.9277676114427852,0.4860000000000004,0.4860000000000004,0.9277676114427852
0.4870000000000004,0.4870000000000004,0.9226416009231349,0.4870000000000004,0.4870000000000004,0.9226416009231349
0.4880000000000004,0.4880000000000004,0.9174660251932669,0.4880000000000004,0.4880000000000004,0.9174660251932669
0.4890000000000004,0.4890000000000004,0.9122525708660578,0.4890000000000004,0.4890000000000004,0.9122525708660578
0.4900000000000004,0.4900000000000004,0.9070132753716768,0.4900000000000004,0.4900000000000004,0.9070132753716768
0.4910000000000004,0.4910000000000004,0.9017602518668091,0.4910000000000004,0.4910000000000004,0.9017602518668091
0.4920000000000004,0.4920000000000004,0.8965054150828295,0.4920000000000004,0.4920000000000004,0.8965054150828295
0.4930000000000004,0.4930000000000004,0.8912602250947513,0.4930000000000004,0.4930000000000004,0.8912602250947513
0.4940000000000004,0.4940000000000004,0.8860354635926779,0.4940000000000004,0.4940000000000004,0.8860354635926779
0.4950000000000004,0.4950000000000004,0.8808410533101101,0.4950000000000004,0.4950000000000004,0.8808410533101101
0.4960000000000004,0.4960000000000004,0.8756859265406396,0.4960000000000004,0.4960000000000004,0.8756859265406396
0.4970000000000004,0.4970000000000004,0.8705779439392283,0.4970000000000004,0.4970000000000004,0.8705779439392283
0.4980000000000004,0.4980000000000004,0.865523860712923,0.4980000000000004,0.4980000000000004,0.865523860712923
0.4990000000000004,0.4990000000000004,0.8605293342773276,0.4990000000000004,0.4990000000000004,0.8605293342773276
0.5000000000000003,0.5000000000000003,0.8555989656413756,0.5000000000000003,0.5000000000000003,0.8555989656413756
0.5010000000000003,0.5010000000000003,0.8507363661094314,0.5010000000000003,0.5010000000000003,0.8507363661094314
0.5020000000000003,0.5020000000000003,0.8459442411342947,0.5020000000000003,0.5020000000000003,0.8459442411342947
0.5030000000000003,0.5030000000000003,0.8412244840315647,0.5030000000000003,0.5030000000000003,0.8412244840315647
0.5040000000000003,0.5040000000000003,0.8365782734944242,0.5040000000000003,0.5040000000000003,0.8365782734944242
0.5050000000000003,0.5050000000000003,0.8320061701952887,0.5050000000000003,0.5050000000000003,0.8320061701952887
0.5060000000000003,0.5060000000000003,0.8275082090593029,0.5060000000000003,0.5060000000000003,0.8275082090593029
0.5070000000000003,0.5070000000000003,0.82308398494154,0.5070000000000003,0.5070000000000003,0.82308398494154
0.5080000000000003,0.5080000000000003,0.8187327303861561,0.5080000000000003,0.5080000000000003,0.8187327303861561
0.5090000000000003,0.5090000000000003,0.8144533848816816,0.5090000000000003,0.5090000000000003,0.8144533848816816
0.5100000000000003,0.5100000000000003,0.8102446555667879,0.5100000000000003,0.5100000000000003,0.8102446555667879
0.5110000000000003,0.5110000000000003,0.8061050697131241,0.5110000000000003,0.5110000000000003,0.8061050697131241
0.5120000000000003,0.5120000000000003,0.8020330195481441,0.5120000000000003,0.5120000000000003,0.8020330195481441
0.5130000000000003,0.5130000000000003,0.7980268001131841,0.5130000000000003,0.5130000000000003,0.7980268001131841
0.5140000000000003,0.5140000000000003,0.7940846409080565,0.5140000000000003,0.5140000000000003,0.7940846409080565
0.5150000000000003,0.5150000000000003,0.7902047320766487,0.5150000000000003,0.5150000000000003,0.7902047320766487
0.5160000000000003,0.5160000000000003,0.7863852458564279,0.5160000000000003,0.5160000000000003,0.7863852458564279
0.5170000000000003,0.5170000000000003,0.7826243539623655,0.5170000000000003,0.5170000000000003,0.7826243539623655
0.5180000000000003,0.5180000000000003,0.7789202415124967,0.5180000000000003,0.5180000000000003,0.7789202415124967
0.5190000000000003,0.5190000000000003,0.7752711180350156,0.5190000000000003,0.5190000000000003,0.7752711180350156
0.5200000000000004,0.5200000000000004,0.7716752260301786,0.5200000000000004,0.5200000000000004,0.7716752260301786
0.5210000000000004,0.5210000000000004,0.768130847497092,0.5210000000000004,0.5210000000000004,0.768130847497092
0.5220000000000004,0.5220000000000004,0.7646363087774197,0.5220000000000004,0.5220000000000004,0.7646363087774197
0.5230000000000004,0.5230000000000004,0.7611899840158216,0.5230000000000004,0.5230000000000004,0.7611899840158216
0.5240000000000004,0.5240000000000004,0.7577902974908018,0.5240000000000004,0.5240000000000004,0.7577902974908018
0.5250000000000004,0.5250000000000004,0.7544357250293643,0.5250000000000004,0.5250000000000004,0.7544357250293643
0.5260000000000004,0.5260000000000004,0.7511247946841163,0.5260000000000004,0.5260000000000004,0.7511247946841163
0.5270000000000004,0.5270000000000004,0.7478560868216464,0.5270000000000004,0.5270000000000004,0.7478560868216464
0.5280000000000004,0.5280000000000004,0.7446282337456744,0.5280000000000004,0.5280000000000004,0.7446282337456744
0.5290000000000004,0.5290000000000004,0.7414399189570315,0.5290000000000004,0.5290000000000004,0.7414399189570315
0.5300000000000004,0.5300000000000004,0.7382898761344897,0.5300000000000004,0.5300000000000004,0.7382898761344897
0.5310000000000004,0.5310000000000004,0.735176887905305,0.5310000000000004,0.5310000000000004,0.735176887905305
0.5320000000000004,0.5320000000000004,0.7320997844617204,0.5320000000000004,0.5320000000000004,0.7320997844617204
0.5330000000000004,0.5330000000000004,0.7290574420690986,0.5330000000000004,0.5330000000000004,0.7290574420690986
0.5340000000000004,0.5340000000000004,0.7260487815026739,0.5340000000000004,0.5340000000000004,0.7260487815026739
0.5350000000000004,0.5350000000000004,0.7230727664425872,0.5350000000000004,0.5350000000000004,0.7230727664425872
0.5360000000000004,0.5360000000000004,0.7201284018509296,0.5360000000000004,0.5360000000000004,0.7201284018509296
0.5370000000000004,0.5370000000000004,0.717214732349569,0.5370000000000004,0.5370000000000004,0.717214732349569
0.5380000000000004,0.5380000000000004,0.7143308406134763,0.5380000000000004,0.5380000000000004,0.7143308406134763
0.5390000000000004,0.5390000000000004,0.7114758457909279,0.5390000000000004,0.5390000000000004,0.7114758457909279
0.5400000000000004,0.5400000000000004,0.7086489019592622,0.5400000000000004,0.5400000000000004,0.7086489019592622
0.5410000000000004,0.5410000000000004,0.7058491966226307,0.5410000000000004,0.5410000000000004,0.7058491966226307
0.5420000000000004,0.5420000000000004,0.7030759492563871,0.5420000000000004,0.5420000000000004,0.7030759492563871
0.5430000000000004,0.5430000000000004,0.7003284099013279,0.5430000000000004,0.5430000000000004,0.7003284099013279
0.5440000000000004,0.5440000000000004,0.697605857809771,0.5440000000000004,0.5440000000000004,0.697605857809771
0.5450000000000004,0.5450000000000004,0.6949076001445794,0.5450000000000004,0.5450000000000004,0.6949076001445794
0.5460000000000004,0.5460000000000004,0.6922329707314681,0.5460000000000004,0.5460000000000004,0.6922329707314681
0.5470000000000004,0.5470000000000004,0.6895813288643363,0.5470000000000004,0.5470000000000004,0.6895813288643363
0.5480000000000004,0.5480000000000004,0.6869520581629307,0.5480000000000004,0.5480000000000004,0.6869520581629307
0.5490000000000004,0.5490000000000004,0.684344565481786,0.5490000000000004,0.5490000000000004,0.684344565481786
0.5500000000000004,0.5500000000000004,0.6817582798691288,0.5500000000000004,0.5500000000000004,0.6817582798691288
0.5510000000000004,0.5510000000000004,0.679192651574236,0.5510000000000004,0.5510000000000004,0.679192651574236
0.5520000000000004,0.5520000000000004,0.6766471511016032,0.5520000000000004,0.5520000000000004,0.6766471511016032
0.5530000000000004,0.5530000000000004,0.6741212683101919,0.5530000000000004,0.5530000000000004,0.6741212683101919
0.5540000000000004,0.5540000000000004,0.6716145115559637,0.5540000000000004,0.5540000000000004,0.6716145115559637
0.5550000000000004,0.5550000000000004,0.6691264068758981,0.5550000000000004,0.5550000000000004,0.6691264068758981
0.5560000000000004,0.5560000000000004,0.666656497211676,0.5560000000000004,0.5560000000000004,0.666656497211676
0.5570000000000004,0.5570000000000004,0.6642043416712387,0.5570000000000004,0.5570000000000004,0.6642043416712387
0.5580000000000004,0.5580000000000004,0.6617695148264587,0.5580000000000004,0.5580000000000004,0.6617695148264587
0.5590000000000004,0.5590000000000004,0.6593516060451992,0.5590000000000004,0.5590000000000004,0.6593516060451992
0.5600000000000004,0.5600000000000004,0.6569502188560964,0.5600000000000004,0.5600000000000004,0.6569502188560964
0.5610000000000004,0.5610000000000004,0.6545649703444498,0.5610000000000004,0.5610000000000004,0.6545649703444498
0.5620000000000004,0.5620000000000004,0.6521954905776595,0.5620000000000004,0.5620000000000004,0.6521954905776595
0.5630000000000004,0.5630000000000004,0.6498414220587222,0.5630000000000004,0.5630000000000004,0.6498414220587222
0.5640000000000004,0.5640000000000004,0.6475024192063555,0.5640000000000004,0.5640000000000004,0.6475024192063555
0.5650000000000004,0.5650000000000004,0.645178147860382,0.5650000000000004,0.5650000000000004,0.645178147860382
0.5660000000000004,0.5660000000000004,0.6428682848110688,0.5660000000000004,0.5660000000000004,0.6428682848110688
0.5670000000000004,0.5670000000000004,0.6405725173511853,0.5670000000000004,0.5670000000000004,0.6405725173511853
0.5680000000000004,0.5680000000000004,0.6382905428495951,0.5680000000000004,0.5680000000000004,0.6382905428495951
0.5690000000000004,0.5690000000000004,0.6360220683452613,0.5690000000000004,0.5690000000000004,0.6360220683452613
0.5700000000000004,0.5700000000000004,0.6337668101606008,0.5700000000000004,0.5700000000000004,0.6337668101606008
0.5710000000000004,0.5710000000000004,0.6315244935331848,0.5710000000000004,0.5710000000000004,0.6315244935331848
0.5720000000000004,0.5720000000000004,0.6292948522648173,0.5720000000000004,0.5720000000000004,0.6292948522648173
0.5730000000000004,0.5730000000000004,0.6270776283871013,0.5730000000000004,0.5730000000000004,0.6270776283871013
0.5740000000000004,0.5740000000000004,0.6248725718426229,0.5740000000000004,0.5740000000000004,0.6248725718426229
0.5750000000000004,0.5750000000000004,0.6226794401809544,0.5750000000000004,0.5750000000000004,0.6226794401809544
0.5760000000000004,0.5760000000000004,0.6204979982687008,0.5760000000000004,0.5760000000000004,0.6204979982687008
0.5770000000000004,0.5770000000000004,0.6183280180128752,0.5770000000000004,0.5770000000000004,0.6183280180128752
0.5780000000000004,0.5780000000000004,0.6161692780969149,0.5780000000000004,0.5780000000000004,0.6161692780969149
0.5790000000000004,0.5790000000000004,0.6140215637286955,0.5790000000000004,0.5790000000000004,0.6140215637286955
0.5800000000000004,0.5800000000000004,0.6118846663999489,0.5800000000000004,0.5800000000000004,0.6118846663999489
0.5810000000000004,0.5810000000000004,0.60975838365652,0.5810000000000004,0.5810000000000004,0.60975838365652
0.5820000000000004,0.5820000000000004,0.6076425188789775,0.5820000000000004,0.5820000000000004,0.6076425188789775
0.5830000000000004,0.5830000000000004,0.6055368810731853,0.5830000000000004,0.5830000000000004,0.6055368810731853
0.5840000000000004,0.5840000000000004,0.6034412846706547,0.5840000000000004,0.5840000000000004,0.6034412846706547
0.5850000000000004,0.5850000000000004,0.6013555493388512,0.5850000000000004,0.5850000000000004,0.6013555493388512
0.5860000000000004,0.5860000000000004,0.59927949980192,0.5860000000000004,0.5860000000000004,0.59927949980192
0.5870000000000004,0.5870000000000004,0.5972129656703021,0.5870000000000004,0.5870000000000004,0.5972129656703021
0.5880000000000004,0.5880000000000004,0.5951557812713297,0.5880000000000004,0.5880000000000004,0.5951557812713297
0.5890000000000004,0.5890000000000004,0.5931077854749336,0.5890000000000004,0.5890000000000004,0.5931077854749336
0.5900000000000004,0.5900000000000004,0.5910688215280949,0.5900000000000004,0.5900000000000004,0.5910688215280949
0.5910000000000004,0.5910000000000004,0.5890387369091846,0.5910000000000004,0.5910000000000004,0.5890387369091846
0.5920000000000004,0.5920000000000004,0.5870173831949379,0.5920000000000004,0.5920000000000004,0.5870173831949379
0.5930000000000004,0.5930000000000004,0.585004615933653,0.5930000000000004,0.5930000000000004,0.585004615933653
0.5940000000000004,0.5940000000000004,0.5830002945216506,0.5940000000000004,0.5940000000000004,0.5830002945216506
0.5950000000000004,0.5950000000000004,0.5810042820754228,0.5950000000000004,0.5950000000000004,0.5810042820754228
0.5960000000000004,0.5960000000000004,0.5790164452982929,0.5960000000000004,0.5960000000000004,0.5790164452982929
0.5970000000000004,0.5970000000000004,0.5770366543573533,0.5970000000000004,0.5970000000000004,0.5770366543573533
0.5980000000000004,0.5980000000000004,0.5750647827764114,0.5980000000000004,0.5980000000000004,0.5750647827764114
0.5990000000000004,0.5990000000000004,0.5731007073360657,0.5990000000000004,0.5990000000000004,0.5731007073360657
0.6000000000000004,0.6000000000000004,0.5711443079759436,0.6000000000000004,0.6000000000000004,0.5711443079759436
0.6010000000000004,0.6010000000000004,0.5691954676991536,0.6010000000000004,0.6010000000000004,0.5691954676991536
0.6020000000000004,0.6020000000000004,0.5672540724796821,0.6020000000000004,0.6020000000000004,0.5672540724796821
0.6030000000000004,0.6030000000000004,0.5653200111730684,0.6030000000000004,0.6030000000000004,0.5653200111730684
0.6040000000000004,0.6040000000000004,0.5633931754304408,0.6040000000000004,0.6040000000000004,0.5633931754304408
0.6050000000000004,0.6050000000000004,0.5614734596158264,0.6050000000000004,0.6050000000000004,0.5614734596158264
0.6060000000000004,0.6060000000000004,0.5595607607266411,0.6060000000000004,0.6060000000000004,0.5595607607266411
0.6070000000000004,0.6070000000000004,0.5576549783172431,0.6070000000000004,0.6070000000000004,0.5576549783172431
0.6080000000000004,0.6080000000000004,0.5557560144254116,0.6080000000000004,0.6080000000000004,0.5557560144254116
0.6090000000000004,0.6090000000000004,0.5538637735016396,0.6090000000000004,0.6090000000000004,0.5538637735016396
0.6100000000000004,0.6100000000000004,0.551978162341124,0.6100000000000004,0.6100000000000004,0.551978162341124
0.6110000000000004,0.6110000000000004,0.5500990900183229,0.6110000000000004,0.6110000000000004,0.5500990900183229
0.6120000000000004,0.6120000000000004,0.548226467824008,0.6120000000000004,0.6120000000000004,0.548226467824008
0.6130000000000004,0.6130000000000004,0.5463602092046694,0.6130000000000004,0.6130000000000004,0.5463602092046694
0.6140000000000004,0.6140000000000004,0.5445002297041989,0.6140000000000004,0.6140000000000004,0.5445002297041989
0.6150000000000004,0.6150000000000004,0.5426464469077631,0.6150000000000004,0.6150000000000004,0.5426464469077631
0.6160000000000004,0.6160000000000004,0.5407987803877592,0.6160000000000004,0.6160000000000004,0.5407987803877592
0.6170000000000004,0.6170000000000004,0.5389571516517828,0.6170000000000004,0.6170000000000004,0.5389571516517828
0.6180000000000004,0.6180000000000004,0.5371214840925239,0.6180000000000004,0.6180000000000004,0.5371214840925239
0.6190000000000004,0.6190000000000004,0.5352917029395162,0.6190000000000004,0.6190000000000004,0.5352917029395162
0.6200000000000004,0.6200000000000004,0.5334677352126658,0.6200000000000004,0.6200000000000004,0.5334677352126658
0.6210000000000004,0.6210000000000004,0.5316495096774896,0.6210000000000004,0.6210000000000004,0.5316495096774896
0.6220000000000004,0.6220000000000004,0.5298369568020023,0.6220000000000004,0.6220000000000004,0.5298369568020023
0.6230000000000004,0.6230000000000004,0.5280300087151738,0.6230000000000004,0.6230000000000004,0.5280300087151738
0.6240000000000004,0.6240000000000004,0.5262285991669272,0.6240000000000004,0.6240000000000004,0.5262285991669272
0.6250000000000004,0.6250000000000004,0.5244326634895843,0.6250000000000004,0.6250000000000004,0.5244326634895843
0.6260000000000004,0.6260000000000004,0.5226421385607293,0.6260000000000004,0.6260000000000004,0.5226421385607293
0.6270000000000004,0.6270000000000004,0.520856962767436,0.6270000000000004,0.6270000000000004,0.520856962767436
0.6280000000000004,0.6280000000000004,0.5190770759717919,0.6280000000000004,0.6280000000000004,0.5190770759717919
0.6290000000000004,0.6290000000000004,0.5173024194776957,0.6290000000000004,0.6290000000000004,0.5173024194776957
0.6300000000000004,0.6300000000000004,0.5155329359988654,0.6300000000000004,0.6300000000000004,0.5155329359988654
0.6310000000000004,0.6310000000000004,0.5137685696280236,0.6310000000000004,0.6310000000000004,0.5137685696280236
0.6320000000000005,0.6320000000000005,0.5120092658072133,0.6320000000000005,0.6320000000000005,0.5120092658072133
0.6330000000000005,0.6330000000000005,0.5102549712992094,0.6330000000000005,0.6330000000000005,0.5102549712992094
0.6340000000000005,0.6340000000000005,0.5085056341599862,0.6340000000000005,0.6340000000000005,0.5085056341599862
0.6350000000000005,0.6350000000000005,0.5067612037122052,0.6350000000000005,0.6350000000000005,0.5067612037122052
0.6360000000000005,0.6360000000000005,0.5050216305196945,0.6360000000000005,0.6360000000000005,0.5050216305196945
0.6370000000000005,0.6370000000000005,0.5032868663628751,0.6370000000000005,0.6370000000000005,0.5032868663628751
0.6380000000000005,0.6380000000000005,0.5015568642151155,0.6380000000000005,0.6380000000000005,0.5015568642151155
0.6390000000000005,0.6390000000000005,0.499831578219982,0.6390000000000005,0.6390000000000005,0.499831578219982
0.6400000000000005,0.6400000000000005,0.4981109636693531,0.6400000000000005,0.6400000000000005,0.4981109636693531
0.6410000000000005,0.6410000000000005,0.4963949769823718,0.6410000000000005,0.6410000000000005,0.4963949769823718
0.6420000000000005,0.6420000000000005,0.4946835756852133,0.6420000000000005,0.6420000000000005,0.4946835756852133
0.6430000000000005,0.6430000000000005,0.4929767183916394,0.6430000000000005,0.6430000000000005,0.4929767183916394
0.6440000000000005,0.6440000000000005,0.4912743647843221,0.6440000000000005,0.6440000000000005,0.4912743647843221
0.6450000000000005,0.6450000000000005,0.4895764755969062,0.6450000000000005,0.6450000000000005,0.4895764755969062
0.6460000000000005,0.6460000000000005,0.4878830125967977,0.6460000000000005,0.6460000000000005,0.4878830125967977
0.6470000000000005,0.6470000000000005,0.4861939385686436,0.6470000000000005,0.6470000000000005,0.4861939385686436
0.6480000000000005,0.6480000000000005,0.4845092172985094,0.6480000000000005,0.6480000000000005,0.4845092172985094
0.6490000000000005,0.6490000000000005,0.4828288135587,0.6490000000000005,0.6490000000000005,0.4828288135587
0.6500000000000005,0.6500000000000005,0.4811526930932426,0.6500000000000005,0.6500000000000005,0.4811526930932426
0.6510000000000005,0.6510000000000005,0.4794808226039803,0.6510000000000005,0.6510000000000005,0.4794808226039803
0.6520000000000005,0.6520000000000005,0.4778131697372921,0.6520000000000005,0.6520000000000005,0.4778131697372921
0.6530000000000005,0.6530000000000005,0.4761497030713913,0.6530000000000005,0.6530000000000005,0.4761497030713913
0.6540000000000005,0.6540000000000005,0.4744903921042184,0.6540000000000005,0.6540000000000005,0.4744903921042184
0.6550000000000005,0.6550000000000005,0.4728352072418881,0.6550000000000005,0.6550000000000005,0.4728352072418881
0.6560000000000005,0.6560000000000005,0.4711841197876914,0.6560000000000005,0.6560000000000005,0.4711841197876914
0.6570000000000005,0.6570000000000005,0.4695371019316337,0.6570000000000005,0.6570000000000005,0.4695371019316337
0.6580000000000005,0.6580000000000005,0.4678941267404983,0.6580000000000005,0.6580000000000005,0.4678941267404983
0.6590000000000005,0.6590000000000005,0.4662551681484178,0.6590000000000005,0.6590000000000005,0.4662551681484178
0.6600000000000005,0.6600000000000005,0.464620200947955,0.6600000000000005,0.6600000000000005,0.464620200947955
0.6610000000000005,0.6610000000000005,0.4629892007816569,0.6610000000000005,0.6610000000000005,0.4629892007816569
0.6620000000000005,0.6620000000000005,0.4613621441341009,0.6620000000000005,0.6620000000000005,0.4613621441341009
0.6630000000000005,0.6630000000000005,0.4597390083243982,0.6630000000000005,0.6630000000000005,0.4597390083243982
0.6640000000000005,0.6640000000000005,0.4581197714991556,0.6640000000000005,0.6640000000000005,0.4581197714991556
0.6650000000000005,0.6650000000000005,0.4565044126258843,0.6650000000000005,0.6650000000000005,0.4565044126258843
0.6660000000000005,0.6660000000000005,0.4548929114868456,0.6660000000000005,0.6660000000000005,0.4548929114868456
0.6670000000000005,0.6670000000000005,0.4532852486733199,0.6670000000000005,0.6670000000000005,0.4532852486733199
0.6680000000000005,0.6680000000000005,0.4516814055802965,0.6680000000000005,0.6680000000000005,0.4516814055802965
0.6690000000000005,0.6690000000000005,0.4500813644015725,0.6690000000000005,0.6690000000000005,0.4500813644015725
0.6700000000000005,0.6700000000000005,0.4484851081252474,0.6700000000000005,0.6700000000000005,0.4484851081252474
0.6710000000000005,0.6710000000000005,0.4468926205296163,0.6710000000000005,0.6710000000000005,0.4468926205296163
0.6720000000000005,0.6720000000000005,0.4453038861794372,0.6720000000000005,0.6720000000000005,0.4453038861794372
0.6730000000000005,0.6730000000000005,0.4437188904225807,0.6730000000000005,0.6730000000000005,0.4437188904225807
0.6740000000000005,0.6740000000000005,0.4421376193870414,0.6740000000000005,0.6740000000000005,0.4421376193870414
0.6750000000000005,0.6750000000000005,0.4405600599783118,0.6750000000000005,0.6750000000000005,0.4405600599783118
0.6760000000000005,0.6760000000000005,0.4389861998771007,0.6760000000000005,0.6760000000000005,0.4389861998771007
0.6770000000000005,0.6770000000000005,0.4374160275374001,0.6770000000000005,0.6770000000000005,0.4374160275374001
0.6780000000000005,0.6780000000000005,0.4358495321848843,0.6780000000000005,0.6780000000000005,0.4358495321848843
0.6790000000000005,0.6790000000000005,0.4342867038156332,0.6790000000000005,0.6790000000000005,0.4342867038156332
0.6800000000000005,0.6800000000000005,0.4327275331951765,0.6800000000000005,0.6800000000000005,0.4327275331951765
0.6810000000000005,0.6810000000000005,0.4311720118578485,0.6810000000000005,0.6810000000000005,0.4311720118578485
0.6820000000000005,0.6820000000000005,0.4296201321064427,0.6820000000000005,0.6820000000000005,0.4296201321064427
0.6830000000000005,0.6830000000000005,0.4280718870121604,0.6830000000000005,0.6830000000000005,0.4280718870121604
0.6840000000000005,0.6840000000000005,0.4265272704148475,0.6840000000000005,0.6840000000000005,0.4265272704148475
0.6850000000000005,0.6850000000000005,0.424986276923504,0.6850000000000005,0.6850000000000005,0.424986276923504
0.6860000000000005,0.6860000000000005,0.4234489019170636,0.6860000000000005,0.6860000000000005,0.4234489019170636
0.6870000000000005,0.6870000000000005,0.4219151415454261,0.6870000000000005,0.6870000000000005,0.4219151415454261
0.6880000000000005,0.6880000000000005,0.4203849927307496,0.6880000000000005,0.6880000000000005,0.4203849927307496
0.6890000000000005,0.6890000000000005,0.4188584531689704,0.6890000000000005,0.6890000000000005,0.4188584531689704
0.6900000000000005,0.6900000000000005,0.4173355213315596,0.6900000000000005,0.6900000000000005,0.4173355213315596
0.6910000000000005,0.6910000000000005,0.4158161964674938,0.6910000000000005,0.6910000000000005,0.4158161964674938
0.6920000000000005,0.6920000000000005,0.4143004786054376,0.6920000000000005,0.6920000000000005,0.4143004786054376
0.6930000000000005,0.6930000000000005,0.4127883685561193,0.6930000000000005,0.6930000000000005,0.4127883685561193
0.6940000000000005,0.6940000000000005,0.4112798679148911,0.6940000000000005,0.6940000000000005,0.4112798679148911
0.6950000000000005,0.6950000000000005,0.4097749790644688,0.6950000000000005,0.6950000000000005,0.4097749790644688
0.6960000000000005,0.6960000000000005,0.4082737051778196,0.6960000000000005,0.6960000000000005,0.4082737051778196
0.6970000000000005,0.6970000000000005,0.4067760502212092,0.6970000000000005,0.6970000000000005,0.4067760502212092
0.6980000000000005,0.6980000000000005,0.4052820189573699,0.6980000000000005,0.6980000000000005,0.4052820189573699
0.6990000000000005,0.6990000000000005,0.4037916169487951,0.6990000000000005,0.6990000000000005,0.4037916169487951
0.7000000000000005,0.7000000000000005,0.4023048505611339,0.7000000000000005,0.7000000000000005,0.4023048505611339
0.7010000000000005,0.7010000000000005,0.4008217269666692,0.7010000000000005,0.7010000000000005,0.4008217269666692
0.7020000000000005,0.7020000000000005,0.3993422541478732,0.7020000000000005,0.7020000000000005,0.3993422541478732
0.7030000000000005,0.7030000000000005,0.3978664409010074,0.7030000000000005,0.7030000000000005,0.3978664409010074
0.7040000000000005,0.7040000000000005,0.3963942968397637,0.7040000000000005,0.7040000000000005,0.3963942968397637
0.7050000000000005,0.7050000000000005,0.3949258323989184,0.7050000000000005,0.7050000000000005,0.3949258323989184
0.7060000000000005,0.7060000000000005,0.3934610588379795,0.7060000000000005,0.7060000000000005,0.3934610588379795
0.7070000000000005,0.7070000000000005,0.3919999882448112,0.7070000000000005,0.7070000000000005,0.3919999882448112
0.7080000000000005,0.7080000000000005,0.3905426335392134,0.7080000000000005,0.7080000000000005,0.3905426335392134
0.7090000000000005,0.7090000000000005,0.3890890084764253,0.7090000000000005,0.7090000000000005,0.3890890084764253
0.7100000000000005,0.7100000000000005,0.3876391276505388,0.7100000000000005,0.7100000000000005,0.3876391276505388
0.7110000000000005,0.7110000000000005,0.3861930064977939,0.7110000000000005,0.7110000000000005,0.3861930064977939
0.7120000000000005,0.7120000000000005,0.3847506612997301,0.7120000000000005,0.7120000000000005,0.3847506612997301
0.7130000000000005,0.7130000000000005,0.3833121091861615,0.7130000000000005,0.7130000000000005,0.3833121091861615
0.7140000000000005,0.7140000000000005,0.3818773681379624,0.7140000000000005,0.7140000000000005,0.3818773681379624
0.7150000000000005,0.7150000000000005,0.3804464569896145,0.7150000000000005,0.7150000000000005,0.3804464569896145
0.7160000000000005,0.7160000000000005,0.3790193954315043,0.7160000000000005,0.7160000000000005,0.3790193954315043
0.7170000000000005,0.7170000000000005,0.3775962040119278,0.7170000000000005,0.7170000000000005,0.3775962040119278
0.7180000000000005,0.7180000000000005,0.3761769041387698,0.7180000000000005,0.7180000000000005,0.3761769041387698
0.7190000000000005,0.7190000000000005,0.374761518080839,0.7190000000000005,0.7190000000000005,0.374761518080839
0.7200000000000005,0.7200000000000005,0.3733500689688016,0.7200000000000005,0.7200000000000005,0.3733500689688016
0.7210000000000005,0.7210000000000005,0.3719425807956954,0.7210000000000005,0.7210000000000005,0.3719425807956954
0.7220000000000005,0.7220000000000005,0.3705390784169854,0.7220000000000005,0.7220000000000005,0.3705390784169854
0.7230000000000005,0.7230000000000005,0.3691395875501127,0.7230000000000005,0.7230000000000005,0.3691395875501127
0.7240000000000005,0.7240000000000005,0.3677441347735176,0.7240000000000005,0.7240000000000005,0.3677441347735176
0.7250000000000005,0.7250000000000005,0.3663527475250665,0.7250000000000005,0.7250000000000005,0.3663527475250665
0.7260000000000005,0.7260000000000005,0.3649654540998829,0.7260000000000005,0.7260000000000005,0.3649654540998829
0.7270000000000005,0.7270000000000005,0.3635822836475009,0.7270000000000005,0.7270000000000005,0.3635822836475009
0.7280000000000005,0.7280000000000005,0.3622032661683307,0.7280000000000005,0.7280000000000005,0.3622032661683307
0.7290000000000005,0.7290000000000005,0.3608284325093721,0.7290000000000005,0.7290000000000005,0.3608284325093721
0.7300000000000005,0.7300000000000005,0.3594578143591423,0.7300000000000005,0.7300000000000005,0.3594578143591423
0.7310000000000005,0.7310000000000005,0.3580914442417794,0.7310000000000005,0.7310000000000005,0.3580914442417794
0.7320000000000005,0.7320000000000005,0.3567293555102609,0.7320000000000005,0.7320000000000005,0.3567293555102609
0.7330000000000005,0.7330000000000005,0.3553715823387064,0.7330000000000005,0.7330000000000005,0.3553715823387064
0.7340000000000005,0.7340000000000005,0.3540181597137228,0.7340000000000005,0.7340000000000005,0.3540181597137228
0.7350000000000005,0.7350000000000005,0.3526691234247286,0.7350000000000005,0.7350000000000005,0.3526691234247286
0.7360000000000005,0.7360000000000005,0.351324510053235,0.7360000000000005,0.7360000000000005,0.351324510053235
0.7370000000000005,0.7370000000000005,0.3499843569610256,0.7370000000000005,0.7370000000000005,0.3499843569610256
0.7380000000000005,0.7380000000000005,0.3486487022771982,0.7380000000000005,0.7380000000000005,0.3486487022771982
0.7390000000000005,0.7390000000000005,0.3473175848840167,0.7390000000000005,0.7390000000000005,0.3473175848840167
0.7400000000000005,0.7400000000000005,0.3459910444015513,0.7400000000000005,0.7400000000000005,0.3459910444015513
0.7410000000000005,0.7410000000000005,0.344669121171038,0.7410000000000005,0.7410000000000005,0.344669121171038
0.7420000000000005,0.7420000000000005,0.3433518562369444,0.7420000000000005,0.7420000000000005,0.3433518562369444
0.7430000000000005,0.7430000000000005,0.3420392913276891,0.7430000000000005,0.7430000000000005,0.3420392913276891
0.7440000000000005,0.7440000000000005,0.3407314688349841,0.7440000000000005,0.7440000000000005,0.3407314688349841
0.7450000000000006,0.7450000000000006,0.3394284317917646,0.7450000000000006,0.7450000000000006,0.3394284317917646
0.7460000000000006,0.7460000000000006,0.3381302238486796,0.7460000000000006,0.7460000000000006,0.3381302238486796
0.7470000000000006,0.7470000000000006,0.3368368892491113,0.7470000000000006,0.7470000000000006,0.3368368892491113
0.7480000000000006,0.7480000000000006,0.335548472802699,0.7480000000000006,0.7480000000000006,0.335548472802699
0.7490000000000006,0.7490000000000006,0.3342650198573414,0.7490000000000006,0.7490000000000006,0.3342650198573414
0.7500000000000006,0.7500000000000006,0.3329865762696732,0.7500000000000006,0.7500000000000006,0.3329865762696732
0.7510000000000006,0.7510000000000006,0.3317131883739828,0.7510000000000006,0.7510000000000006,0.3317131883739828
0.7520000000000006,0.7520000000000006,0.3304449029495707,0.7520000000000006,0.7520000000000006,0.3304449029495707
0.7530000000000006,0.7530000000000006,0.329181767186553,0.7530000000000006,0.7530000000000006,0.329181767186553
0.7540000000000006,0.7540000000000006,0.3279238286500796,0.7540000000000006,0.7540000000000006,0.3279238286500796
0.7550000000000006,0.7550000000000006,0.326671135243011,0.7550000000000006,0.7550000000000006,0.326671135243011
0.7560000000000006,0.7560000000000006,0.325423735167028,0.7560000000000006,0.7560000000000006,0.325423735167028
0.7570000000000006,0.7570000000000006,0.324181676882208,0.7570000000000006,0.7570000000000006,0.324181676882208
0.7580000000000006,0.7580000000000006,0.3229450090650911,0.7580000000000006,0.7580000000000006,0.3229450090650911
0.7590000000000006,0.7590000000000006,0.3217137805652487,0.7590000000000006,0.7590000000000006,0.3217137805652487
0.7600000000000006,0.7600000000000006,0.3204880403604043,0.7600000000000006,0.7600000000000006,0.3204880403604043
0.7610000000000006,0.7610000000000006,0.3192678375101372,0.7610000000000006,0.7610000000000006,0.3192678375101372
0.7620000000000006,0.7620000000000006,0.3180532211082094,0.7620000000000006,0.7620000000000006,0.3180532211082094
0.7630000000000006,0.7630000000000006,0.316844240233598,0.7630000000000006,0.7630000000000006,0.316844240233598
0.7640000000000006,0.7640000000000006,0.31564094390025,0.7640000000000006,0.7640000000000006,0.31564094390025
0.7650000000000006,0.7650000000000006,0.3144433810056659,0.7650000000000006,0.7650000000000006,0.3144433810056659
0.7660000000000006,0.7660000000000006,0.3132516002783606,0.7660000000000006,0.7660000000000006,0.3132516002783606
0.7670000000000006,0.7670000000000006,0.3120656502242997,0.7670000000000006,0.7670000000000006,0.3120656502242997
0.7680000000000006,0.7680000000000006,0.3108855790723893,0.7680000000000006,0.7680000000000006,0.3108855790723893
0.7690000000000006,0.7690000000000006,0.3097114347191116,0.7690000000000006,0.7690000000000006,0.3097114347191116
0.7700000000000006,0.7700000000000006,0.3085432646724192,0.7700000000000006,0.7700000000000006,0.3085432646724192
0.7710000000000006,0.7710000000000006,0.3073811159949876,0.7710000000000006,0.7710000000000006,0.3073811159949876
0.7720000000000006,0.7720000000000006,0.306225035246936,0.7720000000000006,0.7720000000000006,0.306225035246936
0.7730000000000006,0.7730000000000006,0.3050750684281455,0.7730000000000006,0.7730000000000006,0.3050750684281455
0.7740000000000006,0.7740000000000006,0.303931260920296,0.7740000000000006,0.7740000000000006,0.303931260920296
0.7750000000000006,0.7750000000000006,0.3027936574287415,0.7750000000000006,0.7750000000000006,0.3027936574287415
0.7760000000000006,0.7760000000000006,0.3016623019243795,0.7760000000000006,0.7760000000000006,0.3016623019243795
0.7770000000000006,0.7770000000000006,0.3005372375856328,0.7770000000000006,0.7770000000000006,0.3005372375856328
0.7780000000000006,0.7780000000000006,0.2994185067406947,0.7780000000000006,0.7780000000000006,0.2994185067406947
0.7790000000000006,0.7790000000000006,0.2983061508101835,0.7790000000000006,0.7790000000000006,0.2983061508101835
0.7800000000000006,0.7800000000000006,0.2972002102503507,0.7800000000000006,0.7800000000000006,0.2972002102503507
0.7810000000000006,0.7810000000000006,0.2961007244969938,0.7810000000000006,0.7810000000000006,0.2961007244969938
0.7820000000000006,0.7820000000000006,0.29500773191022,0.7820000000000006,0.7820000000000006,0.29500773191022
0.7830000000000006,0.7830000000000006,0.2939212697202168,0.7830000000000006,0.7830000000000006,0.2939212697202168
0.7840000000000006,0.7840000000000006,0.2928413739741715,0.7840000000000006,0.7840000000000006,0.2928413739741715
0.7850000000000006,0.7850000000000006,0.2917680794844977,0.7850000000000006,0.7850000000000006,0.2917680794844977
0.7860000000000006,0.7860000000000006,0.2907014197785037,0.7860000000000006,0.7860000000000006,0.2907014197785037
0.7870000000000006,0.7870000000000006,0.2896414270496576,0.7870000000000006,0.7870000000000006,0.2896414270496576
0.7880000000000006,0.7880000000000006,0.2885881321105742,0.7880000000000006,0.7880000000000006,0.2885881321105742
0.7890000000000006,0.7890000000000006,0.2875415643478814,0.7890000000000006,0.7890000000000006,0.2875415643478814
0.7900000000000006,0.7900000000000006,0.2865017516790713,0.7900000000000006,0.7900000000000006,0.2865017516790713
0.7910000000000006,0.7910000000000006,0.2854687205114805,0.7910000000000006,0.7910000000000006,0.2854687205114805
0.7920000000000006,0.7920000000000006,0.2844424957035059,0.7920000000000006,0.7920000000000006,0.2844424957035059
0.7930000000000006,0.7930000000000006,0.283423100528173,0.7930000000000006,0.7930000000000006,0.283423100528173
0.7940000000000006,0.7940000000000006,0.282410556639156,0.7940000000000006,0.7940000000000006,0.282410556639156
0.7950000000000006,0.7950000000000006,0.2814048840393521,0.7950000000000006,0.7950000000000006,0.2814048840393521
0.7960000000000006,0.7960000000000006,0.2804061010520814,0.7960000000000006,0.7960000000000006,0.2804061010520814
0.7970000000000006,0.7970000000000006,0.2794142242950056,0.7970000000000006,0.7970000000000006,0.2794142242950056
0.7980000000000006,0.7980000000000006,0.2784292686568228,0.7980000000000006,0.7980000000000006,0.2784292686568228
0.7990000000000006,0.7990000000000006,0.2774512472767947,0.7990000000000006,0.7990000000000006,0.2774512472767947
0.8000000000000006,0.8000000000000006,0.2764801715271616,0.8000000000000006,0.8000000000000006,0.2764801715271616
0.8010000000000006,0.8010000000000006,0.2755160509984661,0.8010000000000006,0.8010000000000006,0.2755160509984661
0.8020000000000006,0.8020000000000006,0.2745588934878266,0.8020000000000006,0.8020000000000006,0.2745588934878266
0.8030000000000006,0.8030000000000006,0.2736087049901682,0.8030000000000006,0.8030000000000006,0.2736087049901682
0.8040000000000006,0.8040000000000006,0.2726654896924059,0.8040000000000006,0.8040000000000006,0.2726654896924059
0.8050000000000006,0.8050000000000006,0.2717292499705935,0.8050000000000006,0.8050000000000006,0.2717292499705935
0.8060000000000006,0.8060000000000006,0.2707999863899974,0.8060000000000006,0.8060000000000006,0.2707999863899974
0.8070000000000006,0.8070000000000006,0.2698776977080881,0.8070000000000006,0.8070000000000006,0.2698776977080881
0.8080000000000006,0.8080000000000006,0.2689623808803945,0.8080000000000006,0.8080000000000006,0.2689623808803945
0.8090000000000006,0.8090000000000006,0.2680540310691846,0.8090000000000006,0.8090000000000006,0.2680540310691846
0.8100000000000006,0.8100000000000006,0.267152641654913,0.8100000000000006,0.8100000000000006,0.267152641654913
0.8110000000000006,0.8110000000000006,0.2662582042503616,0.8110000000000006,0.8110000000000006,0.2662582042503616
0.8120000000000006,0.8120000000000006,0.2653707087174098,0.8120000000000006,0.8120000000000006,0.2653707087174098
0.8130000000000006,0.8130000000000006,0.2644901431863476,0.8130000000000006,0.8130000000000006,0.2644901431863476
0.8140000000000006,0.8140000000000006,0.2636164940776377,0.8140000000000006,0.8140000000000006,0.2636164940776377
0.8150000000000006,0.8150000000000006,0.2627497461260359,0.8150000000000006,0.8150000000000006,0.2627497461260359
0.8160000000000006,0.8160000000000006,0.2618898824069664,0.8160000000000006,0.8160000000000006,0.2618898824069664
0.8170000000000006,0.8170000000000006,0.2610368843650401,0.8170000000000006,0.8170000000000006,0.2610368843650401
0.8180000000000006,0.8180000000000006,0.2601907318446063,0.8180000000000006,0.8180000000000006,0.2601907318446063
0.8190000000000006,0.8190000000000006,0.2593514031222209,0.8190000000000006,0.8190000000000006,0.2593514031222209
0.8200000000000006,0.8200000000000006,0.2585188749409084,0.8200000000000006,0.8200000000000006,0.2585188749409084
0.8210000000000006,0.8210000000000006,0.2576931225461005,0.8210000000000006,0.8210000000000006,0.2576931225461005
0.8220000000000006,0.8220000000000006,0.2568741197231138,0.8220000000000006,0.8220000000000006,0.2568741197231138
0.8230000000000006,0.8230000000000006,0.2560618388360521,0.8230000000000006,0.8230000000000006,0.2560618388360521
0.8240000000000006,0.8240000000000006,0.2552562508680025,0.8240000000000006,0.8240000000000006,0.2552562508680025
0.8250000000000006,0.8250000000000006,0.2544573254623888,0.8250000000000006,0.8250000000000006,0.2544573254623888
0.8260000000000006,0.8260000000000006,0.2536650309653706,0.8260000000000006,0.8260000000000006,0.2536650309653706
0.8270000000000006,0.8270000000000006,0.2528793344691422,0.8270000000000006,0.8270000000000006,0.2528793344691422
0.8280000000000006,0.8280000000000006,0.2521002018560225,0.8280000000000006,0.8280000000000006,0.2521002018560225
0.8290000000000006,0.8290000000000006,0.2513275978432062,0.8290000000000006,0.8290000000000006,0.2513275978432062
0.8300000000000006,0.8300000000000006,0.2505614860280524,0.8300000000000006,0.8300000000000006,0.2505614860280524
0.8310000000000006,0.8310000000000006,0.2498018289337929,0.8310000000000006,0.8310000000000006,0.2498018289337929
0.8320000000000006,0.8320000000000006,0.2490485880555577,0.8320000000000006,0.8320000000000006,0.2490485880555577
0.8330000000000006,0.8330000000000006,0.248301723906584,0.8330000000000006,0.8330000000000006,0.248301723906584
0.8340000000000006,0.8340000000000006,0.2475611960645219,0.8340000000000006,0.8340000000000006,0.2475611960645219
0.8350000000000006,0.8350000000000006,0.2468269632177244,0.8350000000000006,0.8350000000000006,0.2468269632177244
0.8360000000000006,0.8360000000000006,0.2460989832114199,0.8360000000000006,0.8360000000000006,0.2460989832114199
0.8370000000000006,0.8370000000000006,0.2453772130936801,0.8370000000000006,0.8370000000000006,0.2453772130936801
0.8380000000000006,0.8380000000000006,0.2446616091610912,0.8380000000000006,0.8380000000000006,0.2446616091610912
0.8390000000000006,0.8390000000000006,0.2439521270040398,0.8390000000000006,0.8390000000000006,0.2439521270040398
0.8400000000000006,0.8400000000000006,0.2432487215515388,0.8400000000000006,0.8400000000000006,0.2432487215515388
0.8410000000000006,0.8410000000000006,0.2425513471155204,0.8410000000000006,0.8410000000000006,0.2425513471155204
0.8420000000000006,0.8420000000000006,0.2418599574345154,0.8420000000000006,0.8420000000000006,0.2418599574345154
0.8430000000000006,0.8430000000000006,0.2411745057166711,0.8430000000000006,0.8430000000000006,0.2411745057166711
0.8440000000000006,0.8440000000000006,0.2404949446820334,0.8440000000000006,0.8440000000000006,0.2404949446820334
0.8450000000000006,0.8450000000000006,0.2398212266040483,0.8450000000000006,0.8450000000000006,0.2398212266040483
0.8460000000000006,0.8460000000000006,0.2391533033502286,0.8460000000000006,0.8460000000000006,0.2391533033502286
0.8470000000000006,0.8470000000000006,0.2384911264219426,0.8470000000000006,0.8470000000000006,0.2384911264219426
0.8480000000000006,0.8480000000000006,0.2378346469932874,0.8480000000000006,0.8480000000000006,0.2378346469932874
0.8490000000000006,0.8490000000000006,0.237183815949003,0.8490000000000006,0.8490000000000006,0.237183815949003
0.8500000000000006,0.8500000000000006,0.2365385839214109,0.8500000000000006,0.8500000000000006,0.2365385839214109
0.8510000000000006,0.8510000000000006,0.2358989013263354,0.8510000000000006,0.8510000000000006,0.2358989013263354
0.8520000000000006,0.8520000000000006,0.2352647183979968,0.8520000000000006,0.8520000000000006,0.2352647183979968
0.8530000000000006,0.8530000000000006,0.2346359852228501,0.8530000000000006,0.8530000000000006,0.2346359852228501
0.8540000000000006,0.8540000000000006,0.2340126517723616,0.8540000000000006,0.8540000000000006,0.2340126517723616
0.8550000000000006,0.8550000000000006,0.2333946679347058,0.8550000000000006,0.8550000000000006,0.2333946679347058
0.8560000000000006,0.8560000000000006,0.2327819835453804,0.8560000000000006,0.8560000000000006,0.2327819835453804
0.8570000000000007,0.8570000000000007,0.2321745484167316,0.8570000000000007,0.8570000000000007,0.2321745484167316
0.8580000000000007,0.8580000000000007,0.2315723123663936,0.8580000000000007,0.8580000000000007,0.2315723123663936
0.8590000000000007,0.8590000000000007,0.2309752252446328,0.8590000000000007,0.8590000000000007,0.2309752252446328
0.8600000000000007,0.8600000000000007,0.2303832369606168,0.8600000000000007,0.8600000000000007,0.2303832369606168
0.8610000000000007,0.8610000000000007,0.229796297507601,0.8610000000000007,0.8610000000000007,0.229796297507601
0.8620000000000007,0.8620000000000007,0.2292143569870481,0.8620000000000007,0.8620000000000007,0.2292143569870481
0.8630000000000007,0.8630000000000007,0.2286373656316928,0.8630000000000007,0.8630000000000007,0.2286373656316928
0.8640000000000007,0.8640000000000007,0.2280652738275609,0.8640000000000007,0.8640000000000007,0.2280652738275609
0.8650000000000007,0.8650000000000007,0.2274980321349606,0.8650000000000007,0.8650000000000007,0.2274980321349606
0.8660000000000007,0.8660000000000007,0.2269355913084593,0.8660000000000007,0.8660000000000007,0.2269355913084593
0.8670000000000007,0.8670000000000007,0.2263779023158694,0.8670000000000007,0.8670000000000007,0.2263779023158694
0.8680000000000007,0.8680000000000007,0.2258249163562536,0.8680000000000007,0.8680000000000007,0.2258249163562536
0.8690000000000007,0.8690000000000007,0.2252765848769767,0.8690000000000007,0.8690000000000007,0.2252765848769767
0.8700000000000007,0.8700000000000007,0.2247328595898257,0.8700000000000007,0.8700000000000007,0.2247328595898257
0.8710000000000007,0.8710000000000007,0.2241936924862137,0.8710000000000007,0.8710000000000007,0.2241936924862137
0.8720000000000007,0.8720000000000007,0.2236590358514948,0.8720000000000007,0.8720000000000007,0.2236590358514948
0.8730000000000007,0.8730000000000007,0.2231288422784146,0.8730000000000007,0.8730000000000007,0.2231288422784146
0.8740000000000007,0.8740000000000007,0.2226030646797175,0.8740000000000007,0.8740000000000007,0.2226030646797175
0.8750000000000007,0.8750000000000007,0.2220816562999336,0.8750000000000007,0.8750000000000007,0.2220816562999336
0.8760000000000007,0.8760000000000007,0.2215645707263757,0.8760000000000007,0.8760000000000007,0.2215645707263757
0.8770000000000007,0.8770000000000007,0.2210517618993627,0.8770000000000007,0.8770000000000007,0.2210517618993627
0.8780000000000007,0.8780000000000007,0.2205431841217048,0.8780000000000007,0.8780000000000007,0.2205431841217048
0.8790000000000007,0.8790000000000007,0.2200387920674618,0.8790000000000007,0.8790000000000007,0.2200387920674618
0.8800000000000007,0.8800000000000007,0.219538540790013,0.8800000000000007,0.8800000000000007,0.219538540790013
0.8810000000000007,0.8810000000000007,0.2190423857294551,0.8810000000000007,0.8810000000000007,0.2190423857294551
0.8820000000000007,0.8820000000000007,0.2185502827193528,0.8820000000000007,0.8820000000000007,0.2185502827193528
0.8830000000000007,0.8830000000000007,0.2180621879928714,0.8830000000000007,0.8830000000000007,0.2180621879928714
0.8840000000000007,0.8840000000000007,0.2175780581883088,0.8840000000000007,0.8840000000000007,0.2175780581883088
0.8850000000000007,0.8850000000000007,0.2170978503540597,0.8850000000000007,0.8850000000000007,0.2170978503540597
0.8860000000000007,0.8860000000000007,0.2166215219530202,0.8860000000000007,0.8860000000000007,0.2166215219530202
0.8870000000000007,0.8870000000000007,0.2161490308664782,0.8870000000000007,0.8870000000000007,0.2161490308664782
0.8880000000000007,0.8880000000000007,0.215680335397485,0.8880000000000007,0.8880000000000007,0.215680335397485
0.8890000000000007,0.8890000000000007,0.2152153942737568,0.8890000000000007,0.8890000000000007,0.2152153942737568
0.8900000000000007,0.8900000000000007,0.2147541666501063,0.8900000000000007,0.8900000000000007,0.2147541666501063
0.8910000000000007,0.8910000000000007,0.2142966121104387,0.8910000000000007,0.8910000000000007,0.2142966121104387
0.8920000000000007,0.8920000000000007,0.2138426906693288,0.8920000000000007,0.8920000000000007,0.2138426906693288
0.8930000000000007,0.8930000000000007,0.2133923627731945,0.8930000000000007,0.8930000000000007,0.2133923627731945
0.8940000000000007,0.8940000000000007,0.2129455893010964,0.8940000000000007,0.8940000000000007,0.2129455893010964
0.8950000000000007,0.8950000000000007,0.21250233156517,0.8950000000000007,0.8950000000000007,0.21250233156517
0.8960000000000007,0.8960000000000007,0.2120625513107236,0.8960000000000007,0.8960000000000007,0.2120625513107236
0.8970000000000007,0.8970000000000007,0.2116262107160014,0.8970000000000007,0.8970000000000007,0.2116262107160014
0.8980000000000007,0.8980000000000007,0.2111932723916491,0.8980000000000007,0.8980000000000007,0.2111932723916491
0.8990000000000007,0.8990000000000007,0.2107636993798813,0.8990000000000007,0.8990000000000007,0.2107636993798813
0.9000000000000007,0.9000000000000007,0.21033745515338,0.9000000000000007,0.9000000000000007,0.21033745515338
0.9010000000000007,0.9010000000000007,0.2099145036139303,0.9010000000000007,0.9010000000000007,0.2099145036139303
0.9020000000000007,0.9020000000000007,0.2094948090908133,0.9020000000000007,0.9020000000000007,0.2094948090908133
0.9030000000000007,0.9030000000000007,0.2090783363389723,0.9030000000000007,0.9030000000000007,0.2090783363389723
0.9040000000000007,0.9040000000000007,0.2086650505369602,0.9040000000000007,0.9040000000000007,0.2086650505369602
0.9050000000000007,0.9050000000000007,0.2082549172846863,0.9050000000000007,0.9050000000000007,0.2082549172846863
0.9060000000000007,0.9060000000000007,0.2078479026009741,0.9060000000000007,0.9060000000000007,0.2078479026009741
0.9070000000000007,0.9070000000000007,0.2074439729209448,0.9070000000000007,0.9070000000000007,0.2074439729209448
0.9080000000000007,0.9080000000000007,0.207043095093233,0.9080000000000007,0.9080000000000007,0.207043095093233
0.9090000000000007,0.9090000000000007,0.2066452363770502,0.9090000000000007,0.9090000000000007,0.2066452363770502
0.9100000000000007,0.9100000000000007,0.2062503644391072,0.9100000000000007,0.9100000000000007,0.2062503644391072
0.9110000000000007,0.9110000000000007,0.2058584473504062,0.9110000000000007,0.9110000000000007,0.2058584473504062
0.9120000000000007,0.9120000000000007,0.205469453582905,0.9120000000000007,0.9120000000000007,0.205469453582905
0.9130000000000007,0.9130000000000007,0.2050833520060784,0.9130000000000007,0.9130000000000007,0.2050833520060784
0.9140000000000007,0.9140000000000007,0.2047001118833697,0.9140000000000007,0.9140000000000007,0.2047001118833697
0.9150000000000007,0.9150000000000007,0.2043197028685493,0.9150000000000007,0.9150000000000007,0.2043197028685493
0.9160000000000007,0.9160000000000007,0.2039420950019915,0.9160000000000007,0.9160000000000007,0.2039420950019915
0.9170000000000007,0.9170000000000007,0.2035672587068693,0.9170000000000007,0.9170000000000007,0.2035672587068693
0.9180000000000007,0.9180000000000007,0.2031951647852811,0.9180000000000007,0.9180000000000007,0.2031951647852811
0.9190000000000007,0.9190000000000007,0.2028257844143135,0.9190000000000007,0.9190000000000007,0.2028257844143135
0.9200000000000007,0.9200000000000007,0.2024590891420485,0.9200000000000007,0.9200000000000007,0.2024590891420485
0.9210000000000007,0.9210000000000007,0.2020950508835226,0.9210000000000007,0.9210000000000007,0.2020950508835226
0.9220000000000007,0.9220000000000007,0.2017336419166382,0.9220000000000007,0.9220000000000007,0.2017336419166382
0.9230000000000007,0.9230000000000007,0.2013748348780445,0.9230000000000007,0.9230000000000007,0.2013748348780445
0.9240000000000007,0.9240000000000007,0.2010186027589779,0.9240000000000007,0.9240000000000007,0.2010186027589779
0.9250000000000007,0.9250000000000007,0.2006649189010847,0.9250000000000007,0.9250000000000007,0.2006649189010847
0.9260000000000007,0.9260000000000007,0.2003137569922138,0.9260000000000007,0.9260000000000007,0.2003137569922138
0.9270000000000007,0.9270000000000007,0.1999650910621991,0.9270000000000007,0.9270000000000007,0.1999650910621991
0.9280000000000007,0.9280000000000007,0.1996188954786268,0.9280000000000007,0.9280000000000007,0.1996188954786268
0.9290000000000007,0.9290000000000007,0.199275144942591,0.9290000000000007,0.9290000000000007,0.199275144942591
0.9300000000000007,0.9300000000000007,0.1989338144844532,0.9300000000000007,0.9300000000000007,0.1989338144844532
0.9310000000000007,0.9310000000000007,0.1985948794595924,0.9310000000000007,0.9310000000000007,0.1985948794595924
0.9320000000000007,0.9320000000000007,0.198258315544164,0.9320000000000007,0.9320000000000007,0.198258315544164
0.9330000000000007,0.9330000000000007,0.1979240987308631,0.9330000000000007,0.9330000000000007,0.1979240987308631
0.9340000000000007,0.9340000000000007,0.1975922053246955,0.9340000000000007,0.9340000000000007,0.1975922053246955
0.9350000000000007,0.9350000000000007,0.1972626119387641,0.9350000000000007,0.9350000000000007,0.1972626119387641
0.9360000000000007,0.9360000000000007,0.1969352954900674,0.9360000000000007,0.9360000000000007,0.1969352954900674
0.9370000000000007,0.9370000000000007,0.1966102331953177,0.9370000000000007,0.9370000000000007,0.1966102331953177
0.9380000000000007,0.9380000000000007,0.196287402566777,0.9380000000000007,0.9380000000000007,0.196287402566777
0.9390000000000007,0.9390000000000007,0.195966781408116,0.9390000000000007,0.9390000000000007,0.195966781408116
0.9400000000000007,0.9400000000000007,0.1956483478102977,0.9400000000000007,0.9400000000000007,0.1956483478102977
0.9410000000000007,0.9410000000000007,0.1953320801474882,0.9410000000000007,0.9410000000000007,0.1953320801474882
0.9420000000000007,0.9420000000000007,0.1950179570729884,0.9420000000000007,0.9420000000000007,0.1950179570729884
0.9430000000000007,0.9430000000000007,0.1947059575152054,0.9430000000000007,0.9430000000000007,0.1947059575152054
0.9440000000000007,0.9440000000000007,0.1943960606736472,0.9440000000000007,0.9440000000000007,0.1943960606736472
0.9450000000000007,0.9450000000000007,0.1940882460149522,0.9450000000000007,0.9450000000000007,0.1940882460149522
0.9460000000000007,0.9460000000000007,0.1937824932689518,0.9460000000000007,0.9460000000000007,0.1937824932689518
0.9470000000000007,0.9470000000000007,0.19347878242477,0.9470000000000007,0.9470000000000007,0.19347878242477
0.9480000000000007,0.9480000000000007,0.1931770937269529,0.9480000000000007,0.9480000000000007,0.1931770937269529
0.9490000000000007,0.9490000000000007,0.1928774076716422,0.9490000000000007,0.9490000000000007,0.1928774076716422
0.9500000000000007,0.9500000000000007,0.1925797050027811,0.9500000000000007,0.9500000000000007,0.1925797050027811
0.9510000000000007,0.9510000000000007,0.19228396670836,0.9510000000000007,0.9510000000000007,0.19228396670836
0.9520000000000007,0.9520000000000007,0.1919901740167022,0.9520000000000007,0.9520000000000007,0.1919901740167022
0.9530000000000007,0.9530000000000007,0.1916983083927878,0.9530000000000007,0.9530000000000007,0.1916983083927878
0.9540000000000007,0.9540000000000007,0.191408351534618,0.9540000000000007,0.9540000000000007,0.191408351534618
0.9550000000000007,0.9550000000000007,0.1911202853696215,0.9550000000000007,0.9550000000000007,0.1911202853696215
0.9560000000000007,0.9560000000000007,0.1908340920510986,0.9560000000000007,0.9560000000000007,0.1908340920510986
0.9570000000000007,0.9570000000000007,0.1905497539547111,0.9570000000000007,0.9570000000000007,0.1905497539547111
0.9580000000000007,0.9580000000000007,0.1902672536750102,0.9580000000000007,0.9580000000000007,0.1902672536750102
0.9590000000000007,0.9590000000000007,0.1899865740220069,0.9590000000000007,0.9590000000000007,0.1899865740220069
0.9600000000000007,0.9600000000000007,0.189707698017786,0.9600000000000007,0.9600000000000007,0.189707698017786
0.9610000000000007,0.9610000000000007,0.18943060889316,0.9610000000000007,0.9610000000000007,0.18943060889316
0.9620000000000007,0.9620000000000007,0.1891552900843669,0.9620000000000007,0.9620000000000007,0.1891552900843669
0.9630000000000007,0.9630000000000007,0.1888817252298081,0.9630000000000007,0.9630000000000007,0.1888817252298081
0.9640000000000007,0.9640000000000007,0.1886098981668315,0.9640000000000007,0.9640000000000007,0.1886098981668315
0.9650000000000007,0.9650000000000007,0.1883397929285524,0.9650000000000007,0.9650000000000007,0.1883397929285524
0.9660000000000007,0.9660000000000007,0.1880713937407201,0.9660000000000007,0.9660000000000007,0.1880713937407201
0.9670000000000007,0.9670000000000007,0.1878046850186247,0.9670000000000007,0.9670000000000007,0.1878046850186247
0.9680000000000007,0.9680000000000007,0.1875396513640452,0.9680000000000007,0.9680000000000007,0.1875396513640452
0.9690000000000007,0.9690000000000007,0.1872762775622387,0.9690000000000007,0.9690000000000007,0.1872762775622387
0.9700000000000008,0.9700000000000008,0.1870145485789721,0.9700000000000008,0.9700000000000008,0.1870145485789721
0.9710000000000008,0.9710000000000008,0.1867544495575939,0.9710000000000008,0.9710000000000008,0.1867544495575939
0.9720000000000008,0.9720000000000008,0.1864959658161461,0.9720000000000008,0.9720000000000008,0.1864959658161461
0.9730000000000008,0.9730000000000008,0.1862390828445174,0.9730000000000008,0.9730000000000008,0.1862390828445174
0.9740000000000008,0.9740000000000008,0.1859837863016343,0.9740000000000008,0.9740000000000008,0.1859837863016343
0.9750000000000008,0.9750000000000008,0.1857300620126958,0.9750000000000008,0.9750000000000008,0.1857300620126958
0.9760000000000008,0.9760000000000008,0.1854778959664428,0.9760000000000008,0.9760000000000008,0.1854778959664428
0.9770000000000008,0.9770000000000008,0.1852272743124676,0.9770000000000008,0.9770000000000008,0.1852272743124676
0.9780000000000008,0.9780000000000008,0.1849781833585659,0.9780000000000008,0.9780000000000008,0.1849781833585659
0.9790000000000008,0.9790000000000008,0.1847306095681195,0.9790000000000008,0.9790000000000008,0.1847306095681195
0.9800000000000008,0.9800000000000008,0.1844845395575222,0.9800000000000008,0.9800000000000008,0.1844845395575222
0.9810000000000008,0.9810000000000008,0.1842399600936427,0.9810000000000008,0.9810000000000008,0.1842399600936427
0.9820000000000008,0.9820000000000008,0.1839968580913192,0.9820000000000008,0.9820000000000008,0.1839968580913192
0.9830000000000008,0.9830000000000008,0.1837552206108976,0.9830000000000008,0.9830000000000008,0.1837552206108976
0.9840000000000008,0.9840000000000008,0.1835150348557975,0.9840000000000008,0.9840000000000008,0.1835150348557975
0.9850000000000008,0.9850000000000008,0.1832762881701221,0.9850000000000008,0.9850000000000008,0.1832762881701221
0.9860000000000008,0.9860000000000008,0.1830389680362947,0.9860000000000008,0.9860000000000008,0.1830389680362947
0.9870000000000008,0.9870000000000008,0.1828030620727352,0.9870000000000008,0.9870000000000008,0.1828030620727352
0.9880000000000008,0.9880000000000008,0.182568558031569,0.9880000000000008,0.9880000000000008,0.182568558031569
0.9890000000000008,0.9890000000000008,0.1823354437963674,0.9890000000000008,0.9890000000000008,0.1823354437963674
0.9900000000000008,0.9900000000000008,0.1821037073799248,0.9900000000000008,0.9900000000000008,0.1821037073799248
0.9910000000000008,0.9910000000000008,0.181873336922064,0.9910000000000008,0.9910000000000008,0.181873336922064
0.9920000000000008,0.9920000000000008,0.1816443206874774,0.9920000000000008,0.9920000000000008,0.1816443206874774
0.9930000000000008,0.9930000000000008,0.1814166470635976,0.9930000000000008,0.9930000000000008,0.1814166470635976
0.9940000000000008,0.9940000000000008,0.1811903045584987,0.9940000000000008,0.9940000000000008,0.1811903045584987
0.9950000000000008,0.9950000000000008,0.1809652817988304,0.9950000000000008,0.9950000000000008,0.1809652817988304
0.9960000000000008,0.9960000000000008,0.1807415675277811,0.9960000000000008,0.9960000000000008,0.1807415675277811
0.9970000000000008,0.9970000000000008,0.1805191506030689,0.9970000000000008,0.9970000000000008,0.1805191506030689
0.9980000000000008,0.9980000000000008,0.1802980199949653,0.9980000000000008,0.9980000000000008,0.1802980199949653
0.9990000000000008,0.9990000000000008,0.1800781647843464,0.9990000000000008,0.9990000000000008,0.1800781647843464
1.000000000000001,1.000000000000001,0.1798595741607719,1.000000000000001,1.000000000000001,0.1798595741607719
1.001000000000001,1.001000000000001,0.1796422374205925,1.001000000000001,1.001000000000001,0.1796422374205925
1.002,1.002,0.1794261439650855,1.002,1.002,0.1794261439650855
1.003,1.003,0.1792112832986188,1.003,1.003,0.1792112832986188
1.004,1.004,0.1789976450268389,1.004,1.004,0.1789976450268389
1.005,1.005,0.178785218854888,1.005,1.005,0.178785218854888
1.006,1.006,0.1785739945856479,1.006,1.006,0.1785739945856479
1.007,1.007,0.1783639621180075,1.007,1.007,0.1783639621180075
1.008,1.008,0.1781551114451597,1.008,1.008,0.1781551114451597
1.009,1.009,0.1779474326529187,1.009,1.009,0.1779474326529187
1.01,1.01,0.1777409159180685,1.01,1.01,0.1777409159180685
1.010999999999999,1.010999999999999,0.1775355515067339,1.010999999999999,1.010999999999999,0.1775355515067339
1.011999999999999,1.011999999999999,0.1773313297727725,1.011999999999999,1.011999999999999,0.1773313297727725
1.012999999999999,1.012999999999999,0.1771282411562003,1.012999999999999,1.012999999999999,0.1771282411562003
1.013999999999999,1.013999999999999,0.1769262761816347,1.013999999999999,1.013999999999999,0.1769262761816347
1.014999999999999,1.014999999999999,0.1767254254567631,1.014999999999999,1.014999999999999,0.1767254254567631
1.015999999999999,1.015999999999999,0.1765256796708398,1.015999999999999,1.015999999999999,0.1765256796708398
1.016999999999999,1.016999999999999,0.176327029593203,1.016999999999999,1.016999999999999,0.176327029593203
1.017999999999999,1.017999999999999,0.1761294660718193,1.017999999999999,1.017999999999999,0.1761294660718193
1.018999999999999,1.018999999999999,0.1759329800318505,1.018999999999999,1.018999999999999,0.1759329800318505
1.019999999999998,1.019999999999998,0.1757375624742463,1.019999999999998,1.019999999999998,0.1757375624742463
1.020999999999998,1.020999999999998,0.1755432044743609,1.020999999999998,1.020999999999998,0.1755432044743609
1.021999999999998,1.021999999999998,0.1753498971805955,1.021999999999998,1.021999999999998,0.1753498971805955
1.022999999999998,1.022999999999998,0.1751576318130631,1.022999999999998,1.022999999999998,0.1751576318130631
1.023999999999998,1.023999999999998,0.1749663996622811,1.023999999999998,1.023999999999998,0.1749663996622811
1.024999999999998,1.024999999999998,0.1747761920878877,1.024999999999998,1.024999999999998,0.1747761920878877
1.025999999999998,1.025999999999998,0.1745870005173839,1.025999999999998,1.025999999999998,0.1745870005173839
1.026999999999998,1.026999999999998,0.1743988164449012,1.026999999999998,1.026999999999998,0.1743988164449012
1.027999999999998,1.027999999999998,0.1742116314299961,1.027999999999998,1.027999999999998,0.1742116314299961
1.028999999999997,1.028999999999997,0.17402543709647,1.028999999999997,1.028999999999997,0.17402543709647
1.029999999999997,1.029999999999997,0.1738402251312165,1.029999999999997,1.029999999999997,0.1738402251312165
1.030999999999997,1.030999999999997,0.1736559872830971,1.030999999999997,1.030999999999997,0.1736559872830971
1.031999999999997,1.031999999999997,0.1734727153618393,1.031999999999997,1.031999999999997,0.1734727153618393
1.032999999999997,1.032999999999997,0.1732904012369721,1.032999999999997,1.032999999999997,0.1732904012369721
1.033999999999997,1.033999999999997,0.1731090368367805,1.033999999999997,1.033999999999997,0.1731090368367805
1.034999999999997,1.034999999999997,0.1729286141472944,1.034999999999997,1.034999999999997,0.1729286141472944
1.035999999999997,1.035999999999997,0.1727491252113066,1.035999999999997,1.035999999999997,0.1727491252113066
1.036999999999997,1.036999999999997,0.1725705621274207,1.036999999999997,1.036999999999997,0.1725705621274207
1.037999999999996,1.037999999999996,0.1723929170491282,1.037999999999996,1.037999999999996,0.1723929170491282
1.038999999999996,1.038999999999996,0.1722161821839194,1.038999999999996,1.038999999999996,0.1722161821839194
1.039999999999996,1.039999999999996,0.1720403497924249,1.039999999999996,1.039999999999996,0.1720403497924249
1.040999999999996,1.040999999999996,0.1718654121875905,1.040999999999996,1.040999999999996,0.1718654121875905
1.041999999999996,1.041999999999996,0.1716913617338849,1.041999999999996,1.041999999999996,0.1716913617338849
1.042999999999996,1.042999999999996,0.171518190846541,1.042999999999996,1.042999999999996,0.171518190846541
1.043999999999996,1.043999999999996,0.1713458919908335,1.043999999999996,1.043999999999996,0.1713458919908335
1.044999999999996,1.044999999999996,0.1711744576813888,1.044999999999996,1.044999999999996,0.1711744576813888
1.045999999999996,1.045999999999996,0.1710038804815348,1.045999999999996,1.045999999999996,0.1710038804815348
1.046999999999995,1.046999999999995,0.170834153002683,1.046999999999995,1.046999999999995,0.170834153002683
1.047999999999995,1.047999999999995,0.1706652679037508,1.047999999999995,1.047999999999995,0.1706652679037508
1.048999999999995,1.048999999999995,0.1704972178906204,1.048999999999995,1.048999999999995,0.1704972178906204
1.049999999999995,1.049999999999995,0.170329995715636,1.049999999999995,1.049999999999995,0.170329995715636
1.050999999999995,1.050999999999995,0.1701635941771395,1.050999999999995,1.050999999999995,0.1701635941771395
1.051999999999995,1.051999999999995,0.169998006119046,1.051999999999995,1.051999999999995,0.169998006119046
1.052999999999995,1.052999999999995,0.1698332244304606,1.052999999999995,1.052999999999995,0.1698332244304606
1.053999999999995,1.053999999999995,0.1696692420453314,1.053999999999995,1.053999999999995,0.1696692420453314
1.054999999999995,1.054999999999995,0.1695060519421466,1.054999999999995,1.054999999999995,0.1695060519421466
1.055999999999994,1.055999999999994,0.1693436471436721,1.055999999999994,1.055999999999994,0.1693436471436721
1.056999999999994,1.056999999999994,0.1691820207167278,1.056999999999994,1.056999999999994,0.1691820207167278
1.057999999999994,1.057999999999994,0.1690211657720082,1.057999999999994,1.057999999999994,0.1690211657720082
1.058999999999994,1.058999999999994,0.1688610754639404,1.058999999999994,1.058999999999994,0.1688610754639404
1.059999999999994,1.059999999999994,0.1687017429905887,1.059999999999994,1.059999999999994,0.1687017429905887
1.060999999999994,1.060999999999994,0.1685431615935949,1.060999999999994,1.060999999999994,0.1685431615935949
1.061999999999994,1.061999999999994,0.1683853245581617,1.061999999999994,1.061999999999994,0.1683853245581617
1.062999999999994,1.062999999999994,0.1682282252130786,1.062999999999994,1.062999999999994,0.1682282252130786
1.063999999999994,1.063999999999994,0.1680718569307836,1.063999999999994,1.063999999999994,0.1680718569307836
1.064999999999994,1.064999999999994,0.16791621312747,1.064999999999994,1.064999999999994,0.16791621312747
1.065999999999993,1.065999999999993,0.167761287263225,1.065999999999993,1.065999999999993,0.167761287263225
1.066999999999993,1.066999999999993,0.167607072842214,1.066999999999993,1.066999999999993,0.167607072842214
1.067999999999993,1.067999999999993,0.1674535634128961,1.067999999999993,1.067999999999993,0.1674535634128961
1.068999999999993,1.068999999999993,0.1673007525682797,1.068999999999993,1.068999999999993,0.1673007525682797
1.069999999999993,1.069999999999993,0.1671486339462097,1.069999999999993,1.069999999999993,0.1671486339462097
1.070999999999993,1.070999999999993,0.166997201229691,1.070999999999993,1.070999999999993,0.166997201229691
1.071999999999993,1.071999999999993,0.1668464481472434,1.071999999999993,1.071999999999993,0.1668464481472434
1.072999999999993,1.072999999999993,0.1666963684732854,1.072999999999993,1.072999999999993,0.1666963684732854
1.073999999999993,1.073999999999993,0.1665469560285492,1.073999999999993,1.073999999999993,0.1665469560285492
1.074999999999992,1.074999999999992,0.1663982046805209,1.074999999999992,1.074999999999992,0.1663982046805209
1.075999999999992,1.075999999999992,0.166250108343907,1.075999999999992,1.075999999999992,0.166250108343907
1.076999999999992,1.076999999999992,0.1661026609811223,1.076999999999992,1.076999999999992,0.1661026609811223
1.077999999999992,1.077999999999992,0.1659558566027999,1.077999999999992,1.077999999999992,0.1659558566027999
1.078999999999992,1.078999999999992,0.1658096892683185,1.078999999999992,1.078999999999992,0.1658096892683185
1.079999999999992,1.079999999999992,0.1656641530863459,1.079999999999992,1.079999999999992,0.1656641530863459
1.080999999999992,1.080999999999992,0.1655192422153951,1.080999999999992,1.080999999999992,0.1655192422153951
1.081999999999992,1.081999999999992,0.1653749508643942,1.081999999999992,1.081999999999992,0.1653749508643942
1.082999999999992,1.082999999999992,0.1652312732932586,1.082999999999992,1.082999999999992,0.1652312732932586
1.083999999999991,1.083999999999991,0.1650882038134742,1.083999999999991,1.083999999999991,0.1650882038134742
1.084999999999991,1.084999999999991,0.1649457367886809,1.084999999999991,1.084999999999991,0.1649457367886809
1.085999999999991,1.085999999999991,0.1648038666352542,1.085999999999991,1.085999999999991,0.1648038666352542
1.086999999999991,1.086999999999991,0.1646625878228858,1.086999999999991,1.086999999999991,0.1646625878228858
1.087999999999991,1.087999999999991,0.1645218948751571,1.087999999999991,1.087999999999991,0.1645218948751571
1.088999999999991,1.088999999999991,0.1643817823701054,1.088999999999991,1.088999999999991,0.1643817823701054
1.089999999999991,1.089999999999991,0.1642422449407751,1.089999999999991,1.089999999999991,0.1642422449407751
1.090999999999991,1.090999999999991,0.1641032772757577,1.090999999999991,1.090999999999991,0.1641032772757577
1.091999999999991,1.091999999999991,0.1639648741197136,1.091999999999991,1.091999999999991,0.1639648741197136
1.09299999999999,1.09299999999999,0.1638270302738722,1.09299999999999,1.09299999999999,0.1638270302738722
1.09399999999999,1.09399999999999,0.1636897405965124,1.09399999999999,1.09399999999999,0.1636897405965124
1.09499999999999,1.09499999999999,0.1635530000034171,1.09499999999999,1.09499999999999,0.1635530000034171
1.09599999999999,1.09599999999999,0.1634168034682983,1.09599999999999,1.09599999999999,0.1634168034682983
1.09699999999999,1.09699999999999,0.1632811460231967,1.09699999999999,1.09699999999999,0.1632811460231967
1.09799999999999,1.09799999999999,0.1631460227588461,1.09799999999999,1.09799999999999,0.1631460227588461
1.09899999999999,1.09899999999999,0.1630114288250067,1.09899999999999,1.09899999999999,0.1630114288250067
1.09999999999999,1.09999999999999,0.1628773594307609,1.09999999999999,1.09999999999999,0.1628773594307609
1.10099999999999,1.10099999999999,0.1627438098447738,1.10099999999999,1.10099999999999,0.1627438098447738
1.101999999999989,1.101999999999989,0.1626107753955163,1.101999999999989,1.101999999999989,0.1626107753955163
1.102999999999989,1.102999999999989,0.1624782514714447,1.102999999999989,1.102999999999989,0.1624782514714447
1.103999999999989,1.103999999999989,0.1623462335211433,1.103999999999989,1.103999999999989,0.1623462335211433
1.104999999999989,1.104999999999989,0.1622147170534245,1.104999999999989,1.104999999999989,0.1622147170534245
1.105999999999989,1.105999999999989,0.1620836976373856,1.105999999999989,1.105999999999989,0.1620836976373856
1.106999999999989,1.106999999999989,0.1619531709024237,1.106999999999989,1.106999999999989,0.1619531709024237
1.107999999999989,1.107999999999989,0.1618231325382078,1.107999999999989,1.107999999999989,0.1618231325382078
1.108999999999989,1.108999999999989,0.1616935782946075,1.108999999999989,1.108999999999989,0.1616935782946075
1.109999999999989,1.109999999999989,0.161564503981579,1.109999999999989,1.109999999999989,0.161564503981579
1.110999999999988,1.110999999999988,0.1614359054690064,1.110999999999988,1.110999999999988,0.1614359054690064
1.111999999999988,1.111999999999988,0.1613077786865041,1.111999999999988,1.111999999999988,0.1613077786865041
1.112999999999988,1.112999999999988,0.1611801196231754,1.112999999999988,1.112999999999988,0.1611801196231754
1.113999999999988,1.113999999999988,0.1610529243273279,1.113999999999988,1.113999999999988,0.1610529243273279
1.114999999999988,1.114999999999988,0.1609261889061556,1.114999999999988,1.114999999999988,0.1609261889061556
1.115999999999988,1.115999999999988,0.1607999095253731,1.115999999999988,1.115999999999988,0.1607999095253731
1.116999999999988,1.116999999999988,0.1606740824088209,1.116999999999988,1.116999999999988,0.1606740824088209
1.117999999999988,1.117999999999988,0.1605487038380256,1.117999999999988,1.117999999999988,0.1605487038380256
1.118999999999988,1.118999999999988,0.1604237701517335,1.118999999999988,1.118999999999988,0.1604237701517335
1.119999999999987,1.119999999999987,0.1602992777454017,1.119999999999987,1.119999999999987,0.1602992777454017
1.120999999999987,1.120999999999987,0.1601752230706663,1.120999999999987,1.120999999999987,0.1601752230706663
1.121999999999987,1.121999999999987,0.1600516026347726,1.121999999999987,1.121999999999987,0.1600516026347726
1.122999999999987,1.122999999999987,0.1599284129999805,1.122999999999987,1.122999999999987,0.1599284129999805
1.123999999999987,1.123999999999987,0.1598056507829422,1.123999999999987,1.123999999999987,0.1598056507829422
1.124999999999987,1.124999999999987,0.1596833126540546,1.124999999999987,1.124999999999987,0.1596833126540546
1.125999999999987,1.125999999999987,0.159561395336788,1.125999999999987,1.125999999999987,0.159561395336788
1.126999999999987,1.126999999999987,0.159439895606995,1.126999999999987,1.126999999999987,0.159439895606995
1.127999999999987,1.127999999999987,0.1593188102921965,1.127999999999987,1.127999999999987,0.1593188102921965
1.128999999999986,1.128999999999986,0.1591981362708525,1.128999999999986,1.128999999999986,0.1591981362708525
1.129999999999986,1.129999999999986,0.1590778704716167,1.129999999999986,1.129999999999986,0.1590778704716167
1.130999999999986,1.130999999999986,0.1589580098725756,1.130999999999986,1.130999999999986,0.1589580098725756
1.131999999999986,1.131999999999986,0.1588385515004745,1.131999999999986,1.131999999999986,0.1588385515004745
1.132999999999986,1.132999999999986,0.1587194924299359,1.132999999999986,1.132999999999986,0.1587194924299359
1.133999999999986,1.133999999999986,0.1586008297826663,1.133999999999986,1.133999999999986,0.1586008297826663
1.134999999999986,1.134999999999986,0.1584825607266532,1.134999999999986,1.134999999999986,0.1584825607266532
1.135999999999986,1.135999999999986,0.1583646824753632,1.135999999999986,1.135999999999986,0.1583646824753632
1.136999999999986,1.136999999999986,0.1582471922869284,1.136999999999986,1.136999999999986,0.1582471922869284
1.137999999999985,1.137999999999985,0.158130087463333,1.137999999999985,1.137999999999985,0.158130087463333
1.138999999999985,1.138999999999985,0.1580133653496,1.138999999999985,1.138999999999985,0.1580133653496
1.139999999999985,1.139999999999985,0.1578970233329734,1.139999999999985,1.139999999999985,0.1578970233329734
1.140999999999985,1.140999999999985,0.1577810588421061,1.140999999999985,1.140999999999985,0.1577810588421061
1.141999999999985,1.141999999999985,0.1576654693462467,1.141999999999985,1.141999999999985,0.1576654693462467
1.142999999999985,1.142999999999985,0.157550252354431,1.142999999999985,1.142999999999985,0.157550252354431
1.143999999999985,1.143999999999985,0.157435405414677,1.143999999999985,1.143999999999985,0.157435405414677
1.144999999999985,1.144999999999985,0.1573209261131876,1.144999999999985,1.144999999999985,0.1573209261131876
1.145999999999985,1.145999999999985,0.1572068120735568,1.145999999999985,1.145999999999985,0.1572068120735568
1.146999999999984,1.146999999999984,0.1570930609559844,1.146999999999984,1.146999999999984,0.1570930609559844
1.147999999999984,1.147999999999984,0.1569796704564986,1.147999999999984,1.147999999999984,0.1569796704564986
1.148999999999984,1.148999999999984,0.1568666383061871,1.148999999999984,1.148999999999984,0.1568666383061871
1.149999999999984,1.149999999999984,0.1567539622704391,1.149999999999984,1.149999999999984,0.1567539622704391
1.150999999999984,1.150999999999984,0.1566416401481927,1.150999999999984,1.150999999999984,0.1566416401481927
1.151999999999984,1.151999999999984,0.1565296697711993,1.151999999999984,1.151999999999984,0.1565296697711993
1.152999999999984,1.152999999999984,0.1564180490032928,1.152999999999984,1.152999999999984,0.1564180490032928
1.153999999999984,1.153999999999984,0.1563067757396738,1.153999999999984,1.153999999999984,0.1563067757396738
1.154999999999984,1.154999999999984,0.1561958479062061,1.154999999999984,1.154999999999984,0.1561958479062061
1.155999999999983,1.155999999999983,0.1560852634587201,1.155999999999983,1.155999999999983,0.1560852634587201
1.156999999999983,1.156999999999983,0.1559750203823368,1.156999999999983,1.156999999999983,0.1559750203823368
1.157999999999983,1.157999999999983,0.1558651166907964,1.157999999999983,1.157999999999983,0.1558651166907964
1.158999999999983,1.158999999999983,0.155755550425804,1.158999999999983,1.158999999999983,0.155755550425804
1.159999999999983,1.159999999999983,0.1556463196563879,1.159999999999983,1.159999999999983,0.1556463196563879
1.160999999999983,1.160999999999983,0.1555374224782705,1.160999999999983,1.160999999999983,0.1555374224782705
1.161999999999983,1.161999999999983,0.1554288570132507,1.161999999999983,1.161999999999983,0.1554288570132507
1.162999999999983,1.162999999999983,0.1553206214086033,1.162999999999983,1.162999999999983,0.1553206214086033
1.163999999999983,1.163999999999983,0.1552127138364866,1.163999999999983,1.163999999999983,0.1552127138364866
1.164999999999982,1.164999999999982,0.1551051324933676,1.164999999999982,1.164999999999982,0.1551051324933676
1.165999999999982,1.165999999999982,0.154997875599459,1.165999999999982,1.165999999999982,0.154997875599459
1.166999999999982,1.166999999999982,0.154890941398167,1.166999999999982,1.166999999999982,0.154890941398167
1.167999999999982,1.167999999999982,0.1547843281555554,1.167999999999982,1.167999999999982,0.1547843281555554
1.168999999999982,1.168999999999982,0.1546780341598213,1.168999999999982,1.168999999999982,0.1546780341598213
1.169999999999982,1.169999999999982,0.1545720577207816,1.169999999999982,1.169999999999982,0.1545720577207816
1.170999999999982,1.170999999999982,0.1544663971693769,1.170999999999982,1.170999999999982,0.1544663971693769
1.171999999999982,1.171999999999982,0.1543610508571818,1.171999999999982,1.171999999999982,0.1543610508571818
1.172999999999982,1.172999999999982,0.1542560171559335,1.172999999999982,1.172999999999982,0.1542560171559335
1.173999999999982,1.173999999999982,0.1541512944570685,1.173999999999982,1.173999999999982,0.1541512944570685
1.174999999999981,1.174999999999981,0.1540468811712722,1.174999999999981,1.174999999999981,0.1540468811712722
1.175999999999981,1.175999999999981,0.1539427757280405,1.175999999999981,1.175999999999981,0.1539427757280405
1.176999999999981,1.176999999999981,0.1538389765752551,1.176999999999981,1.176999999999981,0.1538389765752551
1.177999999999981,1.177999999999981,0.1537354821787656,1.177999999999981,1.177999999999981,0.1537354821787656
1.178999999999981,1.178999999999981,0.1536322910219862,1.178999999999981,1.178999999999981,0.1536322910219862
1.179999999999981,1.179999999999981,0.1535294016055033,1.179999999999981,1.179999999999981,0.1535294016055033
1.180999999999981,1.180999999999981,0.1534268124466912,1.180999999999981,1.180999999999981,0.1534268124466912
1.181999999999981,1.181999999999981,0.1533245220793415,1.181999999999981,1.181999999999981,0.1533245220793415
1.182999999999981,1.182999999999981,0.1532225290532999,1.182999999999981,1.182999999999981,0.1532225290532999
1.18399999999998,1.18399999999998,0.1531208319341157,1.18399999999998,1.18399999999998,0.1531208319341157
1.18499999999998,1.18499999999998,0.1530194293026979,1.18499999999998,1.18499999999998,0.1530194293026979
1.18599999999998,1.18599999999998,0.1529183197549845,1.18599999999998,1.18599999999998,0.1529183197549845
1.18699999999998,1.18699999999998,0.1528175019016178,1.18699999999998,1.18699999999998,0.1528175019016178
1.18799999999998,1.18799999999998,0.1527169743676309,1.18799999999998,1.18799999999998,0.1527169743676309
1.18899999999998,1.18899999999998,0.1526167357921422,1.18899999999998,1.18899999999998,0.1526167357921422
1.18999999999998,1.18999999999998,0.1525167848280586,1.18999999999998,1.18999999999998,0.1525167848280586
1.19099999999998,1.19099999999998,0.1524171201417871,1.19099999999998,1.19099999999998,0.1524171201417871
1.19199999999998,1.19199999999998,0.152317740412955,1.19199999999998,1.19199999999998,0.152317740412955
1.192999999999979,1.192999999999979,0.1522186443341372,1.192999999999979,1.192999999999979,0.1522186443341372
1.193999999999979,1.193999999999979,0.1521198306105924,1.193999999999979,1.193999999999979,0.1521198306105924
1.194999999999979,1.194999999999979,0.1520212979600052,1.194999999999979,1.194999999999979,0.1520212979600052
1.195999999999979,1.195999999999979,0.1519230451122373,1.195999999999979,1.195999999999979,0.1519230451122373
1.196999999999979,1.196999999999979,0.1518250708090856,1.196999999999979,1.196999999999979,0.1518250708090856
1.197999999999979,1.197999999999979,0.1517273738040442,1.197999999999979,1.197999999999979,0.1517273738040442
1.198999999999979,1.198999999999979,0.1516299528620782,1.198999999999979,1.198999999999979,0.1516299528620782
1.2,1.2,0.1515328067593974,1.2,1.2,0.1515328067593974
