/q X,/q Y,q vs qb X,q vs qb Y,qb vs q X,qb vs q Y
0,0,1.199800572624473,0,0,1.199800572624473
0.001,0.001,1.199797963419465,0.001,0.001,1.199797963419465
0.002,0.002,1.199795295088564,0.002,0.002,1.199795295088564
0.003,0.003,1.199792566385847,0.003,0.003,1.199792566385847
0.004,0.004,1.19978977604103,0.004,0.004,1.19978977604103
0.005,0.005,1.199786922759078,0.005,0.005,1.199786922759078
0.006,0.006,1.199784005219817,0.006,0.006,1.199784005219817
0.007,0.007,1.199781022077543,0.007,0.007,1.199781022077543
0.008,0.008,1.199777971960631,0.008,0.008,1.199777971960631
0.009000000000000001,0.009000000000000001,1.199774853471138,0.009000000000000001,0.009000000000000001,1.199774853471138
0.01,0.01,1.199771665184413,0.01,0.01,1.199771665184413
0.011,0.011,1.199768405648697,0.011,0.011,1.199768405648697
0.012,0.012,1.199765073384731,0.012,0.012,1.199765073384731
0.013,0.013,1.199761666885355,0.013,0.013,1.199761666885355
0.01400000000000001,0.01400000000000001,1.199758184615113,0.01400000000000001,0.01400000000000001,1.199758184615113
0.01500000000000001,0.01500000000000001,1.199754625009857,0.01500000000000001,0.01500000000000001,1.199754625009857
0.01600000000000001,0.01600000000000001,1.199750986476347,0.01600000000000001,0.01600000000000001,1.199750986476347
0.01700000000000001,0.01700000000000001,1.199747267391855,0.01700000000000001,0.01700000000000001,1.199747267391855
0.01800000000000001,0.01800000000000001,1.199743466103769,0.01800000000000001,0.01800000000000001,1.199743466103769
0.01900000000000001,0.01900000000000001,1.199739580929196,0.01900000000000001,0.01900000000000001,1.199739580929196
0.02000000000000001,0.02000000000000001,1.199735610154567,0.02000000000000001,0.02000000000000001,1.199735610154567
0.02100000000000001,0.02100000000000001,1.19973155203524,0.02100000000000001,0.02100000000000001,1.19973155203524
0.02200000000000001,0.02200000000000001,1.199727404795113,0.02200000000000001,0.02200000000000001,1.199727404795113
0.02300000000000001,0.02300000000000001,1.199723166626226,0.02300000000000001,0.02300000000000001,1.199723166626226
0.02400000000000001,0.02400000000000001,1.199718835688373,0.02400000000000001,0.02400000000000001,1.199718835688373
0.02500000000000002,0.02500000000000002,1.199714410108711,0.02500000000000002,0.02500000000000002,1.199714410108711
0.02600000000000002,0.02600000000000002,1.199709887981378,0.02600000000000002,0.02600000000000002,1.199709887981378
0.02700000000000002,0.02700000000000002,1.199705267367101,0.02700000000000002,0.02700000000000002,1.199705267367101
0.02800000000000002,0.02800000000000002,1.19970054629282,0.02800000000000002,0.02800000000000002,1.19970054629282
0.02900000000000002,0.02900000000000002,1.199695722751302,0.02900000000000002,0.02900000000000002,1.199695722751302
0.03000000000000002,0.03000000000000002,1.199690794700765,0.03000000000000002,0.03000000000000002,1.199690794700765
0.03100000000000002,0.03100000000000002,1.199685760064501,0.03100000000000002,0.03100000000000002,1.199685760064501
0.03200000000000002,0.03200000000000002,1.199680616730509,0.03200000000000002,0.03200000000000002,1.199680616730509
0.03300000000000002,0.03300000000000002,1.199675362551115,0.03300000000000002,0.03300000000000002,1.199675362551115
0.03400000000000002,0.03400000000000002,1.199669995342615,0.03400000000000002,0.03400000000000002,1.199669995342615
0.03500000000000002,0.03500000000000002,1.199664512884906,0.03500000000000002,0.03500000000000002,1.199664512884906
0.03600000000000003,0.03600000000000003,1.19965891292113,0.03600000000000003,0.03600000000000003,1.19965891292113
0.03700000000000003,0.03700000000000003,1.199653193157316,0.03700000000000003,0.03700000000000003,1.199653193157316
0.03800000000000003,0.03800000000000003,1.199647351262031,0.03800000000000003,0.03800000000000003,1.199647351262031
0.03900000000000003,0.03900000000000003,1.199641384866029,0.03900000000000003,0.03900000000000003,1.199641384866029
0.04000000000000003,0.04000000000000003,1.199635291561917,0.04000000000000003,0.04000000000000003,1.199635291561917
0.04100000000000003,0.04100000000000003,1.199629068903809,0.04100000000000003,0.04100000000000003,1.199629068903809
0.04200000000000003,0.04200000000000003,1.199622714407004,0.04200000000000003,0.04200000000000003,1.199622714407004
0.04300000000000003,0.04300000000000003,1.199616225547657,0.04300000000000003,0.04300000000000003,1.199616225547657
0.04400000000000003,0.04400000000000003,1.199609599762463,0.04400000000000003,0.04400000000000003,1.199609599762463
0.04500000000000003,0.04500000000000003,1.19960283444835,0.04500000000000003,0.04500000000000003,1.19960283444835
0.04600000000000003,0.04600000000000003,1.199595926962175,0.04600000000000003,0.04600000000000003,1.199595926962175
0.04700000000000003,0.04700000000000003,1.199588874620431,0.04700000000000003,0.04700000000000003,1.199588874620431
0.04800000000000004,0.04800000000000004,1.19958167469897,0.04800000000000004,0.04800000000000004,1.19958167469897
0.04900000000000004,0.04900000000000004,1.199574324432724,0.04900000000000004,0.04900000000000004,1.199574324432724
0.05000000000000004,0.05000000000000004,1.199566821015452,0.05000000000000004,0.05000000000000004,1.199566821015452
0.05100000000000004,0.05100000000000004,1.199559161599484,0.05100000000000004,0.05100000000000004,1.199559161599484
0.05200000000000004,0.05200000000000004,1.199551343295493,0.05200000000000004,0.05200000000000004,1.199551343295493
0.05300000000000004,0.05300000000000004,1.199543363172269,0.05300000000000004,0.05300000000000004,1.199543363172269
0.05400000000000004,0.05400000000000004,1.199535218256512,0.05400000000000004,0.05400000000000004,1.199535218256512
0.05500000000000004,0.05500000000000004,1.199526905532647,0.05500000000000004,0.05500000000000004,1.199526905532647
0.05600000000000004,0.05600000000000004,1.19951842194264,0.05600000000000004,0.05600000000000004,1.19951842194264
0.05700000000000004,0.05700000000000004,1.199509764385848,0.05700000000000004,0.05700000000000004,1.199509764385848
0.05800000000000004,0.05800000000000004,1.199500929718871,0.05800000000000004,0.05800000000000004,1.199500929718871
0.05900000000000005,0.05900000000000005,1.199491914755438,0.05900000000000005,0.05900000000000005,1.199491914755438
0.06000000000000005,0.06000000000000005,1.199482716266297,0.06000000000000005,0.06000000000000005,1.199482716266297
0.06100000000000005,0.06100000000000005,1.199473330979133,0.06100000000000005,0.06100000000000005,1.199473330979133
0.06200000000000005,0.06200000000000005,1.199463755578503,0.06200000000000005,0.06200000000000005,1.199463755578503
0.06300000000000004,0.06300000000000004,1.19945398670579,0.06300000000000004,0.06300000000000004,1.19945398670579
0.06400000000000004,0.06400000000000004,1.199444020959181,0.06400000000000004,0.06400000000000004,1.199444020959181
0.06500000000000004,0.06500000000000004,1.199433854893656,0.06500000000000004,0.06500000000000004,1.199433854893656
0.06600000000000004,0.06600000000000004,1.199423485021008,0.06600000000000004,0.06600000000000004,1.199423485021008
0.06700000000000005,0.06700000000000005,1.199412907809878,0.06700000000000005,0.06700000000000005,1.199412907809878
0.06800000000000005,0.06800000000000005,1.199402119685808,0.06800000000000005,0.06800000000000005,1.199402119685808
0.06900000000000005,0.06900000000000005,1.199391117031317,0.06900000000000005,0.06900000000000005,1.199391117031317
0.07000000000000005,0.07000000000000005,1.199379896185997,0.07000000000000005,0.07000000000000005,1.199379896185997
0.07100000000000005,0.07100000000000005,1.199368453446627,0.07100000000000005,0.07100000000000005,1.199368453446627
0.07200000000000005,0.07200000000000005,1.199356785067307,0.07200000000000005,0.07200000000000005,1.199356785067307
0.07300000000000005,0.07300000000000005,1.199344887259609,0.07300000000000005,0.07300000000000005,1.199344887259609
0.07400000000000005,0.07400000000000005,1.199332756192753,0.07400000000000005,0.07400000000000005,1.199332756192753
0.07500000000000005,0.07500000000000005,1.199320387993789,0.07500000000000005,0.07500000000000005,1.199320387993789
0.07600000000000005,0.07600000000000005,1.199307778747813,0.07600000000000005,0.07600000000000005,1.199307778747813
0.07700000000000005,0.07700000000000005,1.199294924498187,0.07700000000000005,0.07700000000000005,1.199294924498187
0.07800000000000006,0.07800000000000006,1.199281821246781,0.07800000000000006,0.07800000000000006,1.199281821246781
0.07900000000000006,0.07900000000000006,1.199268464954238,0.07900000000000006,0.07900000000000006,1.199268464954238
0.08000000000000006,0.08000000000000006,1.199254851540245,0.08000000000000006,0.08000000000000006,1.199254851540245
0.08100000000000006,0.08100000000000006,1.199240976883824,0.08100000000000006,0.08100000000000006,1.199240976883824
0.08200000000000006,0.08200000000000006,1.199226836823646,0.08200000000000006,0.08200000000000006,1.199226836823646
0.08300000000000006,0.08300000000000006,1.199212427158349,0.08300000000000006,0.08300000000000006,1.199212427158349
0.08400000000000006,0.08400000000000006,1.19919774364688,0.08400000000000006,0.08400000000000006,1.19919774364688
0.08500000000000006,0.08500000000000006,1.199182782008846,0.08500000000000006,0.08500000000000006,1.199182782008846
0.08600000000000006,0.08600000000000006,1.199167537924885,0.08600000000000006,0.08600000000000006,1.199167537924885
0.08700000000000006,0.08700000000000006,1.199152007037045,0.08700000000000006,0.08700000000000006,1.199152007037045
0.08800000000000006,0.08800000000000006,1.199136184949181,0.08800000000000006,0.08800000000000006,1.199136184949181
0.08900000000000007,0.08900000000000007,1.199120067227366,0.08900000000000007,0.08900000000000007,1.199120067227366
0.09000000000000007,0.09000000000000007,1.199103649400311,0.09000000000000007,0.09000000000000007,1.199103649400311
0.09100000000000007,0.09100000000000007,1.199086926959799,0.09100000000000007,0.09100000000000007,1.199086926959799
0.09200000000000007,0.09200000000000007,1.199069895361136,0.09200000000000007,0.09200000000000007,1.199069895361136
0.09300000000000007,0.09300000000000007,1.199052550023606,0.09300000000000007,0.09300000000000007,1.199052550023606
0.09400000000000007,0.09400000000000007,1.199034886330945,0.09400000000000007,0.09400000000000007,1.199034886330945
0.09500000000000007,0.09500000000000007,1.199016899631817,0.09500000000000007,0.09500000000000007,1.199016899631817
0.09600000000000007,0.09600000000000007,1.198998585240312,0.09600000000000007,0.09600000000000007,1.198998585240312
0.09700000000000007,0.09700000000000007,1.198979938436443,0.09700000000000007,0.09700000000000007,1.198979938436443
0.09800000000000007,0.09800000000000007,1.198960954466659,0.09800000000000007,0.09800000000000007,1.198960954466659
0.09900000000000007,0.09900000000000007,1.198941628544368,0.09900000000000007,0.09900000000000007,1.198941628544368
0.1000000000000001,0.1000000000000001,1.19892195585046,0.1000000000000001,0.1000000000000001,1.19892195585046
0.1010000000000001,0.1010000000000001,1.198901931533848,0.1010000000000001,0.1010000000000001,1.198901931533848
0.1020000000000001,0.1020000000000001,1.198881550712013,0.1020000000000001,0.1020000000000001,1.198881550712013
0.1030000000000001,0.1030000000000001,1.198860808471552,0.1030000000000001,0.1030000000000001,1.198860808471552
0.1040000000000001,0.1040000000000001,1.198839699868737,0.1040000000000001,0.1040000000000001,1.198839699868737
0.1050000000000001,0.1050000000000001,1.198818219930078,0.1050000000000001,0.1050000000000001,1.198818219930078
0.1060000000000001,0.1060000000000001,1.198796363652891,0.1060000000000001,0.1060000000000001,1.198796363652891
0.1070000000000001,0.1070000000000001,1.198774126005868,0.1070000000000001,0.1070000000000001,1.198774126005868
0.1080000000000001,0.1080000000000001,1.198751501929659,0.1080000000000001,0.1080000000000001,1.198751501929659
0.1090000000000001,0.1090000000000001,1.198728486337446,0.1090000000000001,0.1090000000000001,1.198728486337446
0.1100000000000001,0.1100000000000001,1.198705074115527,0.1100000000000001,0.1100000000000001,1.198705074115527
0.1110000000000001,0.1110000000000001,1.1986812601239,0.1110000000000001,0.1110000000000001,1.1986812601239
0.1120000000000001,0.1120000000000001,1.198657039196849,0.1120000000000001,0.1120000000000001,1.198657039196849
0.1130000000000001,0.1130000000000001,1.198632406143528,0.1130000000000001,0.1130000000000001,1.198632406143528
0.1140000000000001,0.1140000000000001,1.198607355748548,0.1140000000000001,0.1140000000000001,1.198607355748548
0.1150000000000001,0.1150000000000001,1.198581882772563,0.1150000000000001,0.1150000000000001,1.198581882772563
0.1160000000000001,0.1160000000000001,1.198555981952851,0.1160000000000001,0.1160000000000001,1.198555981952851
0.1170000000000001,0.1170000000000001,1.198529648003898,0.1170000000000001,0.1170000000000001,1.198529648003898
0.1180000000000001,0.1180000000000001,1.198502875617979,0.1180000000000001,0.1180000000000001,1.198502875617979
0.1190000000000001,0.1190000000000001,1.198475659465728,0.1190000000000001,0.1190000000000001,1.198475659465728
0.1200000000000001,0.1200000000000001,1.198447994196718,0.1200000000000001,0.1200000000000001,1.198447994196718
0.1210000000000001,0.1210000000000001,1.198419874440025,0.1210000000000001,0.1210000000000001,1.198419874440025
0.1220000000000001,0.1220000000000001,1.19839129480479,0.1220000000000001,0.1220000000000001,1.19839129480479
0.1230000000000001,0.1230000000000001,1.198362249880777,0.1230000000000001,0.1230000000000001,1.198362249880777
0.1240000000000001,0.1240000000000001,1.198332734238928,0.1240000000000001,0.1240000000000001,1.198332734238928
0.1250000000000001,0.1250000000000001,1.198302742431901,0.1250000000000001,0.1250000000000001,1.198302742431901
0.1260000000000001,0.1260000000000001,1.198272268994613,0.1260000000000001,0.1260000000000001,1.198272268994613
0.1270000000000001,0.1270000000000001,1.198241308444767,0.1270000000000001,0.1270000000000001,1.198241308444767
0.1280000000000001,0.1280000000000001,1.198209855283373,0.1280000000000001,0.1280000000000001,1.198209855283373
0.1290000000000001,0.1290000000000001,1.198177903995261,0.1290000000000001,0.1290000000000001,1.198177903995261
0.1300000000000001,0.1300000000000001,1.198145449049585,0.1300000000000001,0.1300000000000001,1.198145449049585
0.1310000000000001,0.1310000000000001,1.198112484900316,0.1310000000000001,0.1310000000000001,1.198112484900316
0.1320000000000001,0.1320000000000001,1.198079005986724,0.1320000000000001,0.1320000000000001,1.198079005986724
0.1330000000000001,0.1330000000000001,1.198045006733855,0.1330000000000001,0.1330000000000001,1.198045006733855
0.1340000000000001,0.1340000000000001,1.198010481552988,0.1340000000000001,0.1340000000000001,1.198010481552988
0.1350000000000001,0.1350000000000001,1.197975424842088,0.1350000000000001,0.1350000000000001,1.197975424842088
0.1360000000000001,0.1360000000000001,1.197939830986247,0.1360000000000001,0.1360000000000001,1.197939830986247
0.1370000000000001,0.1370000000000001,1.197903694358107,0.1370000000000001,0.1370000000000001,1.197903694358107
0.1380000000000001,0.1380000000000001,1.197867009318275,0.1380000000000001,0.1380000000000001,1.197867009318275
0.1390000000000001,0.1390000000000001,1.197829770215731,0.1390000000000001,0.1390000000000001,1.197829770215731
0.1400000000000001,0.1400000000000001,1.197791971388206,0.1400000000000001,0.1400000000000001,1.197791971388206
0.1410000000000001,0.1410000000000001,1.197753607162568,0.1410000000000001,0.1410000000000001,1.197753607162568
0.1420000000000001,0.1420000000000001,1.197714671855178,0.1420000000000001,0.1420000000000001,1.197714671855178
0.1430000000000001,0.1430000000000001,1.19767515977224,0.1430000000000001,0.1430000000000001,1.19767515977224
0.1440000000000001,0.1440000000000001,1.197635065210138,0.1440000000000001,0.1440000000000001,1.197635065210138
0.1450000000000001,0.1450000000000001,1.197594382455753,0.1450000000000001,0.1450000000000001,1.197594382455753
0.1460000000000001,0.1460000000000001,1.197553105786771,0.1460000000000001,0.1460000000000001,1.197553105786771
0.1470000000000001,0.1470000000000001,1.197511229471974,0.1470000000000001,0.1470000000000001,1.197511229471974
0.1480000000000001,0.1480000000000001,1.197468747771519,0.1480000000000001,0.1480000000000001,1.197468747771519
0.1490000000000001,0.1490000000000001,1.197425654937199,0.1490000000000001,0.1490000000000001,1.197425654937199
0.1500000000000001,0.1500000000000001,1.19738194521269,0.1500000000000001,0.1500000000000001,1.19738194521269
0.1510000000000001,0.1510000000000001,1.197337612833786,0.1510000000000001,0.1510000000000001,1.197337612833786
0.1520000000000001,0.1520000000000001,1.197292652028615,0.1520000000000001,0.1520000000000001,1.197292652028615
0.1530000000000001,0.1530000000000001,1.197247057017845,0.1530000000000001,0.1530000000000001,1.197247057017845
0.1540000000000001,0.1540000000000001,1.197200822014867,0.1540000000000001,0.1540000000000001,1.197200822014867
0.1550000000000001,0.1550000000000001,1.197153941225971,0.1550000000000001,0.1550000000000001,1.197153941225971
0.1560000000000001,0.1560000000000001,1.197106408850506,0.1560000000000001,0.1560000000000001,1.197106408850506
0.1570000000000001,0.1570000000000001,1.197058219081016,0.1570000000000001,0.1570000000000001,1.197058219081016
0.1580000000000001,0.1580000000000001,1.197009366103374,0.1580000000000001,0.1580000000000001,1.197009366103374
0.1590000000000001,0.1590000000000001,1.196959844096892,0.1590000000000001,0.1590000000000001,1.196959844096892
0.1600000000000001,0.1600000000000001,1.196909647234417,0.1600000000000001,0.1600000000000001,1.196909647234417
0.1610000000000001,0.1610000000000001,1.196858769682416,0.1610000000000001,0.1610000000000001,1.196858769682416
0.1620000000000001,0.1620000000000001,1.196807205601041,0.1620000000000001,0.1620000000000001,1.196807205601041
0.1630000000000001,0.1630000000000001,1.196754949144185,0.1630000000000001,0.1630000000000001,1.196754949144185
0.1640000000000001,0.1640000000000001,1.196701994459517,0.1640000000000001,0.1640000000000001,1.196701994459517
0.1650000000000001,0.1650000000000001,1.196648335688507,0.1650000000000001,0.1650000000000001,1.196648335688507
0.1660000000000001,0.1660000000000001,1.196593966966433,0.1660000000000001,0.1660000000000001,1.196593966966433
0.1670000000000001,0.1670000000000001,1.196538882422376,0.1670000000000001,0.1670000000000001,1.196538882422376
0.1680000000000001,0.1680000000000001,1.196483076179201,0.1680000000000001,0.1680000000000001,1.196483076179201
0.1690000000000001,0.1690000000000001,1.196426542353518,0.1690000000000001,0.1690000000000001,1.196426542353518
0.1700000000000001,0.1700000000000001,1.196369275055638,0.1700000000000001,0.1700000000000001,1.196369275055638
0.1710000000000001,0.1710000000000001,1.196311268389509,0.1710000000000001,0.1710000000000001,1.196311268389509
0.1720000000000001,0.1720000000000001,1.196252516452634,0.1720000000000001,0.1720000000000001,1.196252516452634
0.1730000000000001,0.1730000000000001,1.196193013335988,0.1730000000000001,0.1730000000000001,1.196193013335988
0.1740000000000001,0.1740000000000001,1.196132753123908,0.1740000000000001,0.1740000000000001,1.196132753123908
0.1750000000000001,0.1750000000000001,1.196071729893977,0.1750000000000001,0.1750000000000001,1.196071729893977
0.1760000000000001,0.1760000000000001,1.196009937716892,0.1760000000000001,0.1760000000000001,1.196009937716892
0.1770000000000001,0.1770000000000001,1.195947370656319,0.1770000000000001,0.1770000000000001,1.195947370656319
0.1780000000000001,0.1780000000000001,1.195884022768735,0.1780000000000001,0.1780000000000001,1.195884022768735
0.1790000000000001,0.1790000000000001,1.195819888103257,0.1790000000000001,0.1790000000000001,1.195819888103257
0.1800000000000001,0.1800000000000001,1.19575496070146,0.1800000000000001,0.1800000000000001,1.19575496070146
0.1810000000000001,0.1810000000000001,1.195689234597176,0.1810000000000001,0.1810000000000001,1.195689234597176
0.1820000000000001,0.1820000000000001,1.195622703816287,0.1820000000000001,0.1820000000000001,1.195622703816287
0.1830000000000001,0.1830000000000001,1.195555362376505,0.1830000000000001,0.1830000000000001,1.195555362376505
0.1840000000000001,0.1840000000000001,1.195487204287132,0.1840000000000001,0.1840000000000001,1.195487204287132
0.1850000000000001,0.1850000000000001,1.195418223548822,0.1850000000000001,0.1850000000000001,1.195418223548822
0.1860000000000001,0.1860000000000001,1.195348414153315,0.1860000000000001,0.1860000000000001,1.195348414153315
0.1870000000000001,0.1870000000000001,1.195277770083168,0.1870000000000001,0.1870000000000001,1.195277770083168
0.1880000000000001,0.1880000000000001,1.195206285311476,0.1880000000000001,0.1880000000000001,1.195206285311476
0.1890000000000001,0.1890000000000001,1.195133953801573,0.1890000000000001,0.1890000000000001,1.195133953801573
0.1900000000000001,0.1900000000000001,1.195060769506731,0.1900000000000001,0.1900000000000001,1.195060769506731
0.1910000000000001,0.1910000000000001,1.194986726369839,0.1910000000000001,0.1910000000000001,1.194986726369839
0.1920000000000001,0.1920000000000001,1.194911818323074,0.1920000000000001,0.1920000000000001,1.194911818323074
0.1930000000000001,0.1930000000000001,1.194836039287566,0.1930000000000001,0.1930000000000001,1.194836039287566
0.1940000000000001,0.1940000000000001,1.19475938317304,0.1940000000000001,0.1940000000000001,1.19475938317304
0.1950000000000001,0.1950000000000001,1.194681843877458,0.1950000000000001,0.1950000000000001,1.194681843877458
0.1960000000000001,0.1960000000000001,1.194603415286645,0.1960000000000001,0.1960000000000001,1.194603415286645
0.1970000000000001,0.1970000000000001,1.194524091273906,0.1970000000000001,0.1970000000000001,1.194524091273906
0.1980000000000001,0.1980000000000001,1.194443865699626,0.1980000000000001,0.1980000000000001,1.194443865699626
0.1990000000000001,0.1990000000000001,1.194362732410871,0.1990000000000001,0.1990000000000001,1.194362732410871
0.2000000000000001,0.2000000000000001,1.194280685240965,0.2000000000000001,0.2000000000000001,1.194280685240965
0.2010000000000002,0.2010000000000002,1.194197718009069,0.2010000000000002,0.2010000000000002,1.194197718009069
0.2020000000000002,0.2020000000000002,1.194113824519739,0.2020000000000002,0.2020000000000002,1.194113824519739
0.2030000000000002,0.2030000000000002,1.194028998562479,0.2030000000000002,0.2030000000000002,1.194028998562479
0.2040000000000002,0.2040000000000002,1.193943233911283,0.2040000000000002,0.2040000000000002,1.193943233911283
0.2050000000000002,0.2050000000000002,1.193856524324163,0.2050000000000002,0.2050000000000002,1.193856524324163
0.2060000000000002,0.2060000000000002,1.193768863542677,0.2060000000000002,0.2060000000000002,1.193768863542677
0.2070000000000002,0.2070000000000002,1.193680245291429,0.2070000000000002,0.2070000000000002,1.193680245291429
0.2080000000000002,0.2080000000000002,1.193590663277576,0.2080000000000002,0.2080000000000002,1.193590663277576
0.2090000000000002,0.2090000000000002,1.193500111190316,0.2090000000000002,0.2090000000000002,1.193500111190316
0.2100000000000002,0.2100000000000002,1.193408582700366,0.2100000000000002,0.2100000000000002,1.193408582700366
0.2110000000000002,0.2110000000000002,1.19331607145943,0.2110000000000002,0.2110000000000002,1.19331607145943
0.2120000000000002,0.2120000000000002,1.193222571099661,0.2120000000000002,0.2120000000000002,1.193222571099661
0.2130000000000002,0.2130000000000002,1.193128075233105,0.2130000000000002,0.2130000000000002,1.193128075233105
0.2140000000000002,0.2140000000000002,1.193032577451142,0.2140000000000002,0.2140000000000002,1.193032577451142
0.2150000000000002,0.2150000000000002,1.192936071323912,0.2150000000000002,0.2150000000000002,1.192936071323912
0.2160000000000002,0.2160000000000002,1.192838550399732,0.2160000000000002,0.2160000000000002,1.192838550399732
0.2170000000000002,0.2170000000000002,1.192740008204503,0.2170000000000002,0.2170000000000002,1.192740008204503
0.2180000000000002,0.2180000000000002,1.192640438241103,0.2180000000000002,0.2180000000000002,1.192640438241103
0.2190000000000002,0.2190000000000002,1.19253983398878,0.2190000000000002,0.2190000000000002,1.19253983398878
0.2200000000000002,0.2200000000000002,1.192438188902516,0.2200000000000002,0.2200000000000002,1.192438188902516
0.2210000000000002,0.2210000000000002,1.192335496412402,0.2210000000000002,0.2210000000000002,1.192335496412402
0.2220000000000002,0.2220000000000002,1.192231749922983,0.2220000000000002,0.2220000000000002,1.192231749922983
0.2230000000000002,0.2230000000000002,1.192126942812604,0.2230000000000002,0.2230000000000002,1.192126942812604
0.2240000000000002,0.2240000000000002,1.19202106843274,0.2240000000000002,0.2240000000000002,1.19202106843274
0.2250000000000002,0.2250000000000002,1.191914120107318,0.2250000000000002,0.2250000000000002,1.191914120107318
0.2260000000000002,0.2260000000000002,1.191806091132026,0.2260000000000002,0.2260000000000002,1.191806091132026
0.2270000000000002,0.2270000000000002,1.191696974773607,0.2270000000000002,0.2270000000000002,1.191696974773607
0.2280000000000002,0.2280000000000002,1.191586764269152,0.2280000000000002,0.2280000000000002,1.191586764269152
0.2290000000000002,0.2290000000000002,1.191475452825369,0.2290000000000002,0.2290000000000002,1.191475452825369
0.2300000000000002,0.2300000000000002,1.191363033617849,0.2300000000000002,0.2300000000000002,1.191363033617849
0.2310000000000002,0.2310000000000002,1.191249499790316,0.2310000000000002,0.2310000000000002,1.191249499790316
0.2320000000000002,0.2320000000000002,1.191134844453866,0.2320000000000002,0.2320000000000002,1.191134844453866
0.2330000000000002,0.2330000000000002,1.191019060686197,0.2330000000000002,0.2330000000000002,1.191019060686197
0.2340000000000002,0.2340000000000002,1.190902141530821,0.2340000000000002,0.2340000000000002,1.190902141530821
0.2350000000000002,0.2350000000000002,1.190784079996265,0.2350000000000002,0.2350000000000002,1.190784079996265
0.2360000000000002,0.2360000000000002,1.190664869055263,0.2360000000000002,0.2360000000000002,1.190664869055263
0.2370000000000002,0.2370000000000002,1.190544501643934,0.2370000000000002,0.2370000000000002,1.190544501643934
0.2380000000000002,0.2380000000000002,1.190422970660939,0.2380000000000002,0.2380000000000002,1.190422970660939
0.2390000000000002,0.2390000000000002,1.19030026896664,0.2390000000000002,0.2390000000000002,1.19030026896664
0.2400000000000002,0.2400000000000002,1.190176389382227,0.2400000000000002,0.2400000000000002,1.190176389382227
0.2410000000000002,0.2410000000000002,1.190051324688849,0.2410000000000002,0.2410000000000002,1.190051324688849
0.2420000000000002,0.2420000000000002,1.189925067626718,0.2420000000000002,0.2420000000000002,1.189925067626718
0.2430000000000002,0.2430000000000002,1.189797610894204,0.2430000000000002,0.2430000000000002,1.189797610894204
0.2440000000000002,0.2440000000000002,1.189668947146917,0.2440000000000002,0.2440000000000002,1.189668947146917
0.2450000000000002,0.2450000000000002,1.189539068996769,0.2450000000000002,0.2450000000000002,1.189539068996769
0.2460000000000002,0.2460000000000002,1.189407969011027,0.2460000000000002,0.2460000000000002,1.189407969011027
0.2470000000000002,0.2470000000000002,1.189275639711345,0.2470000000000002,0.2470000000000002,1.189275639711345
0.2480000000000002,0.2480000000000002,1.189142073572784,0.2480000000000002,0.2480000000000002,1.189142073572784
0.2490000000000002,0.2490000000000002,1.189007263022817,0.2490000000000002,0.2490000000000002,1.189007263022817
0.2500000000000002,0.2500000000000002,1.18887120044031,0.2500000000000002,0.2500000000000002,1.18887120044031
0.2510000000000002,0.2510000000000002,1.188733878154501,0.2510000000000002,0.2510000000000002,1.188733878154501
0.2520000000000002,0.2520000000000002,1.188595288443944,0.2520000000000002,0.2520000000000002,1.188595288443944
0.2530000000000002,0.2530000000000002,1.18845542353545,0.2530000000000002,0.2530000000000002,1.18845542353545
0.2540000000000002,0.2540000000000002,1.188314275603005,0.2540000000000002,0.2540000000000002,1.188314275603005
0.2550000000000002,0.2550000000000002,1.188171836766669,0.2550000000000002,0.2550000000000002,1.188171836766669
0.2560000000000002,0.2560000000000002,1.188028099091457,0.2560000000000002,0.2560000000000002,1.188028099091457
0.2570000000000002,0.2570000000000002,1.187883054586206,0.2570000000000002,0.2570000000000002,1.187883054586206
0.2580000000000002,0.2580000000000002,1.187736695202414,0.2580000000000002,0.2580000000000002,1.187736695202414
0.2590000000000002,0.2590000000000002,1.187589012833068,0.2590000000000002,0.2590000000000002,1.187589012833068
0.2600000000000002,0.2600000000000002,1.187439999311445,0.2600000000000002,0.2600000000000002,1.187439999311445
0.2610000000000002,0.2610000000000002,1.187289646409902,0.2610000000000002,0.2610000000000002,1.187289646409902
0.2620000000000002,0.2620000000000002,1.18713794583863,0.2620000000000002,0.2620000000000002,1.18713794583863
0.2630000000000002,0.2630000000000002,1.186984889244407,0.2630000000000002,0.2630000000000002,1.186984889244407
0.2640000000000002,0.2640000000000002,1.186830468209306,0.2640000000000002,0.2640000000000002,1.186830468209306
0.2650000000000002,0.2650000000000002,1.186674674249402,0.2650000000000002,0.2650000000000002,1.186674674249402
0.2660000000000002,0.2660000000000002,1.186517498813442,0.2660000000000002,0.2660000000000002,1.186517498813442
0.2670000000000002,0.2670000000000002,1.186358933281501,0.2670000000000002,0.2670000000000002,1.186358933281501
0.2680000000000002,0.2680000000000002,1.186198968963603,0.2680000000000002,0.2680000000000002,1.186198968963603
0.2690000000000002,0.2690000000000002,1.186037597098333,0.2690000000000002,0.2690000000000002,1.186037597098333
0.2700000000000002,0.2700000000000002,1.185874808851408,0.2700000000000002,0.2700000000000002,1.185874808851408
0.2710000000000002,0.2710000000000002,1.185710595314235,0.2710000000000002,0.2710000000000002,1.185710595314235
0.2720000000000002,0.2720000000000002,1.185544947502436,0.2720000000000002,0.2720000000000002,1.185544947502436
0.2730000000000002,0.2730000000000002,1.185377856354352,0.2730000000000002,0.2730000000000002,1.185377856354352
0.2740000000000002,0.2740000000000002,1.185209312729509,0.2740000000000002,0.2740000000000002,1.185209312729509
0.2750000000000002,0.2750000000000002,1.185039307407072,0.2750000000000002,0.2750000000000002,1.185039307407072
0.2760000000000002,0.2760000000000002,1.184867831084255,0.2760000000000002,0.2760000000000002,1.184867831084255
0.2770000000000002,0.2770000000000002,1.184694874374714,0.2770000000000002,0.2770000000000002,1.184694874374714
0.2780000000000002,0.2780000000000002,1.184520427806901,0.2780000000000002,0.2780000000000002,1.184520427806901
0.2790000000000002,0.2790000000000002,1.184344481822393,0.2790000000000002,0.2790000000000002,1.184344481822393
0.2800000000000002,0.2800000000000002,1.184167026774188,0.2800000000000002,0.2800000000000002,1.184167026774188
0.2810000000000002,0.2810000000000002,1.183988052924968,0.2810000000000002,0.2810000000000002,1.183988052924968
0.2820000000000002,0.2820000000000002,1.183807550445331,0.2820000000000002,0.2820000000000002,1.183807550445331
0.2830000000000002,0.2830000000000002,1.183625509411988,0.2830000000000002,0.2830000000000002,1.183625509411988
0.2840000000000002,0.2840000000000002,1.183441919805927,0.2840000000000002,0.2840000000000002,1.183441919805927
0.2850000000000002,0.2850000000000002,1.183256771510539,0.2850000000000002,0.2850000000000002,1.183256771510539
0.2860000000000002,0.2860000000000002,1.183070054309712,0.2860000000000002,0.2860000000000002,1.183070054309712
0.2870000000000002,0.2870000000000002,1.182881757885885,0.2870000000000002,0.2870000000000002,1.182881757885885
0.2880000000000002,0.2880000000000002,1.182691871818065,0.2880000000000002,0.2880000000000002,1.182691871818065
0.2890000000000002,0.2890000000000002,1.182500385579805,0.2890000000000002,0.2890000000000002,1.182500385579805
0.2900000000000002,0.2900000000000002,1.182307288537143,0.2900000000000002,0.2900000000000002,1.182307288537143
0.2910000000000002,0.2910000000000002,1.182112569946501,0.2910000000000002,0.2910000000000002,1.182112569946501
0.2920000000000002,0.2920000000000002,1.181916218952538,0.2920000000000002,0.2920000000000002,1.181916218952538
0.2930000000000002,0.2930000000000002,1.181718224585967,0.2930000000000002,0.2930000000000002,1.181718224585967
0.2940000000000002,0.2940000000000002,1.181518575761321,0.2940000000000002,0.2940000000000002,1.181518575761321
0.2950000000000002,0.2950000000000002,1.181317261274681,0.2950000000000002,0.2950000000000002,1.181317261274681
0.2960000000000002,0.2960000000000002,1.181114269801353,0.2960000000000002,0.2960000000000002,1.181114269801353
0.2970000000000002,0.2970000000000002,1.1809095898935,0.2970000000000002,0.2970000000000002,1.1809095898935
0.2980000000000002,0.2980000000000002,1.180703209977724,0.2980000000000002,0.2980000000000002,1.180703209977724
0.2990000000000002,0.2990000000000002,1.1804951183526,0.2990000000000002,0.2990000000000002,1.1804951183526
0.3000000000000002,0.3000000000000002,1.180285303186157,0.3000000000000002,0.3000000000000002,1.180285303186157
0.3010000000000002,0.3010000000000002,1.180073752513314,0.3010000000000002,0.3010000000000002,1.180073752513314
0.3020000000000002,0.3020000000000002,1.179860454233246,0.3020000000000002,0.3020000000000002,1.179860454233246
0.3030000000000002,0.3030000000000002,1.179645396106718,0.3030000000000002,0.3030000000000002,1.179645396106718
0.3040000000000002,0.3040000000000002,1.179428565753339,0.3040000000000002,0.3040000000000002,1.179428565753339
0.3050000000000002,0.3050000000000002,1.179209950648777,0.3050000000000002,0.3050000000000002,1.179209950648777
0.3060000000000002,0.3060000000000002,1.178989538121905,0.3060000000000002,0.3060000000000002,1.178989538121905
0.3070000000000002,0.3070000000000002,1.178767315351883,0.3070000000000002,0.3070000000000002,1.178767315351883
0.3080000000000002,0.3080000000000002,1.178543269365191,0.3080000000000002,0.3080000000000002,1.178543269365191
0.3090000000000002,0.3090000000000002,1.178317387032581,0.3090000000000002,0.3090000000000002,1.178317387032581
0.3100000000000002,0.3100000000000002,1.178089655065975,0.3100000000000002,0.3100000000000002,1.178089655065975
0.3110000000000002,0.3110000000000002,1.17786006001529,0.3110000000000002,0.3110000000000002,1.17786006001529
0.3120000000000002,0.3120000000000002,1.177628588265194,0.3120000000000002,0.3120000000000002,1.177628588265194
0.3130000000000002,0.3130000000000002,1.177395226031789,0.3130000000000002,0.3130000000000002,1.177395226031789
0.3140000000000002,0.3140000000000002,1.177159959359227,0.3140000000000002,0.3140000000000002,1.177159959359227
0.3150000000000002,0.3150000000000002,1.17692277411624,0.3150000000000002,0.3150000000000002,1.17692277411624
0.3160000000000002,0.3160000000000002,1.1766836559926,0.3160000000000002,0.3160000000000002,1.1766836559926
0.3170000000000002,0.3170000000000002,1.176442590495496,0.3170000000000002,0.3170000000000002,1.176442590495496
0.3180000000000002,0.3180000000000002,1.176199562945833,0.3180000000000002,0.3180000000000002,1.176199562945833
0.3190000000000002,0.3190000000000002,1.175954558474435,0.3190000000000002,0.3190000000000002,1.175954558474435
0.3200000000000002,0.3200000000000002,1.175707562018177,0.3200000000000002,0.3200000000000002,1.175707562018177
0.3210000000000002,0.3210000000000002,1.175458558316016,0.3210000000000002,0.3210000000000002,1.175458558316016
0.3220000000000002,0.3220000000000002,1.175207531904934,0.3220000000000002,0.3220000000000002,1.175207531904934
0.3230000000000002,0.3230000000000002,1.174954467115785,0.3230000000000002,0.3230000000000002,1.174954467115785
0.3240000000000002,0.3240000000000002,1.174699348069046,0.3240000000000002,0.3240000000000002,1.174699348069046
0.3250000000000002,0.3250000000000002,1.174442158670468,0.3250000000000002,0.3250000000000002,1.174442158670468
0.3260000000000002,0.3260000000000002,1.174182882606619,0.3260000000000002,0.3260000000000002,1.174182882606619
0.3270000000000002,0.3270000000000002,1.173921503340327,0.3270000000000002,0.3270000000000002,1.173921503340327
0.3280000000000002,0.3280000000000002,1.173658004106012,0.3280000000000002,0.3280000000000002,1.173658004106012
0.3290000000000002,0.3290000000000002,1.173392367904896,0.3290000000000002,0.3290000000000002,1.173392367904896
0.3300000000000002,0.3300000000000002,1.173124577500114,0.3300000000000002,0.3300000000000002,1.173124577500114
0.3310000000000002,0.3310000000000002,1.172854615411685,0.3310000000000002,0.3310000000000002,1.172854615411685
0.3320000000000002,0.3320000000000002,1.172582463911379,0.3320000000000002,0.3320000000000002,1.172582463911379
0.3330000000000002,0.3330000000000002,1.172308105017438,0.3330000000000002,0.3330000000000002,1.172308105017438
0.3340000000000002,0.3340000000000002,1.172031520489177,0.3340000000000002,0.3340000000000002,1.172031520489177
0.3350000000000002,0.3350000000000002,1.171752691821451,0.3350000000000002,0.3350000000000002,1.171752691821451
0.3360000000000002,0.3360000000000002,1.17147160023897,0.3360000000000002,0.3360000000000002,1.17147160023897
0.3370000000000002,0.3370000000000002,1.171188226690481,0.3370000000000002,0.3370000000000002,1.171188226690481
0.3380000000000002,0.3380000000000002,1.170902551842798,0.3380000000000002,0.3380000000000002,1.170902551842798
0.3390000000000002,0.3390000000000002,1.170614556074673,0.3390000000000002,0.3390000000000002,1.170614556074673
0.3400000000000002,0.3400000000000002,1.170324219470514,0.3400000000000002,0.3400000000000002,1.170324219470514
0.3410000000000002,0.3410000000000002,1.170031521813939,0.3410000000000002,0.3410000000000002,1.170031521813939
0.3420000000000002,0.3420000000000002,1.169736442581152,0.3420000000000002,0.3420000000000002,1.169736442581152
0.3430000000000002,0.3430000000000002,1.169438960934158,0.3430000000000002,0.3430000000000002,1.169438960934158
0.3440000000000003,0.3440000000000003,1.169139055713781,0.3440000000000003,0.3440000000000003,1.169139055713781
0.3450000000000003,0.3450000000000003,1.168836705432508,0.3450000000000003,0.3450000000000003,1.168836705432508
0.3460000000000003,0.3460000000000003,1.168531888267133,0.3460000000000003,0.3460000000000003,1.168531888267133
0.3470000000000003,0.3470000000000003,1.1682245820512,0.3470000000000003,0.3470000000000003,1.1682245820512
0.3480000000000003,0.3480000000000003,1.167914764267245,0.3480000000000003,0.3480000000000003,1.167914764267245
0.3490000000000003,0.3490000000000003,1.167602412038815,0.3490000000000003,0.3490000000000003,1.167602412038815
0.3500000000000003,0.3500000000000003,1.167287502122275,0.3500000000000003,0.3500000000000003,1.167287502122275
0.3510000000000003,0.3510000000000003,1.16697001089838,0.3510000000000003,0.3510000000000003,1.16697001089838
0.3520000000000003,0.3520000000000003,1.166649914363608,0.3520000000000003,0.3520000000000003,1.166649914363608
0.3530000000000003,0.3530000000000003,1.166327188121254,0.3530000000000003,0.3530000000000003,1.166327188121254
0.3540000000000003,0.3540000000000003,1.166001807372265,0.3540000000000003,0.3540000000000003,1.166001807372265
0.3550000000000003,0.3550000000000003,1.165673746905808,0.3550000000000003,0.3550000000000003,1.165673746905808
0.3560000000000003,0.3560000000000003,1.165342981089576,0.3560000000000003,0.3560000000000003,1.165342981089576
0.3570000000000003,0.3570000000000003,1.165009483859796,0.3570000000000003,0.3570000000000003,1.165009483859796
0.3580000000000003,0.3580000000000003,1.164673228710959,0.3580000000000003,0.3580000000000003,1.164673228710959
0.3590000000000003,0.3590000000000003,1.164334188685234,0.3590000000000003,0.3590000000000003,1.164334188685234
0.3600000000000003,0.3600000000000003,1.163992336361574,0.3600000000000003,0.3600000000000003,1.163992336361574
0.3610000000000003,0.3610000000000003,1.163647643844491,0.3610000000000003,0.3610000000000003,1.163647643844491
0.3620000000000003,0.3620000000000003,1.163300082752496,0.3620000000000003,0.3620000000000003,1.163300082752496
0.3630000000000003,0.3630000000000003,1.162949624206183,0.3630000000000003,0.3630000000000003,1.162949624206183
0.3640000000000003,0.3640000000000003,1.162596238815952,0.3640000000000003,0.3640000000000003,1.162596238815952
0.3650000000000003,0.3650000000000003,1.162239896669351,0.3650000000000003,0.3650000000000003,1.162239896669351
0.3660000000000003,0.3660000000000003,1.161880567318025,0.3660000000000003,0.3660000000000003,1.161880567318025
0.3670000000000003,0.3670000000000003,1.161518219764259,0.3670000000000003,0.3670000000000003,1.161518219764259
0.3680000000000003,0.3680000000000003,1.161152822447096,0.3680000000000003,0.3680000000000003,1.161152822447096
0.3690000000000003,0.3690000000000003,1.160784343228016,0.3690000000000003,0.3690000000000003,1.160784343228016
0.3700000000000003,0.3700000000000003,1.160412749376157,0.3700000000000003,0.3700000000000003,1.160412749376157
0.3710000000000003,0.3710000000000003,1.160038007553061,0.3710000000000003,0.3710000000000003,1.160038007553061
0.3720000000000003,0.3720000000000003,1.159660083796931,0.3720000000000003,0.3720000000000003,1.159660083796931
0.3730000000000003,0.3730000000000003,1.159278943506373,0.3730000000000003,0.3730000000000003,1.159278943506373
0.3740000000000003,0.3740000000000003,1.158894551423604,0.3740000000000003,0.3740000000000003,1.158894551423604
0.3750000000000003,0.3750000000000003,1.15850687161711,0.3750000000000003,0.3750000000000003,1.15850687161711
0.3760000000000003,0.3760000000000003,1.158115867463729,0.3760000000000003,0.3760000000000003,1.158115867463729
0.3770000000000003,0.3770000000000003,1.157721501630131,0.3770000000000003,0.3770000000000003,1.157721501630131
0.3780000000000003,0.3780000000000003,1.157323736053687,0.3780000000000003,0.3780000000000003,1.157323736053687
0.3790000000000003,0.3790000000000003,1.156922531922679,0.3790000000000003,0.3790000000000003,1.156922531922679
0.3800000000000003,0.3800000000000003,1.156517849655846,0.3800000000000003,0.3800000000000003,1.156517849655846
0.3810000000000003,0.3810000000000003,1.156109648881232,0.3810000000000003,0.3810000000000003,1.156109648881232
0.3820000000000003,0.3820000000000003,1.155697888414296,0.3820000000000003,0.3820000000000003,1.155697888414296
0.3830000000000003,0.3830000000000003,1.155282526235279,0.3830000000000003,0.3830000000000003,1.155282526235279
0.3840000000000003,0.3840000000000003,1.154863519465775,0.3840000000000003,0.3840000000000003,1.154863519465775
0.3850000000000003,0.3850000000000003,1.154440824344483,0.3850000000000003,0.3850000000000003,1.154440824344483
0.3860000000000003,0.3860000000000003,1.154014396202111,0.3860000000000003,0.3860000000000003,1.154014396202111
0.3870000000000003,0.3870000000000003,1.153584189435384,0.3870000000000003,0.3870000000000003,1.153584189435384
0.3880000000000003,0.3880000000000003,1.153150157480139,0.3880000000000003,0.3880000000000003,1.153150157480139
0.3890000000000003,0.3890000000000003,1.152712252783447,0.3890000000000003,0.3890000000000003,1.152712252783447
0.3900000000000003,0.3900000000000003,1.152270426774741,0.3900000000000003,0.3900000000000003,1.152270426774741
0.3910000000000003,0.3910000000000003,1.151824629835895,0.3910000000000003,0.3910000000000003,1.151824629835895
0.3920000000000003,0.3920000000000003,1.151374811270222,0.3920000000000003,0.3920000000000003,1.151374811270222
0.3930000000000003,0.3930000000000003,1.150920919270337,0.3930000000000003,0.3930000000000003,1.150920919270337
0.3940000000000003,0.3940000000000003,1.150462900884839,0.3940000000000003,0.3940000000000003,1.150462900884839
0.3950000000000003,0.3950000000000003,1.150000701983773,0.3950000000000003,0.3950000000000003,1.150000701983773
0.3960000000000003,0.3960000000000003,1.149534267222801,0.3960000000000003,0.3960000000000003,1.149534267222801
0.3970000000000003,0.3970000000000003,1.149063540006048,0.3970000000000003,0.3970000000000003,1.149063540006048
0.3980000000000003,0.3980000000000003,1.148588462447559,0.3980000000000003,0.3980000000000003,1.148588462447559
0.3990000000000003,0.3990000000000003,1.148108975331293,0.3990000000000003,0.3990000000000003,1.148108975331293
0.4000000000000003,0.4000000000000003,1.14762501806963,0.4000000000000003,0.4000000000000003,1.14762501806963
0.4010000000000003,0.4010000000000003,1.14713652866028,0.4010000000000003,0.4010000000000003,1.14713652866028
0.4020000000000003,0.4020000000000003,1.146643443641564,0.4020000000000003,0.4020000000000003,1.146643443641564
0.4030000000000003,0.4030000000000003,1.146145698045979,0.4030000000000003,0.4030000000000003,1.146145698045979
0.4040000000000003,0.4040000000000003,1.145643225351974,0.4040000000000003,0.4040000000000003,1.145643225351974
0.4050000000000003,0.4050000000000003,1.145135957433865,0.4050000000000003,0.4050000000000003,1.145135957433865
0.4060000000000003,0.4060000000000003,1.1446238245098,0.4060000000000003,0.4060000000000003,1.1446238245098
0.4070000000000003,0.4070000000000003,1.144106755087702,0.4070000000000003,0.4070000000000003,1.144106755087702
0.4080000000000003,0.4080000000000003,1.143584675909086,0.4080000000000003,0.4080000000000003,1.143584675909086
0.4090000000000003,0.4090000000000003,1.143057511890665,0.4090000000000003,0.4090000000000003,1.143057511890665
0.4100000000000003,0.4100000000000003,1.142525186063651,0.4100000000000003,0.4100000000000003,1.142525186063651
0.4110000000000003,0.4110000000000003,1.141987619510638,0.4110000000000003,0.4110000000000003,1.141987619510638
0.4120000000000003,0.4120000000000003,1.141444731299961,0.4120000000000003,0.4120000000000003,1.141444731299961
0.4130000000000003,0.4130000000000003,1.140896438417434,0.4130000000000003,0.4130000000000003,1.140896438417434
0.4140000000000003,0.4140000000000003,1.140342655695322,0.4140000000000003,0.4140000000000003,1.140342655695322
0.4150000000000003,0.4150000000000003,1.139783295738441,0.4150000000000003,0.4150000000000003,1.139783295738441
0.4160000000000003,0.4160000000000003,1.139218268847249,0.4160000000000003,0.4160000000000003,1.139218268847249
0.4170000000000003,0.4170000000000003,1.138647482937789,0.4170000000000003,0.4170000000000003,1.138647482937789
0.4180000000000003,0.4180000000000003,1.138070843458341,0.4180000000000003,0.4180000000000003,1.138070843458341
0.4190000000000003,0.4190000000000003,1.137488253302623,0.4190000000000003,0.4190000000000003,1.137488253302623
0.4200000000000003,0.4200000000000003,1.136899612719396,0.4200000000000003,0.4200000000000003,1.136899612719396
0.4210000000000003,0.4210000000000003,1.136304819218278,0.4210000000000003,0.4210000000000003,1.136304819218278
0.4220000000000003,0.4220000000000003,1.135703767471617,0.4220000000000003,0.4220000000000003,1.135703767471617
0.4230000000000003,0.4230000000000003,1.135096349212212,0.4230000000000003,0.4230000000000003,1.135096349212212
0.4240000000000003,0.4240000000000003,1.134482453126689,0.4240000000000003,0.4240000000000003,1.134482453126689
0.4250000000000003,0.4250000000000003,1.133861964744335,0.4250000000000003,0.4250000000000003,1.133861964744335
0.4260000000000003,0.4260000000000003,1.133234766321146,0.4260000000000003,0.4260000000000003,1.133234766321146
0.4270000000000003,0.4270000000000003,1.132600736718874,0.4270000000000003,0.4270000000000003,1.132600736718874
0.4280000000000003,0.4280000000000003,1.131959751278814,0.4280000000000003,0.4280000000000003,1.131959751278814
0.4290000000000003,0.4290000000000003,1.131311681690084,0.4290000000000003,0.4290000000000003,1.131311681690084
0.4300000000000003,0.4300000000000003,1.130656395852093,0.4300000000000003,0.4300000000000003,1.130656395852093
0.4310000000000003,0.4310000000000003,1.129993757730949,0.4310000000000003,0.4310000000000003,1.129993757730949
0.4320000000000003,0.4320000000000003,1.129323627209449,0.4320000000000003,0.4320000000000003,1.129323627209449
0.4330000000000003,0.4330000000000003,1.128645859930365,0.4330000000000003,0.4330000000000003,1.128645859930365
0.4340000000000003,0.4340000000000003,1.127960307132652,0.4340000000000003,0.4340000000000003,1.127960307132652
0.4350000000000003,0.4350000000000003,1.127266815480225,0.4350000000000003,0.4350000000000003,1.127266815480225
0.4360000000000003,0.4360000000000003,1.126565226882913,0.4360000000000003,0.4360000000000003,1.126565226882913
0.4370000000000003,0.4370000000000003,1.125855378309173,0.4370000000000003,0.4370000000000003,1.125855378309173
0.4380000000000003,0.4380000000000003,1.125137101590131,0.4380000000000003,0.4380000000000003,1.125137101590131
0.4390000000000003,0.4390000000000003,1.124410223214495,0.4390000000000003,0.4390000000000003,1.124410223214495
0.4400000000000003,0.4400000000000003,1.123674564113819,0.4400000000000003,0.4400000000000003,1.123674564113819
0.4410000000000003,0.4410000000000003,1.122929939437642,0.4410000000000003,0.4410000000000003,1.122929939437642
0.4420000000000003,0.4420000000000003,1.122176158317895,0.4420000000000003,0.4420000000000003,1.122176158317895
0.4430000000000003,0.4430000000000003,1.121413023622033,0.4430000000000003,0.4430000000000003,1.121413023622033
0.4440000000000003,0.4440000000000003,1.120640331694239,0.4440000000000003,0.4440000000000003,1.120640331694239
0.4450000000000003,0.4450000000000003,1.11985787208404,0.4450000000000003,0.4450000000000003,1.11985787208404
0.4460000000000003,0.4460000000000003,1.119065427261642,0.4460000000000003,0.4460000000000003,1.119065427261642
0.4470000000000003,0.4470000000000003,1.118262772319216,0.4470000000000003,0.4470000000000003,1.118262772319216
0.4480000000000003,0.4480000000000003,1.117449674657346,0.4480000000000003,0.4480000000000003,1.117449674657346
0.4490000000000003,0.4490000000000003,1.116625893655789,0.4490000000000003,0.4490000000000003,1.116625893655789
0.4500000000000003,0.4500000000000003,1.115791180327646,0.4500000000000003,0.4500000000000003,1.115791180327646
0.4510000000000003,0.4510000000000003,1.114945276955975,0.4510000000000003,0.4510000000000003,1.114945276955975
0.4520000000000003,0.4520000000000003,1.114087916711836,0.4520000000000003,0.4520000000000003,1.114087916711836
0.4530000000000003,0.4530000000000003,1.113218823252665,0.4530000000000003,0.4530000000000003,1.113218823252665
0.4540000000000003,0.4540000000000003,1.11233771029984,0.4540000000000003,0.4540000000000003,1.11233771029984
0.4550000000000003,0.4550000000000003,1.111444281194179,0.4550000000000003,0.4550000000000003,1.111444281194179
0.4560000000000003,0.4560000000000003,1.110538228428091,0.4560000000000003,0.4560000000000003,1.110538228428091
0.4570000000000004,0.4570000000000004,1.109619233152949,0.4570000000000004,0.4570000000000004,1.109619233152949
0.4580000000000004,0.4580000000000004,1.108686964660227,0.4580000000000004,0.4580000000000004,1.108686964660227
0.4590000000000004,0.4590000000000004,1.107741079834804,0.4590000000000004,0.4590000000000004,1.107741079834804
0.4600000000000004,0.4600000000000004,1.106781222578753,0.4600000000000004,0.4600000000000004,1.106781222578753
0.4610000000000004,0.4610000000000004,1.105807023203822,0.4610000000000004,0.4610000000000004,1.105807023203822
0.4620000000000004,0.4620000000000004,1.104818097790705,0.4620000000000004,0.4620000000000004,1.104818097790705
0.4630000000000004,0.4630000000000004,1.103814047513069,0.4630000000000004,0.4630000000000004,1.103814047513069
0.4640000000000004,0.4640000000000004,1.102794457924177,0.4640000000000004,0.4640000000000004,1.102794457924177
0.4650000000000004,0.4650000000000004,1.101758898203822,0.4650000000000004,0.4650000000000004,1.101758898203822
0.4660000000000004,0.4660000000000004,1.100706920363131,0.4660000000000004,0.4660000000000004,1.100706920363131
0.4670000000000004,0.4670000000000004,1.099638058404642,0.4670000000000004,0.4670000000000004,1.099638058404642
0.4680000000000004,0.4680000000000004,1.098551827434934,0.4680000000000004,0.4680000000000004,1.098551827434934
0.4690000000000004,0.4690000000000004,1.097447722726854,0.4690000000000004,0.4690000000000004,1.097447722726854
0.4700000000000004,0.4700000000000004,1.096325218728318,0.4700000000000004,0.4700000000000004,1.096325218728318
0.4710000000000004,0.4710000000000004,1.095183768014362,0.4710000000000004,0.4710000000000004,1.095183768014362
0.4720000000000004,0.4720000000000004,1.094022800179044,0.4720000000000004,0.4720000000000004,1.094022800179044
0.4730000000000004,0.4730000000000004,1.092841720663535,0.4730000000000004,0.4730000000000004,1.092841720663535
0.4740000000000004,0.4740000000000004,1.091639909516587,0.4740000000000004,0.4740000000000004,1.091639909516587
0.4750000000000004,0.4750000000000004,1.090416720083354,0.4750000000000004,0.4750000000000004,1.090416720083354
0.4760000000000004,0.4760000000000004,1.089171477618362,0.4760000000000004,0.4760000000000004,1.089171477618362
0.4770000000000004,0.4770000000000004,1.087903477818238,0.4770000000000004,0.4770000000000004,1.087903477818238
0.4780000000000004,0.4780000000000004,1.086611985269631,0.4780000000000004,0.4780000000000004,1.086611985269631
0.4790000000000004,0.4790000000000004,1.0852962318076,0.4790000000000004,0.4790000000000004,1.0852962318076
0.4800000000000004,0.4800000000000004,1.083955414779617,0.4800000000000004,0.4800000000000004,1.083955414779617
0.4810000000000004,0.4810000000000004,1.082588695210221,0.4810000000000004,0.4810000000000004,1.082588695210221
0.4820000000000004,0.4820000000000004,1.081195195861303,0.4820000000000004,0.4820000000000004,1.081195195861303
0.4830000000000004,0.4830000000000004,1.079773999183,0.4830000000000004,0.4830000000000004,1.079773999183
0.4840000000000004,0.4840000000000004,1.078324145150255,0.4840000000000004,0.4840000000000004,1.078324145150255
0.4850000000000004,0.4850000000000004,1.076844628980255,0.4850000000000004,0.4850000000000004,1.076844628980255
0.4860000000000004,0.4860000000000004,1.075334398726269,0.4860000000000004,0.4860000000000004,1.075334398726269
0.4870000000000004,0.4870000000000004,1.073792352743852,0.4870000000000004,0.4870000000000004,1.073792352743852
0.4880000000000004,0.4880000000000004,1.072217337026009,0.4880000000000004,0.4880000000000004,1.072217337026009
0.4890000000000004,0.4890000000000004,1.070608142404853,0.4890000000000004,0.4890000000000004,1.070608142404853
0.4900000000000004,0.4900000000000004,1.068963501618413,0.4900000000000004,0.4900000000000004,1.068963501618413
0.4910000000000004,0.4910000000000004,1.067282086242916,0.4910000000000004,0.4910000000000004,1.067282086242916
0.4920000000000004,0.4920000000000004,1.065562503492857,0.4920000000000004,0.4920000000000004,1.065562503492857
0.4930000000000004,0.4930000000000004,1.06380329289383,0.4930000000000004,0.4930000000000004,1.06380329289383
0.4940000000000004,0.4940000000000004,1.062002922836463,0.4940000000000004,0.4940000000000004,1.062002922836463
0.4950000000000004,0.4950000000000004,1.060159787024038,0.4950000000000004,0.4950000000000004,1.060159787024038
0.4960000000000004,0.4960000000000004,1.05827220083168,0.4960000000000004,0.4960000000000004,1.05827220083168
0.4970000000000004,0.4970000000000004,1.056338397601726,0.4970000000000004,0.4970000000000004,1.056338397601726
0.4980000000000004,0.4980000000000004,1.054356524908084,0.4980000000000004,0.4980000000000004,1.054356524908084
0.4990000000000004,0.4990000000000004,1.052324640832734,0.4990000000000004,0.4990000000000004,1.052324640832734
0.5000000000000003,0.5000000000000003,1.050240710310126,0.5000000000000003,0.5000000000000003,1.050240710310126
0.5010000000000003,0.5010000000000003,1.048102601610815,0.5010000000000003,0.5010000000000003,1.048102601610815
0.5020000000000003,0.5020000000000003,1.045908083054735,0.5020000000000003,0.5020000000000003,1.045908083054735
0.5030000000000003,0.5030000000000003,1.043654820067768,0.5030000000000003,0.5030000000000003,1.043654820067768
0.5040000000000003,0.5040000000000003,1.041340372723489,0.5040000000000003,0.5040000000000003,1.041340372723489
0.5050000000000003,0.5050000000000003,1.038962193946193,0.5050000000000003,0.5050000000000003,1.038962193946193
0.5060000000000003,0.5060000000000003,1.036517628592359,0.5060000000000003,0.5060000000000003,1.036517628592359
0.5070000000000003,0.5070000000000003,1.034003913676895,0.5070000000000003,0.5070000000000003,1.034003913676895
0.5080000000000003,0.5080000000000003,1.031418180068879,0.5080000000000003,0.5080000000000003,1.031418180068879
0.5090000000000003,0.5090000000000003,1.028757456050131,0.5090000000000003,0.5090000000000003,1.028757456050131
0.5100000000000003,0.5100000000000003,1.026018673209885,0.5100000000000003,0.5100000000000003,1.026018673209885
0.5110000000000003,0.5110000000000003,1.02319867524051,0.5110000000000003,0.5110000000000003,1.02319867524051
0.5120000000000003,0.5120000000000003,1.020294230302606,0.5120000000000003,0.5120000000000003,1.020294230302606
0.5130000000000003,0.5130000000000003,1.01730204774152,0.5130000000000003,0.5130000000000003,1.01730204774152
0.5140000000000003,0.5140000000000003,1.014218800058396,0.5140000000000003,0.5140000000000003,1.014218800058396
0.5150000000000003,0.5150000000000003,1.011041151161594,0.5150000000000003,0.5150000000000003,1.011041151161594
0.5160000000000003,0.5160000000000003,1.007765792039239,0.5160000000000003,0.5160000000000003,1.007765792039239
0.5170000000000003,0.5170000000000003,1.004389485086274,0.5170000000000003,0.5170000000000003,1.004389485086274
0.5180000000000003,0.5180000000000003,1.000909118368674,0.5180000000000003,0.5180000000000003,1.000909118368674
0.5190000000000003,0.5190000000000003,0.9973217710838601,0.5190000000000003,0.5190000000000003,0.9973217710838601
0.5200000000000004,0.5200000000000004,0.9936247913413691,0.5200000000000004,0.5200000000000004,0.9936247913413691
0.5210000000000004,0.5210000000000004,0.9898158870928415,0.5210000000000004,0.5210000000000004,0.9898158870928415
0.5220000000000004,0.5220000000000004,0.9858932305293904,0.5220000000000004,0.5220000000000004,0.9858932305293904
0.5230000000000004,0.5230000000000004,0.9818555754777493,0.5230000000000004,0.5230000000000004,0.9818555754777493
0.5240000000000004,0.5240000000000004,0.9777023862122814,0.5240000000000004,0.5240000000000004,0.9777023862122814
0.5250000000000004,0.5250000000000004,0.9734339746278929,0.5250000000000004,0.5250000000000004,0.9734339746278929
0.5260000000000004,0.5260000000000004,0.9690516409055664,0.5260000000000004,0.5260000000000004,0.9690516409055664
0.5270000000000004,0.5270000000000004,0.9645578107369214,0.5270000000000004,0.5270000000000004,0.9645578107369214
0.5280000000000004,0.5280000000000004,0.9599561600477892,0.5280000000000004,0.5280000000000004,0.9599561600477892
0.5290000000000004,0.5290000000000004,0.9552517162824694,0.5290000000000004,0.5290000000000004,0.9552517162824694
0.5300000000000004,0.5300000000000004,0.9504509241002879,0.5300000000000004,0.5300000000000004,0.9504509241002879
0.5310000000000004,0.5310000000000004,0.9455616632769606,0.5310000000000004,0.5310000000000004,0.9455616632769606
0.5320000000000004,0.5320000000000004,0.9405932081425679,0.5320000000000004,0.5320000000000004,0.9405932081425679
0.5330000000000004,0.5330000000000004,0.935556121296255,0.5330000000000004,0.5330000000000004,0.935556121296255
0.5340000000000004,0.5340000000000004,0.9304620795588541,0.5340000000000004,0.5340000000000004,0.9304620795588541
0.5350000000000004,0.5350000000000004,0.9253236366694094,0.5350000000000004,0.5350000000000004,0.9253236366694094
0.5360000000000004,0.5360000000000004,0.9201539341832486,0.5360000000000004,0.5360000000000004,0.9201539341832486
0.5370000000000004,0.5370000000000004,0.9149663781944363,0.5370000000000004,0.5370000000000004,0.9149663781944363
0.5380000000000004,0.5380000000000004,0.9097743036972642,0.5380000000000004,0.5380000000000004,0.9097743036972642
0.5390000000000004,0.5390000000000004,0.9045906497670088,0.5390000000000004,0.5390000000000004,0.9045906497670088
0.5400000000000004,0.5400000000000004,0.8994276670158482,0.5400000000000004,0.5400000000000004,0.8994276670158482
0.5410000000000004,0.5410000000000004,0.8942966743674211,0.5410000000000004,0.5410000000000004,0.8942966743674211
0.5420000000000004,0.5420000000000004,0.8892078760290403,0.5420000000000004,0.5420000000000004,0.8892078760290403
0.5430000000000004,0.5430000000000004,0.8841702428122632,0.5430000000000004,0.5430000000000004,0.8841702428122632
0.5440000000000004,0.5440000000000004,0.8791914557799345,0.5440000000000004,0.5440000000000004,0.8791914557799345
0.5450000000000004,0.5450000000000004,0.8742779053869458,0.5450000000000004,0.5450000000000004,0.8742779053869458
0.5460000000000004,0.5460000000000004,0.8694347362164169,0.5460000000000004,0.5460000000000004,0.8694347362164169
0.5470000000000004,0.5470000000000004,0.8646659260811199,0.5470000000000004,0.5470000000000004,0.8646659260811199
0.5480000000000004,0.5480000000000004,0.8599743883749005,0.5480000000000004,0.5480000000000004,0.8599743883749005
0.5490000000000004,0.5490000000000004,0.8553620876502469,0.5490000000000004,0.5490000000000004,0.8553620876502469
0.5500000000000004,0.5500000000000004,0.8508301602188005,0.5500000000000004,0.5500000000000004,0.8508301602188005
0.5510000000000004,0.5510000000000004,0.8463790332362919,0.5510000000000004,0.5510000000000004,0.8463790332362919
0.5520000000000004,0.5520000000000004,0.8420085378730481,0.5520000000000004,0.5520000000000004,0.8420085378730481
0.5530000000000004,0.5530000000000004,0.837718013545544,0.5530000000000004,0.5530000000000004,0.837718013545544
0.5540000000000004,0.5540000000000004,0.8335064016178297,0.5540000000000004,0.5540000000000004,0.8335064016178297
0.5550000000000004,0.5550000000000004,0.8293723279484702,0.5550000000000004,0.5550000000000004,0.8293723279484702
0.5560000000000004,0.5560000000000004,0.82531417437819,0.5560000000000004,0.5560000000000004,0.82531417437819
0.5570000000000004,0.5570000000000004,0.8213301397280713,0.5570000000000004,0.5570000000000004,0.8213301397280713
0.5580000000000004,0.5580000000000004,0.8174182911630632,0.5580000000000004,0.5580000000000004,0.8174182911630632
0.5590000000000004,0.5590000000000004,0.8135766069190076,0.5590000000000004,0.5590000000000004,0.8135766069190076
0.5600000000000004,0.5600000000000004,0.8098030114348092,0.5600000000000004,0.5600000000000004,0.8098030114348092
0.5610000000000004,0.5610000000000004,0.8060954039082984,0.5610000000000004,0.5610000000000004,0.8060954039082984
0.5620000000000004,0.5620000000000004,0.8024516812300527,0.5620000000000004,0.5620000000000004,0.8024516812300527
0.5630000000000004,0.5630000000000004,0.7988697561627893,0.5630000000000004,0.5630000000000004,0.7988697561627893
0.5640000000000004,0.5640000000000004,0.795347571537576,0.5640000000000004,0.5640000000000004,0.795347571537576
0.5650000000000004,0.5650000000000004,0.7918831111408511,0.5650000000000004,0.5650000000000004,0.7918831111408511
0.5660000000000004,0.5660000000000004,0.788474407873189,0.5660000000000004,0.5660000000000004,0.788474407873189
0.5670000000000004,0.5670000000000004,0.7851195496751732,0.5670000000000004,0.5670000000000004,0.7851195496751732
0.5680000000000004,0.5680000000000004,0.7818166836389128,0.5680000000000004,0.5680000000000004,0.7818166836389128
0.5690000000000004,0.5690000000000004,0.7785640186561708,0.5690000000000004,0.5690000000000004,0.7785640186561708
0.5700000000000004,0.5700000000000004,0.7753598268954772,0.5700000000000004,0.5700000000000004,0.7753598268954772
0.5710000000000004,0.5710000000000004,0.7722024443504851,0.5710000000000004,0.5710000000000004,0.7722024443504851
0.5720000000000004,0.5720000000000004,0.769090270659111,0.5720000000000004,0.5720000000000004,0.769090270659111
0.5730000000000004,0.5730000000000004,0.7660217683572234,0.5730000000000004,0.5730000000000004,0.7660217683572234
0.5740000000000004,0.5740000000000004,0.7629954617004909,0.5740000000000004,0.5740000000000004,0.7629954617004909
0.5750000000000004,0.5750000000000004,0.7600099351630384,0.5750000000000004,0.5750000000000004,0.7600099351630384
0.5760000000000004,0.5760000000000004,0.7570638317007115,0.5760000000000004,0.5760000000000004,0.7570638317007115
0.5770000000000004,0.5770000000000004,0.7541558508496883,0.5770000000000004,0.5770000000000004,0.7541558508496883
0.5780000000000004,0.5780000000000004,0.7512847467169794,0.5780000000000004,0.5780000000000004,0.7512847467169794
0.5790000000000004,0.5790000000000004,0.7484493259078012,0.5790000000000004,0.5790000000000004,0.7484493259078012
0.5800000000000004,0.5800000000000004,0.7456484454253167,0.5800000000000004,0.5800000000000004,0.7456484454253167
0.5810000000000004,0.5810000000000004,0.742881010570507,0.5810000000000004,0.5810000000000004,0.742881010570507
0.5820000000000004,0.5820000000000004,0.7401459728636195,0.5820000000000004,0.5820000000000004,0.7401459728636195
0.5830000000000004,0.5830000000000004,0.7374423280035736,0.5830000000000004,0.5830000000000004,0.7374423280035736
0.5840000000000004,0.5840000000000004,0.7347691138775354,0.5840000000000004,0.5840000000000004,0.7347691138775354
0.5850000000000004,0.5850000000000004,0.7321254086295835,0.5850000000000004,0.5850000000000004,0.7321254086295835
0.5860000000000004,0.5860000000000004,0.7295103287947213,0.5860000000000004,0.5860000000000004,0.7295103287947213
0.5870000000000004,0.5870000000000004,0.7269230275023359,0.5870000000000004,0.5870000000000004,0.7269230275023359
0.5880000000000004,0.5880000000000004,0.7243626927515691,0.5880000000000004,0.5880000000000004,0.7243626927515691
0.5890000000000004,0.5890000000000004,0.7218285457596836,0.5890000000000004,0.5890000000000004,0.7218285457596836
0.5900000000000004,0.5900000000000004,0.7193198393835171,0.5900000000000004,0.5900000000000004,0.7193198393835171
0.5910000000000004,0.5910000000000004,0.7168358566132924,0.5910000000000004,0.5910000000000004,0.7168358566132924
0.5920000000000004,0.5920000000000004,0.7143759091374351,0.5920000000000004,0.5920000000000004,0.7143759091374351
0.5930000000000004,0.5930000000000004,0.7119393359766309,0.5930000000000004,0.5930000000000004,0.7119393359766309
0.5940000000000004,0.5940000000000004,0.7095255021849742,0.5940000000000004,0.5940000000000004,0.7095255021849742
0.5950000000000004,0.5950000000000004,0.707133797615871,0.5950000000000004,0.5950000000000004,0.707133797615871
0.5960000000000004,0.5960000000000004,0.7047636357501896,0.5960000000000004,0.5960000000000004,0.7047636357501896
0.5970000000000004,0.5970000000000004,0.702414452584048,0.5970000000000004,0.5970000000000004,0.702414452584048
0.5980000000000004,0.5980000000000004,0.7000857055736139,0.5980000000000004,0.5980000000000004,0.7000857055736139
0.5990000000000004,0.5990000000000004,0.6977768726342746,0.5990000000000004,0.5990000000000004,0.6977768726342746
0.6000000000000004,0.6000000000000004,0.6954874511915621,0.6000000000000004,0.6000000000000004,0.6954874511915621
0.6010000000000004,0.6010000000000004,0.6932169572812739,0.6010000000000004,0.6010000000000004,0.6932169572812739
0.6020000000000004,0.6020000000000004,0.6909649246962959,0.6020000000000004,0.6020000000000004,0.6909649246962959
0.6030000000000004,0.6030000000000004,0.6887309041777105,0.6030000000000004,0.6030000000000004,0.6887309041777105
0.6040000000000004,0.6040000000000004,0.6865144626478672,0.6040000000000004,0.6040000000000004,0.6865144626478672
0.6050000000000004,0.6050000000000004,0.6843151824831689,0.6050000000000004,0.6050000000000004,0.6843151824831689
0.6060000000000004,0.6060000000000004,0.6821326608244577,0.6060000000000004,0.6060000000000004,0.6821326608244577
0.6070000000000004,0.6070000000000004,0.679966508922944,0.6070000000000004,0.6070000000000004,0.679966508922944
0.6080000000000004,0.6080000000000004,0.6778163515197401,0.6080000000000004,0.6080000000000004,0.6778163515197401
0.6090000000000004,0.6090000000000004,0.6756818262571612,0.6090000000000004,0.6090000000000004,0.6756818262571612
0.6100000000000004,0.6100000000000004,0.673562583120043,0.6100000000000004,0.6100000000000004,0.673562583120043
0.6110000000000004,0.6110000000000004,0.6714582839054061,0.6110000000000004,0.6110000000000004,0.6714582839054061
0.6120000000000004,0.6120000000000004,0.6693686017189202,0.6120000000000004,0.6120000000000004,0.6693686017189202
0.6130000000000004,0.6130000000000004,0.6672932204966711,0.6130000000000004,0.6130000000000004,0.6672932204966711
0.6140000000000004,0.6140000000000004,0.6652318345508317,0.6140000000000004,0.6140000000000004,0.6652318345508317
0.6150000000000004,0.6150000000000004,0.6631841481379271,0.6150000000000004,0.6150000000000004,0.6631841481379271
0.6160000000000004,0.6160000000000004,0.66114987504843,0.6160000000000004,0.6160000000000004,0.66114987504843
0.6170000000000004,0.6170000000000004,0.6591287382165388,0.6170000000000004,0.6170000000000004,0.6591287382165388
0.6180000000000004,0.6180000000000004,0.6571204693489991,0.6180000000000004,0.6180000000000004,0.6571204693489991
0.6190000000000004,0.6190000000000004,0.6551248085719602,0.6190000000000004,0.6190000000000004,0.6551248085719602
0.6200000000000004,0.6200000000000004,0.6531415040948658,0.6200000000000004,0.6200000000000004,0.6531415040948658
0.6210000000000004,0.6210000000000004,0.6511703118904815,0.6210000000000004,0.6210000000000004,0.6511703118904815
0.6220000000000004,0.6220000000000004,0.6492109953902127,0.6220000000000004,0.6220000000000004,0.6492109953902127
0.6230000000000004,0.6230000000000004,0.6472633251939452,0.6230000000000004,0.6230000000000004,0.6472633251939452
0.6240000000000004,0.6240000000000004,0.6453270787938068,0.6240000000000004,0.6240000000000004,0.6453270787938068
0.6250000000000004,0.6250000000000004,0.64340204031142,0.6250000000000004,0.6250000000000004,0.64340204031142
0.6260000000000004,0.6260000000000004,0.6414880002484521,0.6260000000000004,0.6260000000000004,0.6414880002484521
0.6270000000000004,0.6270000000000004,0.6395847552497196,0.6270000000000004,0.6270000000000004,0.6395847552497196
0.6280000000000004,0.6280000000000004,0.6376921078751756,0.6280000000000004,0.6280000000000004,0.6376921078751756
0.6290000000000004,0.6290000000000004,0.6358098663753662,0.6290000000000004,0.6290000000000004,0.6358098663753662
0.6300000000000004,0.6300000000000004,0.6339378444735623,0.6300000000000004,0.6300000000000004,0.6339378444735623
0.6310000000000004,0.6310000000000004,0.6320758611636086,0.6310000000000004,0.6310000000000004,0.6320758611636086
0.6320000000000005,0.6320000000000005,0.630223740522614,0.6320000000000005,0.6320000000000005,0.630223740522614
0.6330000000000005,0.6330000000000005,0.6283813115329981,0.6330000000000005,0.6330000000000005,0.6283813115329981
0.6340000000000005,0.6340000000000005,0.6265484079121243,0.6340000000000005,0.6340000000000005,0.6265484079121243
0.6350000000000005,0.6350000000000005,0.6247248679493566,0.6350000000000005,0.6350000000000005,0.6247248679493566
0.6360000000000005,0.6360000000000005,0.6229105343479332,0.6360000000000005,0.6360000000000005,0.6229105343479332
0.6370000000000005,0.6370000000000005,0.6211052540672591,0.6370000000000005,0.6370000000000005,0.6211052540672591
0.6380000000000005,0.6380000000000005,0.6193088781686095,0.6380000000000005,0.6380000000000005,0.6193088781686095
0.6390000000000005,0.6390000000000005,0.6175212616724183,0.6390000000000005,0.6390000000000005,0.6175212616724183
0.6400000000000005,0.6400000000000005,0.6157422634266775,0.6400000000000005,0.6400000000000005,0.6157422634266775
0.6410000000000005,0.6410000000000005,0.6139717459814354,0.6410000000000005,0.6410000000000005,0.6139717459814354
0.6420000000000005,0.6420000000000005,0.6122095754674122,0.6420000000000005,0.6420000000000005,0.6122095754674122
0.6430000000000005,0.6430000000000005,0.6104556214787681,0.6430000000000005,0.6430000000000005,0.6104556214787681
0.6440000000000005,0.6440000000000005,0.6087097569602233,0.6440000000000005,0.6440000000000005,0.6087097569602233
0.6450000000000005,0.6450000000000005,0.6069718580985647,0.6450000000000005,0.6450000000000005,0.6069718580985647
0.6460000000000005,0.6460000000000005,0.6052418042184361,0.6460000000000005,0.6460000000000005,0.6052418042184361
0.6470000000000005,0.6470000000000005,0.6035194776822542,0.6470000000000005,0.6470000000000005,0.6035194776822542
0.6480000000000005,0.6480000000000005,0.6018047637940848,0.6480000000000005,0.6480000000000005,0.6018047637940848
0.6490000000000005,0.6490000000000005,0.600097550707305,0.6490000000000005,0.6490000000000005,0.600097550707305
0.6500000000000005,0.6500000000000005,0.598397729335879,0.6500000000000005,0.6500000000000005,0.598397729335879
0.6510000000000005,0.6510000000000005,0.5967051932690857,0.6510000000000005,0.6510000000000005,0.5967051932690857
0.6520000000000005,0.6520000000000005,0.5950198386895507,0.6520000000000005,0.6520000000000005,0.5950198386895507
0.6530000000000005,0.6530000000000005,0.5933415642944172,0.6530000000000005,0.6530000000000005,0.5933415642944172
0.6540000000000005,0.6540000000000005,0.591670271219542,0.6540000000000005,0.6540000000000005,0.591670271219542
0.6550000000000005,0.6550000000000005,0.5900058629665534,0.6550000000000005,0.6550000000000005,0.5900058629665534
0.6560000000000005,0.6560000000000005,0.5883482453326672,0.6560000000000005,0.6560000000000005,0.5883482453326672
0.6570000000000005,0.6570000000000005,0.5866973263431308,0.6570000000000005,0.6570000000000005,0.5866973263431308
0.6580000000000005,0.6580000000000005,0.5850530161861801,0.6580000000000005,0.6580000000000005,0.5850530161861801
0.6590000000000005,0.6590000000000005,0.5834152271504042,0.6590000000000005,0.6590000000000005,0.5834152271504042
0.6600000000000005,0.6600000000000005,0.5817838735644135,0.6600000000000005,0.6600000000000005,0.5817838735644135
0.6610000000000005,0.6610000000000005,0.5801588717387087,0.6610000000000005,0.6610000000000005,0.5801588717387087
0.6620000000000005,0.6620000000000005,0.5785401399096679,0.6620000000000005,0.6620000000000005,0.5785401399096679
0.6630000000000005,0.6630000000000005,0.5769275981855463,0.6630000000000005,0.6630000000000005,0.5769275981855463
0.6640000000000005,0.6640000000000005,0.5753211684944225,0.6640000000000005,0.6640000000000005,0.5753211684944225
0.6650000000000005,0.6650000000000005,0.5737207745339978,0.6650000000000005,0.6650000000000005,0.5737207745339978
0.6660000000000005,0.6660000000000005,0.5721263417231718,0.6660000000000005,0.6660000000000005,0.5721263417231718
0.6670000000000005,0.6670000000000005,0.5705377971553343,0.6670000000000005,0.6670000000000005,0.5705377971553343
0.6680000000000005,0.6680000000000005,0.5689550695532871,0.6680000000000005,0.6680000000000005,0.5689550695532871
0.6690000000000005,0.6690000000000005,0.5673780892257395,0.6690000000000005,0.6690000000000005,0.5673780892257395
0.6700000000000005,0.6700000000000005,0.5658067880253118,0.6700000000000005,0.6700000000000005,0.5658067880253118
0.6710000000000005,0.6710000000000005,0.5642410993079882,0.6710000000000005,0.6710000000000005,0.5642410993079882
0.6720000000000005,0.6720000000000005,0.5626809578939568,0.6720000000000005,0.6720000000000005,0.5626809578939568
0.6730000000000005,0.6730000000000005,0.5611263000297867,0.6730000000000005,0.6730000000000005,0.5611263000297867
0.6740000000000005,0.6740000000000005,0.5595770633518895,0.6740000000000005,0.6740000000000005,0.5595770633518895
0.6750000000000005,0.6750000000000005,0.5580331868512085,0.6750000000000005,0.6750000000000005,0.5580331868512085
0.6760000000000005,0.6760000000000005,0.5564946108391011,0.6760000000000005,0.6760000000000005,0.5564946108391011
0.6770000000000005,0.6770000000000005,0.5549612769143557,0.6770000000000005,0.6770000000000005,0.5549612769143557
0.6780000000000005,0.6780000000000005,0.5534331279313041,0.6780000000000005,0.6780000000000005,0.5534331279313041
0.6790000000000005,0.6790000000000005,0.5519101079689932,0.6790000000000005,0.6790000000000005,0.5519101079689932
0.6800000000000005,0.6800000000000005,0.5503921623013688,0.6800000000000005,0.6800000000000005,0.5503921623013688
0.6810000000000005,0.6810000000000005,0.548879237368437,0.6810000000000005,0.6810000000000005,0.548879237368437
0.6820000000000005,0.6820000000000005,0.5473712807483656,0.6820000000000005,0.6820000000000005,0.5473712807483656
0.6830000000000005,0.6830000000000005,0.5458682411304941,0.6830000000000005,0.6830000000000005,0.5458682411304941
0.6840000000000005,0.6840000000000005,0.5443700682892145,0.6840000000000005,0.6840000000000005,0.5443700682892145
0.6850000000000005,0.6850000000000005,0.5428767130586968,0.6850000000000005,0.6850000000000005,0.5428767130586968
0.6860000000000005,0.6860000000000005,0.5413881273084188,0.6860000000000005,0.6860000000000005,0.5413881273084188
0.6870000000000005,0.6870000000000005,0.5399042639194849,0.6870000000000005,0.6870000000000005,0.5399042639194849
0.6880000000000005,0.6880000000000005,0.5384250767616979,0.6880000000000005,0.6880000000000005,0.5384250767616979
0.6890000000000005,0.6890000000000005,0.5369505206713513,0.6890000000000005,0.6890000000000005,0.5369505206713513
0.6900000000000005,0.6900000000000005,0.5354805514297348,0.6900000000000005,0.6900000000000005,0.5354805514297348
0.6910000000000005,0.6910000000000005,0.5340151257423075,0.6910000000000005,0.6910000000000005,0.5340151257423075
0.6920000000000005,0.6920000000000005,0.5325542012185289,0.6920000000000005,0.6920000000000005,0.5325542012185289
0.6930000000000005,0.6930000000000005,0.5310977363523247,0.6930000000000005,0.6930000000000005,0.5310977363523247
0.6940000000000005,0.6940000000000005,0.5296456905031557,0.6940000000000005,0.6940000000000005,0.5296456905031557
0.6950000000000005,0.6950000000000005,0.5281980238776807,0.6950000000000005,0.6950000000000005,0.5281980238776807
0.6960000000000005,0.6960000000000005,0.526754697511988,0.6960000000000005,0.6960000000000005,0.526754697511988
0.6970000000000005,0.6970000000000005,0.5253156732543759,0.6970000000000005,0.6970000000000005,0.5253156732543759
0.6980000000000005,0.6980000000000005,0.5238809137486664,0.6980000000000005,0.6980000000000005,0.5238809137486664
0.6990000000000005,0.6990000000000005,0.52245038241803,0.6990000000000005,0.6990000000000005,0.52245038241803
0.7000000000000005,0.7000000000000005,0.521024043449316,0.7000000000000005,0.7000000000000005,0.521024043449316
0.7010000000000005,0.7010000000000005,0.5196018617778528,0.7010000000000005,0.7010000000000005,0.5196018617778528
0.7020000000000005,0.7020000000000005,0.5181838030727253,0.7020000000000005,0.7020000000000005,0.5181838030727253
0.7030000000000005,0.7030000000000005,0.5167698337224905,0.7030000000000005,0.7030000000000005,0.5167698337224905
0.7040000000000005,0.7040000000000005,0.5153599208213415,0.7040000000000005,0.7040000000000005,0.5153599208213415
0.7050000000000005,0.7050000000000005,0.5139540321556887,0.7050000000000005,0.7050000000000005,0.5139540321556887
0.7060000000000005,0.7060000000000005,0.5125521361911459,0.7060000000000005,0.7060000000000005,0.5125521361911459
0.7070000000000005,0.7070000000000005,0.5111542020599197,0.7070000000000005,0.7070000000000005,0.5111542020599197
0.7080000000000005,0.7080000000000005,0.5097601995485805,0.7080000000000005,0.7080000000000005,0.5097601995485805
0.7090000000000005,0.7090000000000005,0.5083700990862028,0.7090000000000005,0.7090000000000005,0.5083700990862028
0.7100000000000005,0.7100000000000005,0.5069838717328708,0.7100000000000005,0.7100000000000005,0.5069838717328708
0.7110000000000005,0.7110000000000005,0.5056014891685301,0.7110000000000005,0.7110000000000005,0.5056014891685301
0.7120000000000005,0.7120000000000005,0.5042229236821798,0.7120000000000005,0.7120000000000005,0.5042229236821798
0.7130000000000005,0.7130000000000005,0.5028481481613948,0.7130000000000005,0.7130000000000005,0.5028481481613948
0.7140000000000005,0.7140000000000005,0.5014771360821649,0.7140000000000005,0.7140000000000005,0.5014771360821649
0.7150000000000005,0.7150000000000005,0.5001098614990458,0.7150000000000005,0.7150000000000005,0.5001098614990458
0.7160000000000005,0.7160000000000005,0.4987462990356096,0.7160000000000005,0.7160000000000005,0.4987462990356096
0.7170000000000005,0.7170000000000005,0.4973864238751864,0.7170000000000005,0.7170000000000005,0.4973864238751864
0.7180000000000005,0.7180000000000005,0.4960302117518904,0.7180000000000005,0.7180000000000005,0.4960302117518904
0.7190000000000005,0.7190000000000005,0.4946776389419207,0.7190000000000005,0.7190000000000005,0.4946776389419207
0.7200000000000005,0.7200000000000005,0.4933286822551295,0.7200000000000005,0.7200000000000005,0.4933286822551295
0.7210000000000005,0.7210000000000005,0.4919833190268464,0.7210000000000005,0.7210000000000005,0.4919833190268464
0.7220000000000005,0.7220000000000005,0.4906415271099642,0.7220000000000005,0.7220000000000005,0.4906415271099642
0.7230000000000005,0.7230000000000005,0.4893032848672574,0.7230000000000005,0.7230000000000005,0.4893032848672574
0.7240000000000005,0.7240000000000005,0.4879685711639463,0.7240000000000005,0.7240000000000005,0.4879685711639463
0.7250000000000005,0.7250000000000005,0.4866373653604951,0.7250000000000005,0.7250000000000005,0.4866373653604951
0.7260000000000005,0.7260000000000005,0.4853096473056237,0.7260000000000005,0.7260000000000005,0.4853096473056237
0.7270000000000005,0.7270000000000005,0.4839853973295536,0.7270000000000005,0.7270000000000005,0.4839853973295536
0.7280000000000005,0.7280000000000005,0.4826645962374519,0.7280000000000005,0.7280000000000005,0.4826645962374519
0.7290000000000005,0.7290000000000005,0.4813472253030933,0.7290000000000005,0.7290000000000005,0.4813472253030933
0.7300000000000005,0.7300000000000005,0.4800332662627151,0.7300000000000005,0.7300000000000005,0.4800332662627151
0.7310000000000005,0.7310000000000005,0.4787227013090757,0.7310000000000005,0.7310000000000005,0.4787227013090757
0.7320000000000005,0.7320000000000005,0.4774155130856949,0.7320000000000005,0.7320000000000005,0.4774155130856949
0.7330000000000005,0.7330000000000005,0.4761116846812876,0.7330000000000005,0.7330000000000005,0.4761116846812876
0.7340000000000005,0.7340000000000005,0.4748111996243707,0.7340000000000005,0.7340000000000005,0.4748111996243707
0.7350000000000005,0.7350000000000005,0.4735140418780497,0.7350000000000005,0.7350000000000005,0.4735140418780497
0.7360000000000005,0.7360000000000005,0.4722201958349735,0.7360000000000005,0.7360000000000005,0.4722201958349735
0.7370000000000005,0.7370000000000005,0.4709296463124581,0.7370000000000005,0.7370000000000005,0.4709296463124581
0.7380000000000005,0.7380000000000005,0.4696423785477654,0.7380000000000005,0.7380000000000005,0.4696423785477654
0.7390000000000005,0.7390000000000005,0.4683583781935453,0.7390000000000005,0.7390000000000005,0.4683583781935453
0.7400000000000005,0.7400000000000005,0.4670776313134259,0.7400000000000005,0.7400000000000005,0.4670776313134259
0.7410000000000005,0.7410000000000005,0.4658001243777585,0.7410000000000005,0.7410000000000005,0.4658001243777585
0.7420000000000005,0.7420000000000005,0.4645258442594942,0.7420000000000005,0.7420000000000005,0.4645258442594942
0.7430000000000005,0.7430000000000005,0.4632547782302157,0.7430000000000005,0.7430000000000005,0.4632547782302157
0.7440000000000005,0.7440000000000005,0.4619869139562948,0.7440000000000005,0.7440000000000005,0.4619869139562948
0.7450000000000006,0.7450000000000006,0.4607222394951901,0.7450000000000006,0.7450000000000006,0.4607222394951901
0.7460000000000006,0.7460000000000006,0.4594607432918616,0.7460000000000006,0.7460000000000006,0.4594607432918616
0.7470000000000006,0.7470000000000006,0.4582024141753256,0.7470000000000006,0.7470000000000006,0.4582024141753256
0.7480000000000006,0.7480000000000006,0.4569472413553182,0.7480000000000006,0.7480000000000006,0.4569472413553182
0.7490000000000006,0.7490000000000006,0.4556952144190843,0.7490000000000006,0.7490000000000006,0.4556952144190843
0.7500000000000006,0.7500000000000006,0.4544463233282773,0.7500000000000006,0.7500000000000006,0.4544463233282773
0.7510000000000006,0.7510000000000006,0.4532005584159657,0.7510000000000006,0.7510000000000006,0.4532005584159657
0.7520000000000006,0.7520000000000006,0.4519579103837569,0.7520000000000006,0.7520000000000006,0.4519579103837569
0.7530000000000006,0.7530000000000006,0.4507183702990176,0.7530000000000006,0.7530000000000006,0.4507183702990176
0.7540000000000006,0.7540000000000006,0.4494819295921933,0.7540000000000006,0.7540000000000006,0.4494819295921933
0.7550000000000006,0.7550000000000006,0.4482485800542287,0.7550000000000006,0.7550000000000006,0.4482485800542287
0.7560000000000006,0.7560000000000006,0.4470183138340815,0.7560000000000006,0.7560000000000006,0.4470183138340815
0.7570000000000006,0.7570000000000006,0.4457911234363253,0.7570000000000006,0.7570000000000006,0.4457911234363253
0.7580000000000006,0.7580000000000006,0.4445670017188393,0.7580000000000006,0.7580000000000006,0.4445670017188393
0.7590000000000006,0.7590000000000006,0.4433459418905825,0.7590000000000006,0.7590000000000006,0.4433459418905825
0.7600000000000006,0.7600000000000006,0.4421279375094476,0.7600000000000006,0.7600000000000006,0.4421279375094476
0.7610000000000006,0.7610000000000006,0.4409129824801969,0.7610000000000006,0.7610000000000006,0.4409129824801969
0.7620000000000006,0.7620000000000006,0.439701071052462,0.7620000000000006,0.7620000000000006,0.439701071052462
0.7630000000000006,0.7630000000000006,0.4384921978188256,0.7630000000000006,0.7630000000000006,0.4384921978188256
0.7640000000000006,0.7640000000000006,0.4372863577129638,0.7640000000000006,0.7640000000000006,0.4372863577129638
0.7650000000000006,0.7650000000000006,0.4360835460078553,0.7650000000000006,0.7650000000000006,0.4360835460078553
0.7660000000000006,0.7660000000000006,0.4348837583140485,0.7660000000000006,0.7660000000000006,0.4348837583140485
0.7670000000000006,0.7670000000000006,0.4336869905779934,0.7670000000000006,0.7670000000000006,0.4336869905779934
0.7680000000000006,0.7680000000000006,0.4324932390804168,0.7680000000000006,0.7680000000000006,0.4324932390804168
0.7690000000000006,0.7690000000000006,0.4313025004347592,0.7690000000000006,0.7690000000000006,0.4313025004347592
0.7700000000000006,0.7700000000000006,0.4301147715856531,0.7700000000000006,0.7700000000000006,0.4301147715856531
0.7710000000000006,0.7710000000000006,0.4289300498074466,0.7710000000000006,0.7710000000000006,0.4289300498074466
0.7720000000000006,0.7720000000000006,0.4277483327027664,0.7720000000000006,0.7720000000000006,0.4277483327027664
0.7730000000000006,0.7730000000000006,0.4265696182011249,0.7730000000000006,0.7730000000000006,0.4265696182011249
0.7740000000000006,0.7740000000000006,0.4253939045575501,0.7740000000000006,0.7740000000000006,0.4253939045575501
0.7750000000000006,0.7750000000000006,0.4242211903512547,0.7750000000000006,0.7750000000000006,0.4242211903512547
0.7760000000000006,0.7760000000000006,0.4230514744843279,0.7760000000000006,0.7760000000000006,0.4230514744843279
0.7770000000000006,0.7770000000000006,0.421884756180448,0.7770000000000006,0.7770000000000006,0.421884756180448
0.7780000000000006,0.7780000000000006,0.4207210349836218,0.7780000000000006,0.7780000000000006,0.4207210349836218
0.7790000000000006,0.7790000000000006,0.4195603107569305,0.7790000000000006,0.7790000000000006,0.4195603107569305
0.7800000000000006,0.7800000000000006,0.4184025836812929,0.7800000000000006,0.7800000000000006,0.4184025836812929
0.7810000000000006,0.7810000000000006,0.4172478542542351,0.7810000000000006,0.7810000000000006,0.4172478542542351
0.7820000000000006,0.7820000000000006,0.4160961232886646,0.7820000000000006,0.7820000000000006,0.4160961232886646
0.7830000000000006,0.7830000000000006,0.4149473919116409,0.7830000000000006,0.7830000000000006,0.4149473919116409
0.7840000000000006,0.7840000000000006,0.4138016615631483,0.7840000000000006,0.7840000000000006,0.4138016615631483
0.7850000000000006,0.7850000000000006,0.4126589339948563,0.7850000000000006,0.7850000000000006,0.4126589339948563
0.7860000000000006,0.7860000000000006,0.4115192112688673,0.7860000000000006,0.7860000000000006,0.4115192112688673
0.7870000000000006,0.7870000000000006,0.4103824957564514,0.7870000000000006,0.7870000000000006,0.4103824957564514
0.7880000000000006,0.7880000000000006,0.4092487901367551,0.7880000000000006,0.7880000000000006,0.4092487901367551
0.7890000000000006,0.7890000000000006,0.4081180973954927,0.7890000000000006,0.7890000000000006,0.4081180973954927
0.7900000000000006,0.7900000000000006,0.4069904208236002,0.7900000000000006,0.7900000000000006,0.4069904208236002
0.7910000000000006,0.7910000000000006,0.4058657640158591,0.7910000000000006,0.7910000000000006,0.4058657640158591
0.7920000000000006,0.7920000000000006,0.4047441308694836,0.7920000000000006,0.7920000000000006,0.4047441308694836
0.7930000000000006,0.7930000000000006,0.4036255255826629,0.7930000000000006,0.7930000000000006,0.4036255255826629
0.7940000000000006,0.7940000000000006,0.4025099526530529,0.7940000000000006,0.7940000000000006,0.4025099526530529
0.7950000000000006,0.7950000000000006,0.4013974168762206,0.7950000000000006,0.7950000000000006,0.4013974168762206
0.7960000000000006,0.7960000000000006,0.4002879233440315,0.7960000000000006,0.7960000000000006,0.4002879233440315
0.7970000000000006,0.7970000000000006,0.3991814774429699,0.7970000000000006,0.7970000000000006,0.3991814774429699
0.7980000000000006,0.7980000000000006,0.398078084852397,0.7980000000000006,0.7980000000000006,0.398078084852397
0.7990000000000006,0.7990000000000006,0.3969777515427375,0.7990000000000006,0.7990000000000006,0.3969777515427375
0.8000000000000006,0.8000000000000006,0.3958804837735876,0.8000000000000006,0.8000000000000006,0.3958804837735876
0.8010000000000006,0.8010000000000006,0.3947862880917419,0.8010000000000006,0.8010000000000006,0.3947862880917419
0.8020000000000006,0.8020000000000006,0.3936951713291377,0.8020000000000006,0.8020000000000006,0.3936951713291377
0.8030000000000006,0.8030000000000006,0.3926071406006996,0.8030000000000006,0.8030000000000006,0.3926071406006996
0.8040000000000006,0.8040000000000006,0.3915222033020961,0.8040000000000006,0.8040000000000006,0.3915222033020961
0.8050000000000006,0.8050000000000006,0.3904403671073908,0.8050000000000006,0.8050000000000006,0.3904403671073908
0.8060000000000006,0.8060000000000006,0.3893616399665864,0.8060000000000006,0.8060000000000006,0.3893616399665864
0.8070000000000006,0.8070000000000006,0.3882860301030536,0.8070000000000006,0.8070000000000006,0.3882860301030536
0.8080000000000006,0.8080000000000006,0.3872135460108551,0.8080000000000006,0.8080000000000006,0.3872135460108551
0.8090000000000006,0.8090000000000006,0.3861441964519302,0.8090000000000006,0.8090000000000006,0.3861441964519302
0.8100000000000006,0.8100000000000006,0.3850779904531671,0.8100000000000006,0.8100000000000006,0.3850779904531671
0.8110000000000006,0.8110000000000006,0.3840149373033343,0.8110000000000006,0.8110000000000006,0.3840149373033343
0.8120000000000006,0.8120000000000006,0.3829550465498769,0.8120000000000006,0.8120000000000006,0.3829550465498769
0.8130000000000006,0.8130000000000006,0.3818983279955708,0.8130000000000006,0.8130000000000006,0.3818983279955708
0.8140000000000006,0.8140000000000006,0.3808447916950318,0.8140000000000006,0.8140000000000006,0.3808447916950318
0.8150000000000006,0.8150000000000006,0.379794447951066,0.8150000000000006,0.8150000000000006,0.379794447951066
0.8160000000000006,0.8160000000000006,0.3787473073108713,0.8160000000000006,0.8160000000000006,0.3787473073108713
0.8170000000000006,0.8170000000000006,0.37770338056207,0.8170000000000006,0.8170000000000006,0.37770338056207
0.8180000000000006,0.8180000000000006,0.3766626787285806,0.8180000000000006,0.8180000000000006,0.3766626787285806
0.8190000000000006,0.8190000000000006,0.3756252130663152,0.8190000000000006,0.8190000000000006,0.3756252130663152
0.8200000000000006,0.8200000000000006,0.3745909950586994,0.8200000000000006,0.8200000000000006,0.3745909950586994
0.8210000000000006,0.8210000000000006,0.3735600364120227,0.8210000000000006,0.8210000000000006,0.3735600364120227
0.8220000000000006,0.8220000000000006,0.37253234905059,0.8220000000000006,0.8220000000000006,0.37253234905059
0.8230000000000006,0.8230000000000006,0.3715079451117,0.8230000000000006,0.8230000000000006,0.3715079451117
0.8240000000000006,0.8240000000000006,0.370486836940419,0.8240000000000006,0.8240000000000006,0.370486836940419
0.8250000000000006,0.8250000000000006,0.3694690370841738,0.8250000000000006,0.8250000000000006,0.3694690370841738
0.8260000000000006,0.8260000000000006,0.36845455828713,0.8260000000000006,0.8260000000000006,0.36845455828713
0.8270000000000006,0.8270000000000006,0.3674434134843843,0.8270000000000006,0.8270000000000006,0.3674434134843843
0.8280000000000006,0.8280000000000006,0.3664356157959389,0.8280000000000006,0.8280000000000006,0.3664356157959389
0.8290000000000006,0.8290000000000006,0.3654311785204808,0.8290000000000006,0.8290000000000006,0.3654311785204808
0.8300000000000006,0.8300000000000006,0.3644301151289409,0.8300000000000006,0.8300000000000006,0.3644301151289409
0.8310000000000006,0.8310000000000006,0.3634324392578473,0.8310000000000006,0.8310000000000006,0.3634324392578473
0.8320000000000006,0.8320000000000006,0.3624381647024666,0.8320000000000006,0.8320000000000006,0.3624381647024666
0.8330000000000006,0.8330000000000006,0.3614473054097234,0.8330000000000006,0.8330000000000006,0.3614473054097234
0.8340000000000006,0.8340000000000006,0.3604598754709111,0.8340000000000006,0.8340000000000006,0.3604598754709111
0.8350000000000006,0.8350000000000006,0.3594758891141834,0.8350000000000006,0.8350000000000006,0.3594758891141834
0.8360000000000006,0.8360000000000006,0.3584953606968255,0.8360000000000006,0.8360000000000006,0.3584953606968255
0.8370000000000006,0.8370000000000006,0.3575183046973152,0.8370000000000006,0.8370000000000006,0.3575183046973152
0.8380000000000006,0.8380000000000006,0.3565447357071583,0.8380000000000006,0.8380000000000006,0.3565447357071583
0.8390000000000006,0.8390000000000006,0.3555746684225168,0.8390000000000006,0.8390000000000006,0.3555746684225168
0.8400000000000006,0.8400000000000006,0.3546081176356179,0.8400000000000006,0.8400000000000006,0.3546081176356179
0.8410000000000006,0.8410000000000006,0.3536450982259512,0.8410000000000006,0.8410000000000006,0.3536450982259512
0.8420000000000006,0.8420000000000006,0.3526856251512547,0.8420000000000006,0.8420000000000006,0.3526856251512547
0.8430000000000006,0.8430000000000006,0.351729713438293,0.8430000000000006,0.8430000000000006,0.351729713438293
0.8440000000000006,0.8440000000000006,0.3507773781734329,0.8440000000000006,0.8440000000000006,0.3507773781734329
0.8450000000000006,0.8450000000000006,0.3498286344930123,0.8450000000000006,0.8450000000000006,0.3498286344930123
0.8460000000000006,0.8460000000000006,0.3488834975735229,0.8460000000000006,0.8460000000000006,0.3488834975735229
0.8470000000000006,0.8470000000000006,0.3479419826215857,0.8470000000000006,0.8470000000000006,0.3479419826215857
0.8480000000000006,0.8480000000000006,0.3470041048637519,0.8480000000000006,0.8480000000000006,0.3470041048637519
0.8490000000000006,0.8490000000000006,0.3460698795361168,0.8490000000000006,0.8490000000000006,0.3460698795361168
0.8500000000000006,0.8500000000000006,0.3451393218737603,0.8500000000000006,0.8500000000000006,0.3451393218737603
0.8510000000000006,0.8510000000000006,0.344212447100018,0.8510000000000006,0.8510000000000006,0.344212447100018
0.8520000000000006,0.8520000000000006,0.3432892704155924,0.8520000000000006,0.8520000000000006,0.3432892704155924
0.8530000000000006,0.8530000000000006,0.34236980698751,0.8530000000000006,0.8530000000000006,0.34236980698751
0.8540000000000006,0.8540000000000006,0.3414540719379377,0.8540000000000006,0.8540000000000006,0.3414540719379377
0.8550000000000006,0.8550000000000006,0.3405420803328565,0.8550000000000006,0.8550000000000006,0.3405420803328565
0.8560000000000006,0.8560000000000006,0.3396338471706149,0.8560000000000006,0.8560000000000006,0.3396338471706149
0.8570000000000007,0.8570000000000007,0.3387293873703682,0.8570000000000007,0.8570000000000007,0.3387293873703682
0.8580000000000007,0.8580000000000007,0.3378287157604032,0.8580000000000007,0.8580000000000007,0.3378287157604032
0.8590000000000007,0.8590000000000007,0.3369318470663766,0.8590000000000007,0.8590000000000007,0.3369318470663766
0.8600000000000007,0.8600000000000007,0.3360387958994703,0.8600000000000007,0.8600000000000007,0.3360387958994703
0.8610000000000007,0.8610000000000007,0.3351495767444715,0.8610000000000007,0.8610000000000007,0.3351495767444715
0.8620000000000007,0.8620000000000007,0.3342642039477975,0.8620000000000007,0.8620000000000007,0.3342642039477975
0.8630000000000007,0.8630000000000007,0.3333826917054713,0.8630000000000007,0.8630000000000007,0.3333826917054713
0.8640000000000007,0.8640000000000007,0.332505054051075,0.8640000000000007,0.8640000000000007,0.332505054051075
0.8650000000000007,0.8650000000000007,0.3316313048436703,0.8650000000000007,0.8650000000000007,0.3316313048436703
0.8660000000000007,0.8660000000000007,0.3307614577557273,0.8660000000000007,0.8660000000000007,0.3307614577557273
0.8670000000000007,0.8670000000000007,0.3298955262610584,0.8670000000000007,0.8670000000000007,0.3298955262610584
0.8680000000000007,0.8680000000000007,0.3290335236227739,0.8680000000000007,0.8680000000000007,0.3290335236227739
0.8690000000000007,0.8690000000000007,0.3281754628812861,0.8690000000000007,0.8690000000000007,0.3281754628812861
0.8700000000000007,0.8700000000000007,0.3273213568423599,0.8700000000000007,0.8700000000000007,0.3273213568423599
0.8710000000000007,0.8710000000000007,0.3264712180652398,0.8710000000000007,0.8710000000000007,0.3264712180652398
0.8720000000000007,0.8720000000000007,0.325625058850862,0.8720000000000007,0.8720000000000007,0.325625058850862
0.8730000000000007,0.8730000000000007,0.3247828912301678,0.8730000000000007,0.8730000000000007,0.3247828912301678
0.8740000000000007,0.8740000000000007,0.323944726952538,0.8740000000000007,0.8740000000000007,0.323944726952538
0.8750000000000007,0.8750000000000007,0.323110577474355,0.8750000000000007,0.8750000000000007,0.323110577474355
0.8760000000000007,0.8760000000000007,0.322280453947727,0.8760000000000007,0.8760000000000007,0.322280453947727
0.8770000000000007,0.8770000000000007,0.3214543672093645,0.8770000000000007,0.8770000000000007,0.3214543672093645
0.8780000000000007,0.8780000000000007,0.3206323277696511,0.8780000000000007,0.8780000000000007,0.3206323277696511
0.8790000000000007,0.8790000000000007,0.3198143458019042,0.8790000000000007,0.8790000000000007,0.3198143458019042
0.8800000000000007,0.8800000000000007,0.3190004311318556,0.8800000000000007,0.8800000000000007,0.3190004311318556
0.8810000000000007,0.8810000000000007,0.3181905932273537,0.8810000000000007,0.8810000000000007,0.3181905932273537
0.8820000000000007,0.8820000000000007,0.3173848411883199,0.8820000000000007,0.8820000000000007,0.3173848411883199
0.8830000000000007,0.8830000000000007,0.3165831837369563,0.8830000000000007,0.8830000000000007,0.3165831837369563
0.8840000000000007,0.8840000000000007,0.3157856292082312,0.8840000000000007,0.8840000000000007,0.3157856292082312
0.8850000000000007,0.8850000000000007,0.3149921855406548,0.8850000000000007,0.8850000000000007,0.3149921855406548
0.8860000000000007,0.8860000000000007,0.3142028602673508,0.8860000000000007,0.8860000000000007,0.3142028602673508
0.8870000000000007,0.8870000000000007,0.3134176605074515,0.8870000000000007,0.8870000000000007,0.3134176605074515
0.8880000000000007,0.8880000000000007,0.3126365929578158,0.8880000000000007,0.8880000000000007,0.3126365929578158
0.8890000000000007,0.8890000000000007,0.3118596638850915,0.8890000000000007,0.8890000000000007,0.3118596638850915
0.8900000000000007,0.8900000000000007,0.3110868791181276,0.8900000000000007,0.8900000000000007,0.3110868791181276
0.8910000000000007,0.8910000000000007,0.3103182440407549,0.8910000000000007,0.8910000000000007,0.3103182440407549
0.8920000000000007,0.8920000000000007,0.3095537635849355,0.8920000000000007,0.8920000000000007,0.3095537635849355
0.8930000000000007,0.8930000000000007,0.3087934422243027,0.8930000000000007,0.8930000000000007,0.3087934422243027
0.8940000000000007,0.8940000000000007,0.3080372839680924,0.8940000000000007,0.8940000000000007,0.3080372839680924
0.8950000000000007,0.8950000000000007,0.3072852923554739,0.8950000000000007,0.8950000000000007,0.3072852923554739
0.8960000000000007,0.8960000000000007,0.3065374704502947,0.8960000000000007,0.8960000000000007,0.3065374704502947
0.8970000000000007,0.8970000000000007,0.3057938208362421,0.8970000000000007,0.8970000000000007,0.3057938208362421
0.8980000000000007,0.8980000000000007,0.3050543456124263,0.8980000000000007,0.8980000000000007,0.3050543456124263
0.8990000000000007,0.8990000000000007,0.3043190463893938,0.8990000000000007,0.8990000000000007,0.3043190463893938
0.9000000000000007,0.9000000000000007,0.3035879242855711,0.9000000000000007,0.9000000000000007,0.3035879242855711
0.9010000000000007,0.9010000000000007,0.302860979924149,0.9010000000000007,0.9010000000000007,0.302860979924149
0.9020000000000007,0.9020000000000007,0.3021382134304045,0.9020000000000007,0.9020000000000007,0.3021382134304045
0.9030000000000007,0.9030000000000007,0.3014196244294644,0.9030000000000007,0.9030000000000007,0.3014196244294644
0.9040000000000007,0.9040000000000007,0.3007052120445132,0.9040000000000007,0.9040000000000007,0.3007052120445132
0.9050000000000007,0.9050000000000007,0.2999949748954452,0.9050000000000007,0.9050000000000007,0.2999949748954452
0.9060000000000007,0.9060000000000007,0.2992889110979548,0.9060000000000007,0.9060000000000007,0.2992889110979548
0.9070000000000007,0.9070000000000007,0.2985870182630733,0.9070000000000007,0.9070000000000007,0.2985870182630733
0.9080000000000007,0.9080000000000007,0.297889293497144,0.9080000000000007,0.9080000000000007,0.297889293497144
0.9090000000000007,0.9090000000000007,0.2971957334022316,0.9090000000000007,0.9090000000000007,0.2971957334022316
0.9100000000000007,0.9100000000000007,0.2965063340769654,0.9100000000000007,0.9100000000000007,0.2965063340769654
0.9110000000000007,0.9110000000000007,0.2958210911178116,0.9110000000000007,0.9110000000000007,0.2958210911178116
0.9120000000000007,0.9120000000000007,0.2951399996207656,0.9120000000000007,0.9120000000000007,0.2951399996207656
0.9130000000000007,0.9130000000000007,0.2944630541834647,0.9130000000000007,0.9130000000000007,0.2944630541834647
0.9140000000000007,0.9140000000000007,0.2937902489077053,0.9140000000000007,0.9140000000000007,0.2937902489077053
0.9150000000000007,0.9150000000000007,0.2931215774023698,0.9150000000000007,0.9150000000000007,0.2931215774023698
0.9160000000000007,0.9160000000000007,0.2924570327867372,0.9160000000000007,0.9160000000000007,0.2924570327867372
0.9170000000000007,0.9170000000000007,0.2917966076941898,0.9170000000000007,0.9170000000000007,0.2917966076941898
0.9180000000000007,0.9180000000000007,0.2911402942762903,0.9180000000000007,0.9180000000000007,0.2911402942762903
0.9190000000000007,0.9190000000000007,0.2904880842072222,0.9190000000000007,0.9190000000000007,0.2904880842072222
0.9200000000000007,0.9200000000000007,0.2898399686885944,0.9200000000000007,0.9200000000000007,0.2898399686885944
0.9210000000000007,0.9210000000000007,0.2891959384545794,0.9210000000000007,0.9210000000000007,0.2891959384545794
0.9220000000000007,0.9220000000000007,0.2885559837773942,0.9220000000000007,0.9220000000000007,0.2885559837773942
0.9230000000000007,0.9230000000000007,0.2879200944730945,0.9230000000000007,0.9230000000000007,0.2879200944730945
0.9240000000000007,0.9240000000000007,0.2872882599076862,0.9240000000000007,0.9240000000000007,0.2872882599076862
0.9250000000000007,0.9250000000000007,0.2866604690035232,0.9250000000000007,0.9250000000000007,0.2866604690035232
0.9260000000000007,0.9260000000000007,0.2860367102459971,0.9260000000000007,0.9260000000000007,0.2860367102459971
0.9270000000000007,0.9270000000000007,0.2854169716904916,0.9270000000000007,0.9270000000000007,0.2854169716904916
0.9280000000000007,0.9280000000000007,0.284801240969598,0.9280000000000007,0.9280000000000007,0.284801240969598
0.9290000000000007,0.9290000000000007,0.284189505300568,0.9290000000000007,0.9290000000000007,0.284189505300568
0.9300000000000007,0.9300000000000007,0.2835817514930031,0.9300000000000007,0.9300000000000007,0.2835817514930031
0.9310000000000007,0.9310000000000007,0.2829779659567521,0.9310000000000007,0.9310000000000007,0.2829779659567521
0.9320000000000007,0.9320000000000007,0.2823781347100168,0.9320000000000007,0.9320000000000007,0.2823781347100168
0.9330000000000007,0.9330000000000007,0.2817822433876392,0.9330000000000007,0.9330000000000007,0.2817822433876392
0.9340000000000007,0.9340000000000007,0.2811902772495672,0.9340000000000007,0.9340000000000007,0.2811902772495672
0.9350000000000007,0.9350000000000007,0.2806022211894753,0.9350000000000007,0.9350000000000007,0.2806022211894753
0.9360000000000007,0.9360000000000007,0.2800180597435344,0.9360000000000007,0.9360000000000007,0.2800180597435344
0.9370000000000007,0.9370000000000007,0.2794377770993099,0.9370000000000007,0.9370000000000007,0.2794377770993099
0.9380000000000007,0.9380000000000007,0.278861357104783,0.9380000000000007,0.9380000000000007,0.278861357104783
0.9390000000000007,0.9390000000000007,0.2782887832774688,0.9390000000000007,0.9390000000000007,0.2782887832774688
0.9400000000000007,0.9400000000000007,0.2777200388136303,0.9400000000000007,0.9400000000000007,0.2777200388136303
0.9410000000000007,0.9410000000000007,0.2771551065975711,0.9410000000000007,0.9410000000000007,0.2771551065975711
0.9420000000000007,0.9420000000000007,0.2765939692109887,0.9420000000000007,0.9420000000000007,0.2765939692109887
0.9430000000000007,0.9430000000000007,0.2760366089423823,0.9430000000000007,0.9430000000000007,0.2760366089423823
0.9440000000000007,0.9440000000000007,0.2754830077964986,0.9440000000000007,0.9440000000000007,0.2754830077964986
0.9450000000000007,0.9450000000000007,0.2749331475038092,0.9450000000000007,0.9450000000000007,0.2749331475038092
0.9460000000000007,0.9460000000000007,0.274387009529994,0.9460000000000007,0.9460000000000007,0.274387009529994
0.9470000000000007,0.9470000000000007,0.2738445750854399,0.9470000000000007,0.9470000000000007,0.2738445750854399
0.9480000000000007,0.9480000000000007,0.2733058251347249,0.9480000000000007,0.9480000000000007,0.2733058251347249
0.9490000000000007,0.9490000000000007,0.2727707404060847,0.9490000000000007,0.9490000000000007,0.2727707404060847
0.9500000000000007,0.9500000000000007,0.2722393014008532,0.9500000000000007,0.9500000000000007,0.2722393014008532
0.9510000000000007,0.9510000000000007,0.2717114884028621,0.9510000000000007,0.9510000000000007,0.2717114884028621
0.9520000000000007,0.9520000000000007,0.2711872814877921,0.9520000000000007,0.9520000000000007,0.2711872814877921
0.9530000000000007,0.9530000000000007,0.2706666605324685,0.9530000000000007,0.9530000000000007,0.2706666605324685
0.9540000000000007,0.9540000000000007,0.2701496052240852,0.9540000000000007,0.9540000000000007,0.2701496052240852
0.9550000000000007,0.9550000000000007,0.2696360950693593,0.9550000000000007,0.9550000000000007,0.2696360950693593
0.9560000000000007,0.9560000000000007,0.2691261094035966,0.9560000000000007,0.9560000000000007,0.2691261094035966
0.9570000000000007,0.9570000000000007,0.2686196273996695,0.9570000000000007,0.9570000000000007,0.2686196273996695
0.9580000000000007,0.9580000000000007,0.2681166280768952,0.9580000000000007,0.9580000000000007,0.2681166280768952
0.9590000000000007,0.9590000000000007,0.267617090309808,0.9590000000000007,0.9590000000000007,0.267617090309808
0.9600000000000007,0.9600000000000007,0.2671209928368189,0.9600000000000007,0.9600000000000007,0.2671209928368189
0.9610000000000007,0.9610000000000007,0.2666283142687584,0.9610000000000007,0.9610000000000007,0.2666283142687584
0.9620000000000007,0.9620000000000007,0.2661390330972949,0.9620000000000007,0.9620000000000007,0.2661390330972949
0.9630000000000007,0.9630000000000007,0.2656531277032249,0.9630000000000007,0.9630000000000007,0.2656531277032249
0.9640000000000007,0.9640000000000007,0.2651705763646228,0.9640000000000007,0.9640000000000007,0.2651705763646228
0.9650000000000007,0.9650000000000007,0.2646913572648639,0.9650000000000007,0.9650000000000007,0.2646913572648639
0.9660000000000007,0.9660000000000007,0.2642154485004907,0.9660000000000007,0.9660000000000007,0.2642154485004907
0.9670000000000007,0.9670000000000007,0.2637428280889424,0.9670000000000007,0.9670000000000007,0.2637428280889424
0.9680000000000007,0.9680000000000007,0.2632734739761297,0.9680000000000007,0.9680000000000007,0.2632734739761297
0.9690000000000007,0.9690000000000007,0.262807364043857,0.9690000000000007,0.9690000000000007,0.262807364043857
0.9700000000000008,0.9700000000000008,0.2623444761170864,0.9700000000000008,0.9700000000000008,0.2623444761170864
0.9710000000000008,0.9710000000000008,0.2618847879710482,0.9710000000000008,0.9710000000000008,0.2618847879710482
0.9720000000000008,0.9720000000000008,0.2614282773381837,0.9720000000000008,0.9720000000000008,0.2614282773381837
0.9730000000000008,0.9730000000000008,0.2609749219149315,0.9730000000000008,0.9730000000000008,0.2609749219149315
0.9740000000000008,0.9740000000000008,0.2605246993683433,0.9740000000000008,0.9740000000000008,0.2605246993683433
0.9750000000000008,0.9750000000000008,0.260077587342543,0.9750000000000008,0.9750000000000008,0.260077587342543
0.9760000000000008,0.9760000000000008,0.2596335634650063,0.9760000000000008,0.9760000000000008,0.2596335634650063
0.9770000000000008,0.9770000000000008,0.2591926053526906,0.9770000000000008,0.9770000000000008,0.2591926053526906
0.9780000000000008,0.9780000000000008,0.2587546906179778,0.9780000000000008,0.9780000000000008,0.2587546906179778
0.9790000000000008,0.9790000000000008,0.2583197968744678,0.9790000000000008,0.9790000000000008,0.2583197968744678
0.9800000000000008,0.9800000000000008,0.2578879017425887,0.9800000000000008,0.9800000000000008,0.2578879017425887
0.9810000000000008,0.9810000000000008,0.2574589828550528,0.9810000000000008,0.9810000000000008,0.2574589828550528
0.9820000000000008,0.9820000000000008,0.2570330178621339,0.9820000000000008,0.9820000000000008,0.2570330178621339
0.9830000000000008,0.9830000000000008,0.2566099844367885,0.9830000000000008,0.9830000000000008,0.2566099844367885
0.9840000000000008,0.9840000000000008,0.2561898602796036,0.9840000000000008,0.9840000000000008,0.2561898602796036
0.9850000000000008,0.9850000000000008,0.2557726231235865,0.9850000000000008,0.9850000000000008,0.2557726231235865
0.9860000000000008,0.9860000000000008,0.2553582507387875,0.9860000000000008,0.9860000000000008,0.2553582507387875
0.9870000000000008,0.9870000000000008,0.2549467209367622,0.9870000000000008,0.9870000000000008,0.2549467209367622
0.9880000000000008,0.9880000000000008,0.2545380115748742,0.9880000000000008,0.9880000000000008,0.2545380115748742
0.9890000000000008,0.9890000000000008,0.2541321005604381,0.9890000000000008,0.9890000000000008,0.2541321005604381
0.9900000000000008,0.9900000000000008,0.2537289658547098,0.9900000000000008,0.9900000000000008,0.2537289658547098
0.9910000000000008,0.9910000000000008,0.2533285854767157,0.9910000000000008,0.9910000000000008,0.2533285854767157
0.9920000000000008,0.9920000000000008,0.2529309375069364,0.9920000000000008,0.9920000000000008,0.2529309375069364
0.9930000000000008,0.9930000000000008,0.2525360000908364,0.9930000000000008,0.9930000000000008,0.2525360000908364
0.9940000000000008,0.9940000000000008,0.2521437514422439,0.9940000000000008,0.9940000000000008,0.2521437514422439
0.9950000000000008,0.9950000000000008,0.2517541698465943,0.9950000000000008,0.9950000000000008,0.2517541698465943
0.9960000000000008,0.9960000000000008,0.2513672336640164,0.9960000000000008,0.9960000000000008,0.2513672336640164
0.9970000000000008,0.9970000000000008,0.2509829213322913,0.9970000000000008,0.9970000000000008,0.2509829213322913
0.9980000000000008,0.9980000000000008,0.2506012113696688,0.9980000000000008,0.9980000000000008,0.2506012113696688
0.9990000000000008,0.9990000000000008,0.2502220823775451,0.9990000000000008,0.9990000000000008,0.2502220823775451
1.000000000000001,1.000000000000001,0.2498455130430139,1.000000000000001,1.000000000000001,0.2498455130430139
1.001000000000001,1.001000000000001,0.2494714821412865,1.001000000000001,1.001000000000001,0.2494714821412865
1.002,1.002,0.2490999685379848,1.002,1.002,0.2490999685379848
1.003,1.003,0.2487309511913096,1.003,1.003,0.2487309511913096
1.004,1.004,0.2483644091540918,1.004,1.004,0.2483644091540918
1.005,1.005,0.248000321575727,1.005,1.005,0.248000321575727
1.006,1.006,0.2476386677039875,1.006,1.006,0.2476386677039875
1.007,1.007,0.247279426886735,1.007,1.007,0.247279426886735
1.008,1.008,0.2469225785735178,1.008,1.008,0.2469225785735178
1.009,1.009,0.2465681023170647,1.009,1.009,0.2465681023170647
1.01,1.01,0.2462159777746783,1.01,1.01,0.2462159777746783
1.010999999999999,1.010999999999999,0.2458661847095308,1.010999999999999,1.010999999999999,0.2458661847095308
1.011999999999999,1.011999999999999,0.2455187029918623,1.011999999999999,1.011999999999999,0.2455187029918623
1.012999999999999,1.012999999999999,0.2451735126000902,1.012999999999999,1.012999999999999,0.2451735126000902
1.013999999999999,1.013999999999999,0.2448305936218272,1.013999999999999,1.013999999999999,0.2448305936218272
1.014999999999999,1.014999999999999,0.2444899262548188,1.014999999999999,1.014999999999999,0.2444899262548188
1.015999999999999,1.015999999999999,0.2441514908077937,1.015999999999999,1.015999999999999,0.2441514908077937
1.016999999999999,1.016999999999999,0.2438152677012385,1.016999999999999,1.016999999999999,0.2438152677012385
1.017999999999999,1.017999999999999,0.2434812374680983,1.017999999999999,1.017999999999999,0.2434812374680983
1.018999999999999,1.018999999999999,0.2431493807544034,1.018999999999999,1.018999999999999,0.2431493807544034
1.019999999999998,1.019999999999998,0.2428196783198291,1.019999999999998,1.019999999999998,0.2428196783198291
1.020999999999998,1.020999999999998,0.2424921110381884,1.020999999999998,1.020999999999998,0.2424921110381884
1.021999999999998,1.021999999999998,0.2421666598978659,1.021999999999998,1.021999999999998,0.2421666598978659
1.022999999999998,1.022999999999998,0.2418433060021908,1.022999999999998,1.022999999999998,0.2418433060021908
1.023999999999998,1.023999999999998,0.2415220305697565,1.023999999999998,1.023999999999998,0.2415220305697565
1.024999999999998,1.024999999999998,0.2412028149346865,1.024999999999998,1.024999999999998,0.2412028149346865
1.025999999999998,1.025999999999998,0.2408856405468546,1.025999999999998,1.025999999999998,0.2408856405468546
1.026999999999998,1.026999999999998,0.2405704889720575,1.026999999999998,1.026999999999998,0.2405704889720575
1.027999999999998,1.027999999999998,0.2402573418921463,1.027999999999998,1.027999999999998,0.2402573418921463
1.028999999999997,1.028999999999997,0.2399461811051214,1.028999999999997,1.028999999999997,0.2399461811051214
1.029999999999997,1.029999999999997,0.2396369885251885,1.029999999999997,1.029999999999997,0.2396369885251885
1.030999999999997,1.030999999999997,0.2393297461827845,1.030999999999997,1.030999999999997,0.2393297461827845
1.031999999999997,1.031999999999997,0.2390244362245758,1.031999999999997,1.031999999999997,0.2390244362245758
1.032999999999997,1.032999999999997,0.2387210409134289,1.032999999999997,1.032999999999997,0.2387210409134289
1.033999999999997,1.033999999999997,0.2384195426283587,1.033999999999997,1.033999999999997,0.2384195426283587
1.034999999999997,1.034999999999997,0.2381199238644581,1.034999999999997,1.034999999999997,0.2381199238644581
1.035999999999997,1.035999999999997,0.2378221672328117,1.035999999999997,1.035999999999997,0.2378221672328117
1.036999999999997,1.036999999999997,0.2375262554603936,1.036999999999997,1.036999999999997,0.2375262554603936
1.037999999999996,1.037999999999996,0.2372321713899589,1.037999999999996,1.037999999999996,0.2372321713899589
1.038999999999996,1.038999999999996,0.2369398979799235,1.038999999999996,1.038999999999996,0.2369398979799235
1.039999999999996,1.039999999999996,0.2366494183042417,1.039999999999996,1.039999999999996,0.2366494183042417
1.040999999999996,1.040999999999996,0.2363607155522824,1.040999999999996,1.040999999999996,0.2363607155522824
1.041999999999996,1.041999999999996,0.2360737730287041,1.041999999999996,1.041999999999996,0.2360737730287041
1.042999999999996,1.042999999999996,0.2357885741533342,1.042999999999996,1.042999999999996,0.2357885741533342
1.043999999999996,1.043999999999996,0.2355051024610572,1.043999999999996,1.043999999999996,0.2355051024610572
1.044999999999996,1.044999999999996,0.2352233416017047,1.044999999999996,1.044999999999996,0.2352233416017047
1.045999999999996,1.045999999999996,0.234943275339965,1.045999999999996,1.045999999999996,0.234943275339965
1.046999999999995,1.046999999999995,0.2346648875552964,1.046999999999995,1.046999999999995,0.2346648875552964
1.047999999999995,1.047999999999995,0.2343881622418647,1.047999999999995,1.047999999999995,0.2343881622418647
1.048999999999995,1.048999999999995,0.2341130835084907,1.048999999999995,1.048999999999995,0.2341130835084907
1.049999999999995,1.049999999999995,0.2338396355786208,1.049999999999995,1.049999999999995,0.2338396355786208
1.050999999999995,1.050999999999995,0.2335678027903169,1.050999999999995,1.050999999999995,0.2335678027903169
1.051999999999995,1.051999999999995,0.2332975695962684,1.051999999999995,1.051999999999995,0.2332975695962684
1.052999999999995,1.052999999999995,0.2330289205638311,1.052999999999995,1.052999999999995,0.2330289205638311
1.053999999999995,1.053999999999995,0.2327618403750839,1.053999999999995,1.053999999999995,0.2327618403750839
1.054999999999995,1.054999999999995,0.2324963138269208,1.054999999999995,1.054999999999995,0.2324963138269208
1.055999999999994,1.055999999999994,0.2322323258311631,1.055999999999994,1.055999999999994,0.2322323258311631
1.056999999999994,1.056999999999994,0.2319698614147017,1.056999999999994,1.056999999999994,0.2319698614147017
1.057999999999994,1.057999999999994,0.2317089057196678,1.057999999999994,1.057999999999994,0.2317089057196678
1.058999999999994,1.058999999999994,0.2314494440036336,1.058999999999994,1.058999999999994,0.2314494440036336
1.059999999999994,1.059999999999994,0.2311914616398365,1.059999999999994,1.059999999999994,0.2311914616398365
1.060999999999994,1.060999999999994,0.2309349441174394,1.060999999999994,1.060999999999994,0.2309349441174394
1.061999999999994,1.061999999999994,0.2306798770418151,1.061999999999994,1.061999999999994,0.2306798770418151
1.062999999999994,1.062999999999994,0.2304262461348572,1.062999999999994,1.062999999999994,0.2304262461348572
1.063999999999994,1.063999999999994,0.2301740372353205,1.063999999999994,1.063999999999994,0.2301740372353205
1.064999999999994,1.064999999999994,0.2299232362991899,1.064999999999994,1.064999999999994,0.2299232362991899
1.065999999999993,1.065999999999993,0.229673829400069,1.065999999999993,1.065999999999993,0.229673829400069
1.066999999999993,1.066999999999993,0.2294258027295962,1.066999999999993,1.066999999999993,0.2294258027295962
1.067999999999993,1.067999999999993,0.2291791425978818,1.067999999999993,1.067999999999993,0.2291791425978818
1.068999999999993,1.068999999999993,0.2289338354339658,1.068999999999993,1.068999999999993,0.2289338354339658
1.069999999999993,1.069999999999993,0.2286898677862934,1.069999999999993,1.069999999999993,0.2286898677862934
1.070999999999993,1.070999999999993,0.2284472263232074,1.070999999999993,1.070999999999993,0.2284472263232074
1.071999999999993,1.071999999999993,0.2282058978334545,1.071999999999993,1.071999999999993,0.2282058978334545
1.072999999999993,1.072999999999993,0.2279658692266992,1.072999999999993,1.072999999999993,0.2279658692266992
1.073999999999993,1.073999999999993,0.2277271275340548,1.073999999999993,1.073999999999993,0.2277271275340548
1.074999999999992,1.074999999999992,0.227489659908609,1.074999999999992,1.074999999999992,0.227489659908609
1.075999999999992,1.075999999999992,0.2272534536259608,1.075999999999992,1.075999999999992,0.2272534536259608
1.076999999999992,1.076999999999992,0.2270184960847513,1.076999999999992,1.076999999999992,0.2270184960847513
1.077999999999992,1.077999999999992,0.2267847748071949,1.077999999999992,1.077999999999992,0.2267847748071949
1.078999999999992,1.078999999999992,0.2265522774395987,1.078999999999992,1.078999999999992,0.2265522774395987
1.079999999999992,1.079999999999992,0.226320991752876,1.079999999999992,1.079999999999992,0.226320991752876
1.080999999999992,1.080999999999992,0.2260909056430417,1.080999999999992,1.080999999999992,0.2260909056430417
1.081999999999992,1.081999999999992,0.2258620071316914,1.081999999999992,1.081999999999992,0.2258620071316914
1.082999999999992,1.082999999999992,0.2256342843664605,1.082999999999992,1.082999999999992,0.2256342843664605
1.083999999999991,1.083999999999991,0.2254077256214578,1.083999999999991,1.083999999999991,0.2254077256214578
1.084999999999991,1.084999999999991,0.2251823192976694,1.084999999999991,1.084999999999991,0.2251823192976694
1.085999999999991,1.085999999999991,0.224958053923334,1.085999999999991,1.085999999999991,0.224958053923334
1.086999999999991,1.086999999999991,0.2247349181542809,1.086999999999991,1.086999999999991,0.2247349181542809
1.087999999999991,1.087999999999991,0.2245129007742294,1.087999999999991,1.087999999999991,0.2245129007742294
1.088999999999991,1.088999999999991,0.2242919906950518,1.088999999999991,1.088999999999991,0.2242919906950518
1.089999999999991,1.089999999999991,0.2240721769569845,1.089999999999991,1.089999999999991,0.2240721769569845
1.090999999999991,1.090999999999991,0.2238534487287983,1.090999999999991,1.090999999999991,0.2238534487287983
1.091999999999991,1.091999999999991,0.2236357953079173,1.091999999999991,1.091999999999991,0.2236357953079173
1.09299999999999,1.09299999999999,0.2234192061204843,1.09299999999999,1.09299999999999,0.2234192061204843
1.09399999999999,1.09399999999999,0.2232036707213729,1.09399999999999,1.09399999999999,0.2232036707213729
1.09499999999999,1.09499999999999,0.2229891787941432,1.09499999999999,1.09499999999999,0.2229891787941432
1.09599999999999,1.09599999999999,0.2227757201509417,1.09599999999999,1.09599999999999,0.2227757201509417
1.09699999999999,1.09699999999999,0.2225632847323372,1.09699999999999,1.09699999999999,0.2225632847323372
1.09799999999999,1.09799999999999,0.2223518626070983,1.09799999999999,1.09799999999999,0.2223518626070983
1.09899999999999,1.09899999999999,0.222141443971912,1.09899999999999,1.09899999999999,0.222141443971912
1.09999999999999,1.09999999999999,0.2219320191510331,1.09999999999999,1.09999999999999,0.2219320191510331
1.10099999999999,1.10099999999999,0.2217235785958779,1.10099999999999,1.10099999999999,0.2217235785958779
1.101999999999989,1.101999999999989,0.2215161128845488,1.101999999999989,1.101999999999989,0.2215161128845488
1.102999999999989,1.102999999999989,0.221309612721302,1.102999999999989,1.102999999999989,0.221309612721302
1.103999999999989,1.103999999999989,0.2211040689359441,1.103999999999989,1.103999999999989,0.2211040689359441
1.104999999999989,1.104999999999989,0.2208994724831763,1.104999999999989,1.104999999999989,0.2208994724831763
1.105999999999989,1.105999999999989,0.2206958144418703,1.105999999999989,1.105999999999989,0.2206958144418703
1.106999999999989,1.106999999999989,0.2204930860142859,1.106999999999989,1.106999999999989,0.2204930860142859
1.107999999999989,1.107999999999989,0.2202912785252325,1.107999999999989,1.107999999999989,0.2202912785252325
1.108999999999989,1.108999999999989,0.2200903834211685,1.108999999999989,1.108999999999989,0.2200903834211685
1.109999999999989,1.109999999999989,0.2198903922692476,1.109999999999989,1.109999999999989,0.2198903922692476
1.110999999999988,1.110999999999988,0.2196912967563129,1.110999999999988,1.110999999999988,0.2196912967563129
1.111999999999988,1.111999999999988,0.2194930886878356,1.111999999999988,1.111999999999988,0.2194930886878356
1.112999999999988,1.112999999999988,0.2192957599868072,1.112999999999988,1.112999999999988,0.2192957599868072
1.113999999999988,1.113999999999988,0.2190993026925827,1.113999999999988,1.113999999999988,0.2190993026925827
1.114999999999988,1.114999999999988,0.2189037089596805,1.114999999999988,1.114999999999988,0.2189037089596805
1.115999999999988,1.115999999999988,0.2187089710565386,1.115999999999988,1.115999999999988,0.2187089710565386
1.116999999999988,1.116999999999988,0.218515081364232,1.116999999999988,1.116999999999988,0.218515081364232
1.117999999999988,1.117999999999988,0.2183220323751527,1.117999999999988,1.117999999999988,0.2183220323751527
1.118999999999988,1.118999999999988,0.2181298166916582,1.118999999999988,1.118999999999988,0.2181298166916582
1.119999999999987,1.119999999999987,0.2179384270246843,1.119999999999987,1.119999999999987,0.2179384270246843
1.120999999999987,1.120999999999987,0.2177478561923327,1.120999999999987,1.120999999999987,0.2177478561923327
1.121999999999987,1.121999999999987,0.2175580971184303,1.121999999999987,1.121999999999987,0.2175580971184303
1.122999999999987,1.122999999999987,0.2173691428310693,1.122999999999987,1.122999999999987,0.2173691428310693
1.123999999999987,1.123999999999987,0.2171809864611235,1.123999999999987,1.123999999999987,0.2171809864611235
1.124999999999987,1.124999999999987,0.2169936212407469,1.124999999999987,1.124999999999987,0.2169936212407469
1.125999999999987,1.125999999999987,0.216807040501862,1.125999999999987,1.125999999999987,0.216807040501862
1.126999999999987,1.126999999999987,0.216621237674631,1.126999999999987,1.126999999999987,0.216621237674631
1.127999999999987,1.127999999999987,0.2164362062859189,1.127999999999987,1.127999999999987,0.2164362062859189
1.128999999999986,1.128999999999986,0.2162519399577519,1.128999999999986,1.128999999999986,0.2162519399577519
1.129999999999986,1.129999999999986,0.2160684324057648,1.129999999999986,1.129999999999986,0.2160684324057648
1.130999999999986,1.130999999999986,0.2158856774376553,1.130999999999986,1.130999999999986,0.2158856774376553
1.131999999999986,1.131999999999986,0.215703668951629,1.131999999999986,1.131999999999986,0.215703668951629
1.132999999999986,1.132999999999986,0.2155224009348502,1.132999999999986,1.132999999999986,0.2155224009348502
1.133999999999986,1.133999999999986,0.2153418674618989,1.133999999999986,1.133999999999986,0.2153418674618989
1.134999999999986,1.134999999999986,0.2151620626932289,1.134999999999986,1.134999999999986,0.2151620626932289
1.135999999999986,1.135999999999986,0.2149829808736355,1.135999999999986,1.135999999999986,0.2149829808736355
1.136999999999986,1.136999999999986,0.2148046163307336,1.136999999999986,1.136999999999986,0.2148046163307336
1.137999999999985,1.137999999999985,0.2146269634734448,1.137999999999985,1.137999999999985,0.2146269634734448
1.138999999999985,1.138999999999985,0.2144500167904985,1.138999999999985,1.138999999999985,0.2144500167904985
1.139999999999985,1.139999999999985,0.214273770848945,1.139999999999985,1.139999999999985,0.214273770848945
1.140999999999985,1.140999999999985,0.2140982202926839,1.140999999999985,1.140999999999985,0.2140982202926839
1.141999999999985,1.141999999999985,0.2139233598410114,1.141999999999985,1.141999999999985,0.2139233598410114
1.142999999999985,1.142999999999985,0.2137491842871784,1.142999999999985,1.142999999999985,0.2137491842871784
1.143999999999985,1.143999999999985,0.2135756884969756,1.143999999999985,1.143999999999985,0.2135756884969756
1.144999999999985,1.144999999999985,0.2134028674073298,1.144999999999985,1.144999999999985,0.2134028674073298
1.145999999999985,1.145999999999985,0.213230716024923,1.145999999999985,1.145999999999985,0.213230716024923
1.146999999999984,1.146999999999984,0.2130592294248337,1.146999999999984,1.146999999999984,0.2130592294248337
1.147999999999984,1.147999999999984,0.2128884027491967,1.147999999999984,1.147999999999984,0.2128884027491967
1.148999999999984,1.148999999999984,0.2127182312058851,1.148999999999984,1.148999999999984,0.2127182312058851
1.149999999999984,1.149999999999984,0.2125487100672163,1.149999999999984,1.149999999999984,0.2125487100672163
1.150999999999984,1.150999999999984,0.2123798346686774,1.150999999999984,1.150999999999984,0.2123798346686774
1.151999999999984,1.151999999999984,0.212211600407676,1.151999999999984,1.151999999999984,0.212211600407676
1.152999999999984,1.152999999999984,0.2120440027423118,1.152999999999984,1.152999999999984,0.2120440027423118
1.153999999999984,1.153999999999984,0.2118770371901739,1.153999999999984,1.153999999999984,0.2118770371901739
1.154999999999984,1.154999999999984,0.211710699327159,1.154999999999984,1.154999999999984,0.211710699327159
1.155999999999983,1.155999999999983,0.2115449847863155,1.155999999999983,1.155999999999983,0.2115449847863155
1.156999999999983,1.156999999999983,0.2113798892567076,1.156999999999983,1.156999999999983,0.2113798892567076
1.157999999999983,1.157999999999983,0.2112154084823059,1.157999999999983,1.157999999999983,0.2112154084823059
1.158999999999983,1.158999999999983,0.2110515382609001,1.158999999999983,1.158999999999983,0.2110515382609001
1.159999999999983,1.159999999999983,0.2108882744430349,1.159999999999983,1.159999999999983,0.2108882744430349
1.160999999999983,1.160999999999983,0.2107256129309697,1.160999999999983,1.160999999999983,0.2107256129309697
1.161999999999983,1.161999999999983,0.2105635496776577,1.161999999999983,1.161999999999983,0.2105635496776577
1.162999999999983,1.162999999999983,0.2104020806857551,1.162999999999983,1.162999999999983,0.2104020806857551
1.163999999999983,1.163999999999983,0.2102412020066433,1.163999999999983,1.163999999999983,0.2102412020066433
1.164999999999982,1.164999999999982,0.2100809097394826,1.164999999999982,1.164999999999982,0.2100809097394826
1.165999999999982,1.165999999999982,0.2099212000302782,1.165999999999982,1.165999999999982,0.2099212000302782
1.166999999999982,1.166999999999982,0.2097620690709786,1.166999999999982,1.166999999999982,0.2097620690709786
1.167999999999982,1.167999999999982,0.209603513098584,1.167999999999982,1.167999999999982,0.209603513098584
1.168999999999982,1.168999999999982,0.2094455283942846,1.168999999999982,1.168999999999982,0.2094455283942846
1.169999999999982,1.169999999999982,0.2092881112826153,1.169999999999982,1.169999999999982,0.2092881112826153
1.170999999999982,1.170999999999982,0.2091312581306305,1.170999999999982,1.170999999999982,0.2091312581306305
1.171999999999982,1.171999999999982,0.2089749653471006,1.171999999999982,1.171999999999982,0.2089749653471006
1.172999999999982,1.172999999999982,0.208819229381726,1.172999999999982,1.172999999999982,0.208819229381726
1.173999999999982,1.173999999999982,0.2086640467243712,1.173999999999982,1.173999999999982,0.2086640467243712
1.174999999999981,1.174999999999981,0.2085094139043184,1.174999999999981,1.174999999999981,0.2085094139043184
1.175999999999981,1.175999999999981,0.2083553274895382,1.175999999999981,1.175999999999981,0.2083553274895382
1.176999999999981,1.176999999999981,0.208201784085977,1.176999999999981,1.176999999999981,0.208201784085977
1.177999999999981,1.177999999999981,0.2080487803368661,1.177999999999981,1.177999999999981,0.2080487803368661
1.178999999999981,1.178999999999981,0.2078963129220428,1.178999999999981,1.178999999999981,0.2078963129220428
1.179999999999981,1.179999999999981,0.2077443785572916,1.179999999999981,1.179999999999981,0.2077443785572916
1.180999999999981,1.180999999999981,0.2075929739937013,1.180999999999981,1.180999999999981,0.2075929739937013
1.181999999999981,1.181999999999981,0.2074420960170356,1.181999999999981,1.181999999999981,0.2074420960170356
1.182999999999981,1.182999999999981,0.2072917414471236,1.182999999999981,1.182999999999981,0.2072917414471236
1.18399999999998,1.18399999999998,0.2071419071372614,1.18399999999998,1.18399999999998,0.2071419071372614
1.18499999999998,1.18499999999998,0.206992589973629,1.18499999999998,1.18499999999998,0.206992589973629
1.18599999999998,1.18599999999998,0.2068437868747255,1.18599999999998,1.18599999999998,0.2068437868747255
1.18699999999998,1.18699999999998,0.2066954947908122,1.18699999999998,1.18699999999998,0.2066954947908122
1.18799999999998,1.18799999999998,0.2065477107033745,1.18799999999998,1.18799999999998,0.2065477107033745
1.18899999999998,1.18899999999998,0.2064004316245945,1.18899999999998,1.18899999999998,0.2064004316245945
1.18999999999998,1.18999999999998,0.2062536545968365,1.18999999999998,1.18999999999998,0.2062536545968365
1.19099999999998,1.19099999999998,0.2061073766921468,1.19099999999998,1.19099999999998,0.2061073766921468
1.19199999999998,1.19199999999998,0.2059615950117637,1.19199999999998,1.19199999999998,0.2059615950117637
1.192999999999979,1.192999999999979,0.2058163066856402,1.192999999999979,1.192999999999979,0.2058163066856402
1.193999999999979,1.193999999999979,0.20567150887198,1.193999999999979,1.193999999999979,0.20567150887198
1.194999999999979,1.194999999999979,0.2055271987567799,1.194999999999979,1.194999999999979,0.2055271987567799
1.195999999999979,1.195999999999979,0.2053833735533895,1.195999999999979,1.195999999999979,0.2053833735533895
1.196999999999979,1.196999999999979,0.2052400305020771,1.196999999999979,1.196999999999979,0.2052400305020771
1.197999999999979,1.197999999999979,0.2050971668696062,1.197999999999979,1.197999999999979,0.2050971668696062
1.198999999999979,1.198999999999979,0.2049547799488245,1.198999999999979,1.198999999999979,0.2049547799488245
1.2,1.2,0.2048128670582576,1.2,1.2,0.2048128670582576
