/blb X,/blb Y,/q X,/q Y,/qb X,/qb Y
1.2,1.2,1.2,0.6313762971543407,1.2,0.6313762971543411
1.199,1.199,1.199,0.6313492353933006,1.199,0.6313916917559178
1.198,1.198,1.198,0.6313216561168553,1.198,0.6314065745303482
1.197,1.197,1.197,0.6312940738617336,1.197,0.6314214600829422
1.196,1.196,1.196,0.6312664885830918,1.196,0.6314363484382539
1.195000000000001,1.195000000000001,1.195000000000001,0.6312389002355538,1.195000000000001,0.6314512396211334
1.194000000000001,1.194000000000001,1.194000000000001,0.6312113087732029,1.194000000000001,0.631466133656729
1.193000000000001,1.193000000000001,1.193000000000001,0.6311837141495746,1.193000000000001,0.631481030570494
1.192000000000001,1.192000000000001,1.192000000000001,0.6311561163176499,1.192000000000001,0.6314959303881879
1.191000000000001,1.191000000000001,1.191000000000001,0.6311285152298461,1.191000000000001,0.6315108331358835
1.190000000000001,1.190000000000001,1.190000000000001,0.6311009108380103,1.190000000000001,0.6315257388399685
1.189000000000001,1.189000000000001,1.189000000000001,0.6310733030934101,1.189000000000001,0.6315406475271532
1.188000000000001,1.188000000000001,1.188000000000001,0.6310456919467277,1.188000000000001,0.6315555592244709
1.187000000000001,1.187000000000001,1.187000000000001,0.6310180773480489,1.187000000000001,0.631570473959286
1.186000000000001,1.186000000000001,1.186000000000001,0.6309904592468566,1.186000000000001,0.6315853917592978
1.185000000000002,1.185000000000002,1.185000000000002,0.6309628375920224,1.185000000000002,0.6316003126525436
1.184000000000002,1.184000000000002,1.184000000000002,0.6309352123317965,1.184000000000002,0.6316152366674052
1.183000000000002,1.183000000000002,1.183000000000002,0.630907583413801,1.183000000000002,0.6316301638326128
1.182000000000002,1.182000000000002,1.182000000000002,0.6308799507850192,1.182000000000002,0.6316450941772505
1.181000000000002,1.181000000000002,1.181000000000002,0.6308523143917877,1.181000000000002,0.6316600277307617
1.180000000000002,1.180000000000002,1.180000000000002,0.630824674179787,1.180000000000002,0.6316749645229521
1.179000000000002,1.179000000000002,1.179000000000002,0.6307970300940304,1.179000000000002,0.6316899045839988
1.178000000000002,1.178000000000002,1.178000000000002,0.6307693820788582,1.178000000000002,0.6317048479444507
1.177000000000002,1.177000000000002,1.177000000000002,0.6307417300779258,1.177000000000002,0.6317197946352374
1.176000000000003,1.176000000000003,1.176000000000003,0.6307140740341926,1.176000000000003,0.6317347446876745
1.175000000000003,1.175000000000003,1.175000000000003,0.6306864138899142,1.175000000000003,0.6317496981334665
1.174000000000003,1.174000000000003,1.174000000000003,0.6306587495866317,1.174000000000003,0.6317646550047157
1.173000000000003,1.173000000000003,1.173000000000003,0.6306310810651623,1.173000000000003,0.631779615333925
1.172000000000003,1.172000000000003,1.172000000000003,0.6306034082655864,1.172000000000003,0.6317945791540055
1.171000000000003,1.171000000000003,1.171000000000003,0.630575731127239,1.171000000000003,0.6318095464982828
1.170000000000003,1.170000000000003,1.170000000000003,0.6305480495886984,1.170000000000003,0.6318245174005013
1.169000000000003,1.169000000000003,1.169000000000003,0.6305203635877756,1.169000000000003,0.631839491894831
1.168000000000003,1.168000000000003,1.168000000000003,0.6304926730615026,1.168000000000003,0.631854470015874
1.167000000000004,1.167000000000004,1.167000000000004,0.6304649779461203,1.167000000000004,0.6318694517986716
1.166000000000004,1.166000000000004,1.166000000000004,0.6304372781770698,1.166000000000004,0.6318844372787077
1.165000000000004,1.165000000000004,1.165000000000004,0.6304095736889759,1.165000000000004,0.631899426491921
1.164000000000004,1.164000000000004,1.164000000000004,0.6303818644156406,1.164000000000004,0.6319144194747035
1.163000000000004,1.163000000000004,1.163000000000004,0.6303541502900276,1.163000000000004,0.631929416263915
1.162000000000004,1.162000000000004,1.162000000000004,0.6303264312442515,1.162000000000004,0.6319444168968851
1.161000000000004,1.161000000000004,1.161000000000004,0.6302987072095634,1.161000000000004,0.6319594214114223
1.160000000000004,1.160000000000004,1.160000000000004,0.6302709781163389,1.160000000000004,0.6319744298458209
1.159000000000004,1.159000000000004,1.159000000000004,0.6302432438940688,1.159000000000004,0.6319894422388666
1.158000000000005,1.158000000000005,1.158000000000005,0.6302155044713389,1.158000000000005,0.6320044586298467
1.157000000000005,1.157000000000005,1.157000000000005,0.6301877597758223,1.157000000000005,0.6320194790585554
1.156000000000005,1.156000000000005,1.156000000000005,0.630160009734265,1.156000000000005,0.6320345035653001
1.155000000000005,1.155000000000005,1.155000000000005,0.6301322542724695,1.155000000000005,0.6320495321909126
1.154000000000005,1.154000000000005,1.154000000000005,0.6301044933152822,1.154000000000005,0.6320645649767558
1.153000000000005,1.153000000000005,1.153000000000005,0.6300767267865801,1.153000000000005,0.6320796019647295
1.152000000000005,1.152000000000005,1.152000000000005,0.630048954609255,1.152000000000005,0.6320946431972803
1.151000000000005,1.151000000000005,1.151000000000005,0.6300211767051985,1.151000000000005,0.6321096887174105
1.150000000000005,1.150000000000005,1.150000000000005,0.6299933929952886,1.150000000000005,0.6321247385686839
1.149000000000006,1.149000000000006,1.149000000000006,0.6299656033993711,1.149000000000006,0.632139792795238
1.148000000000006,1.148000000000006,1.148000000000006,0.6299378078362489,1.148000000000006,0.6321548514417892
1.147000000000006,1.147000000000006,1.147000000000006,0.6299100062236604,1.147000000000006,0.6321699145536441
1.146000000000006,1.146000000000006,1.146000000000006,0.6298821984782692,1.146000000000006,0.6321849821767058
1.145000000000006,1.145000000000006,1.145000000000006,0.6298543845156431,1.145000000000006,0.6322000543574859
1.144000000000006,1.144000000000006,1.144000000000006,0.6298265642502395,1.144000000000006,0.632215131143113
1.143000000000006,1.143000000000006,1.143000000000006,0.6297987375953882,1.143000000000006,0.6322302125813409
1.142000000000006,1.142000000000006,1.142000000000006,0.6297709044632744,1.142000000000006,0.6322452987205585
1.141000000000006,1.141000000000006,1.141000000000006,0.6297430647649205,1.141000000000006,0.6322603896098007
1.140000000000007,1.140000000000007,1.140000000000007,0.629715218410168,1.140000000000007,0.6322754852987582
1.139000000000007,1.139000000000007,1.139000000000007,0.6296873653076601,1.139000000000007,0.6322905858377862
1.138000000000007,1.138000000000007,1.138000000000007,0.6296595053648231,1.138000000000007,0.632305691277917
1.137000000000007,1.137000000000007,1.137000000000007,0.6296316384878481,1.137000000000007,0.6323208016708659
1.136000000000007,1.136000000000007,1.136000000000007,0.6296037645816702,1.136000000000007,0.6323359170690488
1.135000000000007,1.135000000000007,1.135000000000007,0.6295758835499488,1.135000000000007,0.6323510375255886
1.134000000000007,1.134000000000007,1.134000000000007,0.6295479952950516,1.134000000000007,0.6323661630943246
1.133000000000007,1.133000000000007,1.133000000000007,0.6295200997180298,1.133000000000007,0.6323812938298282
1.132000000000007,1.132000000000007,1.132000000000007,0.6294921967185998,1.132000000000007,0.6323964297874118
1.131000000000008,1.131000000000008,1.131000000000008,0.6294642861951223,1.131000000000008,0.6324115710231406
1.130000000000008,1.130000000000008,1.130000000000008,0.6294363680445804,1.130000000000008,0.6324267175938452
1.129000000000008,1.129000000000008,1.129000000000008,0.6294084421625579,1.129000000000008,0.6324418695571324
1.128000000000008,1.128000000000008,1.128000000000008,0.6293805084432174,1.128000000000008,0.6324570269714002
1.127000000000008,1.127000000000008,1.127000000000008,0.6293525667792793,1.127000000000008,0.6324721898958452
1.126000000000008,1.126000000000008,1.126000000000008,0.6293246170619957,1.126000000000008,0.6324873583904816
1.125000000000008,1.125000000000008,1.125000000000008,0.6292966591811312,1.125000000000008,0.6325025325161491
1.124000000000008,1.124000000000008,1.124000000000008,0.6292686930249354,1.124000000000008,0.6325177123345282
1.123000000000008,1.123000000000008,1.123000000000008,0.6292407184801208,1.123000000000008,0.6325328979081553
1.122000000000009,1.122000000000009,1.122000000000009,0.6292127354318385,1.122000000000009,0.6325480893004316
1.121000000000009,1.121000000000009,1.121000000000009,0.6291847437636531,1.121000000000009,0.632563286575642
1.120000000000009,1.120000000000009,1.120000000000009,0.6291567433575164,1.120000000000009,0.6325784897989656
1.119000000000009,1.119000000000009,1.119000000000009,0.6291287340937403,1.119000000000009,0.6325936990364945
1.118000000000009,1.118000000000009,1.118000000000009,0.6291007158509747,1.118000000000009,0.6326089143552428
1.117000000000009,1.117000000000009,1.117000000000009,0.629072688506177,1.117000000000009,0.6326241358231652
1.116000000000009,1.116000000000009,1.116000000000009,0.6290446519345851,1.116000000000009,0.632639363509173
1.115000000000009,1.115000000000009,1.115000000000009,0.6290166060096911,1.115000000000009,0.6326545974831463
1.114000000000009,1.114000000000009,1.114000000000009,0.6289885506032128,1.114000000000009,0.6326698378159514
1.11300000000001,1.11300000000001,1.11300000000001,0.6289604855850619,1.11300000000001,0.632685084579459
1.11200000000001,1.11200000000001,1.11200000000001,0.6289324108233187,1.11200000000001,0.6327003378465573
1.11100000000001,1.11100000000001,1.11100000000001,0.6289043261842002,1.11100000000001,0.6327155976911701
1.11000000000001,1.11000000000001,1.11000000000001,0.6288762315320294,1.11000000000001,0.6327308641882728
1.10900000000001,1.10900000000001,1.10900000000001,0.6288481267292031,1.10900000000001,0.6327461374139139
1.10800000000001,1.10800000000001,1.10800000000001,0.6288200116361644,1.10800000000001,0.6327614174452254
1.10700000000001,1.10700000000001,1.10700000000001,0.6287918861113655,1.10700000000001,0.6327767043604475
1.10600000000001,1.10600000000001,1.10600000000001,0.6287637500112385,1.10600000000001,0.6327919982389423
1.10500000000001,1.10500000000001,1.10500000000001,0.6287356031901599,1.10500000000001,0.6328072991612157
1.104000000000011,1.104000000000011,1.104000000000011,0.6287074455004176,1.104000000000011,0.6328226072089341
1.103000000000011,1.103000000000011,1.103000000000011,0.6286792767921748,1.103000000000011,0.6328379224649453
1.102000000000011,1.102000000000011,1.102000000000011,0.6286510969134366,1.102000000000011,0.6328532450132972
1.101000000000011,1.101000000000011,1.101000000000011,0.628622905710013,1.101000000000011,0.6328685749392577
1.100000000000011,1.100000000000011,1.100000000000011,0.6285947030254818,1.100000000000011,0.6328839123293359
1.099000000000011,1.099000000000011,1.099000000000011,0.6285664887011517,1.099000000000011,0.6328992572713036
1.098000000000011,1.098000000000011,1.098000000000011,0.6285382625760243,1.098000000000011,0.6329146098542143
1.097000000000011,1.097000000000011,1.097000000000011,0.6285100244867549,1.097000000000011,0.6329299701684276
1.096000000000011,1.096000000000011,1.096000000000011,0.6284817742676114,1.096000000000011,0.6329453383056296
1.095000000000012,1.095000000000012,1.095000000000012,0.6284535117504396,1.095000000000012,0.6329607143588539
1.094000000000012,1.094000000000012,1.094000000000012,0.6284252367646141,1.094000000000012,0.6329760984225087
1.093000000000012,1.093000000000012,1.093000000000012,0.6283969491370027,1.093000000000012,0.6329914905923961
1.092000000000012,1.092000000000012,1.092000000000012,0.62836864869192,1.092000000000012,0.6330068909657397
1.091000000000012,1.091000000000012,1.091000000000012,0.6283403352510865,1.091000000000012,0.633022299641204
1.090000000000012,1.090000000000012,1.090000000000012,0.6283120086335832,1.090000000000012,0.6330377167189229
1.089000000000012,1.089000000000012,1.089000000000012,0.6282836686558049,1.089000000000012,0.6330531423005256
1.088000000000012,1.088000000000012,1.088000000000012,0.6282553151314167,1.088000000000012,0.6330685764891579
1.087000000000012,1.087000000000012,1.087000000000012,0.628226947871305,1.087000000000012,0.6330840193895132
1.086000000000013,1.086000000000013,1.086000000000013,0.6281985666835311,1.086000000000013,0.6330994711078554
1.085000000000013,1.085000000000013,1.085000000000013,0.6281701713732808,1.085000000000013,0.6331149317520501
1.084000000000013,1.084000000000013,1.084000000000013,0.6281417617428171,1.084000000000013,0.6331304014315875
1.083000000000013,1.083000000000013,1.083000000000013,0.6281133375914266,1.083000000000013,0.6331458802576146
1.082000000000013,1.082000000000013,1.082000000000013,0.6280848987153688,1.082000000000013,0.6331613683429638
1.081000000000013,1.081000000000013,1.081000000000013,0.6280564449078239,1.081000000000013,0.6331768658021801
1.080000000000013,1.080000000000013,1.080000000000013,0.6280279759588396,1.080000000000013,0.6331923727515517
1.079000000000013,1.079000000000013,1.079000000000013,0.6279994916552737,1.079000000000013,0.6332078893091441
1.078000000000013,1.078000000000013,1.078000000000013,0.6279709917807414,1.078000000000013,0.6332234155948248
1.077000000000014,1.077000000000014,1.077000000000014,0.6279424761155555,1.077000000000014,0.6332389517303015
1.076000000000014,1.076000000000014,1.076000000000014,0.6279139444366698,1.076000000000014,0.633254497839151
1.075000000000014,1.075000000000014,1.075000000000014,0.6278853965176193,1.075000000000014,0.633270054046853
1.074000000000014,1.074000000000014,1.074000000000014,0.6278568321284597,1.074000000000014,0.6332856204808248
1.073000000000014,1.073000000000014,1.073000000000014,0.6278282510357051,1.073000000000014,0.6333011972704552
1.072000000000014,1.072000000000014,1.072000000000014,0.6277996530022674,1.072000000000014,0.6333167845471378
1.071000000000014,1.071000000000014,1.071000000000014,0.6277710377873879,1.071000000000014,0.6333323824443106
1.070000000000014,1.070000000000014,1.070000000000014,0.6277424051465765,1.070000000000014,0.6333479910974892
1.069000000000014,1.069000000000014,1.069000000000014,0.6277137548315407,1.069000000000014,0.633363610644307
1.068000000000014,1.068000000000014,1.068000000000014,0.6276850865901208,1.068000000000014,0.6333792412245495
1.067000000000015,1.067000000000015,1.067000000000015,0.6276564001662178,1.067000000000015,0.6333948829801971
1.066000000000015,1.066000000000015,1.066000000000015,0.6276276952997238,1.066000000000015,0.6334105360554627
1.065000000000015,1.065000000000015,1.065000000000015,0.6275989717264496,1.065000000000015,0.6334262005968324
1.064000000000015,1.064000000000015,1.064000000000015,0.6275702291780504,1.064000000000015,0.6334418767531061
1.063000000000015,1.063000000000015,1.063000000000015,0.6275414673819504,1.063000000000015,0.6334575646754408
1.062000000000015,1.062000000000015,1.062000000000015,0.6275126860612665,1.062000000000015,0.6334732645173935
1.061000000000015,1.061000000000015,1.061000000000015,0.6274838849347282,1.061000000000015,0.6334889764349644
1.060000000000015,1.060000000000015,1.060000000000015,0.627455063716599,1.060000000000015,0.6335047005866422
1.059000000000015,1.059000000000015,1.059000000000015,0.627426222116596,1.059000000000015,0.6335204371334476
1.058000000000016,1.058000000000016,1.058000000000016,0.6273973598398022,1.058000000000016,0.6335361862389853
1.057000000000016,1.057000000000016,1.057000000000016,0.627368476586586,1.057000000000016,0.6335519480694836
1.056000000000016,1.056000000000016,1.056000000000016,0.6273395720525109,1.056000000000016,0.6335677227938511
1.055000000000016,1.055000000000016,1.055000000000016,0.6273106459282488,1.055000000000016,0.633583510583721
1.054000000000016,1.054000000000016,1.054000000000016,0.6272816978994873,1.054000000000016,0.6335993116135042
1.053000000000016,1.053000000000016,1.053000000000016,0.6272527276468408,1.053000000000016,0.6336151260604389
1.052000000000016,1.052000000000016,1.052000000000016,0.6272237348457523,1.052000000000016,0.6336309541046458
1.051000000000016,1.051000000000016,1.051000000000016,0.6271947191664001,1.051000000000016,0.6336467959291793
1.050000000000016,1.050000000000016,1.050000000000016,0.6271656802735962,1.050000000000016,0.633662651720086
1.049000000000017,1.049000000000017,1.049000000000017,0.6271366178266892,1.049000000000017,0.6336785216664567
1.048000000000017,1.048000000000017,1.048000000000017,0.6271075314794607,1.048000000000017,0.6336944059604868
1.047000000000017,1.047000000000017,1.047000000000017,0.6270784208800185,1.047000000000017,0.6337103047975335
1.046000000000017,1.046000000000017,1.046000000000017,0.6270492856706934,1.046000000000017,0.6337262183761762
1.045000000000017,1.045000000000017,1.045000000000017,0.6270201254879264,1.045000000000017,0.6337421468982767
1.044000000000017,1.044000000000017,1.044000000000017,0.6269909399621587,1.044000000000017,0.6337580905690449
1.043000000000017,1.043000000000017,1.043000000000017,0.62696172871772,1.043000000000017,0.6337740495970944
1.042000000000017,1.042000000000017,1.042000000000017,0.6269324913727081,1.042000000000017,0.6337900241945176
1.041000000000017,1.041000000000017,1.041000000000017,0.6269032275388728,1.041000000000017,0.6338060145769463
1.040000000000018,1.040000000000018,1.040000000000018,0.6268739368214943,1.040000000000018,0.6338220209636191
1.039000000000018,1.039000000000018,1.039000000000018,0.6268446188192588,1.039000000000018,0.633838043577454
1.038000000000018,1.038000000000018,1.038000000000018,0.6268152731241321,1.038000000000018,0.6338540826451163
1.037000000000018,1.037000000000018,1.037000000000018,0.6267858993212289,1.037000000000018,0.6338701383970949
1.036000000000018,1.036000000000018,1.036000000000018,0.6267564969886855,1.036000000000018,0.63388621106777
1.035000000000018,1.035000000000018,1.035000000000018,0.6267270656975176,1.035000000000018,0.6339023008954942
1.034000000000018,1.034000000000018,1.034000000000018,0.6266976050114885,1.034000000000018,0.6339184081226675
1.033000000000018,1.033000000000018,1.033000000000018,0.6266681144869654,1.033000000000018,0.6339345329958156
1.032000000000018,1.032000000000018,1.032000000000018,0.6266385936727765,1.032000000000018,0.6339506757656713
1.031000000000019,1.031000000000019,1.031000000000019,0.6266090421100623,1.031000000000019,0.6339668366872585
1.030000000000019,1.030000000000019,1.030000000000019,0.626579459332128,1.030000000000019,0.6339830160199718
1.029000000000019,1.029000000000019,1.029000000000019,0.6265498448642868,1.029000000000019,0.6339992140276673
1.028000000000019,1.028000000000019,1.028000000000019,0.6265201982237054,1.028000000000019,0.6340154309787479
1.027000000000019,1.027000000000019,1.027000000000019,0.6264905189192438,1.027000000000019,0.6340316671462526
1.026000000000019,1.026000000000019,1.026000000000019,0.6264608064512884,1.026000000000019,0.6340479228079507
1.025000000000019,1.025000000000019,1.025000000000019,0.6264310603115874,1.025000000000019,0.6340641982464347
1.024000000000019,1.024000000000019,1.024000000000019,0.6264012799830783,1.024000000000019,0.6340804937492139
1.023000000000019,1.023000000000019,1.023000000000019,0.6263714649397129,1.023000000000019,0.6340968096088171
1.02200000000002,1.02200000000002,1.02200000000002,0.6263416146462789,1.02200000000002,0.6341131461228876
1.02100000000002,1.02100000000002,1.02100000000002,0.6263117285582163,1.02100000000002,0.6341295035942905
1.02000000000002,1.02000000000002,1.02000000000002,0.6262818061214295,1.02000000000002,0.6341458823312145
1.01900000000002,1.01900000000002,1.01900000000002,0.6262518467720994,1.01900000000002,0.6341622826472791
1.01800000000002,1.01800000000002,1.01800000000002,0.6262218499364843,1.01800000000002,0.6341787048616461
1.01700000000002,1.01700000000002,1.01700000000002,0.6261918150307211,1.01700000000002,0.6341951492991303
1.01600000000002,1.01600000000002,1.01600000000002,0.6261617414606219,1.01600000000002,0.6342116162903143
1.01500000000002,1.01500000000002,1.01500000000002,0.6261316286214639,1.01500000000002,0.6342281061716653
1.01400000000002,1.01400000000002,1.01400000000002,0.6261014758977768,1.01400000000002,0.6342446192856552
1.013000000000021,1.013000000000021,1.013000000000021,0.6260712826631218,1.013000000000021,0.6342611559808844
1.012000000000021,1.012000000000021,1.012000000000021,0.6260410482798725,1.012000000000021,0.6342777166122044
1.011000000000021,1.011000000000021,1.011000000000021,0.626010772098981,1.011000000000021,0.6342943015408485
1.010000000000021,1.010000000000021,1.010000000000021,0.6259804534597482,1.010000000000021,0.6343109111345621
1.009000000000021,1.009000000000021,1.009000000000021,0.6259500916895818,1.009000000000021,0.6343275457677368
1.008000000000021,1.008000000000021,1.008000000000021,0.6259196861037548,1.008000000000021,0.6343442058215467
1.007000000000021,1.007000000000021,1.007000000000021,0.6258892360051512,1.007000000000021,0.6343608916840917
1.006000000000021,1.006000000000021,1.006000000000021,0.6258587406840139,1.006000000000021,0.6343776037505374
1.005000000000021,1.005000000000021,1.005000000000021,0.6258281994176801,1.005000000000021,0.634394342423265
1.004000000000022,1.004000000000022,1.004000000000022,0.6257976114703138,1.004000000000022,0.6344111081120211
1.003000000000022,1.003000000000022,1.003000000000022,0.6257669760926349,1.003000000000022,0.6344279012340677
1.002000000000022,1.002000000000022,1.002000000000022,0.6257362925216317,1.002000000000022,0.6344447222143479
1.001000000000022,1.001000000000022,1.001000000000022,0.6257055599802822,1.001000000000022,0.6344615714856383
1.000000000000022,1.000000000000022,1.000000000000022,0.6256747776772542,1.000000000000022,0.63447844948872
0.999000000000022,0.999000000000022,0.999000000000022,0.6256439448066063,0.999000000000022,0.6344953566725442
0.998000000000022,0.998000000000022,0.998000000000022,0.6256130605474831,0.998000000000022,0.6345122934944059
0.997000000000022,0.997000000000022,0.997000000000022,0.6255821240637968,0.997000000000022,0.6345292604201197
0.996000000000022,0.996000000000022,0.996000000000022,0.6255511345039064,0.996000000000022,0.6345462579242037
0.995000000000022,0.995000000000022,0.995000000000022,0.6255200910002879,0.995000000000022,0.634563286490062
0.994000000000022,0.994000000000022,0.994000000000022,0.625488992669198,0.994000000000022,0.634580346610174
0.993000000000022,0.993000000000022,0.993000000000022,0.6254578386103259,0.993000000000022,0.6345974387862917
0.992000000000022,0.992000000000022,0.992000000000022,0.6254266279064432,0.992000000000022,0.6346145635296335
0.991000000000022,0.991000000000022,0.991000000000022,0.6253953596230382,0.991000000000022,0.6346317213610932
0.990000000000022,0.990000000000022,0.990000000000022,0.6253640328079482,0.990000000000022,0.6346489128114442
0.989000000000022,0.989000000000022,0.989000000000022,0.6253326464909772,0.989000000000022,0.6346661384215554
0.988000000000022,0.988000000000022,0.988000000000022,0.6253011996835108,0.988000000000022,0.6346833987426072
0.987000000000022,0.987000000000022,0.987000000000022,0.6252696913781161,0.987000000000022,0.6347006943363172
0.986000000000022,0.986000000000022,0.986000000000022,0.625238120548134,0.986000000000022,0.6347180257751691
0.985000000000022,0.985000000000022,0.985000000000022,0.6252064861472639,0.985000000000022,0.6347353936426454
0.984000000000022,0.984000000000022,0.984000000000022,0.6251747871091353,0.984000000000022,0.6347527985334706
0.983000000000022,0.983000000000022,0.983000000000022,0.6251430223468706,0.983000000000022,0.6347702410538555
0.982000000000022,0.982000000000022,0.982000000000022,0.625111190752636,0.982000000000022,0.6347877218217495
0.981000000000022,0.981000000000022,0.981000000000022,0.6250792911971875,0.981000000000022,0.6348052414670968
0.980000000000022,0.980000000000022,0.980000000000022,0.6250473225293934,0.980000000000022,0.6348228006321064
0.979000000000022,0.979000000000022,0.979000000000022,0.62501528357576,0.979000000000022,0.6348403999715162
0.978000000000022,0.978000000000022,0.978000000000022,0.6249831731399316,0.978000000000022,0.6348580401528779
0.977000000000022,0.977000000000022,0.977000000000022,0.6249509900021948,0.977000000000022,0.6348757218568329
0.976000000000022,0.976000000000022,0.976000000000022,0.6249187329189498,0.976000000000022,0.6348934457774122
0.975000000000022,0.975000000000022,0.975000000000022,0.6248864006221908,0.975000000000022,0.6349112126223284
0.974000000000022,0.974000000000022,0.974000000000022,0.6248539918189567,0.974000000000022,0.6349290231132837
0.973000000000022,0.973000000000022,0.973000000000022,0.6248215051907742,0.973000000000022,0.6349468779862869
0.972000000000022,0.972000000000022,0.972000000000022,0.6247889393930928,0.972000000000022,0.6349647779919688
0.971000000000022,0.971000000000022,0.971000000000022,0.6247562930546963,0.971000000000022,0.6349827238959151
0.970000000000022,0.970000000000022,0.970000000000022,0.6247235647771057,0.970000000000022,0.6350007164790024
0.969000000000022,0.969000000000022,0.969000000000022,0.6246907531339656,0.969000000000022,0.6350187565377454
0.968000000000022,0.968000000000022,0.968000000000022,0.6246578566704172,0.968000000000022,0.6350368448846484
0.967000000000022,0.967000000000022,0.967000000000022,0.6246248739024501,0.967000000000022,0.6350549823485722
0.966000000000022,0.966000000000022,0.966000000000022,0.624591803316247,0.966000000000022,0.6350731697751036
0.965000000000022,0.965000000000022,0.965000000000022,0.6245586433675031,0.965000000000022,0.635091408026939
0.964000000000022,0.964000000000022,0.964000000000022,0.6245253924807354,0.964000000000022,0.6351096979842736
0.9630000000000219,0.9630000000000219,0.9630000000000219,0.6244920490485698,0.9630000000000219,0.6351280405452054
0.9620000000000219,0.9620000000000219,0.9620000000000219,0.6244586114310128,0.9620000000000219,0.6351464366261437
0.9610000000000219,0.9610000000000219,0.9610000000000219,0.6244250779547057,0.9610000000000219,0.6351648871622324
0.9600000000000219,0.9600000000000219,0.9600000000000219,0.6243914469121571,0.9600000000000219,0.6351833931077822
0.9590000000000219,0.9590000000000219,0.9590000000000219,0.6243577165609596,0.9590000000000219,0.6352019554367123
0.9580000000000219,0.9580000000000219,0.9580000000000219,0.6243238851229835,0.9580000000000219,0.6352205751430074
0.9570000000000219,0.9570000000000219,0.9570000000000219,0.6242899507835502,0.9570000000000219,0.6352392532411834
0.9560000000000219,0.9560000000000219,0.9560000000000219,0.6242559116905915,0.9560000000000219,0.6352579907667629
0.9550000000000219,0.9550000000000219,0.9550000000000219,0.624221765953775,0.9550000000000219,0.6352767887767685
0.9540000000000219,0.9540000000000219,0.9540000000000219,0.6241875116436209,0.9540000000000219,0.635295648350223
0.9530000000000219,0.9530000000000219,0.9530000000000219,0.6241531467905845,0.9530000000000219,0.6353145705886685
0.9520000000000219,0.9520000000000219,0.9520000000000219,0.6241186693841239,0.9520000000000219,0.6353335566166921
0.9510000000000219,0.9510000000000219,0.9510000000000219,0.6240840773717408,0.9510000000000219,0.6353526075824688
0.9500000000000219,0.9500000000000219,0.9500000000000219,0.6240493686579939,0.9500000000000219,0.6353717246583205
0.9490000000000219,0.9490000000000219,0.9490000000000219,0.6240145411034934,0.9490000000000219,0.6353909090412835
0.9480000000000219,0.9480000000000219,0.9480000000000219,0.623979592523863,0.9480000000000219,0.6354101619536973
0.9470000000000219,0.9470000000000219,0.9470000000000219,0.6239445206886819,0.9470000000000219,0.6354294846438009
0.9460000000000219,0.9460000000000219,0.9460000000000219,0.623909323320391,0.9460000000000219,0.6354488783863561
0.9450000000000219,0.9450000000000219,0.9450000000000219,0.6238739980931818,0.9450000000000219,0.6354683444832721
0.9440000000000219,0.9440000000000219,0.9440000000000219,0.6238385426318479,0.9440000000000219,0.6354878842642593
0.9430000000000219,0.9430000000000219,0.9430000000000219,0.6238029545106086,0.9430000000000219,0.6355074990874947
0.9420000000000219,0.9420000000000219,0.9420000000000219,0.6237672312519076,0.9420000000000219,0.6355271903403015
0.9410000000000219,0.9410000000000219,0.9410000000000219,0.6237313703251705,0.9410000000000219,0.6355469594398551
0.9400000000000219,0.9400000000000219,0.9400000000000219,0.6236953691455416,0.9400000000000219,0.6355668078338973
0.9390000000000219,0.9390000000000219,0.9390000000000219,0.6236592250725804,0.9390000000000219,0.6355867370014767
0.9380000000000219,0.9380000000000219,0.9380000000000219,0.6236229354089233,0.9380000000000219,0.6356067484537085
0.9370000000000219,0.9370000000000219,0.9370000000000219,0.6235864973989184,0.9370000000000219,0.6356268437345454
0.9360000000000219,0.9360000000000219,0.9360000000000219,0.6235499082272147,0.9360000000000219,0.6356470244215832
0.9350000000000219,0.9350000000000219,0.9350000000000219,0.623513165017323,0.9350000000000219,0.6356672921268727
0.9340000000000219,0.9340000000000219,0.9340000000000219,0.6234762648301346,0.9340000000000219,0.6356876484977643
0.9330000000000219,0.9330000000000219,0.9330000000000219,0.6234392046624013,0.9330000000000219,0.6357080952177693
0.9320000000000219,0.9320000000000219,0.9320000000000219,0.6234019814451788,0.9320000000000219,0.6357286340074445
0.9310000000000219,0.9310000000000219,0.9310000000000219,0.6233645920422263,0.9310000000000219,0.6357492666253017
0.9300000000000219,0.9300000000000219,0.9300000000000219,0.6233270332483641,0.9300000000000219,0.6357699948687404
0.9290000000000219,0.9290000000000219,0.9290000000000219,0.6232893017877913,0.9290000000000219,0.6357908205750065
0.9280000000000219,0.9280000000000219,0.9280000000000219,0.6232513943123554,0.9280000000000219,0.6358117456221722
0.9270000000000219,0.9270000000000219,0.9270000000000219,0.6232133073997813,0.9270000000000219,0.6358327719301473
0.9260000000000219,0.9260000000000219,0.9260000000000219,0.623175037551846,0.9260000000000219,0.6358539014617155
0.9250000000000219,0.9250000000000219,0.9250000000000219,0.6231365811925131,0.9250000000000219,0.6358751362235977
0.9240000000000219,0.9240000000000219,0.9240000000000219,0.6230979346660153,0.9240000000000219,0.635896478267542
0.9230000000000219,0.9230000000000219,0.9230000000000219,0.6230590942348849,0.9230000000000219,0.6359179296914471
0.9220000000000219,0.9220000000000219,0.9220000000000219,0.6230200560779356,0.9220000000000219,0.6359394926405104
0.9210000000000219,0.9210000000000219,0.9210000000000219,0.6229808162881848,0.9210000000000219,0.6359611693084136
0.9200000000000219,0.9200000000000219,0.9200000000000219,0.6229413708707311,0.9200000000000219,0.6359829619385318
0.9190000000000219,0.9190000000000219,0.9190000000000219,0.6229017157405659,0.9190000000000219,0.6360048728251806
0.9180000000000219,0.9180000000000219,0.9180000000000219,0.6228618467203327,0.9180000000000219,0.6360269043148971
0.9170000000000219,0.9170000000000219,0.9170000000000219,0.6228217595380271,0.9170000000000219,0.6360490588077495
0.9160000000000219,0.9160000000000219,0.9160000000000219,0.6227814498246326,0.9160000000000219,0.636071338758688
0.9150000000000219,0.9150000000000219,0.9150000000000219,0.6227409131116983,0.9150000000000219,0.6360937466789285
0.9140000000000219,0.9140000000000219,0.9140000000000219,0.6227001448288485,0.9140000000000219,0.6361162851373739
0.9130000000000219,0.9130000000000219,0.9130000000000219,0.6226591403012297,0.9130000000000219,0.6361389567620751
0.9120000000000219,0.9120000000000219,0.9120000000000219,0.6226178947468906,0.9120000000000219,0.6361617642417271
0.9110000000000219,0.9110000000000219,0.9110000000000219,0.6225764032740874,0.9110000000000219,0.6361847103272107
0.9100000000000219,0.9100000000000219,0.9100000000000219,0.622534660878523,0.9100000000000219,0.6362077978331728
0.9090000000000219,0.9090000000000219,0.9090000000000219,0.6224926624405156,0.9090000000000219,0.6362310296396474
0.9080000000000219,0.9080000000000219,0.9080000000000219,0.622450402722084,0.9080000000000219,0.6362544086937224
0.9070000000000219,0.9070000000000219,0.9070000000000219,0.622407876363963,0.9070000000000219,0.6362779380112517
0.9060000000000219,0.9060000000000219,0.9060000000000219,0.6223650778825397,0.9060000000000219,0.6363016206786103
0.9050000000000219,0.9050000000000219,0.9050000000000219,0.6223220016667056,0.9050000000000219,0.6363254598544993
0.9040000000000219,0.9040000000000219,0.9040000000000219,0.6222786419746271,0.9040000000000219,0.6363494587717989
0.9030000000000219,0.9030000000000219,0.9030000000000219,0.6222349929304335,0.9030000000000219,0.6363736207394681
0.9020000000000219,0.9020000000000219,0.9020000000000219,0.6221910485208164,0.9020000000000219,0.6363979491444988
0.9010000000000219,0.9010000000000219,0.9010000000000219,0.6221468025915364,0.9010000000000219,0.6364224474539208
0.9000000000000219,0.9000000000000219,0.9000000000000219,0.622102248843846,0.9000000000000219,0.6364471192168593
0.8990000000000219,0.8990000000000219,0.8990000000000219,0.622057380830811,0.8990000000000219,0.6364719680666486
0.8980000000000219,0.8980000000000219,0.8980000000000219,0.622012191953538,0.8980000000000219,0.6364969977230045
0.8970000000000219,0.8970000000000219,0.8970000000000219,0.6219666754573078,0.8970000000000219,0.636522211994249
0.8960000000000219,0.8960000000000219,0.8960000000000219,0.6219208244276033,0.8960000000000219,0.6365476147795972
0.8950000000000219,0.8950000000000219,0.8950000000000219,0.6218746317860349,0.8950000000000219,0.6365732100715057
0.8940000000000219,0.8940000000000219,0.8940000000000219,0.6218280902861593,0.8940000000000219,0.6365990019580861
0.8930000000000219,0.8930000000000219,0.8930000000000219,0.6217811925091952,0.8930000000000219,0.6366249946255705
0.8920000000000219,0.8920000000000219,0.8920000000000219,0.6217339308596209,0.8920000000000219,0.6366511923608603
0.8910000000000219,0.8910000000000219,0.8910000000000219,0.6216862975606638,0.8910000000000219,0.6366775995541263
0.8900000000000219,0.8900000000000219,0.8900000000000219,0.6216382846496726,0.8900000000000219,0.6367042207014848
0.8890000000000219,0.8890000000000219,0.8890000000000219,0.6215898839733683,0.8890000000000219,0.6367310604077437
0.8880000000000219,0.8880000000000219,0.8880000000000219,0.6215410871829785,0.8880000000000219,0.6367581233892208
0.8870000000000219,0.8870000000000219,0.8870000000000219,0.6214918857292451,0.8870000000000219,0.6367854144766305
0.8860000000000219,0.8860000000000219,0.8860000000000219,0.6214422708573049,0.8860000000000219,0.6368129386180539
0.8850000000000219,0.8850000000000219,0.8850000000000219,0.62139223360144,0.8850000000000219,0.6368407008819819
0.8840000000000219,0.8840000000000219,0.8840000000000219,0.621341764779703,0.8840000000000219,0.6368687064604331
0.8830000000000219,0.8830000000000219,0.8830000000000219,0.6212908549883958,0.8830000000000219,0.6368969606721626
0.8820000000000219,0.8820000000000219,0.8820000000000219,0.6212394945964208,0.8820000000000219,0.6369254689659425
0.8810000000000219,0.8810000000000219,0.8810000000000219,0.6211876737394864,0.8810000000000219,0.6369542369239339
0.8800000000000219,0.8800000000000219,0.8800000000000219,0.6211353823141715,0.8800000000000219,0.6369832702651403
0.8790000000000219,0.8790000000000219,0.8790000000000219,0.6210826099718438,0.8790000000000219,0.637012574848953
0.8780000000000219,0.8780000000000219,0.8780000000000219,0.6210293461124283,0.8780000000000219,0.6370421566787806
0.8770000000000219,0.8770000000000219,0.8770000000000219,0.6209755798780273,0.8770000000000219,0.6370720219057771
0.8760000000000219,0.8760000000000219,0.8760000000000219,0.620921300146383,0.8760000000000219,0.6371021768326556
0.8750000000000219,0.8750000000000219,0.8750000000000219,0.6208664955241835,0.8750000000000219,0.6371326279176058
0.8740000000000219,0.8740000000000219,0.8740000000000219,0.6208111543402169,0.8740000000000219,0.6371633817782959
0.8730000000000219,0.8730000000000219,0.8730000000000219,0.6207552646383525,0.8730000000000219,0.6371944451959883
0.8720000000000219,0.8720000000000219,0.8720000000000219,0.6206988141703671,0.8720000000000219,0.6372258251197417
0.8710000000000219,0.8710000000000219,0.8710000000000219,0.6206417903885981,0.8710000000000219,0.6372575286707267
0.8700000000000219,0.8700000000000219,0.8700000000000219,0.6205841804384352,0.8700000000000219,0.637289563146634
0.8690000000000219,0.8690000000000219,0.8690000000000219,0.6205259711506322,0.8690000000000219,0.6373219360261999
0.8680000000000219,0.8680000000000219,0.8680000000000219,0.6204671490334543,0.8680000000000219,0.637354654973828
0.8670000000000219,0.8670000000000219,0.8670000000000219,0.620407700264645,0.8670000000000219,0.6373877278443274
0.8660000000000219,0.8660000000000219,0.8660000000000219,0.6203476106832179,0.8660000000000219,0.6374211626877554
0.8650000000000219,0.8650000000000219,0.8650000000000219,0.6202868657810697,0.8650000000000219,0.6374549677543767
0.8640000000000219,0.8640000000000219,0.8640000000000219,0.6202254506944161,0.8640000000000219,0.6374891514997298
0.8630000000000219,0.8630000000000219,0.8630000000000219,0.620163350195043,0.8630000000000219,0.6375237225898122
0.8620000000000219,0.8620000000000219,0.8620000000000219,0.6201005486813777,0.8620000000000219,0.6375586899063777
0.8610000000000219,0.8610000000000219,0.8610000000000219,0.6200370301693784,0.8610000000000219,0.6375940625523516
0.8600000000000219,0.8600000000000219,0.8600000000000219,0.6199727782832366,0.8600000000000219,0.6376298498573627
0.8590000000000219,0.8590000000000219,0.8590000000000219,0.6199077762459038,0.8590000000000219,0.6376660613833909
0.8580000000000219,0.8580000000000219,0.8580000000000219,0.6198420068694245,0.8580000000000219,0.6377027069305373
0.8570000000000219,0.8570000000000219,0.8570000000000219,0.6197754525450992,0.8570000000000219,0.6377397965429074
0.8560000000000219,0.8560000000000219,0.8560000000000219,0.6197080952334528,0.8560000000000219,0.6377773405146201
0.8550000000000219,0.8550000000000219,0.8550000000000219,0.6196399164540333,0.8550000000000219,0.6378153493959299
0.8540000000000219,0.8540000000000219,0.8540000000000219,0.6195708972750255,0.8540000000000219,0.637853833999471
0.8530000000000219,0.8530000000000219,0.8530000000000219,0.6195010183026942,0.8530000000000219,0.6378928054066175
0.8520000000000219,0.8520000000000219,0.8520000000000219,0.6194302596706442,0.8520000000000219,0.6379322749739668
0.8510000000000219,0.8510000000000219,0.8510000000000219,0.6193586010289259,0.8510000000000219,0.6379722543399279
0.8500000000000218,0.8500000000000218,0.8500000000000218,0.6192860215329591,0.8500000000000218,0.6380127554314395
0.8490000000000218,0.8490000000000218,0.8490000000000218,0.6192124998323053,0.8490000000000218,0.6380537904707911
0.8480000000000218,0.8480000000000218,0.8480000000000218,0.619138014059282,0.8480000000000218,0.6380953719825607
0.8470000000000218,0.8470000000000218,0.8470000000000218,0.6190625418174273,0.8470000000000218,0.6381375128006579
0.8460000000000218,0.8460000000000218,0.8460000000000218,0.6189860601698227,0.8460000000000218,0.6381802260754764
0.8450000000000218,0.8450000000000218,0.8450000000000218,0.6189085456272815,0.8450000000000218,0.6382235252811477
0.8440000000000218,0.8440000000000218,0.8440000000000218,0.6188299741364093,0.8440000000000218,0.6382674242228966
0.8430000000000218,0.8430000000000218,0.8430000000000218,0.6187503210675537,0.8430000000000218,0.638311937044485
0.8420000000000218,0.8420000000000218,0.8420000000000218,0.6186695612026465,0.8420000000000218,0.6383570782357507
0.8410000000000218,0.8410000000000218,0.8410000000000218,0.6185876687229515,0.8410000000000218,0.6384028626402323
0.8400000000000218,0.8400000000000218,0.8400000000000218,0.6185046171967404,0.8400000000000218,0.638449305462862
0.8390000000000218,0.8390000000000218,0.8390000000000218,0.6184203795668961,0.8390000000000218,0.6384964222777427
0.8380000000000218,0.8380000000000218,0.8380000000000218,0.6183349281384749,0.8380000000000218,0.6385442290359751
0.8370000000000218,0.8370000000000218,0.8370000000000218,0.6182482345662343,0.8370000000000218,0.6385927420735507
0.8360000000000218,0.8360000000000218,0.8360000000000218,0.6181602698421516,0.8360000000000218,0.6386419781192832
0.8350000000000218,0.8350000000000218,0.8350000000000218,0.6180710042829496,0.8350000000000218,0.63869195430278
0.8340000000000218,0.8340000000000218,0.8340000000000218,0.6179804075176597,0.8340000000000218,0.6387426881624315
0.8330000000000218,0.8330000000000218,0.8330000000000218,0.6178884484752377,0.8330000000000218,0.638794197653418
0.8320000000000218,0.8320000000000218,0.8320000000000218,0.617795095372262,0.8320000000000218,0.6388465011557143
0.8310000000000218,0.8310000000000218,0.8310000000000218,0.6177003157007481,0.8310000000000218,0.6388996174820758
0.8300000000000218,0.8300000000000218,0.8300000000000218,0.6176040762161024,0.8300000000000218,0.6389535658859956
0.8290000000000218,0.8290000000000218,0.8290000000000218,0.6175063429252534,0.8290000000000218,0.639008366069611
0.8280000000000218,0.8280000000000218,0.8280000000000218,0.6174070810749902,0.8280000000000218,0.639064038191548
0.8270000000000218,0.8270000000000218,0.8270000000000218,0.6173062551405557,0.8270000000000218,0.6391206028746729
0.8260000000000218,0.8260000000000218,0.8260000000000218,0.6172038288145227,0.8260000000000218,0.6391780812137453
0.8250000000000218,0.8250000000000218,0.8250000000000218,0.6170997649960122,0.8250000000000218,0.639236494782929
0.8240000000000218,0.8240000000000218,0.8240000000000218,0.6169940257802756,0.8240000000000218,0.6392958656431657
0.8230000000000218,0.8230000000000218,0.8230000000000218,0.6168865724487228,0.8230000000000218,0.639356216349349
0.8220000000000218,0.8220000000000218,0.8220000000000218,0.6167773654594165,0.8220000000000218,0.6394175699573084
0.8210000000000218,0.8210000000000218,0.8210000000000218,0.6166663644381096,0.8210000000000218,0.6394799500305443
0.8200000000000218,0.8200000000000218,0.8200000000000218,0.6165535281698771,0.8200000000000218,0.6395433806466956
0.8190000000000218,0.8190000000000218,0.8190000000000218,0.6164388145914009,0.8190000000000218,0.6396078864037111
0.8180000000000218,0.8180000000000218,0.8180000000000218,0.6163221807839812,0.8180000000000218,0.6396734924256777
0.8170000000000218,0.8170000000000218,0.8170000000000218,0.6162035829673408,0.8170000000000218,0.6397402243682686
0.8160000000000218,0.8160000000000218,0.8160000000000218,0.6160829764942903,0.8160000000000218,0.6398081084237885
0.8150000000000218,0.8150000000000218,0.8150000000000218,0.6159603158463417,0.8150000000000218,0.639877171325747
0.8140000000000218,0.8140000000000218,0.8140000000000218,0.6158355546303418,0.8140000000000218,0.6399474403529379
0.8130000000000218,0.8130000000000218,0.8130000000000218,0.6157086455762136,0.8130000000000218,0.6400189433329674
0.8120000000000218,0.8120000000000218,0.8120000000000218,0.6155795405358973,0.8120000000000218,0.6400917086451828
0.8110000000000218,0.8110000000000218,0.8110000000000218,0.6154481904835778,0.8110000000000218,0.6401657652229531
0.8100000000000218,0.8100000000000218,0.8100000000000218,0.6153145455173041,0.8100000000000218,0.64024114255524
0.8090000000000218,0.8090000000000218,0.8090000000000218,0.6151785548620885,0.8090000000000218,0.6403178706874154
0.8080000000000218,0.8080000000000218,0.8080000000000218,0.6150401668746027,0.8080000000000218,0.6403959802212537
0.8070000000000218,0.8070000000000218,0.8070000000000218,0.6148993290495739,0.8070000000000218,0.6404755023140414
0.8060000000000218,0.8060000000000218,0.8060000000000218,0.6147559880279887,0.8060000000000218,0.6405564686767479
0.8050000000000218,0.8050000000000218,0.8050000000000218,0.6146100896072318,0.8050000000000218,0.6406389115711723
0.8040000000000218,0.8040000000000218,0.8040000000000218,0.614461578753263,0.8040000000000218,0.6407228638060239
0.8030000000000218,0.8030000000000218,0.8030000000000218,0.6143103996149697,0.8030000000000218,0.6408083587318393
0.8020000000000218,0.8020000000000218,0.8020000000000218,0.6141564955408049,0.8020000000000218,0.6408954302346838
0.8010000000000218,0.8010000000000218,0.8010000000000218,0.6139998090978519,0.8010000000000218,0.6409841127285483
0.8000000000000218,0.8000000000000218,0.8000000000000218,0.6138402820934333,0.8000000000000218,0.641074441146375
0.7990000000000218,0.7990000000000218,0.7990000000000218,0.6136778555993976,0.7990000000000218,0.6411664509296308
0.7980000000000218,0.7980000000000218,0.7980000000000218,0.613512469979218,0.7980000000000218,0.641260178016346
0.7970000000000218,0.7970000000000218,0.7970000000000218,0.6133440649180314,0.7970000000000218,0.6413556588275472
0.7960000000000218,0.7960000000000218,0.7960000000000218,0.6131725794557439,0.7960000000000218,0.6414529302519966
0.7950000000000218,0.7950000000000218,0.7950000000000218,0.6129979520233418,0.7950000000000218,0.6415520296291628
0.7940000000000218,0.7940000000000218,0.7940000000000218,0.6128201204825229,0.7940000000000218,0.6416529947303439
0.7930000000000218,0.7930000000000218,0.7930000000000218,0.6126390221687802,0.7930000000000218,0.6417558637378594
0.7920000000000218,0.7920000000000218,0.7920000000000218,0.6124545939380509,0.7920000000000218,0.6418606752222434
0.7910000000000218,0.7910000000000218,0.7910000000000218,0.6122667722170398,0.7910000000000218,0.6419674681173611
0.7900000000000218,0.7900000000000218,0.7900000000000218,0.6120754930573344,0.7900000000000218,0.6420762816933718
0.7890000000000218,0.7890000000000218,0.7890000000000218,0.6118806921933856,0.7890000000000218,0.6421871555274902
0.7880000000000218,0.7880000000000218,0.7880000000000218,0.61168230510446,0.7880000000000218,0.6423001294724625
0.7870000000000218,0.7870000000000218,0.7870000000000218,0.6114802670806202,0.7870000000000218,0.6424152436227208
0.7860000000000218,0.7860000000000218,0.7860000000000218,0.6112745132927947,0.7860000000000218,0.6425325382781605
0.7850000000000218,0.7850000000000218,0.7850000000000218,0.6110649788669836,0.7850000000000218,0.6426520539054951
0.7840000000000218,0.7840000000000218,0.7840000000000218,0.610851598962604,0.7840000000000218,0.6427738310971796
0.7830000000000218,0.7830000000000218,0.7830000000000218,0.6106343088549933,0.7830000000000218,0.6428979105278614
0.7820000000000218,0.7820000000000218,0.7820000000000218,0.6104130440220352,0.7820000000000218,0.6430243329083675
0.7810000000000218,0.7810000000000218,0.7810000000000218,0.610187740234851,0.7810000000000218,0.6431531389372336
0.7800000000000218,0.7800000000000218,0.7800000000000218,0.6099583336524879,0.7800000000000218,0.643284369249803
0.7790000000000218,0.7790000000000218,0.7790000000000218,0.609724760920479,0.7790000000000218,0.6434180643649294
0.7780000000000218,0.7780000000000218,0.7780000000000218,0.6094869592731281,0.7780000000000218,0.6435542646293632
0.7770000000000218,0.7770000000000218,0.7770000000000218,0.609244866639339,0.7770000000000218,0.6436930101598768
0.7760000000000218,0.7760000000000218,0.7760000000000218,0.608998421751742,0.7760000000000218,0.6438343407832725
0.7750000000000218,0.7750000000000218,0.7750000000000218,0.6087475642588649,0.7750000000000218,0.6439782959743696
0.7740000000000218,0.7740000000000218,0.7740000000000218,0.6084922348400157,0.7740000000000218,0.6441249147921504
0.7730000000000218,0.7730000000000218,0.7730000000000218,0.608232375322511,0.7730000000000218,0.6442742358142433
0.7720000000000218,0.7720000000000218,0.7720000000000218,0.6079679288008271,0.7720000000000218,0.6444262970699627
0.7710000000000218,0.7710000000000218,0.7710000000000218,0.6076988397572101,0.7710000000000218,0.6445811359721445
0.7700000000000218,0.7700000000000218,0.7700000000000218,0.6074250541831959,0.7700000000000218,0.6447387892480717
0.7690000000000218,0.7690000000000218,0.7690000000000218,0.6071465197014783,0.7690000000000218,0.6448992928697893
0.7680000000000218,0.7680000000000218,0.7680000000000218,0.6068631856874698,0.7680000000000218,0.6450626819841556
0.7670000000000218,0.7670000000000218,0.7670000000000218,0.606575003389859,0.7670000000000218,0.6452289908430262
0.7660000000000218,0.7660000000000218,0.7660000000000218,0.6062819260494265,0.7660000000000218,0.6453982527339632
0.7650000000000218,0.7650000000000218,0.7650000000000218,0.6059839090153087,0.7650000000000218,0.6455704999119244
0.7640000000000218,0.7640000000000218,0.7640000000000218,0.6056809098578594,0.7640000000000218,0.645745763532415
0.7630000000000218,0.7630000000000218,0.7630000000000218,0.6053728884772331,0.7630000000000218,0.6459240735865894
0.7620000000000218,0.7620000000000218,0.7620000000000218,0.6050598072067437,0.7620000000000218,0.6461054588388545
0.7610000000000218,0.7610000000000218,0.7610000000000218,0.6047416309100609,0.7610000000000218,0.6462899467675025
0.7600000000000218,0.7600000000000218,0.7600000000000218,0.6044183270712707,0.7600000000000218,0.6464775635089447
0.7590000000000218,0.7590000000000218,0.7590000000000218,0.6040898658768177,0.7590000000000218,0.6466683338061233
0.7580000000000218,0.7580000000000218,0.7580000000000218,0.6037562202883625,0.7580000000000218,0.6468622809616728
0.7570000000000218,0.7570000000000218,0.7570000000000218,0.6034173661056111,0.7570000000000218,0.6470594267963916
0.7560000000000218,0.7560000000000218,0.7560000000000218,0.6030732820182101,0.7560000000000218,0.6472597916135772
0.7550000000000218,0.7550000000000218,0.7550000000000218,0.6027239496458502,0.7550000000000218,0.6474633941697527
0.7540000000000218,0.7540000000000218,0.7540000000000218,0.6023693535658173,0.7540000000000218,0.6476702516522568
0.7530000000000218,0.7530000000000218,0.7530000000000218,0.6020094813273128,0.7530000000000218,0.6478803796641353
0.7520000000000218,0.7520000000000218,0.7520000000000218,0.6016443234519835,0.7520000000000218,0.6480937922167095
0.7510000000000218,0.7510000000000218,0.7510000000000218,0.6012738734202575,0.7510000000000218,0.6483105017300986
0.7500000000000218,0.7500000000000218,0.7500000000000218,0.6008981276432118,0.7500000000000218,0.6485305190419225
0.7490000000000218,0.7490000000000218,0.7490000000000218,0.6005170854199092,0.7490000000000218,0.6487538534242732
0.7480000000000218,0.7480000000000218,0.7480000000000218,0.6001307488803103,0.7480000000000218,0.6489805126089595
0.7470000000000218,0.7470000000000218,0.7470000000000218,0.599739122914077,0.7470000000000218,0.6492105028209075
0.7460000000000218,0.7460000000000218,0.7460000000000218,0.5993422150858158,0.7460000000000218,0.6494438288194618
0.7450000000000218,0.7450000000000218,0.7450000000000218,0.5989400355375043,0.7450000000000218,0.6496804939472175
0.7440000000000218,0.7440000000000218,0.7440000000000218,0.5985325968790763,0.7440000000000218,0.6499205001858838
0.7430000000000218,0.7430000000000218,0.7430000000000218,0.5981199140683534,0.7430000000000218,0.6501638482185426
0.7420000000000218,0.7420000000000218,0.7420000000000218,0.5977020042816852,0.7420000000000218,0.6504105374975646
0.7410000000000218,0.7410000000000218,0.7410000000000218,0.5972788867768585,0.7410000000000218,0.6506605663173262
0.7400000000000218,0.7400000000000218,0.7400000000000218,0.5968505827499482,0.7400000000000218,0.6509139318907941
0.7390000000000218,0.7390000000000218,0.7390000000000218,0.5964171151879252,0.7390000000000218,0.6511706304289496
0.7380000000000217,0.7380000000000217,0.7380000000000217,0.5959785087188645,0.7380000000000217,0.6514306572220093
0.7370000000000217,0.7370000000000217,0.7370000000000217,0.595534789461641,0.7370000000000217,0.6516940067213562
0.7360000000000217,0.7360000000000217,0.7360000000000217,0.5950859848769594,0.7360000000000217,0.6519606726211126
0.7350000000000217,0.7350000000000217,0.7350000000000217,0.594632123621489,0.7350000000000217,0.652230647938318
0.7340000000000217,0.7340000000000217,0.7340000000000217,0.5941732354067233,0.7340000000000217,0.6525039250907603
0.7330000000000217,0.7330000000000217,0.7330000000000217,0.5937093508640376,0.7330000000000217,0.6527804959715798
0.7320000000000217,0.7320000000000217,0.7320000000000217,0.5932405014171491,0.7320000000000217,0.6530603520199258
0.7310000000000217,0.7310000000000217,0.7310000000000217,0.5927667191629634,0.7310000000000217,0.6533434842870538
0.7300000000000217,0.7300000000000217,0.7300000000000217,0.5922880367614838,0.7300000000000217,0.6536298834974447
0.7290000000000217,0.7290000000000217,0.7290000000000217,0.5918044873351455,0.7290000000000217,0.6539195401047005
0.7280000000000217,0.7280000000000217,0.7280000000000217,0.5913161043776366,0.7280000000000217,0.6542124443421488
0.7270000000000217,0.7270000000000217,0.7270000000000217,0.5908229216719614,0.7270000000000217,0.6545085862682664
0.7260000000000217,0.7260000000000217,0.7260000000000217,0.5903249732171797,0.7260000000000217,0.6548079558072381
0.7250000000000217,0.7250000000000217,0.7250000000000217,0.5898222931630297,0.7250000000000217,0.6551105427850834
0.7240000000000217,0.7240000000000217,0.7240000000000217,0.589314915751367,0.7240000000000217,0.6554163369619738
0.7230000000000217,0.7230000000000217,0.7230000000000217,0.5888028752631991,0.7230000000000217,0.6557253280614455
0.7220000000000217,0.7220000000000217,0.7220000000000217,0.5882862059699309,0.7220000000000217,0.6560375057973268
0.7210000000000217,0.7210000000000217,0.7210000000000217,0.5877649420873587,0.7210000000000217,0.6563528598992479
0.7200000000000217,0.7200000000000217,0.7200000000000217,0.5872391177309249,0.7200000000000217,0.6566713801376254
0.7190000000000217,0.7190000000000217,0.7190000000000217,0.5867087668707456,0.7190000000000217,0.6569930563490297
0.7180000000000217,0.7180000000000217,0.7180000000000217,0.5861739232850124,0.7180000000000217,0.6573178784627849
0.7170000000000217,0.7170000000000217,0.7170000000000217,0.5856346205104764,0.7170000000000217,0.6576458365296063
0.7160000000000217,0.7160000000000217,0.7160000000000217,0.5850908917888628,0.7160000000000217,0.6579769207530018
0.7150000000000217,0.7150000000000217,0.7150000000000217,0.5845427700082644,0.7150000000000217,0.6583111215240395
0.7140000000000217,0.7140000000000217,0.7140000000000217,0.5839902876387565,0.7140000000000217,0.6586484294599869
0.7130000000000217,0.7130000000000217,0.7130000000000217,0.5834334766616988,0.7130000000000217,0.6589888354471856
0.7120000000000217,0.7120000000000217,0.7120000000000217,0.5828723684923978,0.7120000000000217,0.659332330688406
0.7110000000000217,0.7110000000000217,0.7110000000000217,0.5823069938960656,0.7110000000000217,0.6596789067547628
0.7100000000000217,0.7100000000000217,0.7100000000000217,0.5817373828971704,0.7100000000000217,0.6600285556421934
0.7090000000000217,0.7090000000000217,0.7090000000000217,0.5811635646825323,0.7090000000000217,0.6603812698323152
0.7080000000000217,0.7080000000000217,0.7080000000000217,0.5805855674986468,0.7080000000000217,0.6607370423574243
0.7070000000000217,0.7070000000000217,0.7070000000000217,0.5800034185439297,0.7070000000000217,0.6610958668692426
0.7060000000000217,0.7060000000000217,0.7060000000000217,0.579417143856675,0.7060000000000217,0.6614577377109734
0.7050000000000217,0.7050000000000217,0.7050000000000217,0.5788267681996508,0.7050000000000217,0.6618226499921265
0.7040000000000217,0.7040000000000217,0.7040000000000217,0.5782323149423421,0.7040000000000217,0.6621905996655215
0.7030000000000217,0.7030000000000217,0.7030000000000217,0.5776338059419137,0.7030000000000217,0.6625615836058301
0.7020000000000217,0.7020000000000217,0.7020000000000217,0.5770312614240009,0.7020000000000217,0.6629355996889866
0.7010000000000217,0.7010000000000217,0.7010000000000217,0.5764246998644723,0.7010000000000217,0.6633126468717729
0.7000000000000217,0.7000000000000217,0.7000000000000217,0.5758141378732972,0.7000000000000217,0.6636927252708728
0.6990000000000217,0.6990000000000217,0.6990000000000217,0.5751995900816459,0.6990000000000217,0.6640758362406938
0.6980000000000217,0.6980000000000217,0.6980000000000217,0.5745810690333282,0.6980000000000217,0.6644619824492554
0.6970000000000217,0.6970000000000217,0.6970000000000217,0.5739585850816372,0.6970000000000217,0.6648511679514619
0.6960000000000217,0.6960000000000217,0.6960000000000217,0.5733321462926323,0.6960000000000217,0.6652433982590809
0.6950000000000217,0.6950000000000217,0.6950000000000217,0.5727017583558363,0.6950000000000217,0.665638680406798
0.6940000000000217,0.6940000000000217,0.6940000000000217,0.5720674245032973,0.6940000000000217,0.6660370230136957
0.6930000000000217,0.6930000000000217,0.6930000000000217,0.5714291454379063,0.6930000000000217,0.6664384363395647
0.6920000000000217,0.6920000000000217,0.6920000000000217,0.5707869192718147,0.6920000000000217,0.6668429323354529
0.6910000000000217,0.6910000000000217,0.6910000000000217,0.570140741475778,0.6910000000000217,0.6672505246878797
0.6900000000000217,0.6900000000000217,0.6900000000000217,0.569490604840206,0.6900000000000217,0.6676612288561502
0.6890000000000217,0.6890000000000217,0.6890000000000217,0.5688364994486758,0.6890000000000217,0.6680750621022223
0.6880000000000217,0.6880000000000217,0.6880000000000217,0.5681784126646598,0.6880000000000217,0.668492043512574
0.6870000000000217,0.6870000000000217,0.6870000000000217,0.5675163291322125,0.6870000000000217,0.6689121940115053
0.6860000000000217,0.6860000000000217,0.6860000000000217,0.566850230791358,0.6860000000000217,0.6693355363653212
0.6850000000000217,0.6850000000000217,0.6850000000000217,0.566180096908953,0.6850000000000217,0.6697620951767973
0.6840000000000217,0.6840000000000217,0.6840000000000217,0.565505904125812,0.6840000000000217,0.670191896869323
0.6830000000000217,0.6830000000000217,0.6830000000000217,0.5648276265209333,0.6830000000000217,0.6706249696600772
0.6820000000000217,0.6820000000000217,0.6820000000000217,0.5641452356937114,0.6820000000000217,0.6710613435215411
0.6810000000000217,0.6810000000000217,0.6810000000000217,0.5634587008650882,0.6810000000000217,0.6715010501306153
0.6800000000000217,0.6800000000000217,0.6800000000000217,0.5627679889986524,0.6800000000000217,0.6719441228045542
0.6790000000000217,0.6790000000000217,0.6790000000000217,0.5620730649428184,0.6790000000000217,0.6723905964228382
0.6780000000000217,0.6780000000000217,0.6780000000000217,0.5613738915952741,0.6780000000000217,0.6728405073340559
0.6770000000000217,0.6770000000000217,0.6770000000000217,0.5606704300910015,0.6770000000000217,0.6732938932467979
0.6760000000000217,0.6760000000000217,0.6760000000000217,0.559962640015317,0.6760000000000217,0.6737507931034213
0.6750000000000217,0.6750000000000217,0.6750000000000217,0.5592504796434599,0.6750000000000217,0.6742112469355134
0.6740000000000217,0.6740000000000217,0.6740000000000217,0.5585339062084215,0.6740000000000217,0.6746752956997351
0.6730000000000217,0.6730000000000217,0.6730000000000217,0.557812876198311,0.6730000000000217,0.6751429810929717
0.6720000000000217,0.6720000000000217,0.6720000000000217,0.55708734567577,0.6720000000000217,0.6756143453514106
0.6710000000000217,0.6710000000000217,0.6710000000000217,0.5563572705996521,0.6710000000000217,0.6760894310462356
0.6700000000000217,0.6700000000000217,0.6700000000000217,0.5556226071388837,0.6700000000000217,0.676568280882457
0.6690000000000217,0.6690000000000217,0.6690000000000217,0.554883311977926,0.6690000000000217,0.6770509375012721
0.6680000000000217,0.6680000000000217,0.6680000000000217,0.5541393426139558,0.6680000000000217,0.6775374432859101
0.6670000000000217,0.6670000000000217,0.6670000000000217,0.5533906576458296,0.6670000000000217,0.6780278401709309
0.6660000000000217,0.6660000000000217,0.6660000000000217,0.5526372170548143,0.6660000000000217,0.67852216945502
0.6650000000000217,0.6650000000000217,0.6650000000000217,0.5518789824770343,0.6650000000000217,0.6790204716173293
0.6640000000000217,0.6640000000000217,0.6640000000000217,0.5511159174674828,0.6640000000000217,0.6795227861374903
0.6630000000000217,0.6630000000000217,0.6630000000000217,0.5503479877554105,0.6630000000000217,0.6800291513194497
0.6620000000000217,0.6620000000000217,0.6620000000000217,0.5495751614908034,0.6620000000000217,0.6805396041193427
0.6610000000000217,0.6610000000000217,0.6610000000000217,0.5487974094816237,0.6610000000000217,0.6810541799776587
0.6600000000000217,0.6600000000000217,0.6600000000000217,0.5480147054214083,0.6600000000000217,0.6815729126559923
0.6590000000000217,0.6590000000000217,0.6590000000000217,0.5472270261067662,0.6590000000000217,0.6820958340787383
0.6580000000000217,0.6580000000000217,0.6580000000000217,0.5464343516442821,0.6580000000000217,0.6826229741800894
0.6570000000000217,0.6570000000000217,0.6570000000000217,0.5456366656462808,0.6570000000000217,0.6831543607567638
0.6560000000000217,0.6560000000000217,0.6560000000000217,0.5448339554149076,0.6560000000000217,0.6836900193268761
0.6550000000000217,0.6550000000000217,0.6550000000000217,0.5440262121139671,0.6550000000000217,0.6842299729953913
0.6540000000000217,0.6540000000000217,0.6540000000000217,0.5432134309279871,0.6540000000000217,0.6847742423265935
0.6530000000000217,0.6530000000000217,0.6530000000000217,0.5423956112080185,0.6530000000000217,0.6853228452239702
0.6520000000000217,0.6520000000000217,0.6520000000000217,0.5415727566037543,0.6520000000000217,0.6858757968178851
0.6510000000000217,0.6510000000000217,0.6510000000000217,0.5407448751816494,0.6510000000000217,0.6864331093613393
0.6500000000000217,0.6500000000000217,0.6500000000000217,0.5399119795288467,0.6500000000000217,0.6869947921340572
0.6490000000000217,0.6490000000000217,0.6490000000000217,0.5390740868428888,0.6490000000000217,0.6875608513550076
0.6480000000000217,0.6480000000000217,0.6480000000000217,0.5382312190073776,0.6480000000000217,0.688131290103364
0.6470000000000217,0.6470000000000217,0.6470000000000217,0.5373834026539713,0.6470000000000217,0.6887061082477436
0.6460000000000217,0.6460000000000217,0.6460000000000217,0.5365306692113575,0.6460000000000217,0.6892853023834011
0.6450000000000217,0.6450000000000217,0.6450000000000217,0.5356730549420932,0.6450000000000217,0.6898688657768872
0.6440000000000217,0.6440000000000217,0.6440000000000217,0.5348106009685145,0.6440000000000217,0.6904567883174362
0.6430000000000217,0.6430000000000217,0.6430000000000217,0.533943353289164,0.6430000000000217,0.6910490564742087
0.6420000000000217,0.6420000000000217,0.6420000000000217,0.5330713627874544,0.6420000000000217,0.6916456532582862
0.6410000000000217,0.6410000000000217,0.6410000000000217,0.5321946852345443,0.6410000000000217,0.6922465581881425
0.6400000000000217,0.6400000000000217,0.6400000000000217,0.531313381288551,0.6400000000000217,0.6928517472571833
0.6390000000000217,0.6390000000000217,0.6390000000000217,0.5304275164923599,0.6390000000000217,0.6934611929018505
0.6380000000000217,0.6380000000000217,0.6380000000000217,0.5295371612723071,0.6380000000000217,0.6940748639687314
0.6370000000000217,0.6370000000000217,0.6370000000000217,0.5286423909399216,0.6370000000000217,0.6946927256791737
0.6360000000000217,0.6360000000000217,0.6360000000000217,0.5277432856986927,0.6360000000000217,0.695314739590027
0.6350000000000217,0.6350000000000217,0.6350000000000217,0.5268399306574659,0.6350000000000217,0.6959408635493646
0.6340000000000217,0.6340000000000217,0.6340000000000217,0.5259324158515688,0.6340000000000217,0.696571051646371
0.6330000000000217,0.6330000000000217,0.6330000000000217,0.5250208362720542,0.6330000000000217,0.6972052541550695
0.6320000000000217,0.6320000000000217,0.6320000000000217,0.5241052919026803,0.6320000000000217,0.6978434174720942
0.6310000000000217,0.6310000000000217,0.6310000000000217,0.5231858877632578,0.6310000000000217,0.6984854840493963
0.6300000000000217,0.6300000000000217,0.6300000000000217,0.5222627339569548,0.6300000000000217,0.6991313923235362
0.6290000000000217,0.6290000000000217,0.6290000000000217,0.5213359457180362,0.6290000000000217,0.699781076644003
0.6280000000000217,0.6280000000000217,0.6280000000000217,0.5204056434554001,0.6280000000000217,0.7004344672038284
0.6270000000000217,0.6270000000000217,0.6270000000000217,0.5194719527861901,0.6270000000000217,0.7010914899765872
0.6260000000000217,0.6260000000000217,0.6260000000000217,0.5185350045528477,0.6260000000000217,0.7017520666645694
0.6250000000000216,0.6250000000000216,0.6250000000000216,0.5175949348161748,0.6250000000000216,0.7024161146635562
0.6240000000000216,0.6240000000000216,0.6240000000000216,0.516651884816515,0.6240000000000216,0.7030835470500402
0.6230000000000216,0.6230000000000216,0.6230000000000216,0.5157060008949624,0.6230000000000216,0.7037542725969587
0.6220000000000216,0.6220000000000216,0.6220000000000216,0.5147574343666816,0.6220000000000216,0.7044281958239862
0.6210000000000216,0.6210000000000216,0.6210000000000216,0.5138063413390166,0.6210000000000216,0.7051052170880949
0.6200000000000216,0.6200000000000216,0.6200000000000216,0.512852882467992,0.6200000000000216,0.705785232719514
0.6190000000000216,0.6190000000000216,0.6190000000000216,0.5118972226481825,0.6190000000000216,0.706468135207325
0.6180000000000216,0.6180000000000216,0.6180000000000216,0.5109395306325596,0.6180000000000216,0.7071538134378113
0.6170000000000216,0.6170000000000216,0.6170000000000216,0.5099799785808878,0.6170000000000216,0.7078421529873138
0.6160000000000216,0.6160000000000216,0.6160000000000216,0.5090187415373311,0.6160000000000216,0.7085330364698661
0.6150000000000216,0.6150000000000216,0.6150000000000216,0.5080559968401362,0.6150000000000216,0.709226343938287
0.6140000000000216,0.6140000000000216,0.6140000000000216,0.5070919234684436,0.6140000000000216,0.7099219533357904
0.6130000000000216,0.6130000000000216,0.6130000000000216,0.5061267013333034,0.6130000000000216,0.7106197409936625
0.6120000000000216,0.6120000000000216,0.6120000000000216,0.5051605105218224,0.6120000000000216,0.7113195821691339
0.6110000000000216,0.6110000000000216,0.6110000000000216,0.5041935305048932,0.6110000000000216,0.7120213516163391
0.6100000000000216,0.6100000000000216,0.6100000000000216,0.5032259393201013,0.6100000000000216,0.7127249241823389
0.6090000000000216,0.6090000000000216,0.6090000000000216,0.5022579127421865,0.6090000000000216,0.7134301754194378
0.6080000000000216,0.6080000000000216,0.6080000000000216,0.5012896234537469,0.6080000000000216,0.7141369822046736
0.6070000000000216,0.6070000000000216,0.6070000000000216,0.5003212402287902,0.6070000000000216,0.7148452233572705
0.6060000000000216,0.6060000000000216,0.6060000000000216,0.499352927141275,0.6060000000000216,0.7155547802450046
0.6050000000000216,0.6050000000000216,0.6050000000000216,0.4983848428099287,0.6050000000000216,0.7162655373709632
0.6040000000000216,0.6040000000000216,0.6040000000000216,0.497417139689537,0.6040000000000216,0.7169773829327951
0.6030000000000216,0.6030000000000216,0.6030000000000216,0.4964499634175253,0.6030000000000216,0.7176902093474857
0.6020000000000216,0.6020000000000216,0.6020000000000216,0.4954834522231712,0.6020000000000216,0.7184039137356429
0.6010000000000216,0.6010000000000216,0.6010000000000216,0.4945177364051548,0.6010000000000216,0.7191183983604309
0.6000000000000216,0.6000000000000216,0.6000000000000216,0.493552937881554,0.6000000000000216,0.7198335710173899
0.5990000000000216,0.5990000000000216,0.5990000000000216,0.4925891698147705,0.5990000000000216,0.7205493453725386
0.5980000000000216,0.5980000000000216,0.5980000000000216,0.4916265363123626,0.5980000000000216,0.7212656412472611
0.5970000000000216,0.5970000000000216,0.5970000000000216,0.4906651322033507,0.5970000000000216,0.7219823848495145
0.5960000000000216,0.5960000000000216,0.5960000000000216,0.4897050428883017,0.5960000000000216,0.7226995089518381
0.5950000000000216,0.5950000000000216,0.5950000000000216,0.488746344260408,0.5950000000000216,0.7234169530175036
0.5940000000000216,0.5940000000000216,0.5940000000000216,0.4877891026938583,0.5940000000000216,0.7241346632768421
0.5930000000000216,0.5930000000000216,0.5930000000000216,0.4868333750950598,0.5930000000000216,0.7248525927564102
0.5920000000000216,0.5920000000000216,0.5920000000000216,0.4858792090117041,0.5920000000000216,0.7255707012641253
0.5910000000000216,0.5910000000000216,0.5910000000000216,0.4849266427942787,0.5910000000000216,0.726288955333863
0.5900000000000216,0.5900000000000216,0.5900000000000216,0.4839757058043842,0.5900000000000216,0.7270073281332508
0.5890000000000216,0.5890000000000216,0.5890000000000216,0.4830264186640999,0.5890000000000216,0.7277257993385634
0.5880000000000216,0.5880000000000216,0.5880000000000216,0.4820787935406643,0.5880000000000216,0.7284443549806636
0.5870000000000216,0.5870000000000216,0.5870000000000216,0.4811328344608607,0.5870000000000216,0.7291629872659099
0.5860000000000216,0.5860000000000216,0.5860000000000216,0.4801885376496782,0.5860000000000216,0.7298816943758906
0.5850000000000216,0.5850000000000216,0.5850000000000216,0.4792458918881122,0.5850000000000216,0.7306004802496735
0.5840000000000216,0.5840000000000216,0.5840000000000216,0.4783048788852727,0.5840000000000216,0.7313193543520913
0.5830000000000216,0.5830000000000216,0.5830000000000216,0.4773654736603304,0.5830000000000216,0.7320383314313713
0.5820000000000216,0.5820000000000216,0.5820000000000216,0.4764276449302163,0.5820000000000216,0.7327574312691554
0.5810000000000216,0.5810000000000216,0.5810000000000216,0.4754913554993756,0.5810000000000216,0.7334766784257268
0.5800000000000216,0.5800000000000216,0.5800000000000216,0.4745565626482808,0.5800000000000216,0.7341961019829787
0.5790000000000216,0.5790000000000216,0.5790000000000216,0.4736232185177968,0.5790000000000216,0.7349157352873994
0.5780000000000216,0.5780000000000216,0.5780000000000216,0.4726912704868703,0.5780000000000216,0.7356356156950933
0.5770000000000216,0.5770000000000216,0.5770000000000216,0.4717606615413681,0.5770000000000216,0.7363557843206083
0.5760000000000216,0.5760000000000216,0.5760000000000216,0.4708313306322656,0.5760000000000216,0.7370762857910662
0.5750000000000216,0.5750000000000216,0.5750000000000216,0.4699032130216517,0.5750000000000216,0.7377971680069167
0.5740000000000216,0.5740000000000216,0.5740000000000216,0.468976240615362,0.5740000000000216,0.7385184819103766
0.5730000000000216,0.5730000000000216,0.5730000000000216,0.4680503422812919,0.5730000000000216,0.7392402812624405
0.5720000000000216,0.5720000000000216,0.5720000000000216,0.4671254441526869,0.5720000000000216,0.7399626224291658
0.5710000000000216,0.5710000000000216,0.5710000000000216,0.4662014699159291,0.5710000000000216,0.7406855641777745
0.5700000000000216,0.5700000000000216,0.5700000000000216,0.465278341082539,0.5700000000000216,0.7414091674829522
0.5690000000000216,0.5690000000000216,0.5690000000000216,0.464355977245254,0.5690000000000216,0.7421334953436223
0.5680000000000216,0.5680000000000216,0.5680000000000216,0.4634342963182184,0.5680000000000216,0.7428586126103327
0.5670000000000216,0.5670000000000216,0.5670000000000216,0.4625132147614344,0.5670000000000216,0.7435845858233058
0.5660000000000216,0.5660000000000216,0.5660000000000216,0.4615926477897153,0.5660000000000216,0.7443114830611166
0.5650000000000216,0.5650000000000216,0.5650000000000216,0.4606725095664956,0.5650000000000216,0.7450393737998896
0.5640000000000216,0.5640000000000216,0.5640000000000216,0.4597527133829057,0.5640000000000216,0.7457683287828324
0.5630000000000216,0.5630000000000216,0.5630000000000216,0.4588331718225781,0.5630000000000216,0.7464984198998981
0.5620000000000216,0.5620000000000216,0.5620000000000216,0.4579137969127003,0.5620000000000216,0.7472297200773099
0.5610000000000216,0.5610000000000216,0.5610000000000216,0.4569945002618679,0.5610000000000216,0.747962303176638
0.5600000000000216,0.5600000000000216,0.5600000000000216,0.456075193185296,0.5600000000000216,0.7486962439031362
0.5590000000000216,0.5590000000000216,0.5590000000000216,0.455155786817983,0.5590000000000216,0.749431617722974
0.5580000000000216,0.5580000000000216,0.5580000000000216,0.4542361922164082,0.5580000000000216,0.7501685007890345
0.5570000000000216,0.5570000000000216,0.5570000000000216,0.453316320449359,0.5570000000000216,0.750906969874914
0.5560000000000216,0.5560000000000216,0.5560000000000216,0.452396082678469,0.5560000000000216,0.7516471023167711
0.5550000000000216,0.5550000000000216,0.5550000000000216,0.4514753902290415,0.5550000000000216,0.7523889759626631
0.5540000000000216,0.5540000000000216,0.5540000000000216,0.4505541546517207,0.5540000000000216,0.7531326691290307
0.5530000000000216,0.5530000000000216,0.5530000000000216,0.4496322877755514,0.5530000000000216,0.7538782605639789
0.5520000000000216,0.5520000000000216,0.5520000000000216,0.4487097017529529,0.5520000000000216,0.7546258294170322
0.5510000000000216,0.5510000000000216,0.5510000000000216,0.4477863090971107,0.5510000000000216,0.7553754552150365
0.5500000000000216,0.5500000000000216,0.5500000000000216,0.4468620227122671,0.5500000000000216,0.7561272178439075
0.5490000000000216,0.5490000000000216,0.5490000000000216,0.4459367559173607,0.5490000000000216,0.7568811975359347
0.5480000000000216,0.5480000000000216,0.5480000000000216,0.4450104224634641,0.5480000000000216,0.7576374748623592
0.5470000000000216,0.5470000000000216,0.5470000000000216,0.4440829365454054,0.5470000000000216,0.7583961307309788
0.5460000000000216,0.5460000000000216,0.5460000000000216,0.4431542128079753,0.5460000000000216,0.7591572463885271
0.5450000000000216,0.5450000000000216,0.5450000000000216,0.4422241663470687,0.5450000000000216,0.7599209034276123
0.5440000000000216,0.5440000000000216,0.5440000000000216,0.4412927127061037,0.5440000000000216,0.7606871837979906
0.5430000000000216,0.5430000000000216,0.5430000000000216,0.4403597678680125,0.5430000000000216,0.761456169822018
0.5420000000000216,0.5420000000000216,0.5420000000000216,0.4394252482431134,0.5420000000000216,0.7622279442140674
0.5410000000000216,0.5410000000000216,0.5410000000000216,0.4384890706531101,0.5410000000000216,0.7630025901037853
0.5400000000000216,0.5400000000000216,0.5400000000000216,0.4375511523114652,0.5400000000000216,0.7637801910630497
0.5390000000000216,0.5390000000000216,0.5390000000000216,0.4366114108003764,0.5390000000000216,0.7645608311364815
0.5380000000000216,0.5380000000000216,0.5380000000000216,0.4356697640445402,0.5380000000000216,0.7653445948754467
0.5370000000000216,0.5370000000000216,0.5370000000000216,0.4347261302818954,0.5370000000000216,0.7661315673754269
0.5360000000000216,0.5360000000000216,0.5360000000000216,0.4337804280315001,0.5360000000000216,0.7669218343167099
0.5350000000000216,0.5350000000000216,0.5350000000000216,0.4328325760586793,0.5350000000000216,0.7677154820083383
0.5340000000000216,0.5340000000000216,0.5340000000000216,0.4318824933375757,0.5340000000000216,0.7685125974352802
0.5330000000000216,0.5330000000000216,0.5330000000000216,0.4309300990111995,0.5330000000000216,0.7693132683088018
0.5320000000000216,0.5320000000000216,0.5320000000000216,0.4299753123490677,0.5320000000000216,0.7701175831200364
0.5310000000000216,0.5310000000000216,0.5310000000000216,0.4290180527025054,0.5310000000000216,0.7709256311967625
0.5300000000000216,0.5300000000000216,0.5300000000000216,0.428058239457663,0.5300000000000216,0.7717375027634168
0.5290000000000216,0.5290000000000216,0.5290000000000216,0.4270957919862841,0.5290000000000216,0.7725532890043919
0.5280000000000216,0.5280000000000216,0.5280000000000216,0.4261306295942576,0.5280000000000216,0.773373082130667
0.5270000000000216,0.5270000000000216,0.5270000000000216,0.4251626714679476,0.5270000000000216,0.7741969754498705
0.5260000000000216,0.5260000000000216,0.5260000000000216,0.4241918366183143,0.5260000000000216,0.7750250634398421
0.5250000000000216,0.5250000000000216,0.5250000000000216,0.4232180438227756,0.5250000000000216,0.77585744182584
0.5240000000000216,0.5240000000000216,0.5240000000000216,0.4222412115648033,0.5240000000000216,0.7766942076614922
0.5230000000000216,0.5230000000000216,0.5230000000000216,0.4212612579711811,0.5230000000000216,0.7775354594136653
0.5220000000000216,0.5220000000000216,0.5220000000000216,0.420278100746862,0.5220000000000216,0.7783812970514113
0.5210000000000216,0.5210000000000216,0.5210000000000216,0.4192916571073436,0.5210000000000216,0.7792318221391905
0.5200000000000216,0.5200000000000216,0.5200000000000216,0.418301843708469,0.5200000000000216,0.7800871379345673
0.5190000000000216,0.5190000000000216,0.5190000000000216,0.4173085765735218,0.5190000000000216,0.780947349490637
0.5180000000000216,0.5180000000000216,0.5180000000000216,0.4163117710174992,0.5180000000000216,0.7818125637634323
0.5170000000000216,0.5170000000000216,0.5170000000000216,0.4153113415684079,0.5170000000000216,0.7826828897245892
0.5160000000000216,0.5160000000000216,0.5160000000000216,0.4143072018854129,0.5160000000000216,0.7835584384796033
0.5150000000000216,0.5150000000000216,0.5150000000000216,0.4132992646736494,0.5150000000000216,0.7844393233920145
0.5140000000000216,0.5140000000000216,0.5140000000000216,0.4122874415955086,0.5140000000000216,0.7853256602138771
0.5130000000000215,0.5130000000000215,0.5130000000000215,0.4112716431781269,0.5130000000000215,0.786217567222975
0.5120000000000215,0.5120000000000215,0.5120000000000215,0.4102517787168769,0.5120000000000215,0.7871151653671663
0.5110000000000215,0.5110000000000215,0.5110000000000215,0.4092277561745383,0.5110000000000215,0.7880185784164057
0.5100000000000215,0.5100000000000215,0.5100000000000215,0.4081994820758639,0.5100000000000215,0.7889279331229413
0.5090000000000215,0.5090000000000215,0.5090000000000215,0.4071668613972058,0.5090000000000215,0.7898433593902789
0.5080000000000215,0.5080000000000215,0.5080000000000215,0.4061297974508192,0.5080000000000215,0.790764990451563
0.5070000000000215,0.5070000000000215,0.5070000000000215,0.4050881917634673,0.5070000000000215,0.7916929630580313
0.5060000000000215,0.5060000000000215,0.5060000000000215,0.4040419439488609,0.5060000000000215,0.7926274176783389
0.5050000000000215,0.5050000000000215,0.5050000000000215,0.4029909515734694,0.5050000000000215,0.7935684987095543
0.5040000000000215,0.5040000000000215,0.5040000000000215,0.4019351100151712,0.5040000000000215,0.7945163547007281
0.5030000000000215,0.5030000000000215,0.5030000000000215,0.4008743123141643,0.5030000000000215,0.795471138590038
0.5020000000000215,0.5020000000000215,0.5020000000000215,0.3998084490155085,0.5020000000000215,0.796433007956568
0.5010000000000215,0.5010000000000215,0.5010000000000215,0.3987374080026061,0.5010000000000215,0.7974021252879235
0.5000000000000215,0.5000000000000215,0.5000000000000215,0.3976610743208577,0.5000000000000215,0.7983786582649682
0.4990000000000215,0.4990000000000215,0.4990000000000215,0.3965793299906568,0.4990000000000215,0.7993627800651198
0.4980000000000215,0.4980000000000215,0.4980000000000215,0.3954920538088131,0.4980000000000215,0.8003546696857571
0.4970000000000215,0.4970000000000215,0.4970000000000215,0.3943991211373815,0.4970000000000215,0.8013545122894706
0.4960000000000215,0.4960000000000215,0.4960000000000215,0.3933004036787844,0.4960000000000215,0.802362499573068
0.4950000000000215,0.4950000000000215,0.4950000000000215,0.3921957692359998,0.4950000000000215,0.8033788301624148
0.4940000000000215,0.4940000000000215,0.4940000000000215,0.3910850814564528,0.4940000000000215,0.8044037100354399
0.4930000000000215,0.4930000000000215,0.4930000000000215,0.3899681995580952,0.4930000000000215,0.8054373529758788
0.4920000000000215,0.4920000000000215,0.4920000000000215,0.3888449780360166,0.4920000000000215,0.8064799810605903
0.4910000000000215,0.4910000000000215,0.4910000000000215,0.3877152663477125,0.4910000000000215,0.8075318251836225
0.4900000000000215,0.4900000000000215,0.4900000000000215,0.386578908574966,0.4900000000000215,0.8085931256205308
0.4890000000000215,0.4890000000000215,0.4890000000000215,0.3854357430600156,0.4890000000000215,0.8096641326368895
0.4880000000000215,0.4880000000000215,0.4880000000000215,0.3842856020134624,0.4880000000000215,0.8107451071453532
0.4870000000000215,0.4870000000000215,0.4870000000000215,0.3831283110910351,0.4870000000000215,0.8118363214161707
0.4860000000000215,0.4860000000000215,0.4860000000000215,0.3819636889359808,0.4860000000000215,0.8129380598466467
0.4850000000000215,0.4850000000000215,0.4850000000000215,0.3807915466834716,0.4850000000000215,0.8140506197957121
0.4840000000000215,0.4840000000000215,0.4840000000000215,0.3796116874229621,0.4840000000000215,0.815174312490514
0.4830000000000215,0.4830000000000215,0.4830000000000215,0.3784239056138863,0.4830000000000215,0.8163094640128773
0.4820000000000215,0.4820000000000215,0.4820000000000215,0.3772279864495154,0.4820000000000215,0.81745641637446
0.4810000000000215,0.4810000000000215,0.4810000000000215,0.3760237051630803,0.4810000000000215,0.8186155286906195
0.4800000000000215,0.4800000000000215,0.4800000000000215,0.3748108262694854,0.4800000000000215,0.8197871784643629
0.4790000000000215,0.4790000000000215,0.4790000000000215,0.3735891027349834,0.4790000000000215,0.8209717629933462
0.4780000000000215,0.4780000000000215,0.4780000000000215,0.3723582750661303,0.4780000000000215,0.8221697009146962
0.4770000000000215,0.4770000000000215,0.4770000000000215,0.3711180703080542,0.4770000000000215,0.823381433904591
0.4760000000000215,0.4760000000000215,0.4760000000000215,0.3698682009406079,0.4760000000000215,0.8246074285520431
0.4750000000000215,0.4750000000000215,0.4750000000000215,0.3686083636592256,0.4750000000000215,0.8258481784292686
0.4740000000000215,0.4740000000000215,0.4740000000000215,0.3673382380252739,0.4740000000000215,0.827104206384501
0.4730000000000215,0.4730000000000215,0.4730000000000215,0.366057484968235,0.4730000000000215,0.8283760670872312
0.4720000000000215,0.4720000000000215,0.4720000000000215,0.3647657451192118,0.4720000000000215,0.8296643498607326
0.4710000000000215,0.4710000000000215,0.4710000000000215,0.3634626369517635,0.4710000000000215,0.8309696818425669
0.4700000000000215,0.4700000000000215,0.4700000000000215,0.3621477547019968,0.4700000000000215,0.8322927315207506
0.4690000000000215,0.4690000000000215,0.4690000000000215,0.3608206660348581,0.4690000000000215,0.8336342127016483
0.4680000000000215,0.4680000000000215,0.4680000000000215,0.3594809094175563,0.4680000000000215,0.8349948889758804
0.4670000000000215,0.4670000000000215,0.4670000000000215,0.3581279911537831,0.4670000000000215,0.8363755787607956
0.4660000000000215,0.4660000000000215,0.4660000000000215,0.3567613820234568,0.4660000000000215,0.8377771610132353
0.4650000000000215,0.4650000000000215,0.4650000000000215,0.355380513461779,0.4650000000000215,0.8392005817247745
0.4640000000000215,0.4640000000000215,0.4640000000000215,0.3539847731978527,0.4640000000000215,0.8406468613345786
0.4630000000000215,0.4630000000000215,0.4630000000000215,0.3525735002562957,0.4630000000000215,0.84211710322341
0.4620000000000215,0.4620000000000215,0.4620000000000215,0.3511459792042091,0.4620000000000215,0.8436125034879853
0.4610000000000215,0.4610000000000215,0.4610000000000215,0.3497014334993456,0.4610000000000215,0.8451343622396832
0.4600000000000215,0.4600000000000215,0.4600000000000215,0.3482390177615822,0.4600000000000215,0.8466840967286181
0.4590000000000215,0.4590000000000215,0.4590000000000215,0.3467578087467439,0.4590000000000215,0.8482632566668664
0.4580000000000215,0.4580000000000215,0.4580000000000215,0.3452567947461264,0.4580000000000215,0.8498735422186615
0.4570000000000215,0.4570000000000215,0.4570000000000215,0.3437348630626374,0.4570000000000215,0.8515168252477213
0.4560000000000215,0.4560000000000215,0.4560000000000215,0.3421907851191823,0.4560000000000215,0.8531951745727028
0.4550000000000215,0.4550000000000215,0.4550000000000215,0.3406231986283448,0.4550000000000215,0.8549108861954173
0.4540000000000215,0.4540000000000215,0.4540000000000215,0.3390305860822925,0.4540000000000215,0.8566665197534644
0.4530000000000215,0.4530000000000215,0.4530000000000215,0.33741124859046,0.4530000000000215,0.8584649428392367
0.4520000000000215,0.4520000000000215,0.4520000000000215,0.3357632737736034,0.4520000000000215,0.8603093853651245
0.4510000000000215,0.4510000000000215,0.4510000000000215,0.3340844959767389,0.4510000000000215,0.8622035069068261
0.4500000000000215,0.4500000000000215,0.4500000000000215,0.3323724464296223,0.4500000000000215,0.8641514810250318
0.4490000000000215,0.4490000000000215,0.4490000000000215,0.3306242900668437,0.4490000000000215,0.8661581021102677
0.4480000000000215,0.4480000000000215,0.4480000000000215,0.3288367443683136,0.4480000000000215,0.8682289225721663
0.4470000000000215,0.4470000000000215,0.4470000000000215,0.327005973545435,0.4470000000000215,0.8703704316226522
0.4460000000000215,0.4460000000000215,0.4460000000000215,0.3251274482572669,0.4460000000000215,0.8725902921913551
0.4450000000000215,0.4450000000000215,0.4450000000000215,0.3231957560606609,0.4450000000000215,0.8748976608953806
0.4440000000000215,0.4440000000000215,0.4440000000000215,0.3212043396538063,0.4440000000000215,0.8773036296925738
0.4430000000000215,0.4430000000000215,0.4430000000000215,0.319145126172499,0.4430000000000215,0.8798218510667619
0.4420000000000215,0.4420000000000215,0.4420000000000215,0.317007986433796,0.4420000000000215,0.8824694495779543
0.4410000000000215,0.4410000000000215,0.4410000000000215,0.3147799178728109,0.4410000000000215,0.8852683985378608
0.4400000000000215,0.4400000000000215,0.4400000000000215,0.3124437562807571,0.4400000000000215,0.8882476895969438
0.4390000000000215,0.4390000000000215,0.4390000000000215,0.3099760347565977,0.4390000000000215,0.891446936841384
0.4380000000000215,0.4380000000000215,0.4380000000000215,0.3073431789676497,0.4380000000000215,0.8949227784467877
0.4370000000000215,0.4370000000000215,0.4370000000000215,0.3044941222063015,0.4370000000000215,0.8987612963973295
0.4360000000000215,0.4360000000000215,0.4360000000000215,0.3013441059502096,0.4360000000000215,0.9031052473681518
0.4350000000000215,0.4350000000000215,0.4350000000000215,0.2977320053434079,0.4350000000000215,0.9082257639410704
0.4340000000000215,0.4340000000000215,0.4340000000000215,0.2932665594608174,0.4340000000000215,0.9147805939620157
0.4330000000000215,0.4330000000000215,0.4330000000000215,0.2857353909475487,0.4330000000000215,0.9264838228355105
0.4320000000000215,0.4320000000000215,0.4320000000000215,1.195969797352221,0.4320000000000215,0.1766429912068422
0.4310000000000215,0.4310000000000215,0.4310000000000215,1.195983437916015,0.4310000000000215,0.1764250612097162
0.4300000000000215,0.4300000000000215,0.4300000000000215,1.195997141299655,0.4300000000000215,0.1762055375179884
0.4290000000000215,0.4290000000000215,0.4290000000000215,1.196010906401271,0.4290000000000215,0.1759844194328942
0.4280000000000215,0.4280000000000215,0.4280000000000215,1.196024732459505,0.4280000000000215,0.1757617070421161
0.4270000000000215,0.4270000000000215,0.4270000000000215,1.196038618697663,0.4270000000000215,0.1755374006318781
0.4260000000000215,0.4260000000000215,0.4260000000000215,1.196052564323977,0.4260000000000215,0.1753115006861335
0.4250000000000215,0.4250000000000215,0.4250000000000215,1.196066568531899,0.4250000000000215,0.1750840078856427
0.4240000000000215,0.4240000000000215,0.4240000000000215,1.19608063050038,0.4240000000000215,0.1748549231069411
0.4230000000000215,0.4230000000000215,0.4230000000000215,1.196094749394181,0.4230000000000215,0.174624247421198
0.4220000000000215,0.4220000000000215,0.4220000000000215,1.196108924364172,0.4220000000000215,0.1743919820929709
0.4210000000000215,0.4210000000000215,0.4210000000000215,1.196123154547652,0.4210000000000215,0.174158128578852
0.4200000000000215,0.4200000000000215,0.4200000000000215,1.196137439068668,0.4200000000000215,0.1739226885260172
0.4190000000000215,0.4190000000000215,0.4190000000000215,1.19615177703835,0.4190000000000215,0.1736856637706703
0.4180000000000215,0.4180000000000215,0.4180000000000215,1.196166167555242,0.4180000000000215,0.1734470563363929
0.4170000000000215,0.4170000000000215,0.4170000000000215,1.196180609705651,0.4170000000000215,0.1732068684323963
0.4160000000000215,0.4160000000000215,0.4160000000000215,1.196195102563991,0.4160000000000215,0.1729651024516816
0.4150000000000215,0.4150000000000215,0.4150000000000215,1.196209645193143,0.4150000000000215,0.1727217609691102
0.4140000000000215,0.4140000000000215,0.4140000000000215,1.196224236644811,0.4140000000000215,0.1724768467393834
0.4130000000000215,0.4130000000000215,0.4130000000000215,1.196238875959891,0.4130000000000215,0.1722303626949414
0.4120000000000215,0.4120000000000215,0.4120000000000215,1.196253562168837,0.4120000000000215,0.1719823119437746
0.4110000000000215,0.4110000000000215,0.4110000000000215,1.19626829429204,0.4110000000000215,0.1717326977671607
0.4100000000000215,0.4100000000000215,0.4100000000000215,1.196283071340204,0.4100000000000215,0.1714815236173198
0.4090000000000215,0.4090000000000215,0.4090000000000215,1.196297892314727,0.4090000000000215,0.171228793115001
0.4080000000000215,0.4080000000000215,0.4080000000000215,1.196312756208087,0.4080000000000215,0.1709745100469938
0.4070000000000215,0.4070000000000215,0.4070000000000215,1.196327662004228,0.4070000000000215,0.1707186783635749
0.4060000000000215,0.4060000000000215,0.4060000000000215,1.196342608678955,0.4060000000000215,0.1704613021758877
0.4050000000000215,0.4050000000000215,0.4050000000000215,1.196357595200319,0.4050000000000215,0.1702023857532617
0.4040000000000215,0.4040000000000215,0.4040000000000215,1.196372620529016,0.4040000000000215,0.1699419335204741
0.4030000000000215,0.4030000000000215,0.4030000000000215,1.196387683618779,0.4030000000000215,0.1696799500549531
0.4020000000000215,0.4020000000000215,0.4020000000000215,1.196402783416779,0.4020000000000215,0.1694164400839307
0.4010000000000215,0.4010000000000215,0.4010000000000215,1.196417918864015,0.4010000000000215,0.1691514084815476
0.4000000000000214,0.4000000000000214,0.4000000000000214,1.196433088895716,0.4000000000000214,0.1688848602659083
0.3990000000000214,0.3990000000000214,0.3990000000000214,1.196448292441736,0.3990000000000214,0.1686168005960961
0.3980000000000214,0.3980000000000214,0.3980000000000214,1.196463528426951,0.3980000000000214,0.168347234769147
0.3970000000000214,0.3970000000000214,0.3970000000000214,1.196478795771655,0.3970000000000214,0.1680761682169862
0.3960000000000214,0.3960000000000214,0.3960000000000214,1.196494093391954,0.3960000000000214,0.1678036065033326
0.3950000000000214,0.3950000000000214,0.3950000000000214,1.19650942020016,0.3950000000000214,0.1675295553205694
0.3940000000000214,0.3940000000000214,0.3940000000000214,1.196524775105183,0.3940000000000214,0.1672540204865909
0.3930000000000214,0.3930000000000214,0.3930000000000214,1.196540157012918,0.3930000000000214,0.1669770079416187
0.3920000000000214,0.3920000000000214,0.3920000000000214,1.196555564826638,0.3920000000000214,0.1666985237450035
0.3910000000000214,0.3910000000000214,0.3910000000000214,1.196570997447373,0.3910000000000214,0.1664185740719998
0.3900000000000214,0.3900000000000214,0.3900000000000214,1.196586453774296,0.3900000000000214,0.1661371652105302
0.3890000000000214,0.3890000000000214,0.3890000000000214,1.196601932705101,0.3890000000000214,0.1658543035579334
0.3880000000000214,0.3880000000000214,0.3880000000000214,1.196617433136377,0.3880000000000214,0.1655699956177023
0.3870000000000214,0.3870000000000214,0.3870000000000214,1.196632953963982,0.3870000000000214,0.1652842479962141
0.3860000000000214,0.3860000000000214,0.3860000000000214,1.196648494083411,0.3860000000000214,0.1649970673994538
0.3850000000000214,0.3850000000000214,0.3850000000000214,1.196664052390159,0.3850000000000214,0.1647084606297372
0.3840000000000214,0.3840000000000214,0.3840000000000214,1.196679627780082,0.3840000000000214,0.1644184345824307
0.3830000000000214,0.3830000000000214,0.3830000000000214,1.196695219149751,0.3830000000000214,0.1641269962426748
0.3820000000000214,0.3820000000000214,0.3820000000000214,1.196710825396806,0.3820000000000214,0.1638341526821125
0.3810000000000214,0.3810000000000214,0.3810000000000214,1.196726445420296,0.3810000000000214,0.1635399110556228
0.3800000000000214,0.3800000000000214,0.3800000000000214,1.196742078121026,0.3800000000000214,0.1632442785980645
0.3790000000000214,0.3790000000000214,0.3790000000000214,1.196757722401887,0.3790000000000214,0.1629472626210308
0.3780000000000214,0.3780000000000214,0.3780000000000214,1.19677337716819,0.3780000000000214,0.1626488705096169
0.3770000000000214,0.3770000000000214,0.3770000000000214,1.196789041327988,0.3770000000000214,0.1623491097192033
0.3760000000000214,0.3760000000000214,0.3760000000000214,1.196804713792398,0.3760000000000214,0.1620479877722564
0.3750000000000214,0.3750000000000214,0.3750000000000214,1.196820393475909,0.3750000000000214,0.1617455122551487
0.3740000000000214,0.3740000000000214,0.3740000000000214,1.196836079296694,0.3740000000000214,0.1614416908149985
0.3730000000000214,0.3730000000000214,0.3730000000000214,1.196851770176906,0.3730000000000214,0.1611365311565341
0.3720000000000214,0.3720000000000214,0.3720000000000214,1.196867465042977,0.3720000000000214,0.1608300410389817
0.3710000000000214,0.3710000000000214,0.3710000000000214,1.196883162825906,0.3710000000000214,0.1605222282729801
0.3700000000000214,0.3700000000000214,0.3700000000000214,1.196898862461539,0.3700000000000214,0.1602131007175209
0.3690000000000214,0.3690000000000214,0.3690000000000214,1.196914562890844,0.3690000000000214,0.1599026662769217
0.3680000000000214,0.3680000000000214,0.3680000000000214,1.196930263060182,0.3680000000000214,0.1595909328978258
0.3670000000000214,0.3670000000000214,0.3670000000000214,1.196945961921572,0.3670000000000214,0.1592779085662368
0.3660000000000214,0.3660000000000214,0.3660000000000214,1.196961658432941,0.3660000000000214,0.1589636013045836
0.3650000000000214,0.3650000000000214,0.3650000000000214,1.196977351558378,0.3650000000000214,0.1586480191688237
0.3640000000000214,0.3640000000000214,0.3640000000000214,1.196993040268374,0.3640000000000214,0.1583311702455781
0.3630000000000214,0.3630000000000214,0.3630000000000214,1.197008723540058,0.3630000000000214,0.1580130626493048
0.3620000000000214,0.3620000000000214,0.3620000000000214,1.197024400357427,0.3620000000000214,0.1576937045195098
0.3610000000000214,0.3610000000000214,0.3610000000000214,1.197040069711568,0.3610000000000214,0.1573731040179965
0.3600000000000214,0.3600000000000214,0.3600000000000214,1.197055730600873,0.3600000000000214,0.1570512693261546
0.3590000000000214,0.3590000000000214,0.3590000000000214,1.197071382031245,0.3590000000000214,0.1567282086422901
0.3580000000000214,0.3580000000000214,0.3580000000000214,1.197087023016305,0.3580000000000214,0.1564039301789945
0.3570000000000214,0.3570000000000214,0.3570000000000214,1.197102652577583,0.3570000000000214,0.1560784421605588
0.3560000000000214,0.3560000000000214,0.3560000000000214,1.197118269744707,0.3560000000000214,0.1557517528204269
0.3550000000000214,0.3550000000000214,0.3550000000000214,1.197133873555583,0.3550000000000214,0.1554238703986956
0.3540000000000214,0.3540000000000214,0.3540000000000214,1.197149463056574,0.3540000000000214,0.1550948031396544
0.3530000000000214,0.3530000000000214,0.3530000000000214,1.197165037302663,0.3530000000000214,0.1547645592893741
0.3520000000000214,0.3520000000000214,0.3520000000000214,1.197180595357615,0.3520000000000214,0.1544331470933362
0.3510000000000214,0.3510000000000214,0.3510000000000214,1.197196136294136,0.3510000000000214,0.1541005747941097
0.3500000000000214,0.3500000000000214,0.3500000000000214,1.197211659194015,0.3500000000000214,0.1537668506290736
0.3490000000000214,0.3490000000000214,0.3490000000000214,1.197227163148268,0.3490000000000214,0.1534319828281835
0.3480000000000214,0.3480000000000214,0.3480000000000214,1.197242647257275,0.3480000000000214,0.1530959796117871
0.3470000000000214,0.3470000000000214,0.3470000000000214,1.197258110630905,0.3470000000000214,0.1527588491884842
0.3460000000000214,0.3460000000000214,0.3460000000000214,1.197273552388642,0.3460000000000214,0.1524205997530343
0.3450000000000214,0.3450000000000214,0.3450000000000214,1.197288971659696,0.3450000000000214,0.1520812394843115
0.3440000000000214,0.3440000000000214,0.3440000000000214,1.197304367583116,0.3440000000000214,0.1517407765433049
0.3430000000000214,0.3430000000000214,0.3430000000000214,1.197319739307895,0.3430000000000214,0.1513992190711686
0.3420000000000214,0.3420000000000214,0.3420000000000214,1.197335085993063,0.3420000000000214,0.1510565751873175
0.3410000000000214,0.3410000000000214,0.3410000000000214,1.197350406807782,0.3410000000000214,0.1507128529875703
0.3400000000000214,0.3400000000000214,0.3400000000000214,1.197365700931429,0.3400000000000214,0.1503680605423413
0.3390000000000214,0.3390000000000214,0.3390000000000214,1.197380967553678,0.3390000000000214,0.1500222058948777
0.3380000000000214,0.3380000000000214,0.3380000000000214,1.197396205874574,0.3380000000000214,0.1496752970595468
0.3370000000000214,0.3370000000000214,0.3370000000000214,1.197411415104596,0.3370000000000214,0.1493273420201681
0.3360000000000214,0.3360000000000214,0.3360000000000214,1.19742659446473,0.3360000000000214,0.1489783487283942
0.3350000000000214,0.3350000000000214,0.3350000000000214,1.197441743186514,0.3350000000000214,0.148628325102137
0.3340000000000214,0.3340000000000214,0.3340000000000214,1.1974568605121,0.3340000000000214,0.1482772790240448
0.3330000000000214,0.3330000000000214,0.3330000000000214,1.197471945694295,0.3330000000000214,0.1479252183400217
0.3320000000000214,0.3320000000000214,0.3320000000000214,1.197486997996605,0.3320000000000214,0.1475721508577968
0.3310000000000214,0.3310000000000214,0.3310000000000214,1.197502016693267,0.3310000000000214,0.1472180843455379
0.3300000000000214,0.3300000000000214,0.3300000000000214,1.197517001069287,0.3300000000000214,0.1468630265305143
0.3290000000000214,0.3290000000000214,0.3290000000000214,1.197531950420462,0.3290000000000214,0.1465069850978016
0.3280000000000214,0.3280000000000214,0.3280000000000214,1.1975468640534,0.3280000000000214,0.146149967689037
0.3270000000000214,0.3270000000000214,0.3270000000000214,1.197561741285543,0.3270000000000214,0.1457919819012156
0.3260000000000214,0.3260000000000214,0.3260000000000214,1.197576581445173,0.3260000000000214,0.1454330352855365
0.3250000000000214,0.3250000000000214,0.3250000000000214,1.197591383871424,0.3250000000000214,0.1450731353462888
0.3240000000000214,0.3240000000000214,0.3240000000000214,1.197606147914284,0.3240000000000214,0.1447122895397875
0.3230000000000214,0.3230000000000214,0.3230000000000214,1.197620872934592,0.3230000000000214,0.14435050527335
0.3220000000000214,0.3220000000000214,0.3220000000000214,1.197635558304039,0.3220000000000214,0.1439877899043175
0.3210000000000214,0.3210000000000214,0.3210000000000214,1.197650203405152,0.3210000000000214,0.1436241507391211
0.3200000000000214,0.3200000000000214,0.3200000000000214,1.197664807631287,0.3200000000000214,0.1432595950323899
0.3190000000000214,0.3190000000000214,0.3190000000000214,1.197679370386606,0.3190000000000214,0.1428941299861017
0.3180000000000214,0.3180000000000214,0.3180000000000214,1.197693891086064,0.3180000000000214,0.1425277627487778
0.3170000000000214,0.3170000000000214,0.3170000000000214,1.197708369155379,0.3170000000000214,0.1421605004147179
0.3160000000000214,0.3160000000000214,0.3160000000000214,1.197722804031004,0.3160000000000214,0.1417923500232772
0.3150000000000214,0.3150000000000214,0.3150000000000214,1.197737195160102,0.3150000000000214,0.1414233185581847
0.3140000000000214,0.3140000000000214,0.3140000000000214,1.197751542000503,0.3140000000000214,0.141053412946903
0.3130000000000214,0.3130000000000214,0.3130000000000214,1.197765844020673,0.3130000000000214,0.1406826400600258
0.3120000000000214,0.3120000000000214,0.3120000000000214,1.19778010069967,0.3120000000000214,0.1403110067107176
0.3110000000000214,0.3110000000000214,0.3110000000000214,1.197794311527103,0.3110000000000214,0.1399385196541904
0.3100000000000214,0.3100000000000214,0.3100000000000214,1.197808476003079,0.3100000000000214,0.1395651855872212
0.3090000000000214,0.3090000000000214,0.3090000000000214,1.197822593638163,0.3090000000000214,0.1391910111477053
0.3080000000000214,0.3080000000000214,0.3080000000000214,1.197836663953315,0.3080000000000214,0.138816002914249
0.3070000000000214,0.3070000000000214,0.3070000000000214,1.197850686479844,0.3070000000000214,0.138440167405797
0.3060000000000214,0.3060000000000214,0.3060000000000214,1.197864660759346,0.3060000000000214,0.1380635110812999
0.3050000000000214,0.3050000000000214,0.3050000000000214,1.197878586343646,0.3050000000000214,0.1376860403394125
0.3040000000000214,0.3040000000000214,0.3040000000000214,1.197892462794734,0.3040000000000214,0.1373077615182312
0.3030000000000214,0.3030000000000214,0.3030000000000214,1.197906289684702,0.3030000000000214,0.1369286808950648
0.3020000000000214,0.3020000000000214,0.3020000000000214,1.197920066595679,0.3020000000000214,0.1365488046862393
0.3010000000000214,0.3010000000000214,0.3010000000000214,1.19793379311976,0.3010000000000214,0.1361681390469343
0.3000000000000214,0.3000000000000214,0.3000000000000214,1.197947468858937,0.3000000000000214,0.1357866900710552
0.2990000000000214,0.2990000000000214,0.2990000000000214,1.197961093425025,0.2990000000000214,0.1354044637911347
0.2980000000000214,0.2980000000000214,0.2980000000000214,1.19797466643959,0.2980000000000214,0.135021466178267
0.2970000000000214,0.2970000000000214,0.2970000000000214,1.197988187533876,0.2970000000000214,0.1346377031420732
0.2960000000000214,0.2960000000000214,0.2960000000000214,1.198001656348719,0.2960000000000214,0.1342531805306937
0.2950000000000214,0.2950000000000214,0.2950000000000214,1.198015072534478,0.2950000000000214,0.1338679041308142
0.2940000000000214,0.2940000000000214,0.2940000000000214,1.198028435750951,0.2940000000000214,0.1334818796677163
0.2930000000000214,0.2930000000000214,0.2930000000000214,1.19804174566729,0.2930000000000214,0.1330951128053585
0.2920000000000214,0.2920000000000214,0.2920000000000214,1.198055001961926,0.2920000000000214,0.1327076091464831
0.2910000000000214,0.2910000000000214,0.2910000000000214,1.19806820432248,0.2910000000000214,0.1323193742327503
0.2900000000000214,0.2900000000000214,0.2900000000000214,1.198081352445676,0.2900000000000214,0.1319304135448967
0.2890000000000214,0.2890000000000214,0.2890000000000214,1.198094446037264,0.2890000000000214,0.1315407325029198
0.2880000000000214,0.2880000000000214,0.2880000000000214,1.198107484811924,0.2880000000000214,0.1311503364662868
0.2870000000000213,0.2870000000000213,0.2870000000000213,1.198120468493185,0.2870000000000213,0.1307592307341653
0.2860000000000213,0.2860000000000213,0.2860000000000213,1.198133396813331,0.2860000000000213,0.1303674205456781
0.2850000000000213,0.2850000000000213,0.2850000000000213,1.198146269513318,0.2850000000000213,0.1299749110801796
0.2840000000000213,0.2840000000000213,0.2840000000000213,1.198159086342679,0.2840000000000213,0.1295817074575531
0.2830000000000213,0.2830000000000213,0.2830000000000213,1.19817184705944,0.2830000000000213,0.129187814738527
0.2820000000000213,0.2820000000000213,0.2820000000000213,1.198184551430021,0.2820000000000213,0.1287932379250138
0.2810000000000213,0.2810000000000213,0.2810000000000213,1.198197199229154,0.2810000000000213,0.1283979819604654
0.2800000000000213,0.2800000000000213,0.2800000000000213,1.198209790239785,0.2800000000000213,0.1280020517302459
0.2790000000000213,0.2790000000000213,0.2790000000000213,1.198222324252985,0.2790000000000213,0.1276054520620241
0.2780000000000213,0.2780000000000213,0.2780000000000213,1.198234801067856,0.2780000000000213,0.1272081877261806
0.2770000000000213,0.2770000000000213,0.2770000000000213,1.198247220491445,0.2770000000000213,0.1268102634362304
0.2760000000000213,0.2760000000000213,0.2760000000000213,1.198259582338644,0.2760000000000213,0.1264116838492619
0.2750000000000213,0.2750000000000213,0.2750000000000213,1.198271886432101,0.2750000000000213,0.1260124535663894
0.2740000000000213,0.2740000000000213,0.2740000000000213,1.198284132602129,0.2740000000000213,0.1256125771332176
0.2730000000000213,0.2730000000000213,0.2730000000000213,1.198296320686613,0.2730000000000213,0.1252120590403211
0.2720000000000213,0.2720000000000213,0.2720000000000213,1.198308450530915,0.2720000000000213,0.1248109037237345
0.2710000000000213,0.2710000000000213,0.2710000000000213,1.198320521987787,0.2710000000000213,0.124409115565453
0.2700000000000213,0.2700000000000213,0.2700000000000213,1.198332534917276,0.2700000000000213,0.1240066988939455
0.2690000000000213,0.2690000000000213,0.2690000000000213,1.19834448918663,0.2690000000000213,0.1236036579846756
0.2680000000000213,0.2680000000000213,0.2680000000000213,1.198356384670214,0.2680000000000213,0.1231999970606313
0.2670000000000213,0.2670000000000213,0.2670000000000213,1.19836822124941,0.2670000000000213,0.122795720292865
0.2660000000000213,0.2660000000000213,0.2660000000000213,1.198379998812535,0.2660000000000213,0.1223908318010406
0.2650000000000213,0.2650000000000213,0.2650000000000213,1.19839171725474,0.2650000000000213,0.1219853356539845
0.2640000000000213,0.2640000000000213,0.2640000000000213,1.198403376477934,0.2640000000000213,0.1215792358702478
0.2630000000000213,0.2630000000000213,0.2630000000000213,1.19841497639068,0.2630000000000213,0.1211725364186694
0.2620000000000213,0.2620000000000213,0.2620000000000213,1.198426516908116,0.2620000000000213,0.1207652412189482
0.2610000000000213,0.2610000000000213,0.2610000000000213,1.198437997951862,0.2610000000000213,0.1203573541422158
0.2600000000000213,0.2600000000000213,0.2600000000000213,1.198449419449935,0.2600000000000213,0.1199488790116164
0.2590000000000213,0.2590000000000213,0.2590000000000213,1.198460781336655,0.2590000000000213,0.1195398196028865
0.2580000000000213,0.2580000000000213,0.2580000000000213,1.198472083552568,0.2580000000000213,0.1191301796449407
0.2570000000000213,0.2570000000000213,0.2570000000000213,1.198483326044349,0.2570000000000213,0.1187199628204556
0.2560000000000213,0.2560000000000213,0.2560000000000213,1.198494508764726,0.2560000000000213,0.1183091727664591
0.2550000000000213,0.2550000000000213,0.2550000000000213,1.198505631672387,0.2550000000000213,0.117897813074917
0.2540000000000213,0.2540000000000213,0.2540000000000213,1.198516694731901,0.2540000000000213,0.1174858872933225
0.2530000000000213,0.2530000000000213,0.2530000000000213,1.198527697913631,0.2530000000000213,0.1170733989252846
0.2520000000000213,0.2520000000000213,0.2520000000000213,1.198538641193652,0.2520000000000213,0.1166603514311151
0.2510000000000213,0.2510000000000213,0.2510000000000213,1.198549524553669,0.2510000000000213,0.1162467482284167
0.2500000000000213,0.2500000000000213,0.2500000000000213,1.198560347980935,0.2500000000000213,0.115832592692668
0.2490000000000213,0.2490000000000213,0.2490000000000213,1.19857111146817,0.2490000000000213,0.115417888157806
0.2480000000000213,0.2480000000000213,0.2480000000000213,1.198581815013479,0.2480000000000213,0.1150026379168076
0.2470000000000213,0.2470000000000213,0.2470000000000213,1.198592458620276,0.2470000000000213,0.1145868452222687
0.2460000000000213,0.2460000000000213,0.2460000000000213,1.198603042297203,0.2460000000000213,0.1141705132869783
0.2450000000000213,0.2450000000000213,0.2450000000000213,1.198613566058051,0.2450000000000213,0.1137536452844909
0.2440000000000213,0.2440000000000213,0.2440000000000213,1.198624029921683,0.2440000000000213,0.1133362443496936
0.2430000000000213,0.2430000000000213,0.2430000000000213,1.198634433911963,0.2430000000000213,0.1129183135793712
0.2420000000000213,0.2420000000000213,0.2420000000000213,1.198644778057668,0.2420000000000213,0.1124998560327646
0.2410000000000213,0.2410000000000213,0.2410000000000213,1.198655062392428,0.2410000000000213,0.1120808747321259
0.2400000000000213,0.2400000000000213,0.2400000000000213,1.198665286954639,0.2400000000000213,0.1116613726632686
0.2390000000000213,0.2390000000000213,0.2390000000000213,1.198675451787395,0.2390000000000213,0.1112413527761108
0.2380000000000213,0.2380000000000213,0.2380000000000213,1.198685556938418,0.2380000000000213,0.1108208179852163
0.2370000000000213,0.2370000000000213,0.2370000000000213,1.198695602459979,0.2370000000000213,0.1103997711703266
0.2360000000000213,0.2360000000000213,0.2360000000000213,1.198705588408832,0.2360000000000213,0.1099782151768886
0.2350000000000213,0.2350000000000213,0.2350000000000213,1.198715514846141,0.2350000000000213,0.1095561528165776
0.2340000000000213,0.2340000000000213,0.2340000000000213,1.198725381837411,0.2340000000000213,0.1091335868678106
0.2330000000000213,0.2330000000000213,0.2330000000000213,1.198735189452421,0.2330000000000213,0.108710520076258
0.2320000000000213,0.2320000000000213,0.2320000000000213,1.198744937765151,0.2320000000000213,0.1082869551553439
0.2310000000000213,0.2310000000000213,0.2310000000000213,1.198754626853718,0.2310000000000213,0.107862894786743
0.2300000000000213,0.2300000000000213,0.2300000000000213,1.198764256800308,0.2300000000000213,0.1074383416208708
0.2290000000000213,0.2290000000000213,0.2290000000000213,1.19877382769111,0.2290000000000213,0.1070132982773646
0.2280000000000213,0.2280000000000213,0.2280000000000213,1.198783339616249,0.2280000000000213,0.1065877673455606
0.2270000000000213,0.2270000000000213,0.2270000000000213,1.198792792669725,0.2270000000000213,0.1061617513849619
0.2260000000000213,0.2260000000000213,0.2260000000000213,1.198802186949346,0.2260000000000213,0.1057352529257006
0.2250000000000213,0.2250000000000213,0.2250000000000213,1.198811522556664,0.2250000000000213,0.105308274468992
0.2240000000000213,0.2240000000000213,0.2240000000000213,1.198820799596914,0.2240000000000213,0.1048808184875837
0.2230000000000213,0.2230000000000213,0.2230000000000213,1.198830018178952,0.2230000000000213,0.1044528874261942
0.2220000000000213,0.2220000000000213,0.2220000000000213,1.198839178415192,0.2220000000000213,0.1040244837019485
0.2210000000000213,0.2210000000000213,0.2210000000000213,1.198848280421548,0.2210000000000213,0.103595609704803
0.2200000000000213,0.2200000000000213,0.2200000000000213,1.19885732431737,0.2200000000000213,0.1031662677979664
0.2190000000000213,0.2190000000000213,0.2190000000000213,1.19886631022539,0.2190000000000213,0.1027364603183106
0.2180000000000213,0.2180000000000213,0.2180000000000213,1.198875238271657,0.2180000000000213,0.1023061895767769
0.2170000000000213,0.2170000000000213,0.2170000000000213,1.198884108585483,0.2170000000000213,0.1018754578587744
0.2160000000000213,0.2160000000000213,0.2160000000000213,1.198892921299385,0.2160000000000213,0.1014442674245714
0.2150000000000213,0.2150000000000213,0.2150000000000213,1.198901676549026,0.2150000000000213,0.1010126205096794
0.2140000000000213,0.2140000000000213,0.2140000000000213,1.198910374473161,0.2140000000000213,0.1005805193252322
0.2130000000000213,0.2130000000000213,0.2130000000000213,1.198919015213579,0.2130000000000213,0.1001479660583551
0.2120000000000213,0.2120000000000213,0.2120000000000213,1.198927598915049,0.2120000000000213,0.09971496287253029
0.2110000000000213,0.2110000000000213,0.2110000000000213,1.198936125725266,0.2110000000000213,0.09928151190795514
0.2100000000000213,0.2100000000000213,0.2100000000000213,1.198944595794796,0.2100000000000213,0.09884761528189184
0.2090000000000213,0.2090000000000213,0.2090000000000213,1.198953009277021,0.2090000000000213,0.09841327508901306
0.2080000000000213,0.2080000000000213,0.2080000000000213,1.198961366328088,0.2080000000000213,0.09797849340174052
0.2070000000000213,0.2070000000000213,0.2070000000000213,1.198969667106858,0.2070000000000213,0.09754327227057677
0.2060000000000213,0.2060000000000213,0.2060000000000213,1.19897791177485,0.2060000000000213,0.09710761372443069
0.2050000000000213,0.2050000000000213,0.2050000000000213,1.19898610049619,0.2050000000000213,0.09667151977093809
0.2040000000000213,0.2040000000000213,0.2040000000000213,1.198994233437565,0.2040000000000213,0.09623499239677577
0.2030000000000213,0.2030000000000213,0.2030000000000213,1.199002310768166,0.2030000000000213,0.09579803356796887
0.2020000000000213,0.2020000000000213,0.2020000000000213,1.199010332659643,0.2020000000000213,0.09536064523019369
0.2010000000000213,0.2010000000000213,0.2010000000000213,1.199018299286053,0.2010000000000213,0.09492282930907439
0.2000000000000213,0.2000000000000213,0.2000000000000213,1.199026210823812,0.2000000000000213,0.09448458771047391
0.1990000000000213,0.1990000000000213,0.1990000000000213,1.199034067451645,0.1990000000000213,0.09404592232078038
0.1980000000000213,0.1980000000000213,0.1980000000000213,1.199041869350538,0.1980000000000213,0.09360683500718686
0.1970000000000213,0.1970000000000213,0.1970000000000213,1.199049616703695,0.1970000000000213,0.09316732761796663
0.1960000000000213,0.1960000000000213,0.1960000000000213,1.199057309696485,0.1960000000000213,0.09272740198274426
0.1950000000000213,0.1950000000000213,0.1950000000000213,1.199064948516395,0.1950000000000213,0.09228705991276014
0.1940000000000213,0.1940000000000213,0.1940000000000213,1.199072533352989,0.1940000000000213,0.09184630320113053
0.1930000000000213,0.1930000000000213,0.1930000000000213,1.199080064397859,0.1930000000000213,0.09140513362310448
0.1920000000000213,0.1920000000000213,0.1920000000000213,1.199087541844579,0.1920000000000213,0.09096355293631361
0.1910000000000213,0.1910000000000213,0.1910000000000213,1.19909496588866,0.1910000000000213,0.09052156288101937
0.1900000000000213,0.1900000000000213,0.1900000000000213,1.199102336727506,0.1900000000000213,0.0900791651803553
0.1890000000000213,0.1890000000000213,0.1890000000000213,1.199109654560373,0.1890000000000213,0.08963636154056417
0.1880000000000213,0.1880000000000213,0.1880000000000213,1.199116919588316,0.1880000000000213,0.08919315365123241
0.1870000000000213,0.1870000000000213,0.1870000000000213,1.199124132014157,0.1870000000000213,0.08874954318551891
0.1860000000000213,0.1860000000000213,0.1860000000000213,1.199131292042434,0.1860000000000213,0.08830553180038204
0.1850000000000213,0.1850000000000213,0.1850000000000213,1.19913839987936,0.1850000000000213,0.08786112113679992
0.1840000000000213,0.1840000000000213,0.1840000000000213,1.199145455732783,0.1840000000000213,0.08741631281998966
0.1830000000000213,0.1830000000000213,0.1830000000000213,1.199152459812143,0.1830000000000213,0.08697110845962105
0.1820000000000213,0.1820000000000213,0.1820000000000213,1.199159412328428,0.1820000000000213,0.08652550965002714
0.1810000000000213,0.1810000000000213,0.1810000000000213,1.199166313494137,0.1810000000000213,0.08607951797041348
0.1800000000000213,0.1800000000000213,0.1800000000000213,1.199173163523235,0.1800000000000213,0.08563313498505948
0.1790000000000213,0.1790000000000213,0.1790000000000213,1.199179962631118,0.1790000000000213,0.085186362243521
0.1780000000000213,0.1780000000000213,0.1780000000000213,1.199186711034566,0.1780000000000213,0.08473920128082792
0.1770000000000213,0.1770000000000213,0.1770000000000213,1.199193408951709,0.1770000000000213,0.0842916536176779
0.1760000000000213,0.1760000000000213,0.1760000000000213,1.199200056601985,0.1760000000000213,0.08384372076062797
0.1750000000000212,0.1750000000000212,0.1750000000000212,1.199206654206103,0.1750000000000212,0.08339540420228435
0.1740000000000212,0.1740000000000212,0.1740000000000212,1.199213201986001,0.1740000000000212,0.08294670542148666
0.1730000000000212,0.1730000000000212,0.1730000000000212,1.199219700164809,0.1730000000000212,0.0824976258834922
0.1720000000000212,0.1720000000000212,0.1720000000000212,1.199226148966815,0.1720000000000212,0.08204816704015579
0.1710000000000212,0.1710000000000212,0.1710000000000212,1.199232548617421,0.1710000000000212,0.08159833033010744
0.1700000000000212,0.1700000000000212,0.1700000000000212,1.19923889934311,0.1700000000000212,0.08114811717892871
0.1690000000000212,0.1690000000000212,0.1690000000000212,1.199245201371407,0.1690000000000212,0.08069752899932428
0.1680000000000212,0.1680000000000212,0.1680000000000212,1.199251454930845,0.1680000000000212,0.08024656719129343
0.1670000000000212,0.1670000000000212,0.1670000000000212,1.199257660250925,0.1670000000000212,0.07979523314229751
0.1660000000000212,0.1660000000000212,0.1660000000000212,1.199263817562083,0.1660000000000212,0.07934352822742735
0.1650000000000212,0.1650000000000212,0.1650000000000212,1.199269927095653,0.1650000000000212,0.07889145380956486
0.1640000000000212,0.1640000000000212,0.1640000000000212,1.199275989083833,0.1640000000000212,0.07843901123954665
0.1630000000000212,0.1630000000000212,0.1630000000000212,1.199282003759647,0.1630000000000212,0.07798620185632303
0.1620000000000212,0.1620000000000212,0.1620000000000212,1.199287971356916,0.1620000000000212,0.07753302698711585
0.1610000000000212,0.1610000000000212,0.1610000000000212,1.199293892110217,0.1610000000000212,0.07707948794757385
0.1600000000000212,0.1600000000000212,0.1600000000000212,1.199299766254855,0.1600000000000212,0.0766255860419269
0.1590000000000212,0.1590000000000212,0.1590000000000212,1.199305594026825,0.1590000000000212,0.07617132256313836
0.1580000000000212,0.1580000000000212,0.1580000000000212,1.199311375662781,0.1580000000000212,0.07571669879305437
0.1570000000000212,0.1570000000000212,0.1570000000000212,1.199317111400002,0.1570000000000212,0.07526171600255352
0.1560000000000212,0.1560000000000212,0.1560000000000212,1.199322801476361,0.1560000000000212,0.07480637545169272
0.1550000000000212,0.1550000000000212,0.1550000000000212,1.199328446130292,0.1550000000000212,0.07435067838985285
0.1540000000000212,0.1540000000000212,0.1540000000000212,1.199334045600755,0.1540000000000212,0.07389462605588241
0.1530000000000212,0.1530000000000212,0.1530000000000212,1.199339600127209,0.1530000000000212,0.07343821967823999
0.1520000000000212,0.1520000000000212,0.1520000000000212,1.199345109949579,0.1520000000000212,0.07298146047513306
0.1510000000000212,0.1510000000000212,0.1510000000000212,1.199350575308223,0.1510000000000212,0.07252434965465938
0.1500000000000212,0.1500000000000212,0.1500000000000212,1.199355996443904,0.1500000000000212,0.0720668884149426
0.1490000000000212,0.1490000000000212,0.1490000000000212,1.19936137359776,0.1490000000000212,0.07160907794426943
0.1480000000000212,0.1480000000000212,0.1480000000000212,1.199366707011269,0.1480000000000212,0.07115091942122354
0.1470000000000212,0.1470000000000212,0.1470000000000212,1.199371996926228,0.1470000000000212,0.07069241401482017
0.1460000000000212,0.1460000000000212,0.1460000000000212,1.199377243584714,0.1460000000000212,0.07023356288463754
0.1450000000000212,0.1450000000000212,0.1450000000000212,1.199382447229064,0.1450000000000212,0.06977436718094659
0.1440000000000212,0.1440000000000212,0.1440000000000212,1.19938760810184,0.1440000000000212,0.06931482804484233
0.1430000000000212,0.1430000000000212,0.1430000000000212,1.199392726445802,0.1430000000000212,0.06885494660837067
0.1420000000000212,0.1420000000000212,0.1420000000000212,1.199397802503883,0.1420000000000212,0.06839472399465563
0.1410000000000212,0.1410000000000212,0.1410000000000212,1.199402836519158,0.1410000000000212,0.06793416131802571
0.1400000000000212,0.1400000000000212,0.1400000000000212,1.199407828734818,0.1400000000000212,0.06747325968413738
0.1390000000000212,0.1390000000000212,0.1390000000000212,1.199412779394145,0.1390000000000212,0.06701202019009968
0.1380000000000212,0.1380000000000212,0.1380000000000212,1.199417688740482,0.1380000000000212,0.06655044392459512
0.1370000000000212,0.1370000000000212,0.1370000000000212,1.199422557017207,0.1370000000000212,0.06608853196800221
0.1360000000000212,0.1360000000000212,0.1360000000000212,1.19942738446771,0.1360000000000212,0.06562628539251392
0.1350000000000212,0.1350000000000212,0.1350000000000212,1.199432171335367,0.1350000000000212,0.06516370526225747
0.1340000000000212,0.1340000000000212,0.1340000000000212,1.199436917863511,0.1340000000000212,0.06470079263341251
0.1330000000000212,0.1330000000000212,0.1330000000000212,1.199441624295413,0.1330000000000212,0.06423754855432612
0.1320000000000212,0.1320000000000212,0.1320000000000212,1.199446290874251,0.1320000000000212,0.06377397406562997
0.1310000000000212,0.1310000000000212,0.1310000000000212,1.199450917843091,0.1310000000000212,0.06331007020035437
0.1300000000000212,0.1300000000000212,0.1300000000000212,1.199455505444863,0.1300000000000212,0.0628458379840415
0.1290000000000212,0.1290000000000212,0.1290000000000212,1.199460053922333,0.1290000000000212,0.06238127843485782
0.1280000000000212,0.1280000000000212,0.1280000000000212,1.199464563518085,0.1280000000000212,0.06191639256370612
0.1270000000000212,0.1270000000000212,0.1270000000000212,1.199469034474496,0.1270000000000212,0.06145118137433504
0.1260000000000212,0.1260000000000212,0.1260000000000212,1.199473467033713,0.1260000000000212,0.06098564586344916
0.1250000000000212,0.1250000000000212,0.1250000000000212,1.199477861437634,0.1250000000000212,0.0605197870208168
0.1240000000000212,0.1240000000000212,0.1240000000000212,1.199482217927882,0.1240000000000212,0.06005360582937785
0.1230000000000212,0.1230000000000212,0.1230000000000212,1.199486536745787,0.1230000000000212,0.05958710326534963
0.1220000000000212,0.1220000000000212,0.1220000000000212,1.199490818132365,0.1220000000000212,0.0591202802983327
0.1210000000000212,0.1210000000000212,0.1210000000000212,1.199495062328295,0.1210000000000212,0.05865313789141498
0.1200000000000212,0.1200000000000212,0.1200000000000212,1.199499269573903,0.1200000000000212,0.0581856770012753
0.1190000000000212,0.1190000000000212,0.1190000000000212,1.199503440109136,0.1190000000000212,0.05771789857828515
0.1180000000000212,0.1180000000000212,0.1180000000000212,1.199507574173549,0.1180000000000212,0.05724980356661156
0.1170000000000212,0.1170000000000212,0.1170000000000212,1.199511672006281,0.1170000000000212,0.05678139290431607
0.1160000000000212,0.1160000000000212,0.1160000000000212,1.19951573384604,0.1160000000000212,0.05631266752345499
0.1150000000000212,0.1150000000000212,0.1150000000000212,1.199519759931081,0.1150000000000212,0.05584362835017782
0.1140000000000212,0.1140000000000212,0.1140000000000212,1.199523750499191,0.1140000000000212,0.05537427630482458
0.1130000000000212,0.1130000000000212,0.1130000000000212,1.199527705787669,0.1130000000000212,0.05490461230202309
0.1120000000000212,0.1120000000000212,0.1120000000000212,1.199531626033311,0.1120000000000212,0.05443463725078342
0.1110000000000212,0.1110000000000212,0.1110000000000212,1.199535511472389,0.1110000000000212,0.05396435205459383
0.1100000000000212,0.1100000000000212,0.1100000000000212,1.199539362340639,0.1100000000000212,0.05349375761151404
0.1090000000000212,0.1090000000000212,0.1090000000000212,1.199543178873243,0.1090000000000212,0.05302285481426744
0.1080000000000212,0.1080000000000212,0.1080000000000212,1.19954696130481,0.1080000000000212,0.05255164455033407
0.1070000000000212,0.1070000000000212,0.1070000000000212,1.199550709869365,0.1070000000000212,0.0520801277020402
0.1060000000000212,0.1060000000000212,0.1060000000000212,1.199554424800329,0.1060000000000212,0.05160830514664958
0.1050000000000212,0.1050000000000212,0.1050000000000212,1.199558106330511,0.1050000000000212,0.05113617775645139
0.1040000000000212,0.1040000000000212,0.1040000000000212,1.199561754692084,0.1040000000000212,0.05066374639884856
0.1030000000000212,0.1030000000000212,0.1030000000000212,1.199565370116578,0.1030000000000212,0.05019101193644564
0.1020000000000212,0.1020000000000212,0.1020000000000212,1.199568952834862,0.1020000000000212,0.04971797522713381
0.1010000000000212,0.1010000000000212,0.1010000000000212,1.199572503077134,0.1010000000000212,0.04924463712417654
0.1000000000000212,0.1000000000000212,0.1000000000000212,1.199576021072901,0.1000000000000212,0.04877099847629419
0.09900000000002118,0.09900000000002118,0.09900000000002118,1.199579507050975,0.09900000000002118,0.04829706012774722
0.09800000000002118,0.09800000000002118,0.09800000000002118,1.199582961239451,0.09800000000002118,0.04782282291841777
0.09700000000002118,0.09700000000002118,0.09700000000002118,1.199586383865702,0.09700000000002118,0.04734828768389269
0.09600000000002118,0.09600000000002118,0.09600000000002118,1.199589775156361,0.09600000000002118,0.04687345525554198
0.09500000000002118,0.09500000000002118,0.09500000000002118,1.199593135337314,0.09500000000002118,0.04639832646060085
0.09400000000002118,0.09400000000002118,0.09400000000002118,1.199596464633683,0.09400000000002118,0.04592290212224581
0.09300000000002118,0.09300000000002118,0.09300000000002118,1.19959976326982,0.09300000000002118,0.04544718305967471
0.09200000000002118,0.09200000000002118,0.09200000000002118,1.199603031469292,0.09200000000002118,0.04497117008818177
0.09100000000002118,0.09100000000002118,0.09100000000002118,1.199606269454873,0.09100000000002118,0.04449486401923376
0.09000000000002117,0.09000000000002117,0.09000000000002117,1.199609477448532,0.09000000000002117,0.04401826566054589
0.08900000000002117,0.08900000000002117,0.08900000000002117,1.19961265567142,0.08900000000002117,0.04354137581615435
0.08800000000002117,0.08800000000002117,0.08800000000002117,1.199615804343866,0.08800000000002117,0.0430641952864906
0.08700000000002117,0.08700000000002117,0.08700000000002117,1.199618923685362,0.08700000000002117,0.04258672486845305
0.08600000000002117,0.08600000000002117,0.08600000000002117,1.199622013914558,0.08600000000002117,0.04210896535547713
0.08500000000002117,0.08500000000002117,0.08500000000002117,1.199625075249247,0.08500000000002117,0.04163091753760748
0.08400000000002117,0.08400000000002117,0.08400000000002117,1.199628107906362,0.08400000000002117,0.04115258220156538
0.08300000000002117,0.08300000000002117,0.08300000000002117,1.199631112101962,0.08300000000002117,0.04067396013081879
0.08200000000002117,0.08200000000002117,0.08200000000002117,1.199634088051228,0.08200000000002117,0.0401950521056478
0.08100000000002117,0.08100000000002117,0.08100000000002117,1.19963703596845,0.08100000000002117,0.03971585890321351
0.08000000000002117,0.08000000000002117,0.08000000000002117,1.199639956067023,0.08000000000002117,0.03923638129762119
0.07900000000002116,0.07900000000002116,0.07900000000002116,1.199642848559439,0.07900000000002116,0.03875662005998652
0.07800000000002116,0.07800000000002116,0.07800000000002116,1.199645713657274,0.07800000000002116,0.03827657595849942
0.07700000000002116,0.07700000000002116,0.07700000000002116,1.199648551571188,0.07700000000002116,0.03779624975848483
0.07600000000002116,0.07600000000002116,0.07600000000002116,1.199651362510912,0.07600000000002116,0.03731564222246676
0.07500000000002116,0.07500000000002116,0.07500000000002116,1.199654146685245,0.07500000000002116,0.03683475411022794
0.07400000000002116,0.07400000000002116,0.07400000000002116,1.199656904302044,0.07400000000002116,0.0363535861788707
0.07300000000002116,0.07300000000002116,0.07300000000002116,1.199659635568218,0.07300000000002116,0.03587213918287432
0.07200000000002116,0.07200000000002116,0.07200000000002116,1.199662340689726,0.07200000000002116,0.03539041387415507
0.07100000000002116,0.07100000000002116,0.07100000000002116,1.199665019871563,0.07100000000002116,0.03490841100212239
0.07000000000002116,0.07000000000002116,0.07000000000002116,1.199667673317761,0.07000000000002116,0.03442613131373453
0.06900000000002116,0.06900000000002116,0.06900000000002116,1.19967030123138,0.06900000000002116,0.03394357555355536
0.06800000000002115,0.06800000000002115,0.06800000000002115,1.199672903814502,0.06800000000002115,0.03346074446380743
0.06700000000002115,0.06700000000002115,0.06700000000002115,1.199675481268226,0.06700000000002115,0.03297763878442556
0.06600000000002115,0.06600000000002115,0.06600000000002115,1.199678033792666,0.06600000000002115,0.03249425925310959
0.06500000000002115,0.06500000000002115,0.06500000000002115,1.19968056158694,0.06500000000002115,0.03201060660537656
0.06400000000002115,0.06400000000002115,0.06400000000002115,1.19968306484917,0.06400000000002115,0.03152668157460949
0.06300000000002115,0.06300000000002115,0.06300000000002115,1.199685543776475,0.06300000000002115,0.03104248489210936
0.06200000000002115,0.06200000000002115,0.06200000000002115,1.199687998564966,0.06200000000002115,0.03055801728714162
0.06100000000002115,0.06100000000002115,0.06100000000002115,1.199690429409747,0.06100000000002115,0.03007327948698551
0.06000000000002115,0.06000000000002115,0.06000000000002115,1.199692836504901,0.06000000000002115,0.02958827221698022
0.05900000000002115,0.05900000000002115,0.05900000000002115,1.199695220043496,0.05900000000002115,0.02910299620057167
0.05800000000002115,0.05800000000002115,0.05800000000002115,1.199697580217576,0.05800000000002115,0.02861745215935576
0.05700000000002114,0.05700000000002114,0.05700000000002114,1.199699917218155,0.05700000000002114,0.02813164081312444
0.05600000000002114,0.05600000000002114,0.05600000000002114,1.199702231235222,0.05600000000002114,0.02764556287990774
0.05500000000002114,0.05500000000002114,0.05500000000002114,1.19970452245773,0.05500000000002114,0.02715921907601559
0.05400000000002114,0.05400000000002114,0.05400000000002114,1.199706791073594,0.05400000000002114,0.02667261011608044
0.05300000000002114,0.05300000000002114,0.05300000000002114,1.199709037269693,0.05300000000002114,0.02618573671309633
0.05200000000002114,0.05200000000002114,0.05200000000002114,1.19971126123186,0.05200000000002114,0.02569859957845896
0.05100000000002114,0.05100000000002114,0.05100000000002114,1.199713463144886,0.05100000000002114,0.02521119942200374
0.05000000000002114,0.05000000000002114,0.05000000000002114,1.199715643192513,0.05000000000002114,0.02472353695204405
0.04900000000002114,0.04900000000002114,0.04900000000002114,1.199717801557435,0.04900000000002114,0.02423561287540693
0.04800000000002114,0.04800000000002114,0.04800000000002114,1.199719938421291,0.04800000000002114,0.02374742789746941
0.04700000000002114,0.04700000000002114,0.04700000000002114,1.19972205396467,0.04700000000002114,0.02325898272219323
0.04600000000002114,0.04600000000002114,0.04600000000002114,1.199724148367103,0.04600000000002114,0.02277027805215899
0.04500000000002113,0.04500000000002113,0.04500000000002113,1.199726221807064,0.04500000000002113,0.02228131458859776
0.04400000000002113,0.04400000000002113,0.04400000000002113,1.199728274461969,0.04400000000002113,0.02179209303142501
0.04300000000002113,0.04300000000002113,0.04300000000002113,1.199730306508173,0.04300000000002113,0.0213026140792702
0.04200000000002113,0.04200000000002113,0.04200000000002113,1.19973231812097,0.04200000000002113,0.02081287842950788
0.04100000000002113,0.04100000000002113,0.04100000000002113,1.199734309474592,0.04100000000002113,0.02032288677828643
0.04000000000002113,0.04000000000002113,0.04000000000002113,1.199736280742205,0.04000000000002113,0.01983263982055686
0.03900000000002113,0.03900000000002113,0.03900000000002113,1.199738232095915,0.03900000000002113,0.01934213825010035
0.03800000000002113,0.03800000000002113,0.03800000000002113,1.19974016370676,0.03800000000002113,0.01885138275955398
0.03700000000002113,0.03700000000002113,0.03700000000002113,1.199742075744714,0.03700000000002113,0.01836037404043772
0.03600000000002113,0.03600000000002113,0.03600000000002113,1.199743968378684,0.03600000000002113,0.01786911278317814
0.03500000000002113,0.03500000000002113,0.03500000000002113,1.199745841776511,0.03500000000002113,0.01737759967713268
0.03400000000002112,0.03400000000002112,0.03400000000002112,1.199747696104974,0.03400000000002112,0.01688583541061305
0.03300000000002112,0.03300000000002112,0.03300000000002112,1.19974953152978,0.03300000000002112,0.01639382067090642
0.03200000000002112,0.03200000000002112,0.03200000000002112,1.199751348215575,0.03200000000002112,0.01590155614429769
0.03100000000002112,0.03100000000002112,0.03100000000002112,1.199753146325937,0.03100000000002112,0.01540904251608939
0.03000000000002112,0.03000000000002112,0.03000000000002112,1.199754926023379,0.03000000000002112,0.01491628047062084
0.02900000000002112,0.02900000000002112,0.02900000000002112,1.199756687469352,0.02900000000002112,0.01442327069128746
0.02800000000002112,0.02800000000002112,0.02800000000002112,1.199758430824239,0.02800000000002112,0.01393001386055796
0.02700000000002112,0.02700000000002112,0.02700000000002112,1.199760156247366,0.02700000000002112,0.0134365106599914
0.02600000000002112,0.02600000000002112,0.02600000000002112,1.199761863896991,0.02600000000002112,0.01294276177025347
0.02500000000002112,0.02500000000002112,0.02500000000002112,1.199763553930315,0.02500000000002112,0.01244876787113178
0.02400000000002112,0.02400000000002112,0.02400000000002112,1.199765226503478,0.02400000000002112,0.0119545296415489
0.02300000000002111,0.02300000000002111,0.02300000000002111,1.199766881771562,0.02300000000002111,0.01146004775957818
0.02200000000002111,0.02200000000002111,0.02200000000002111,1.199768519888592,0.02200000000002111,0.01096532290245412
0.02100000000002111,0.02100000000002111,0.02100000000002111,1.199770141007537,0.02100000000002111,0.01047035574658558
0.02000000000002111,0.02000000000002111,0.02000000000002111,1.199771745280313,0.02000000000002111,0.009975146967566293
0.01900000000002111,0.01900000000002111,0.01900000000002111,1.199773332857784,0.01900000000002111,0.009479697240185322
0.01800000000002111,0.01800000000002111,0.01800000000002111,1.199774903889764,0.01800000000002111,0.00898400723843616
0.01700000000002111,0.01700000000002111,0.01700000000002111,1.199776458525018,0.01700000000002111,0.008488077635525398
0.01600000000002111,0.01600000000002111,0.01600000000002111,1.199777996911267,0.01600000000002111,0.007991909103880266
0.01500000000002111,0.01500000000002111,0.01500000000002111,1.199779519195185,0.01500000000002111,0.007495502315156278
0.01400000000002111,0.01400000000002111,0.01400000000002111,1.199781025522407,0.01400000000002111,0.006998857940242479
0.01300000000002111,0.01300000000002111,0.01300000000002111,1.199782516037528,0.01300000000002111,0.006501976649267719
0.0120000000000211,0.0120000000000211,0.0120000000000211,1.199783990884107,0.0120000000000211,0.006004859111604302
0.0110000000000211,0.0110000000000211,0.0110000000000211,1.199785450204668,0.0110000000000211,0.005507505995872619
0.0100000000000211,0.0100000000000211,0.0100000000000211,1.199786894140705,0.0100000000000211,0.00500991796994362
0.009000000000021102,0.009000000000021102,0.009000000000021102,1.19978832283268,0.009000000000021102,0.004512095700941414
0.008000000000021101,0.008000000000021101,0.008000000000021101,1.199789736420035,0.008000000000021101,0.00401403985524479
0.007000000000021101,0.007000000000021101,0.007000000000021101,1.199791135041183,0.007000000000021101,0.003515751098487286
0.006000000000021101,0.006000000000021101,0.006000000000021101,1.199792518833521,0.006000000000021101,0.003017230095558164
0.005000000000021101,0.005000000000021101,0.005000000000021101,1.199793887933429,0.005000000000021101,0.002518477510600302
0.004000000000021101,0.004000000000021101,0.004000000000021101,1.199795242476273,0.004000000000021101,0.002019494007009817
0.003000000000021101,0.003000000000021101,0.003000000000021101,1.199796582596408,0.003000000000021101,0.001520280247433313
0.002000000000021101,0.002000000000021101,0.002000000000021101,1.199797908427185,0.002000000000021101,0.001020836893763617
0.001000000000021101,0.001000000000021101,0.001000000000021101,1.199799220100949,0.001000000000021101,0.0005211646071378391
0,0,0,1.199800517749045,0,2.126404792048549e-05
