/q X,/q Y,q vs qb X,q vs qb Y,qb vs q X,qb vs q Y
0,0,1.199913683622081,0,0,1.199913683622081
0.001,0.001,1.199912605170735,0.001,0.001,1.199912605170735
0.002,0.002,1.199911503598508,0.002,0.002,1.199911503598508
0.003,0.003,1.199910377143264,0.003,0.003,1.199910377143264
0.004,0.004,1.199909225281901,0.004,0.004,1.199909225281901
0.005,0.005,1.199908047481135,0.005,0.005,1.199908047481135
0.006,0.006,1.199906843197343,0.006,0.006,1.199906843197343
0.007,0.007,1.199905611876392,0.007,0.007,1.199905611876392
0.008,0.008,1.199904352953491,0.008,0.008,1.199904352953491
0.009000000000000001,0.009000000000000001,1.19990306585302,0.009000000000000001,0.009000000000000001,1.19990306585302
0.01,0.01,1.19990174998837,0.01,0.01,1.19990174998837
0.011,0.011,1.199900404761783,0.011,0.011,1.199900404761783
0.012,0.012,1.199899029564187,0.012,0.012,1.199899029564187
0.013,0.013,1.199897623775031,0.013,0.013,1.199897623775031
0.01400000000000001,0.01400000000000001,1.199896186762126,0.01400000000000001,0.01400000000000001,1.199896186762126
0.01500000000000001,0.01500000000000001,1.19989471788148,0.01500000000000001,0.01500000000000001,1.19989471788148
0.01600000000000001,0.01600000000000001,1.199893216477132,0.01600000000000001,0.01600000000000001,1.199893216477132
0.01700000000000001,0.01700000000000001,1.199891681880994,0.01700000000000001,0.01700000000000001,1.199891681880994
0.01800000000000001,0.01800000000000001,1.199890113412683,0.01800000000000001,0.01800000000000001,1.199890113412683
0.01900000000000001,0.01900000000000001,1.19988851037936,0.01900000000000001,0.01900000000000001,1.19988851037936
0.02000000000000001,0.02000000000000001,1.19988687207557,0.02000000000000001,0.02000000000000001,1.19988687207557
0.02100000000000001,0.02100000000000001,1.199885197783076,0.02100000000000001,0.02100000000000001,1.199885197783076
0.02200000000000001,0.02200000000000001,1.199883486770701,0.02200000000000001,0.02200000000000001,1.199883486770701
0.02300000000000001,0.02300000000000001,1.199881738294163,0.02300000000000001,0.02300000000000001,1.199881738294163
0.02400000000000001,0.02400000000000001,1.19987995159592,0.02400000000000001,0.02400000000000001,1.19987995159592
0.02500000000000002,0.02500000000000002,1.199878125905005,0.02500000000000002,0.02500000000000002,1.199878125905005
0.02600000000000002,0.02600000000000002,1.199876260436872,0.02600000000000002,0.02600000000000002,1.199876260436872
0.02700000000000002,0.02700000000000002,1.199874354393234,0.02700000000000002,0.02700000000000002,1.199874354393234
0.02800000000000002,0.02800000000000002,1.19987240696191,0.02800000000000002,0.02800000000000002,1.19987240696191
0.02900000000000002,0.02900000000000002,1.199870417316666,0.02900000000000002,0.02900000000000002,1.199870417316666
0.03000000000000002,0.03000000000000002,1.199868384617064,0.03000000000000002,0.03000000000000002,1.199868384617064
0.03100000000000002,0.03100000000000002,1.199866308008302,0.03100000000000002,0.03100000000000002,1.199866308008302
0.03200000000000002,0.03200000000000002,1.19986418662107,0.03200000000000002,0.03200000000000002,1.19986418662107
0.03300000000000002,0.03300000000000002,1.199862019571391,0.03300000000000002,0.03300000000000002,1.199862019571391
0.03400000000000002,0.03400000000000002,1.199859805960479,0.03400000000000002,0.03400000000000002,1.199859805960479
0.03500000000000002,0.03500000000000002,1.199857544874585,0.03500000000000002,0.03500000000000002,1.199857544874585
0.03600000000000003,0.03600000000000003,1.199855235384855,0.03600000000000003,0.03600000000000003,1.199855235384855
0.03700000000000003,0.03700000000000003,1.199852876547183,0.03700000000000003,0.03700000000000003,1.199852876547183
0.03800000000000003,0.03800000000000003,1.199850467402069,0.03800000000000003,0.03800000000000003,1.199850467402069
0.03900000000000003,0.03900000000000003,1.199848006974478,0.03900000000000003,0.03900000000000003,1.199848006974478
0.04000000000000003,0.04000000000000003,1.199845494273705,0.04000000000000003,0.04000000000000003,1.199845494273705
0.04100000000000003,0.04100000000000003,1.199842928293232,0.04100000000000003,0.04100000000000003,1.199842928293232
0.04200000000000003,0.04200000000000003,1.199840308010603,0.04200000000000003,0.04200000000000003,1.199840308010603
0.04300000000000003,0.04300000000000003,1.199837632387285,0.04300000000000003,0.04300000000000003,1.199837632387285
0.04400000000000003,0.04400000000000003,1.199834900368546,0.04400000000000003,0.04400000000000003,1.199834900368546
0.04500000000000003,0.04500000000000003,1.19983211088333,0.04500000000000003,0.04500000000000003,1.19983211088333
0.04600000000000003,0.04600000000000003,1.199829262844132,0.04600000000000003,0.04600000000000003,1.199829262844132
0.04700000000000003,0.04700000000000003,1.199826355146883,0.04700000000000003,0.04700000000000003,1.199826355146883
0.04800000000000004,0.04800000000000004,1.19982338667084,0.04800000000000004,0.04800000000000004,1.19982338667084
0.04900000000000004,0.04900000000000004,1.199820356278469,0.04900000000000004,0.04900000000000004,1.199820356278469
0.05000000000000004,0.05000000000000004,1.199817262815349,0.05000000000000004,0.05000000000000004,1.199817262815349
0.05100000000000004,0.05100000000000004,1.199814105110068,0.05100000000000004,0.05100000000000004,1.199814105110068
0.05200000000000004,0.05200000000000004,1.199810881974129,0.05200000000000004,0.05200000000000004,1.199810881974129
0.05300000000000004,0.05300000000000004,1.199807592201864,0.05300000000000004,0.05300000000000004,1.199807592201864
0.05400000000000004,0.05400000000000004,1.199804234570349,0.05400000000000004,0.05400000000000004,1.199804234570349
0.05500000000000004,0.05500000000000004,1.199800807839329,0.05500000000000004,0.05500000000000004,1.199800807839329
0.05600000000000004,0.05600000000000004,1.199797310751149,0.05600000000000004,0.05600000000000004,1.199797310751149
0.05700000000000004,0.05700000000000004,1.199793742030689,0.05700000000000004,0.05700000000000004,1.199793742030689
0.05800000000000004,0.05800000000000004,1.199790100385312,0.05800000000000004,0.05800000000000004,1.199790100385312
0.05900000000000005,0.05900000000000005,1.19978638450481,0.05900000000000005,0.05900000000000005,1.19978638450481
0.06000000000000005,0.06000000000000005,1.199782593061371,0.06000000000000005,0.06000000000000005,1.199782593061371
0.06100000000000005,0.06100000000000005,1.199778724709539,0.06100000000000005,0.06100000000000005,1.199778724709539
0.06200000000000005,0.06200000000000005,1.199774778086195,0.06200000000000005,0.06200000000000005,1.199774778086195
0.06300000000000004,0.06300000000000004,1.199770751810537,0.06300000000000004,0.06300000000000004,1.199770751810537
0.06400000000000004,0.06400000000000004,1.199766644484069,0.06400000000000004,0.06400000000000004,1.199766644484069
0.06500000000000004,0.06500000000000004,1.199762454690609,0.06500000000000004,0.06500000000000004,1.199762454690609
0.06600000000000004,0.06600000000000004,1.199758180996288,0.06600000000000004,0.06600000000000004,1.199758180996288
0.06700000000000005,0.06700000000000005,1.199753821949574,0.06700000000000005,0.06700000000000005,1.199753821949574
0.06800000000000005,0.06800000000000005,1.19974937608129,0.06800000000000005,0.06800000000000005,1.19974937608129
0.06900000000000005,0.06900000000000005,1.199744841904653,0.06900000000000005,0.06900000000000005,1.199744841904653
0.07000000000000005,0.07000000000000005,1.199740217915314,0.07000000000000005,0.07000000000000005,1.199740217915314
0.07100000000000005,0.07100000000000005,1.199735502591403,0.07100000000000005,0.07100000000000005,1.199735502591403
0.07200000000000005,0.07200000000000005,1.199730694393596,0.07200000000000005,0.07200000000000005,1.199730694393596
0.07300000000000005,0.07300000000000005,1.199725791765171,0.07300000000000005,0.07300000000000005,1.199725791765171
0.07400000000000005,0.07400000000000005,1.199720793132087,0.07400000000000005,0.07400000000000005,1.199720793132087
0.07500000000000005,0.07500000000000005,1.199715696903066,0.07500000000000005,0.07500000000000005,1.199715696903066
0.07600000000000005,0.07600000000000005,1.199710501469679,0.07600000000000005,0.07600000000000005,1.199710501469679
0.07700000000000005,0.07700000000000005,1.199705205206444,0.07700000000000005,0.07700000000000005,1.199705205206444
0.07800000000000006,0.07800000000000006,1.199699806470931,0.07800000000000006,0.07800000000000006,1.199699806470931
0.07900000000000006,0.07900000000000006,1.199694303603871,0.07900000000000006,0.07900000000000006,1.199694303603871
0.08000000000000006,0.08000000000000006,1.199688694929274,0.08000000000000006,0.08000000000000006,1.199688694929274
0.08100000000000006,0.08100000000000006,1.199682978754558,0.08100000000000006,0.08100000000000006,1.199682978754558
0.08200000000000006,0.08200000000000006,1.199677153370676,0.08200000000000006,0.08200000000000006,1.199677153370676
0.08300000000000006,0.08300000000000006,1.199671217052257,0.08300000000000006,0.08300000000000006,1.199671217052257
0.08400000000000006,0.08400000000000006,1.199665168057749,0.08400000000000006,0.08400000000000006,1.199665168057749
0.08500000000000006,0.08500000000000006,1.199659004629573,0.08500000000000006,0.08500000000000006,1.199659004629573
0.08600000000000006,0.08600000000000006,1.199652724994278,0.08600000000000006,0.08600000000000006,1.199652724994278
0.08700000000000006,0.08700000000000006,1.199646327362706,0.08700000000000006,0.08700000000000006,1.199646327362706
0.08800000000000006,0.08800000000000006,1.199639809930161,0.08800000000000006,0.08800000000000006,1.199639809930161
0.08900000000000007,0.08900000000000007,1.199633170876583,0.08900000000000007,0.08900000000000007,1.199633170876583
0.09000000000000007,0.09000000000000007,1.199626408366729,0.09000000000000007,0.09000000000000007,1.199626408366729
0.09100000000000007,0.09100000000000007,1.19961952055036,0.09100000000000007,0.09100000000000007,1.19961952055036
0.09200000000000007,0.09200000000000007,1.199612505562431,0.09200000000000007,0.09200000000000007,1.199612505562431
0.09300000000000007,0.09300000000000007,1.199605361523289,0.09300000000000007,0.09300000000000007,1.199605361523289
0.09400000000000007,0.09400000000000007,1.199598086538872,0.09400000000000007,0.09400000000000007,1.199598086538872
0.09500000000000007,0.09500000000000007,1.199590678700916,0.09500000000000007,0.09500000000000007,1.199590678700916
0.09600000000000007,0.09600000000000007,1.199583136087166,0.09600000000000007,0.09600000000000007,1.199583136087166
0.09700000000000007,0.09700000000000007,1.199575456761589,0.09700000000000007,0.09700000000000007,1.199575456761589
0.09800000000000007,0.09800000000000007,1.199567638774596,0.09800000000000007,0.09800000000000007,1.199567638774596
0.09900000000000007,0.09900000000000007,1.19955968016326,0.09900000000000007,0.09900000000000007,1.19955968016326
0.1000000000000001,0.1000000000000001,1.199551578951547,0.1000000000000001,0.1000000000000001,1.199551578951547
0.1010000000000001,0.1010000000000001,1.199543333150544,0.1010000000000001,0.1010000000000001,1.199543333150544
0.1020000000000001,0.1020000000000001,1.199534940758692,0.1020000000000001,0.1020000000000001,1.199534940758692
0.1030000000000001,0.1030000000000001,1.199526399762023,0.1030000000000001,0.1030000000000001,1.199526399762023
0.1040000000000001,0.1040000000000001,1.199517708134398,0.1040000000000001,0.1040000000000001,1.199517708134398
0.1050000000000001,0.1050000000000001,1.199508863837749,0.1050000000000001,0.1050000000000001,1.199508863837749
0.1060000000000001,0.1060000000000001,1.199499864822325,0.1060000000000001,0.1060000000000001,1.199499864822325
0.1070000000000001,0.1070000000000001,1.199490709026935,0.1070000000000001,0.1070000000000001,1.199490709026935
0.1080000000000001,0.1080000000000001,1.199481394379196,0.1080000000000001,0.1080000000000001,1.199481394379196
0.1090000000000001,0.1090000000000001,1.199471918795783,0.1090000000000001,0.1090000000000001,1.199471918795783
0.1100000000000001,0.1100000000000001,1.199462280182682,0.1100000000000001,0.1100000000000001,1.199462280182682
0.1110000000000001,0.1110000000000001,1.199452476435438,0.1110000000000001,0.1110000000000001,1.199452476435438
0.1120000000000001,0.1120000000000001,1.199442505439408,0.1120000000000001,0.1120000000000001,1.199442505439408
0.1130000000000001,0.1130000000000001,1.199432365070016,0.1130000000000001,0.1130000000000001,1.199432365070016
0.1140000000000001,0.1140000000000001,1.199422053193004,0.1140000000000001,0.1140000000000001,1.199422053193004
0.1150000000000001,0.1150000000000001,1.199411567664689,0.1150000000000001,0.1150000000000001,1.199411567664689
0.1160000000000001,0.1160000000000001,1.199400906332209,0.1160000000000001,0.1160000000000001,1.199400906332209
0.1170000000000001,0.1170000000000001,1.199390067033782,0.1170000000000001,0.1170000000000001,1.199390067033782
0.1180000000000001,0.1180000000000001,1.199379047598955,0.1180000000000001,0.1180000000000001,1.199379047598955
0.1190000000000001,0.1190000000000001,1.199367845848856,0.1190000000000001,0.1190000000000001,1.199367845848856
0.1200000000000001,0.1200000000000001,1.19935645959644,0.1200000000000001,0.1200000000000001,1.19935645959644
0.1210000000000001,0.1210000000000001,1.199344886646741,0.1210000000000001,0.1210000000000001,1.199344886646741
0.1220000000000001,0.1220000000000001,1.199333124797117,0.1220000000000001,0.1220000000000001,1.199333124797117
0.1230000000000001,0.1230000000000001,1.199321171837493,0.1230000000000001,0.1230000000000001,1.199321171837493
0.1240000000000001,0.1240000000000001,1.199309025550603,0.1240000000000001,0.1240000000000001,1.199309025550603
0.1250000000000001,0.1250000000000001,1.199296683712233,0.1250000000000001,0.1250000000000001,1.199296683712233
0.1260000000000001,0.1260000000000001,1.199284144091452,0.1260000000000001,0.1260000000000001,1.199284144091452
0.1270000000000001,0.1270000000000001,1.199271404450853,0.1270000000000001,0.1270000000000001,1.199271404450853
0.1280000000000001,0.1280000000000001,1.199258462546779,0.1280000000000001,0.1280000000000001,1.199258462546779
0.1290000000000001,0.1290000000000001,1.199245316129553,0.1290000000000001,0.1290000000000001,1.199245316129553
0.1300000000000001,0.1300000000000001,1.199231962943702,0.1300000000000001,0.1300000000000001,1.199231962943702
0.1310000000000001,0.1310000000000001,1.199218400728177,0.1310000000000001,0.1310000000000001,1.199218400728177
0.1320000000000001,0.1320000000000001,1.199204627216574,0.1320000000000001,0.1320000000000001,1.199204627216574
0.1330000000000001,0.1330000000000001,1.199190640137342,0.1330000000000001,0.1330000000000001,1.199190640137342
0.1340000000000001,0.1340000000000001,1.199176437213994,0.1340000000000001,0.1340000000000001,1.199176437213994
0.1350000000000001,0.1350000000000001,1.199162016165313,0.1350000000000001,0.1350000000000001,1.199162016165313
0.1360000000000001,0.1360000000000001,1.199147374705551,0.1360000000000001,0.1360000000000001,1.199147374705551
0.1370000000000001,0.1370000000000001,1.199132510544627,0.1370000000000001,0.1370000000000001,1.199132510544627
0.1380000000000001,0.1380000000000001,1.199117421388314,0.1380000000000001,0.1380000000000001,1.199117421388314
0.1390000000000001,0.1390000000000001,1.199102104938429,0.1390000000000001,0.1390000000000001,1.199102104938429
0.1400000000000001,0.1400000000000001,1.199086558893016,0.1400000000000001,0.1400000000000001,1.199086558893016
0.1410000000000001,0.1410000000000001,1.199070780946516,0.1410000000000001,0.1410000000000001,1.199070780946516
0.1420000000000001,0.1420000000000001,1.199054768789947,0.1420000000000001,0.1420000000000001,1.199054768789947
0.1430000000000001,0.1430000000000001,1.199038520111065,0.1430000000000001,0.1430000000000001,1.199038520111065
0.1440000000000001,0.1440000000000001,1.199022032594525,0.1440000000000001,0.1440000000000001,1.199022032594525
0.1450000000000001,0.1450000000000001,1.19900530392204,0.1450000000000001,0.1450000000000001,1.19900530392204
0.1460000000000001,0.1460000000000001,1.198988331772529,0.1460000000000001,0.1460000000000001,1.198988331772529
0.1470000000000001,0.1470000000000001,1.198971113822265,0.1470000000000001,0.1470000000000001,1.198971113822265
0.1480000000000001,0.1480000000000001,1.19895364774501,0.1480000000000001,0.1480000000000001,1.19895364774501
0.1490000000000001,0.1490000000000001,1.198935931212153,0.1490000000000001,0.1490000000000001,1.198935931212153
0.1500000000000001,0.1500000000000001,1.198917961892838,0.1500000000000001,0.1500000000000001,1.198917961892838
0.1510000000000001,0.1510000000000001,1.198899737454087,0.1510000000000001,0.1510000000000001,1.198899737454087
0.1520000000000001,0.1520000000000001,1.198881255560915,0.1520000000000001,0.1520000000000001,1.198881255560915
0.1530000000000001,0.1530000000000001,1.198862513876446,0.1530000000000001,0.1530000000000001,1.198862513876446
0.1540000000000001,0.1540000000000001,1.198843510062018,0.1540000000000001,0.1540000000000001,1.198843510062018
0.1550000000000001,0.1550000000000001,1.198824241777281,0.1550000000000001,0.1550000000000001,1.198824241777281
0.1560000000000001,0.1560000000000001,1.198804706680295,0.1560000000000001,0.1560000000000001,1.198804706680295
0.1570000000000001,0.1570000000000001,1.198784902427621,0.1570000000000001,0.1570000000000001,1.198784902427621
0.1580000000000001,0.1580000000000001,1.1987648266744,0.1580000000000001,0.1580000000000001,1.1987648266744
0.1590000000000001,0.1590000000000001,1.198744477074438,0.1590000000000001,0.1590000000000001,1.198744477074438
0.1600000000000001,0.1600000000000001,1.198723851280272,0.1600000000000001,0.1600000000000001,1.198723851280272
0.1610000000000001,0.1610000000000001,1.198702946943244,0.1610000000000001,0.1610000000000001,1.198702946943244
0.1620000000000001,0.1620000000000001,1.19868176171356,0.1620000000000001,0.1620000000000001,1.19868176171356
0.1630000000000001,0.1630000000000001,1.198660293240346,0.1630000000000001,0.1630000000000001,1.198660293240346
0.1640000000000001,0.1640000000000001,1.198638539171701,0.1640000000000001,0.1640000000000001,1.198638539171701
0.1650000000000001,0.1650000000000001,1.198616497154743,0.1650000000000001,0.1650000000000001,1.198616497154743
0.1660000000000001,0.1660000000000001,1.19859416483565,0.1660000000000001,0.1660000000000001,1.19859416483565
0.1670000000000001,0.1670000000000001,1.198571539859694,0.1670000000000001,0.1670000000000001,1.198571539859694
0.1680000000000001,0.1680000000000001,1.198548619871274,0.1680000000000001,0.1680000000000001,1.198548619871274
0.1690000000000001,0.1690000000000001,1.198525402513939,0.1690000000000001,0.1690000000000001,1.198525402513939
0.1700000000000001,0.1700000000000001,1.198501885430412,0.1700000000000001,0.1700000000000001,1.198501885430412
0.1710000000000001,0.1710000000000001,1.198478066262601,0.1710000000000001,0.1710000000000001,1.198478066262601
0.1720000000000001,0.1720000000000001,1.198453942651613,0.1720000000000001,0.1720000000000001,1.198453942651613
0.1730000000000001,0.1730000000000001,1.198429512237759,0.1730000000000001,0.1730000000000001,1.198429512237759
0.1740000000000001,0.1740000000000001,1.198404772660555,0.1740000000000001,0.1740000000000001,1.198404772660555
0.1750000000000001,0.1750000000000001,1.198379721558719,0.1750000000000001,0.1750000000000001,1.198379721558719
0.1760000000000001,0.1760000000000001,1.19835435657016,0.1760000000000001,0.1760000000000001,1.19835435657016
0.1770000000000001,0.1770000000000001,1.198328675331972,0.1770000000000001,0.1770000000000001,1.198328675331972
0.1780000000000001,0.1780000000000001,1.19830267548041,0.1780000000000001,0.1780000000000001,1.19830267548041
0.1790000000000001,0.1790000000000001,1.19827635465087,0.1790000000000001,0.1790000000000001,1.19827635465087
0.1800000000000001,0.1800000000000001,1.198249710477869,0.1800000000000001,0.1800000000000001,1.198249710477869
0.1810000000000001,0.1810000000000001,1.198222740595009,0.1810000000000001,0.1810000000000001,1.198222740595009
0.1820000000000001,0.1820000000000001,1.198195442634943,0.1820000000000001,0.1820000000000001,1.198195442634943
0.1830000000000001,0.1830000000000001,1.198167814229341,0.1830000000000001,0.1830000000000001,1.198167814229341
0.1840000000000001,0.1840000000000001,1.198139853008848,0.1840000000000001,0.1840000000000001,1.198139853008848
0.1850000000000001,0.1850000000000001,1.198111556603031,0.1850000000000001,0.1850000000000001,1.198111556603031
0.1860000000000001,0.1860000000000001,1.198082922640338,0.1860000000000001,0.1860000000000001,1.198082922640338
0.1870000000000001,0.1870000000000001,1.198053948748042,0.1870000000000001,0.1870000000000001,1.198053948748042
0.1880000000000001,0.1880000000000001,1.19802463255218,0.1880000000000001,0.1880000000000001,1.19802463255218
0.1890000000000001,0.1890000000000001,1.197994971677498,0.1890000000000001,0.1890000000000001,1.197994971677498
0.1900000000000001,0.1900000000000001,1.197964963747384,0.1900000000000001,0.1900000000000001,1.197964963747384
0.1910000000000001,0.1910000000000001,1.197934606383798,0.1910000000000001,0.1910000000000001,1.197934606383798
0.1920000000000001,0.1920000000000001,1.197903897207208,0.1920000000000001,0.1920000000000001,1.197903897207208
0.1930000000000001,0.1930000000000001,1.19787283383651,0.1930000000000001,0.1930000000000001,1.19787283383651
0.1940000000000001,0.1940000000000001,1.197841413888952,0.1940000000000001,0.1940000000000001,1.197841413888952
0.1950000000000001,0.1950000000000001,1.197809634980054,0.1950000000000001,0.1950000000000001,1.197809634980054
0.1960000000000001,0.1960000000000001,1.197777494723524,0.1960000000000001,0.1960000000000001,1.197777494723524
0.1970000000000001,0.1970000000000001,1.197744990731173,0.1970000000000001,0.1970000000000001,1.197744990731173
0.1980000000000001,0.1980000000000001,1.197712120612823,0.1980000000000001,0.1980000000000001,1.197712120612823
0.1990000000000001,0.1990000000000001,1.197678881976215,0.1990000000000001,0.1990000000000001,1.197678881976215
0.2000000000000001,0.2000000000000001,1.197645272426917,0.2000000000000001,0.2000000000000001,1.197645272426917
0.2010000000000002,0.2010000000000002,1.197611289568222,0.2010000000000002,0.2010000000000002,1.197611289568222
0.2020000000000002,0.2020000000000002,1.197576931001047,0.2020000000000002,0.2020000000000002,1.197576931001047
0.2030000000000002,0.2030000000000002,1.197542194323836,0.2030000000000002,0.2030000000000002,1.197542194323836
0.2040000000000002,0.2040000000000002,1.197507077132445,0.2040000000000002,0.2040000000000002,1.197507077132445
0.2050000000000002,0.2050000000000002,1.197471577020041,0.2050000000000002,0.2050000000000002,1.197471577020041
0.2060000000000002,0.2060000000000002,1.197435691576987,0.2060000000000002,0.2060000000000002,1.197435691576987
0.2070000000000002,0.2070000000000002,1.197399418390732,0.2070000000000002,0.2070000000000002,1.197399418390732
0.2080000000000002,0.2080000000000002,1.197362755045692,0.2080000000000002,0.2080000000000002,1.197362755045692
0.2090000000000002,0.2090000000000002,1.197325699123132,0.2090000000000002,0.2090000000000002,1.197325699123132
0.2100000000000002,0.2100000000000002,1.19728824820105,0.2100000000000002,0.2100000000000002,1.19728824820105
0.2110000000000002,0.2110000000000002,1.19725039985405,0.2110000000000002,0.2110000000000002,1.19725039985405
0.2120000000000002,0.2120000000000002,1.197212151653217,0.2120000000000002,0.2120000000000002,1.197212151653217
0.2130000000000002,0.2130000000000002,1.197173501165995,0.2130000000000002,0.2130000000000002,1.197173501165995
0.2140000000000002,0.2140000000000002,1.197134445956054,0.2140000000000002,0.2140000000000002,1.197134445956054
0.2150000000000002,0.2150000000000002,1.197094983583158,0.2150000000000002,0.2150000000000002,1.197094983583158
0.2160000000000002,0.2160000000000002,1.197055111603036,0.2160000000000002,0.2160000000000002,1.197055111603036
0.2170000000000002,0.2170000000000002,1.197014827567241,0.2170000000000002,0.2170000000000002,1.197014827567241
0.2180000000000002,0.2180000000000002,1.196974129023021,0.2180000000000002,0.2180000000000002,1.196974129023021
0.2190000000000002,0.2190000000000002,1.19693301351317,0.2190000000000002,0.2190000000000002,1.19693301351317
0.2200000000000002,0.2200000000000002,1.196891478575896,0.2200000000000002,0.2200000000000002,1.196891478575896
0.2210000000000002,0.2210000000000002,1.19684952174467,0.2210000000000002,0.2210000000000002,1.19684952174467
0.2220000000000002,0.2220000000000002,1.196807140548089,0.2220000000000002,0.2220000000000002,1.196807140548089
0.2230000000000002,0.2230000000000002,1.196764332509721,0.2230000000000002,0.2230000000000002,1.196764332509721
0.2240000000000002,0.2240000000000002,1.196721095147965,0.2240000000000002,0.2240000000000002,1.196721095147965
0.2250000000000002,0.2250000000000002,1.196677425975893,0.2250000000000002,0.2250000000000002,1.196677425975893
0.2260000000000002,0.2260000000000002,1.1966333225011,0.2260000000000002,0.2260000000000002,1.1966333225011
0.2270000000000002,0.2270000000000002,1.196588782225553,0.2270000000000002,0.2270000000000002,1.196588782225553
0.2280000000000002,0.2280000000000002,1.196543802645433,0.2280000000000002,0.2280000000000002,1.196543802645433
0.2290000000000002,0.2290000000000002,1.196498381250974,0.2290000000000002,0.2290000000000002,1.196498381250974
0.2300000000000002,0.2300000000000002,1.196452515526308,0.2300000000000002,0.2300000000000002,1.196452515526308
0.2310000000000002,0.2310000000000002,1.196406202949303,0.2310000000000002,0.2310000000000002,1.196406202949303
0.2320000000000002,0.2320000000000002,1.196359440991398,0.2320000000000002,0.2320000000000002,1.196359440991398
0.2330000000000002,0.2330000000000002,1.196312227117441,0.2330000000000002,0.2330000000000002,1.196312227117441
0.2340000000000002,0.2340000000000002,1.196264558785517,0.2340000000000002,0.2340000000000002,1.196264558785517
0.2350000000000002,0.2350000000000002,1.196216433446788,0.2350000000000002,0.2350000000000002,1.196216433446788
0.2360000000000002,0.2360000000000002,1.196167848545315,0.2360000000000002,0.2360000000000002,1.196167848545315
0.2370000000000002,0.2370000000000002,1.19611880151789,0.2370000000000002,0.2370000000000002,1.19611880151789
0.2380000000000002,0.2380000000000002,1.196069289793863,0.2380000000000002,0.2380000000000002,1.196069289793863
0.2390000000000002,0.2390000000000002,1.196019310794963,0.2390000000000002,0.2390000000000002,1.196019310794963
0.2400000000000002,0.2400000000000002,1.195968861935125,0.2400000000000002,0.2400000000000002,1.195968861935125
0.2410000000000002,0.2410000000000002,1.195917940620307,0.2410000000000002,0.2410000000000002,1.195917940620307
0.2420000000000002,0.2420000000000002,1.195866544248313,0.2420000000000002,0.2420000000000002,1.195866544248313
0.2430000000000002,0.2430000000000002,1.195814670208607,0.2430000000000002,0.2430000000000002,1.195814670208607
0.2440000000000002,0.2440000000000002,1.195762315882129,0.2440000000000002,0.2440000000000002,1.195762315882129
0.2450000000000002,0.2450000000000002,1.195709478641113,0.2450000000000002,0.2450000000000002,1.195709478641113
0.2460000000000002,0.2460000000000002,1.19565615584889,0.2460000000000002,0.2460000000000002,1.19565615584889
0.2470000000000002,0.2470000000000002,1.195602344859706,0.2470000000000002,0.2470000000000002,1.195602344859706
0.2480000000000002,0.2480000000000002,1.195548043018527,0.2480000000000002,0.2480000000000002,1.195548043018527
0.2490000000000002,0.2490000000000002,1.195493247660844,0.2490000000000002,0.2490000000000002,1.195493247660844
0.2500000000000002,0.2500000000000002,1.195437956112479,0.2500000000000002,0.2500000000000002,1.195437956112479
0.2510000000000002,0.2510000000000002,1.195382165689384,0.2510000000000002,0.2510000000000002,1.195382165689384
0.2520000000000002,0.2520000000000002,1.195325873697445,0.2520000000000002,0.2520000000000002,1.195325873697445
0.2530000000000002,0.2530000000000002,1.195269077432277,0.2530000000000002,0.2530000000000002,1.195269077432277
0.2540000000000002,0.2540000000000002,1.195211774179023,0.2540000000000002,0.2540000000000002,1.195211774179023
0.2550000000000002,0.2550000000000002,1.195153961212144,0.2550000000000002,0.2550000000000002,1.195153961212144
0.2560000000000002,0.2560000000000002,1.195095635795213,0.2560000000000002,0.2560000000000002,1.195095635795213
0.2570000000000002,0.2570000000000002,1.195036795180707,0.2570000000000002,0.2570000000000002,1.195036795180707
0.2580000000000002,0.2580000000000002,1.194977436609789,0.2580000000000002,0.2580000000000002,1.194977436609789
0.2590000000000002,0.2590000000000002,1.194917557312099,0.2590000000000002,0.2590000000000002,1.194917557312099
0.2600000000000002,0.2600000000000002,1.194857154505532,0.2600000000000002,0.2600000000000002,1.194857154505532
0.2610000000000002,0.2610000000000002,1.194796225396023,0.2610000000000002,0.2610000000000002,1.194796225396023
0.2620000000000002,0.2620000000000002,1.194734767177323,0.2620000000000002,0.2620000000000002,1.194734767177323
0.2630000000000002,0.2630000000000002,1.194672777030776,0.2630000000000002,0.2630000000000002,1.194672777030776
0.2640000000000002,0.2640000000000002,1.194610252125091,0.2640000000000002,0.2640000000000002,1.194610252125091
0.2650000000000002,0.2650000000000002,1.194547189616118,0.2650000000000002,0.2650000000000002,1.194547189616118
0.2660000000000002,0.2660000000000002,1.194483586646609,0.2660000000000002,0.2660000000000002,1.194483586646609
0.2670000000000002,0.2670000000000002,1.194419440345993,0.2670000000000002,0.2670000000000002,1.194419440345993
0.2680000000000002,0.2680000000000002,1.194354747830133,0.2680000000000002,0.2680000000000002,1.194354747830133
0.2690000000000002,0.2690000000000002,1.19428950620109,0.2690000000000002,0.2690000000000002,1.19428950620109
0.2700000000000002,0.2700000000000002,1.194223712546882,0.2700000000000002,0.2700000000000002,1.194223712546882
0.2710000000000002,0.2710000000000002,1.194157363941239,0.2710000000000002,0.2710000000000002,1.194157363941239
0.2720000000000002,0.2720000000000002,1.194090457443353,0.2720000000000002,0.2720000000000002,1.194090457443353
0.2730000000000002,0.2730000000000002,1.194022990097635,0.2730000000000002,0.2730000000000002,1.194022990097635
0.2740000000000002,0.2740000000000002,1.193954958933456,0.2740000000000002,0.2740000000000002,1.193954958933456
0.2750000000000002,0.2750000000000002,1.193886360964894,0.2750000000000002,0.2750000000000002,1.193886360964894
0.2760000000000002,0.2760000000000002,1.193817193190475,0.2760000000000002,0.2760000000000002,1.193817193190475
0.2770000000000002,0.2770000000000002,1.193747452592913,0.2770000000000002,0.2770000000000002,1.193747452592913
0.2780000000000002,0.2780000000000002,1.193677136138845,0.2780000000000002,0.2780000000000002,1.193677136138845
0.2790000000000002,0.2790000000000002,1.193606240778558,0.2790000000000002,0.2790000000000002,1.193606240778558
0.2800000000000002,0.2800000000000002,1.193534763445729,0.2800000000000002,0.2800000000000002,1.193534763445729
0.2810000000000002,0.2810000000000002,1.193462701057137,0.2810000000000002,0.2810000000000002,1.193462701057137
0.2820000000000002,0.2820000000000002,1.1933900505124,0.2820000000000002,0.2820000000000002,1.1933900505124
0.2830000000000002,0.2830000000000002,1.193316808693681,0.2830000000000002,0.2830000000000002,1.193316808693681
0.2840000000000002,0.2840000000000002,1.193242972465414,0.2840000000000002,0.2840000000000002,1.193242972465414
0.2850000000000002,0.2850000000000002,1.19316853867401,0.2850000000000002,0.2850000000000002,1.19316853867401
0.2860000000000002,0.2860000000000002,1.193093504147567,0.2860000000000002,0.2860000000000002,1.193093504147567
0.2870000000000002,0.2870000000000002,1.193017865695578,0.2870000000000002,0.2870000000000002,1.193017865695578
0.2880000000000002,0.2880000000000002,1.192941620108627,0.2880000000000002,0.2880000000000002,1.192941620108627
0.2890000000000002,0.2890000000000002,1.192864764158091,0.2890000000000002,0.2890000000000002,1.192864764158091
0.2900000000000002,0.2900000000000002,1.192787294595831,0.2900000000000002,0.2900000000000002,1.192787294595831
0.2910000000000002,0.2910000000000002,1.192709208153885,0.2910000000000002,0.2910000000000002,1.192709208153885
0.2920000000000002,0.2920000000000002,1.192630501544149,0.2920000000000002,0.2920000000000002,1.192630501544149
0.2930000000000002,0.2930000000000002,1.192551171458063,0.2930000000000002,0.2930000000000002,1.192551171458063
0.2940000000000002,0.2940000000000002,1.192471214566284,0.2940000000000002,0.2940000000000002,1.192471214566284
0.2950000000000002,0.2950000000000002,1.192390627518366,0.2950000000000002,0.2950000000000002,1.192390627518366
0.2960000000000002,0.2960000000000002,1.192309406942422,0.2960000000000002,0.2960000000000002,1.192309406942422
0.2970000000000002,0.2970000000000002,1.192227549444792,0.2970000000000002,0.2970000000000002,1.192227549444792
0.2980000000000002,0.2980000000000002,1.192145051609702,0.2980000000000002,0.2980000000000002,1.192145051609702
0.2990000000000002,0.2990000000000002,1.192061909998923,0.2990000000000002,0.2990000000000002,1.192061909998923
0.3000000000000002,0.3000000000000002,1.191978121151415,0.3000000000000002,0.3000000000000002,1.191978121151415
0.3010000000000002,0.3010000000000002,1.191893681582979,0.3010000000000002,0.3010000000000002,1.191893681582979
0.3020000000000002,0.3020000000000002,1.191808587785897,0.3020000000000002,0.3020000000000002,1.191808587785897
0.3030000000000002,0.3030000000000002,1.191722836228564,0.3030000000000002,0.3030000000000002,1.191722836228564
0.3040000000000002,0.3040000000000002,1.191636423355128,0.3040000000000002,0.3040000000000002,1.191636423355128
0.3050000000000002,0.3050000000000002,1.191549345585106,0.3050000000000002,0.3050000000000002,1.191549345585106
0.3060000000000002,0.3060000000000002,1.191461599313011,0.3060000000000002,0.3060000000000002,1.191461599313011
0.3070000000000002,0.3070000000000002,1.191373180907969,0.3070000000000002,0.3070000000000002,1.191373180907969
0.3080000000000002,0.3080000000000002,1.191284086713324,0.3080000000000002,0.3080000000000002,1.191284086713324
0.3090000000000002,0.3090000000000002,1.191194313046244,0.3090000000000002,0.3090000000000002,1.191194313046244
0.3100000000000002,0.3100000000000002,1.191103856197324,0.3100000000000002,0.3100000000000002,1.191103856197324
0.3110000000000002,0.3110000000000002,1.191012712430174,0.3110000000000002,0.3110000000000002,1.191012712430174
0.3120000000000002,0.3120000000000002,1.190920877981009,0.3120000000000002,0.3120000000000002,1.190920877981009
0.3130000000000002,0.3130000000000002,1.190828349058229,0.3130000000000002,0.3130000000000002,1.190828349058229
0.3140000000000002,0.3140000000000002,1.190735121841995,0.3140000000000002,0.3140000000000002,1.190735121841995
0.3150000000000002,0.3150000000000002,1.190641192483799,0.3150000000000002,0.3150000000000002,1.190641192483799
0.3160000000000002,0.3160000000000002,1.190546557106025,0.3160000000000002,0.3160000000000002,1.190546557106025
0.3170000000000002,0.3170000000000002,1.190451211801504,0.3170000000000002,0.3170000000000002,1.190451211801504
0.3180000000000002,0.3180000000000002,1.190355152633066,0.3180000000000002,0.3180000000000002,1.190355152633066
0.3190000000000002,0.3190000000000002,1.190258375633083,0.3190000000000002,0.3190000000000002,1.190258375633083
0.3200000000000002,0.3200000000000002,1.190160876803001,0.3200000000000002,0.3200000000000002,1.190160876803001
0.3210000000000002,0.3210000000000002,1.190062652112873,0.3210000000000002,0.3210000000000002,1.190062652112873
0.3220000000000002,0.3220000000000002,1.189963697500881,0.3220000000000002,0.3220000000000002,1.189963697500881
0.3230000000000002,0.3230000000000002,1.189864008872846,0.3230000000000002,0.3230000000000002,1.189864008872846
0.3240000000000002,0.3240000000000002,1.189763582101738,0.3240000000000002,0.3240000000000002,1.189763582101738
0.3250000000000002,0.3250000000000002,1.189662413027179,0.3250000000000002,0.3250000000000002,1.189662413027179
0.3260000000000002,0.3260000000000002,1.189560497454925,0.3260000000000002,0.3260000000000002,1.189560497454925
0.3270000000000002,0.3270000000000002,1.189457831156362,0.3270000000000002,0.3270000000000002,1.189457831156362
0.3280000000000002,0.3280000000000002,1.18935440986797,0.3280000000000002,0.3280000000000002,1.18935440986797
0.3290000000000002,0.3290000000000002,1.1892502292908,0.3290000000000002,0.3290000000000002,1.1892502292908
0.3300000000000002,0.3300000000000002,1.189145285089928,0.3300000000000002,0.3300000000000002,1.189145285089928
0.3310000000000002,0.3310000000000002,1.189039572893907,0.3310000000000002,0.3310000000000002,1.189039572893907
0.3320000000000002,0.3320000000000002,1.18893308829421,0.3320000000000002,0.3320000000000002,1.18893308829421
0.3330000000000002,0.3330000000000002,1.188825826844659,0.3330000000000002,0.3330000000000002,1.188825826844659
0.3340000000000002,0.3340000000000002,1.188717784060856,0.3340000000000002,0.3340000000000002,1.188717784060856
0.3350000000000002,0.3350000000000002,1.18860895541959,0.3350000000000002,0.3350000000000002,1.18860895541959
0.3360000000000002,0.3360000000000002,1.188499336358249,0.3360000000000002,0.3360000000000002,1.188499336358249
0.3370000000000002,0.3370000000000002,1.188388922274211,0.3370000000000002,0.3370000000000002,1.188388922274211
0.3380000000000002,0.3380000000000002,1.188277708524231,0.3380000000000002,0.3380000000000002,1.188277708524231
0.3390000000000002,0.3390000000000002,1.188165690423818,0.3390000000000002,0.3390000000000002,1.188165690423818
0.3400000000000002,0.3400000000000002,1.1880528632466,0.3400000000000002,0.3400000000000002,1.1880528632466
0.3410000000000002,0.3410000000000002,1.187939222223677,0.3410000000000002,0.3410000000000002,1.187939222223677
0.3420000000000002,0.3420000000000002,1.187824762542968,0.3420000000000002,0.3420000000000002,1.187824762542968
0.3430000000000002,0.3430000000000002,1.187709479348543,0.3430000000000002,0.3430000000000002,1.187709479348543
0.3440000000000003,0.3440000000000003,1.187593367739948,0.3440000000000003,0.3440000000000003,1.187593367739948
0.3450000000000003,0.3450000000000003,1.18747642277151,0.3450000000000003,0.3450000000000003,1.18747642277151
0.3460000000000003,0.3460000000000003,1.187358639451644,0.3460000000000003,0.3460000000000003,1.187358639451644
0.3470000000000003,0.3470000000000003,1.187240012742133,0.3470000000000003,0.3470000000000003,1.187240012742133
0.3480000000000003,0.3480000000000003,1.187120537557411,0.3480000000000003,0.3480000000000003,1.187120537557411
0.3490000000000003,0.3490000000000003,1.187000208763819,0.3490000000000003,0.3490000000000003,1.187000208763819
0.3500000000000003,0.3500000000000003,1.18687902117886,0.3500000000000003,0.3500000000000003,1.18687902117886
0.3510000000000003,0.3510000000000003,1.186756969570437,0.3510000000000003,0.3510000000000003,1.186756969570437
0.3520000000000003,0.3520000000000003,1.186634048656074,0.3520000000000003,0.3520000000000003,1.186634048656074
0.3530000000000003,0.3530000000000003,1.186510253102129,0.3530000000000003,0.3530000000000003,1.186510253102129
0.3540000000000003,0.3540000000000003,1.186385577522992,0.3540000000000003,0.3540000000000003,1.186385577522992
0.3550000000000003,0.3550000000000003,1.186260016480268,0.3550000000000003,0.3550000000000003,1.186260016480268
0.3560000000000003,0.3560000000000003,1.186133564481944,0.3560000000000003,0.3560000000000003,1.186133564481944
0.3570000000000003,0.3570000000000003,1.186006215981548,0.3570000000000003,0.3570000000000003,1.186006215981548
0.3580000000000003,0.3580000000000003,1.185877965377282,0.3580000000000003,0.3580000000000003,1.185877965377282
0.3590000000000003,0.3590000000000003,1.185748807011152,0.3590000000000003,0.3590000000000003,1.185748807011152
0.3600000000000003,0.3600000000000003,1.185618735168074,0.3600000000000003,0.3600000000000003,1.185618735168074
0.3610000000000003,0.3610000000000003,1.185487744074966,0.3610000000000003,0.3610000000000003,1.185487744074966
0.3620000000000003,0.3620000000000003,1.185355827899827,0.3620000000000003,0.3620000000000003,1.185355827899827
0.3630000000000003,0.3630000000000003,1.185222980750793,0.3630000000000003,0.3630000000000003,1.185222980750793
0.3640000000000003,0.3640000000000003,1.185089196675183,0.3640000000000003,0.3640000000000003,1.185089196675183
0.3650000000000003,0.3650000000000003,1.184954469658524,0.3650000000000003,0.3650000000000003,1.184954469658524
0.3660000000000003,0.3660000000000003,1.184818793623554,0.3660000000000003,0.3660000000000003,1.184818793623554
0.3670000000000003,0.3670000000000003,1.184682162429219,0.3670000000000003,0.3670000000000003,1.184682162429219
0.3680000000000003,0.3680000000000003,1.184544569869637,0.3680000000000003,0.3680000000000003,1.184544569869637
0.3690000000000003,0.3690000000000003,1.184406009673053,0.3690000000000003,0.3690000000000003,1.184406009673053
0.3700000000000003,0.3700000000000003,1.184266475500771,0.3700000000000003,0.3700000000000003,1.184266475500771
0.3710000000000003,0.3710000000000003,1.184125960946065,0.3710000000000003,0.3710000000000003,1.184125960946065
0.3720000000000003,0.3720000000000003,1.183984459533073,0.3720000000000003,0.3720000000000003,1.183984459533073
0.3730000000000003,0.3730000000000003,1.183841964715668,0.3730000000000003,0.3730000000000003,1.183841964715668
0.3740000000000003,0.3740000000000003,1.183698469876306,0.3740000000000003,0.3740000000000003,1.183698469876306
0.3750000000000003,0.3750000000000003,1.183553968324857,0.3750000000000003,0.3750000000000003,1.183553968324857
0.3760000000000003,0.3760000000000003,1.18340845329741,0.3760000000000003,0.3760000000000003,1.18340845329741
0.3770000000000003,0.3770000000000003,1.183261917955053,0.3770000000000003,0.3770000000000003,1.183261917955053
0.3780000000000003,0.3780000000000003,1.18311435538264,0.3780000000000003,0.3780000000000003,1.18311435538264
0.3790000000000003,0.3790000000000003,1.182965758587519,0.3790000000000003,0.3790000000000003,1.182965758587519
0.3800000000000003,0.3800000000000003,1.182816120498251,0.3800000000000003,0.3800000000000003,1.182816120498251
0.3810000000000003,0.3810000000000003,1.182665433963292,0.3810000000000003,0.3810000000000003,1.182665433963292
0.3820000000000003,0.3820000000000003,1.182513691749655,0.3820000000000003,0.3820000000000003,1.182513691749655
0.3830000000000003,0.3830000000000003,1.182360886541544,0.3830000000000003,0.3830000000000003,1.182360886541544
0.3840000000000003,0.3840000000000003,1.182207010938966,0.3840000000000003,0.3840000000000003,1.182207010938966
0.3850000000000003,0.3850000000000003,1.182052057456308,0.3850000000000003,0.3850000000000003,1.182052057456308
0.3860000000000003,0.3860000000000003,1.18189601852089,0.3860000000000003,0.3860000000000003,1.18189601852089
0.3870000000000003,0.3870000000000003,1.181738886471488,0.3870000000000003,0.3870000000000003,1.181738886471488
0.3880000000000003,0.3880000000000003,1.181580653556834,0.3880000000000003,0.3880000000000003,1.181580653556834
0.3890000000000003,0.3890000000000003,1.181421311934071,0.3890000000000003,0.3890000000000003,1.181421311934071
0.3900000000000003,0.3900000000000003,1.181260853667194,0.3900000000000003,0.3900000000000003,1.181260853667194
0.3910000000000003,0.3910000000000003,1.181099270725446,0.3910000000000003,0.3910000000000003,1.181099270725446
0.3920000000000003,0.3920000000000003,1.180936554981691,0.3920000000000003,0.3920000000000003,1.180936554981691
0.3930000000000003,0.3930000000000003,1.180772698210747,0.3930000000000003,0.3930000000000003,1.180772698210747
0.3940000000000003,0.3940000000000003,1.18060769208769,0.3940000000000003,0.3940000000000003,1.18060769208769
0.3950000000000003,0.3950000000000003,1.180441528186117,0.3950000000000003,0.3950000000000003,1.180441528186117
0.3960000000000003,0.3960000000000003,1.180274197976381,0.3960000000000003,0.3960000000000003,1.180274197976381
0.3970000000000003,0.3970000000000003,1.180105692823783,0.3970000000000003,0.3970000000000003,1.180105692823783
0.3980000000000003,0.3980000000000003,1.179936003986728,0.3980000000000003,0.3980000000000003,1.179936003986728
0.3990000000000003,0.3990000000000003,1.179765122614845,0.3990000000000003,0.3990000000000003,1.179765122614845
0.4000000000000003,0.4000000000000003,1.179593039747061,0.4000000000000003,0.4000000000000003,1.179593039747061
0.4010000000000003,0.4010000000000003,1.179419746309645,0.4010000000000003,0.4010000000000003,1.179419746309645
0.4020000000000003,0.4020000000000003,1.179245233114198,0.4020000000000003,0.4020000000000003,1.179245233114198
0.4030000000000003,0.4030000000000003,1.17906949085561,0.4030000000000003,0.4030000000000003,1.17906949085561
0.4040000000000003,0.4040000000000003,1.178892510109966,0.4040000000000003,0.4040000000000003,1.178892510109966
0.4050000000000003,0.4050000000000003,1.178714281332417,0.4050000000000003,0.4050000000000003,1.178714281332417
0.4060000000000003,0.4060000000000003,1.178534794854988,0.4060000000000003,0.4060000000000003,1.178534794854988
0.4070000000000003,0.4070000000000003,1.17835404088436,0.4070000000000003,0.4070000000000003,1.17835404088436
0.4080000000000003,0.4080000000000003,1.178172009499584,0.4080000000000003,0.4080000000000003,1.178172009499584
0.4090000000000003,0.4090000000000003,1.177988690649758,0.4090000000000003,0.4090000000000003,1.177988690649758
0.4100000000000003,0.4100000000000003,1.177804074151646,0.4100000000000003,0.4100000000000003,1.177804074151646
0.4110000000000003,0.4110000000000003,1.177618149687246,0.4110000000000003,0.4110000000000003,1.177618149687246
0.4120000000000003,0.4120000000000003,1.177430906801306,0.4120000000000003,0.4120000000000003,1.177430906801306
0.4130000000000003,0.4130000000000003,1.177242334898783,0.4130000000000003,0.4130000000000003,1.177242334898783
0.4140000000000003,0.4140000000000003,1.177052423242244,0.4140000000000003,0.4140000000000003,1.177052423242244
0.4150000000000003,0.4150000000000003,1.176861160949209,0.4150000000000003,0.4150000000000003,1.176861160949209
0.4160000000000003,0.4160000000000003,1.176668536989433,0.4160000000000003,0.4160000000000003,1.176668536989433
0.4170000000000003,0.4170000000000003,1.176474540182131,0.4170000000000003,0.4170000000000003,1.176474540182131
0.4180000000000003,0.4180000000000003,1.176279159193132,0.4180000000000003,0.4180000000000003,1.176279159193132
0.4190000000000003,0.4190000000000003,1.176082382531972,0.4190000000000003,0.4190000000000003,1.176082382531972
0.4200000000000003,0.4200000000000003,1.17588419854892,0.4200000000000003,0.4200000000000003,1.17588419854892
0.4210000000000003,0.4210000000000003,1.175684595431933,0.4210000000000003,0.4210000000000003,1.175684595431933
0.4220000000000003,0.4220000000000003,1.175483561203542,0.4220000000000003,0.4220000000000003,1.175483561203542
0.4230000000000003,0.4230000000000003,1.17528108371766,0.4230000000000003,0.4230000000000003,1.17528108371766
0.4240000000000003,0.4240000000000003,1.175077150656324,0.4240000000000003,0.4240000000000003,1.175077150656324
0.4250000000000003,0.4250000000000003,1.174871749526351,0.4250000000000003,0.4250000000000003,1.174871749526351
0.4260000000000003,0.4260000000000003,1.174664867655915,0.4260000000000003,0.4260000000000003,1.174664867655915
0.4270000000000003,0.4270000000000003,1.174456492191052,0.4270000000000003,0.4270000000000003,1.174456492191052
0.4280000000000003,0.4280000000000003,1.174246610092065,0.4280000000000003,0.4280000000000003,1.174246610092065
0.4290000000000003,0.4290000000000003,1.174035208129856,0.4290000000000003,0.4290000000000003,1.174035208129856
0.4300000000000003,0.4300000000000003,1.17382227288216,0.4300000000000003,0.4300000000000003,1.17382227288216
0.4310000000000003,0.4310000000000003,1.173607790729692,0.4310000000000003,0.4310000000000003,1.173607790729692
0.4320000000000003,0.4320000000000003,1.173391747852195,0.4320000000000003,0.4320000000000003,1.173391747852195
0.4330000000000003,0.4330000000000003,1.173174130224395,0.4330000000000003,0.4330000000000003,1.173174130224395
0.4340000000000003,0.4340000000000003,1.172954923611848,0.4340000000000003,0.4340000000000003,1.172954923611848
0.4350000000000003,0.4350000000000003,1.172734113566696,0.4350000000000003,0.4350000000000003,1.172734113566696
0.4360000000000003,0.4360000000000003,1.172511685423299,0.4360000000000003,0.4360000000000003,1.172511685423299
0.4370000000000003,0.4370000000000003,1.172287624293773,0.4370000000000003,0.4370000000000003,1.172287624293773
0.4380000000000003,0.4380000000000003,1.172061915063403,0.4380000000000003,0.4380000000000003,1.172061915063403
0.4390000000000003,0.4390000000000003,1.171834542385946,0.4390000000000003,0.4390000000000003,1.171834542385946
0.4400000000000003,0.4400000000000003,1.171605490678808,0.4400000000000003,0.4400000000000003,1.171605490678808
0.4410000000000003,0.4410000000000003,1.1713747441181,0.4410000000000003,0.4410000000000003,1.1713747441181
0.4420000000000003,0.4420000000000003,1.171142286633563,0.4420000000000003,0.4420000000000003,1.171142286633563
0.4430000000000003,0.4430000000000003,1.170908101903364,0.4430000000000003,0.4430000000000003,1.170908101903364
0.4440000000000003,0.4440000000000003,1.170672173348749,0.4440000000000003,0.4440000000000003,1.170672173348749
0.4450000000000003,0.4450000000000003,1.170434484128558,0.4450000000000003,0.4450000000000003,1.170434484128558
0.4460000000000003,0.4460000000000003,1.170195017133599,0.4460000000000003,0.4460000000000003,1.170195017133599
0.4470000000000003,0.4470000000000003,1.16995375498086,0.4470000000000003,0.4470000000000003,1.16995375498086
0.4480000000000003,0.4480000000000003,1.169710680007574,0.4480000000000003,0.4480000000000003,1.169710680007574
0.4490000000000003,0.4490000000000003,1.169465774265124,0.4490000000000003,0.4490000000000003,1.169465774265124
0.4500000000000003,0.4500000000000003,1.169219019512772,0.4500000000000003,0.4500000000000003,1.169219019512772
0.4510000000000003,0.4510000000000003,1.168970397211229,0.4510000000000003,0.4510000000000003,1.168970397211229
0.4520000000000003,0.4520000000000003,1.168719888516038,0.4520000000000003,0.4520000000000003,1.168719888516038
0.4530000000000003,0.4530000000000003,1.168467474270776,0.4530000000000003,0.4530000000000003,1.168467474270776
0.4540000000000003,0.4540000000000003,1.168213135000073,0.4540000000000003,0.4540000000000003,1.168213135000073
0.4550000000000003,0.4550000000000003,1.167956850902419,0.4550000000000003,0.4550000000000003,1.167956850902419
0.4560000000000003,0.4560000000000003,1.167698601842788,0.4560000000000003,0.4560000000000003,1.167698601842788
0.4570000000000004,0.4570000000000004,1.167438367345037,0.4570000000000004,0.4570000000000004,1.167438367345037
0.4580000000000004,0.4580000000000004,1.167176126584092,0.4580000000000004,0.4580000000000004,1.167176126584092
0.4590000000000004,0.4590000000000004,1.16691185837791,0.4590000000000004,0.4590000000000004,1.16691185837791
0.4600000000000004,0.4600000000000004,1.166645541179212,0.4600000000000004,0.4600000000000004,1.166645541179212
0.4610000000000004,0.4610000000000004,1.166377153066966,0.4610000000000004,0.4610000000000004,1.166377153066966
0.4620000000000004,0.4620000000000004,1.166106671737627,0.4620000000000004,0.4620000000000004,1.166106671737627
0.4630000000000004,0.4630000000000004,1.165834074496121,0.4630000000000004,0.4630000000000004,1.165834074496121
0.4640000000000004,0.4640000000000004,1.165559338246549,0.4640000000000004,0.4640000000000004,1.165559338246549
0.4650000000000004,0.4650000000000004,1.165282439482627,0.4650000000000004,0.4650000000000004,1.165282439482627
0.4660000000000004,0.4660000000000004,1.165003354277836,0.4660000000000004,0.4660000000000004,1.165003354277836
0.4670000000000004,0.4670000000000004,1.164722058275261,0.4670000000000004,0.4670000000000004,1.164722058275261
0.4680000000000004,0.4680000000000004,1.164438526677142,0.4680000000000004,0.4680000000000004,1.164438526677142
0.4690000000000004,0.4690000000000004,1.164152734234085,0.4690000000000004,0.4690000000000004,1.164152734234085
0.4700000000000004,0.4700000000000004,1.163864655233955,0.4700000000000004,0.4700000000000004,1.163864655233955
0.4710000000000004,0.4710000000000004,1.163574263490413,0.4710000000000004,0.4710000000000004,1.163574263490413
0.4720000000000004,0.4720000000000004,1.163281532331105,0.4720000000000004,0.4720000000000004,1.163281532331105
0.4730000000000004,0.4730000000000004,1.162986434585472,0.4730000000000004,0.4730000000000004,1.162986434585472
0.4740000000000004,0.4740000000000004,1.162688942572181,0.4740000000000004,0.4740000000000004,1.162688942572181
0.4750000000000004,0.4750000000000004,1.16238902808615,0.4750000000000004,0.4750000000000004,1.16238902808615
0.4760000000000004,0.4760000000000004,1.162086662385161,0.4760000000000004,0.4760000000000004,1.162086662385161
0.4770000000000004,0.4770000000000004,1.161781816176043,0.4770000000000004,0.4770000000000004,1.161781816176043
0.4780000000000004,0.4780000000000004,1.161474459600404,0.4780000000000004,0.4780000000000004,1.161474459600404
0.4790000000000004,0.4790000000000004,1.161164562219897,0.4790000000000004,0.4790000000000004,1.161164562219897
0.4800000000000004,0.4800000000000004,1.160852093001006,0.4800000000000004,0.4800000000000004,1.160852093001006
0.4810000000000004,0.4810000000000004,1.160537020299326,0.4810000000000004,0.4810000000000004,1.160537020299326
0.4820000000000004,0.4820000000000004,1.16021931184332,0.4820000000000004,0.4820000000000004,1.16021931184332
0.4830000000000004,0.4830000000000004,1.159898934717535,0.4830000000000004,0.4830000000000004,1.159898934717535
0.4840000000000004,0.4840000000000004,1.159575855345252,0.4840000000000004,0.4840000000000004,1.159575855345252
0.4850000000000004,0.4850000000000004,1.159250039470546,0.4850000000000004,0.4850000000000004,1.159250039470546
0.4860000000000004,0.4860000000000004,1.158921452139736,0.4860000000000004,0.4860000000000004,1.158921452139736
0.4870000000000004,0.4870000000000004,1.158590057682202,0.4870000000000004,0.4870000000000004,1.158590057682202
0.4880000000000004,0.4880000000000004,1.158255819690533,0.4880000000000004,0.4880000000000004,1.158255819690533
0.4890000000000004,0.4890000000000004,1.157918700999989,0.4890000000000004,0.4890000000000004,1.157918700999989
0.4900000000000004,0.4900000000000004,1.157578663667248,0.4900000000000004,0.4900000000000004,1.157578663667248
0.4910000000000004,0.4910000000000004,1.157235668948403,0.4910000000000004,0.4910000000000004,1.157235668948403
0.4920000000000004,0.4920000000000004,1.156889677276176,0.4920000000000004,0.4920000000000004,1.156889677276176
0.4930000000000004,0.4930000000000004,1.156540648236332,0.4930000000000004,0.4930000000000004,1.156540648236332
0.4940000000000004,0.4940000000000004,1.156188540543236,0.4940000000000004,0.4940000000000004,1.156188540543236
0.4950000000000004,0.4950000000000004,1.15583331201454,0.4950000000000004,0.4950000000000004,1.15583331201454
0.4960000000000004,0.4960000000000004,1.155474919544944,0.4960000000000004,0.4960000000000004,1.155474919544944
0.4970000000000004,0.4970000000000004,1.155113319079007,0.4970000000000004,0.4970000000000004,1.155113319079007
0.4980000000000004,0.4980000000000004,1.154748465582955,0.4980000000000004,0.4980000000000004,1.154748465582955
0.4990000000000004,0.4990000000000004,1.154380313015448,0.4990000000000004,0.4990000000000004,1.154380313015448
0.5000000000000003,0.5000000000000003,1.154008814297272,0.5000000000000003,0.5000000000000003,1.154008814297272
0.5010000000000003,0.5010000000000003,1.153633921279881,0.5010000000000003,0.5010000000000003,1.153633921279881
0.5020000000000003,0.5020000000000003,1.153255584712774,0.5020000000000003,0.5020000000000003,1.153255584712774
0.5030000000000003,0.5030000000000003,1.152873754209627,0.5030000000000003,0.5030000000000003,1.152873754209627
0.5040000000000003,0.5040000000000003,1.152488378213142,0.5040000000000003,0.5040000000000003,1.152488378213142
0.5050000000000003,0.5050000000000003,1.152099403958553,0.5050000000000003,0.5050000000000003,1.152099403958553
0.5060000000000003,0.5060000000000003,1.15170677743572,0.5060000000000003,0.5060000000000003,1.15170677743572
0.5070000000000003,0.5070000000000003,1.151310443349763,0.5070000000000003,0.5070000000000003,1.151310443349763
0.5080000000000003,0.5080000000000003,1.15091034508016,0.5080000000000003,0.5080000000000003,1.15091034508016
0.5090000000000003,0.5090000000000003,1.150506424638241,0.5090000000000003,0.5090000000000003,1.150506424638241
0.5100000000000003,0.5100000000000003,1.15009862262301,0.5100000000000003,0.5100000000000003,1.15009862262301
0.5110000000000003,0.5110000000000003,1.149686878175211,0.5110000000000003,0.5110000000000003,1.149686878175211
0.5120000000000003,0.5120000000000003,1.149271128929564,0.5120000000000003,0.5120000000000003,1.149271128929564
0.5130000000000003,0.5130000000000003,1.148851310965091,0.5130000000000003,0.5130000000000003,1.148851310965091
0.5140000000000003,0.5140000000000003,1.14842735875342,0.5140000000000003,0.5140000000000003,1.14842735875342
0.5150000000000003,0.5150000000000003,1.147999205105011,0.5150000000000003,0.5150000000000003,1.147999205105011
0.5160000000000003,0.5160000000000003,1.147566781113168,0.5160000000000003,0.5160000000000003,1.147566781113168
0.5170000000000003,0.5170000000000003,1.14713001609576,0.5170000000000003,0.5170000000000003,1.14713001609576
0.5180000000000003,0.5180000000000003,1.146688837534529,0.5180000000000003,0.5180000000000003,1.146688837534529
0.5190000000000003,0.5190000000000003,1.14624317101187,0.5190000000000003,0.5190000000000003,1.14624317101187
0.5200000000000004,0.5200000000000004,1.14579294014497,0.5200000000000004,0.5200000000000004,1.14579294014497
0.5210000000000004,0.5210000000000004,1.145338066517174,0.5210000000000004,0.5210000000000004,1.145338066517174
0.5220000000000004,0.5220000000000004,1.144878469606435,0.5220000000000004,0.5220000000000004,1.144878469606435
0.5230000000000004,0.5230000000000004,1.144414066710723,0.5230000000000004,0.5230000000000004,1.144414066710723
0.5240000000000004,0.5240000000000004,1.143944772870225,0.5240000000000004,0.5240000000000004,1.143944772870225
0.5250000000000004,0.5250000000000004,1.143470500786196,0.5250000000000004,0.5250000000000004,1.143470500786196
0.5260000000000004,0.5260000000000004,1.142991160736271,0.5260000000000004,0.5260000000000004,1.142991160736271
0.5270000000000004,0.5270000000000004,1.142506660486088,0.5270000000000004,0.5270000000000004,1.142506660486088
0.5280000000000004,0.5280000000000004,1.142016905197007,0.5280000000000004,0.5280000000000004,1.142016905197007
0.5290000000000004,0.5290000000000004,1.141521797329758,0.5290000000000004,0.5290000000000004,1.141521797329758
0.5300000000000004,0.5300000000000004,1.141021236543774,0.5300000000000004,0.5300000000000004,1.141021236543774
0.5310000000000004,0.5310000000000004,1.140515119592026,0.5310000000000004,0.5310000000000004,1.140515119592026
0.5320000000000004,0.5320000000000004,1.140003340211088,0.5320000000000004,0.5320000000000004,1.140003340211088
0.5330000000000004,0.5330000000000004,1.139485789006211,0.5330000000000004,0.5330000000000004,1.139485789006211
0.5340000000000004,0.5340000000000004,1.13896235333114,0.5340000000000004,0.5340000000000004,1.13896235333114
0.5350000000000004,0.5350000000000004,1.138432917162374,0.5350000000000004,0.5350000000000004,1.138432917162374
0.5360000000000004,0.5360000000000004,1.137897360967599,0.5360000000000004,0.5360000000000004,1.137897360967599
0.5370000000000004,0.5370000000000004,1.13735556156797,0.5370000000000004,0.5370000000000004,1.13735556156797
0.5380000000000004,0.5380000000000004,1.136807391993904,0.5380000000000004,0.5380000000000004,1.136807391993904
0.5390000000000004,0.5390000000000004,1.136252721334036,0.5390000000000004,0.5390000000000004,1.136252721334036
0.5400000000000004,0.5400000000000004,1.135691414576965,0.5400000000000004,0.5400000000000004,1.135691414576965
0.5410000000000004,0.5410000000000004,1.135123332445382,0.5410000000000004,0.5410000000000004,1.135123332445382
0.5420000000000004,0.5420000000000004,1.134548331222162,0.5420000000000004,0.5420000000000004,1.134548331222162
0.5430000000000004,0.5430000000000004,1.133966262567969,0.5430000000000004,0.5430000000000004,1.133966262567969
0.5440000000000004,0.5440000000000004,1.133376973329882,0.5440000000000004,0.5440000000000004,1.133376973329882
0.5450000000000004,0.5450000000000004,1.132780305340551,0.5450000000000004,0.5450000000000004,1.132780305340551
0.5460000000000004,0.5460000000000004,1.132176095207309,0.5460000000000004,0.5460000000000004,1.132176095207309
0.5470000000000004,0.5470000000000004,1.131564174090687,0.5470000000000004,0.5470000000000004,1.131564174090687
0.5480000000000004,0.5480000000000004,1.13094436747169,0.5480000000000004,0.5480000000000004,1.13094436747169
0.5490000000000004,0.5490000000000004,1.130316494907191,0.5490000000000004,0.5490000000000004,1.130316494907191
0.5500000000000004,0.5500000000000004,1.129680369772715,0.5500000000000004,0.5500000000000004,1.129680369772715
0.5510000000000004,0.5510000000000004,1.129035798991886,0.5510000000000004,0.5510000000000004,1.129035798991886
0.5520000000000004,0.5520000000000004,1.128382582751706,0.5520000000000004,0.5520000000000004,1.128382582751706
0.5530000000000004,0.5530000000000004,1.127720514202829,0.5530000000000004,0.5530000000000004,1.127720514202829
0.5540000000000004,0.5540000000000004,1.127049379143892,0.5540000000000004,0.5540000000000004,1.127049379143892
0.5550000000000004,0.5550000000000004,1.12636895568893,0.5550000000000004,0.5550000000000004,1.12636895568893
0.5560000000000004,0.5560000000000004,1.12567901391682,0.5560000000000004,0.5560000000000004,1.12567901391682
0.5570000000000004,0.5570000000000004,1.124979315501626,0.5570000000000004,0.5570000000000004,1.124979315501626
0.5580000000000004,0.5580000000000004,1.12426961332264,0.5580000000000004,0.5580000000000004,1.12426961332264
0.5590000000000004,0.5590000000000004,1.123549651052823,0.5590000000000004,0.5590000000000004,1.123549651052823
0.5600000000000004,0.5600000000000004,1.122819162724266,0.5600000000000004,0.5600000000000004,1.122819162724266
0.5610000000000004,0.5610000000000004,1.12207787226918,0.5610000000000004,0.5610000000000004,1.12207787226918
0.5620000000000004,0.5620000000000004,1.121325493034824,0.5620000000000004,0.5620000000000004,1.121325493034824
0.5630000000000004,0.5630000000000004,1.120561727270651,0.5630000000000004,0.5630000000000004,1.120561727270651
0.5640000000000004,0.5640000000000004,1.119786265585849,0.5640000000000004,0.5640000000000004,1.119786265585849
0.5650000000000004,0.5650000000000004,1.118998786375298,0.5650000000000004,0.5650000000000004,1.118998786375298
0.5660000000000004,0.5660000000000004,1.118198955211809,0.5660000000000004,0.5660000000000004,1.118198955211809
0.5670000000000004,0.5670000000000004,1.117386424202389,0.5670000000000004,0.5670000000000004,1.117386424202389
0.5680000000000004,0.5680000000000004,1.116560831306059,0.5680000000000004,0.5680000000000004,1.116560831306059
0.5690000000000004,0.5690000000000004,1.115721799610604,0.5690000000000004,0.5690000000000004,1.115721799610604
0.5700000000000004,0.5700000000000004,1.114868936565402,0.5700000000000004,0.5700000000000004,1.114868936565402
0.5710000000000004,0.5710000000000004,1.114001833167286,0.5710000000000004,0.5710000000000004,1.114001833167286
0.5720000000000004,0.5720000000000004,1.113120063096147,0.5720000000000004,0.5720000000000004,1.113120063096147
0.5730000000000004,0.5730000000000004,1.112223181796728,0.5730000000000004,0.5730000000000004,1.112223181796728
0.5740000000000004,0.5740000000000004,1.111310725502795,0.5740000000000004,0.5740000000000004,1.111310725502795
0.5750000000000004,0.5750000000000004,1.110382210199561,0.5750000000000004,0.5750000000000004,1.110382210199561
0.5760000000000004,0.5760000000000004,1.109437130519937,0.5760000000000004,0.5760000000000004,1.109437130519937
0.5770000000000004,0.5770000000000004,1.108474958569801,0.5770000000000004,0.5770000000000004,1.108474958569801
0.5780000000000004,0.5780000000000004,1.107495142677148,0.5780000000000004,0.5780000000000004,1.107495142677148
0.5790000000000004,0.5790000000000004,1.106497106059537,0.5790000000000004,0.5790000000000004,1.106497106059537
0.5800000000000004,0.5800000000000004,1.105480245403831,0.5800000000000004,0.5800000000000004,1.105480245403831
0.5810000000000004,0.5810000000000004,1.104443929351751,0.5810000000000004,0.5810000000000004,1.104443929351751
0.5820000000000004,0.5820000000000004,1.103387496884256,0.5820000000000004,0.5820000000000004,1.103387496884256
0.5830000000000004,0.5830000000000004,1.102310255597199,0.5830000000000004,0.5830000000000004,1.102310255597199
0.5840000000000004,0.5840000000000004,1.101211479860138,0.5840000000000004,0.5840000000000004,1.101211479860138
0.5850000000000004,0.5850000000000004,1.100090408849519,0.5850000000000004,0.5850000000000004,1.100090408849519
0.5860000000000004,0.5860000000000004,1.098946244446784,0.5860000000000004,0.5860000000000004,1.098946244446784
0.5870000000000004,0.5870000000000004,1.097778148991211,0.5870000000000004,0.5870000000000004,1.097778148991211
0.5880000000000004,0.5880000000000004,1.096585242876521,0.5880000000000004,0.5880000000000004,1.096585242876521
0.5890000000000004,0.5890000000000004,1.095366601979441,0.5890000000000004,0.5890000000000004,1.095366601979441
0.5900000000000004,0.5900000000000004,1.094121254907513,0.5900000000000004,0.5900000000000004,1.094121254907513
0.5910000000000004,0.5910000000000004,1.09284818005254,0.5910000000000004,0.5910000000000004,1.09284818005254
0.5920000000000004,0.5920000000000004,1.091546302434996,0.5920000000000004,0.5920000000000004,1.091546302434996
0.5930000000000004,0.5930000000000004,1.090214490323749,0.5930000000000004,0.5930000000000004,1.090214490323749
0.5940000000000004,0.5940000000000004,1.088851551614318,0.5940000000000004,0.5940000000000004,1.088851551614318
0.5950000000000004,0.5950000000000004,1.087456229947772,0.5950000000000004,0.5950000000000004,1.087456229947772
0.5960000000000004,0.5960000000000004,1.086027200551217,0.5960000000000004,0.5960000000000004,1.086027200551217
0.5970000000000004,0.5970000000000004,1.084563065779659,0.5970000000000004,0.5970000000000004,1.084563065779659
0.5980000000000004,0.5980000000000004,1.083062350337855,0.5980000000000004,0.5980000000000004,1.083062350337855
0.5990000000000004,0.5990000000000004,1.081523496159652,0.5990000000000004,0.5990000000000004,1.081523496159652
0.6000000000000004,0.6000000000000004,1.079944856921212,0.6000000000000004,0.6000000000000004,1.079944856921212
0.6010000000000004,0.6010000000000004,1.078324692163594,0.6010000000000004,0.6010000000000004,1.078324692163594
0.6020000000000004,0.6020000000000004,1.076661160999348,0.6020000000000004,0.6020000000000004,1.076661160999348
0.6030000000000004,0.6030000000000004,1.074952315377205,0.6030000000000004,0.6030000000000004,1.074952315377205
0.6040000000000004,0.6040000000000004,1.073196092878698,0.6040000000000004,0.6040000000000004,1.073196092878698
0.6050000000000004,0.6050000000000004,1.071390309020737,0.6050000000000004,0.6050000000000004,1.071390309020737
0.6060000000000004,0.6060000000000004,1.06953264903888,0.6060000000000004,0.6060000000000004,1.06953264903888
0.6070000000000004,0.6070000000000004,1.067620659127533,0.6070000000000004,0.6070000000000004,1.067620659127533
0.6080000000000004,0.6080000000000004,1.065651737115707,0.6080000000000004,0.6080000000000004,1.065651737115707
0.6090000000000004,0.6090000000000004,1.063623122560549,0.6090000000000004,0.6090000000000004,1.063623122560549
0.6100000000000004,0.6100000000000004,1.06153188624594,0.6100000000000004,0.6100000000000004,1.06153188624594
0.6110000000000004,0.6110000000000004,1.059374919080402,0.6110000000000004,0.6110000000000004,1.059374919080402
0.6120000000000004,0.6120000000000004,1.057148920397729,0.6120000000000004,0.6120000000000004,1.057148920397729
0.6130000000000004,0.6130000000000004,1.054850385675818,0.6130000000000004,0.6130000000000004,1.054850385675818
0.6140000000000004,0.6140000000000004,1.052475593704561,0.6140000000000004,0.6140000000000004,1.052475593704561
0.6150000000000004,0.6150000000000004,1.050020593253174,0.6150000000000004,0.6150000000000004,1.050020593253174
0.6160000000000004,0.6160000000000004,1.047481189311779,0.6160000000000004,0.6160000000000004,1.047481189311779
0.6170000000000004,0.6170000000000004,1.044852929012234,0.6170000000000004,0.6170000000000004,1.044852929012234
0.6180000000000004,0.6180000000000004,1.042131087370199,0.6180000000000004,0.6180000000000004,1.042131087370199
0.6190000000000004,0.6190000000000004,1.03931065303526,0.6190000000000004,0.6190000000000004,1.03931065303526
0.6200000000000004,0.6200000000000004,1.036386314289624,0.6200000000000004,0.6200000000000004,1.036386314289624
0.6210000000000004,0.6210000000000004,1.033352445599607,0.6210000000000004,0.6210000000000004,1.033352445599607
0.6220000000000004,0.6220000000000004,1.030203095098631,0.6220000000000004,0.6220000000000004,1.030203095098631
0.6230000000000004,0.6230000000000004,1.026931973466503,0.6230000000000004,0.6230000000000004,1.026931973466503
0.6240000000000004,0.6240000000000004,1.023532444767371,0.6240000000000004,0.6240000000000004,1.023532444767371
0.6250000000000004,0.6250000000000004,1.019997519917543,0.6250000000000004,0.6250000000000004,1.019997519917543
0.6260000000000004,0.6260000000000004,1.016319853572592,0.6260000000000004,0.6260000000000004,1.016319853572592
0.6270000000000004,0.6270000000000004,1.012491745347767,0.6270000000000004,0.6270000000000004,1.012491745347767
0.6280000000000004,0.6280000000000004,1.008505146411871,0.6280000000000004,0.6280000000000004,1.008505146411871
0.6290000000000004,0.6290000000000004,1.004351672614775,0.6290000000000004,0.6290000000000004,1.004351672614775
0.6300000000000004,0.6300000000000004,1.000022625412517,0.6300000000000004,0.6300000000000004,1.000022625412517
0.6310000000000004,0.6310000000000004,0.9955090219276287,0.6310000000000004,0.6310000000000004,0.9955090219276287
0.6320000000000005,0.6320000000000005,0.9908016355087835,0.6320000000000005,0.6320000000000005,0.9908016355087835
0.6330000000000005,0.6330000000000005,0.9858910481126462,0.6330000000000005,0.6330000000000005,0.9858910481126462
0.6340000000000005,0.6340000000000005,0.9807677156985575,0.6340000000000005,0.6340000000000005,0.9807677156985575
0.6350000000000005,0.6350000000000005,0.9754220475798309,0.6350000000000005,0.6350000000000005,0.9754220475798309
0.6360000000000005,0.6360000000000005,0.9698445002913647,0.6360000000000005,0.6360000000000005,0.9698445002913647
0.6370000000000005,0.6370000000000005,0.96402568599561,0.6370000000000005,0.6370000000000005,0.96402568599561
0.6380000000000005,0.6380000000000005,0.9579564947511346,0.6380000000000005,0.6380000000000005,0.9579564947511346
0.6390000000000005,0.6390000000000005,0.9516282291198233,0.6390000000000005,0.6390000000000005,0.9516282291198233
0.6400000000000005,0.6400000000000005,0.945032748620652,0.6400000000000005,0.6400000000000005,0.945032748620652
0.6410000000000005,0.6410000000000005,0.9381626205059328,0.6410000000000005,0.6410000000000005,0.9381626205059328
0.6420000000000005,0.6420000000000005,0.9310112723214892,0.6420000000000005,0.6420000000000005,0.9310112723214892
0.6430000000000005,0.6430000000000005,0.9235731408200307,0.6430000000000005,0.6430000000000005,0.9235731408200307
0.6440000000000005,0.6440000000000005,0.9158438111447329,0.6440000000000005,0.6440000000000005,0.9158438111447329
0.6450000000000005,0.6450000000000005,0.9078201399043426,0.6450000000000005,0.6450000000000005,0.9078201399043426
0.6460000000000005,0.6460000000000005,0.8995003559183836,0.6460000000000005,0.6460000000000005,0.8995003559183836
0.6470000000000005,0.6470000000000005,0.8908841330767781,0.6470000000000005,0.6470000000000005,0.8908841330767781
0.6480000000000005,0.6480000000000005,0.8819726309310247,0.6480000000000005,0.6480000000000005,0.8819726309310247
0.6490000000000005,0.6490000000000005,0.8727685002453008,0.6490000000000005,0.6490000000000005,0.8727685002453008
0.6500000000000005,0.6500000000000005,0.8632758526536379,0.6500000000000005,0.6500000000000005,0.8632758526536379
0.6510000000000005,0.6510000000000005,0.8535001956128858,0.6510000000000005,0.6510000000000005,0.8535001956128858
0.6520000000000005,0.6520000000000005,0.8434483358067689,0.6520000000000005,0.6520000000000005,0.8434483358067689
0.6530000000000005,0.6530000000000005,0.8331282558501806,0.6530000000000005,0.6530000000000005,0.8331282558501806
0.6540000000000005,0.6540000000000005,0.8225489704083304,0.6540000000000005,0.6540000000000005,0.8225489704083304
0.6550000000000005,0.6550000000000005,0.8117203685886895,0.6550000000000005,0.6550000000000005,0.8117203685886895
0.6560000000000005,0.6560000000000005,0.8006530496600944,0.6560000000000005,0.6560000000000005,0.8006530496600944
0.6570000000000005,0.6570000000000005,0.7893581588466335,0.6570000000000005,0.6570000000000005,0.7893581588466335
0.6580000000000005,0.6580000000000005,0.77784722922948,0.6580000000000005,0.6580000000000005,0.77784722922948
0.6590000000000005,0.6590000000000005,0.7661320347948744,0.6590000000000005,0.6590000000000005,0.7661320347948744
0.6600000000000005,0.6600000000000005,0.7542244585270299,0.6600000000000005,0.6600000000000005,0.7542244585270299
0.6610000000000005,0.6610000000000005,0.7421363782857813,0.6610000000000005,0.6610000000000005,0.7421363782857813
0.6620000000000005,0.6620000000000005,0.7298795721324419,0.6620000000000005,0.6620000000000005,0.7298795721324419
0.6630000000000005,0.6630000000000005,0.7174656438434956,0.6630000000000005,0.6630000000000005,0.7174656438434956
0.6640000000000005,0.6640000000000005,0.704905968622544,0.6640000000000005,0.6640000000000005,0.704905968622544
0.6650000000000005,0.6650000000000005,0.6922116585179299,0.6650000000000005,0.6650000000000005,0.6922116585179299
0.6660000000000005,0.6660000000000005,0.6793935473055498,0.6660000000000005,0.6660000000000005,0.6793935473055498
0.6670000000000005,0.6670000000000005,0.6664621974890621,0.6670000000000005,0.6670000000000005,0.6664621974890621
0.6680000000000005,0.6680000000000005,0.6534279142187867,0.6680000000000005,0.6680000000000005,0.6534279142187867
0.6690000000000005,0.6690000000000005,0.6403007810168033,0.6690000000000005,0.6690000000000005,0.6403007810168033
0.6700000000000005,0.6700000000000005,0.6270907064333614,0.6700000000000005,0.6700000000000005,0.6270907064333614
0.6710000000000005,0.6710000000000005,0.6138074849871956,0.6710000000000005,0.6710000000000005,0.6138074849871956
0.6720000000000005,0.6720000000000005,0.6004608820392205,0.6720000000000005,0.6720000000000005,0.6004608820392205
0.6730000000000005,0.6730000000000005,0.5870607291720262,0.6730000000000005,0.6730000000000005,0.5870607291720262
0.6740000000000005,0.6740000000000005,0.5736170349395663,0.6740000000000005,0.6740000000000005,0.5736170349395663
0.6750000000000005,0.6750000000000005,0.5601401124797524,0.6750000000000005,0.6750000000000005,0.5601401124797524
0.6760000000000005,0.6760000000000005,0.5466407253715693,0.6760000000000005,0.6760000000000005,0.5466407253715693
0.6770000000000005,0.6770000000000005,0.5331302533349046,0.6770000000000005,0.6770000000000005,0.5331302533349046
0.6780000000000005,0.6780000000000005,0.5196208794533604,0.6780000000000005,0.6780000000000005,0.5196208794533604
0.6790000000000005,0.6790000000000005,0.5061258004191683,0.6790000000000005,0.6790000000000005,0.5061258004191683
0.6800000000000005,0.6800000000000005,0.4926594606207391,0.6800000000000005,0.6800000000000005,0.4926594606207391
0.6810000000000005,0.6810000000000005,0.4792378093921068,0.6810000000000005,0.6810000000000005,0.4792378093921068
0.6820000000000005,0.6820000000000005,0.465878578059198,0.6820000000000005,0.6820000000000005,0.465878578059198
0.6830000000000005,0.6830000000000005,0.4526015691290696,0.6830000000000005,0.6830000000000005,0.4526015691290696
0.6840000000000005,0.6840000000000005,0.4394289435703194,0.6840000000000005,0.6840000000000005,0.4394289435703194
0.6850000000000005,0.6850000000000005,0.4263854831912247,0.6850000000000005,0.6850000000000005,0.4263854831912247
0.6860000000000005,0.6860000000000005,0.4134987935404869,0.6860000000000005,0.6860000000000005,0.4134987935404869
0.6870000000000005,0.6870000000000005,0.4007993991985049,0.6870000000000005,0.6870000000000005,0.4007993991985049
0.6880000000000005,0.6880000000000005,0.3883206698099275,0.6880000000000005,0.6880000000000005,0.3883206698099275
0.6890000000000005,0.6890000000000005,0.3760985057098234,0.6890000000000005,0.6890000000000005,0.3760985057098234
0.6900000000000005,0.6900000000000005,0.3641707127019166,0.6900000000000005,0.6900000000000005,0.3641707127019166
0.6910000000000005,0.6910000000000005,0.352576014036971,0.6910000000000005,0.6910000000000005,0.352576014036971
0.6920000000000005,0.6920000000000005,0.3413526902745737,0.6920000000000005,0.6920000000000005,0.3413526902745737
0.6930000000000005,0.6930000000000005,0.3305369050918032,0.6930000000000005,0.6930000000000005,0.3305369050918032
0.6940000000000005,0.6940000000000005,0.3201608575269553,0.6940000000000005,0.6940000000000005,0.3201608575269553
0.6950000000000005,0.6950000000000005,0.3102509749255801,0.6950000000000005,0.6950000000000005,0.3102509749255801
0.6960000000000005,0.6960000000000005,0.3008264003253832,0.6960000000000005,0.6960000000000005,0.3008264003253832
0.6970000000000005,0.6970000000000005,0.2918980036590917,0.6970000000000005,0.6970000000000005,0.2918980036590917
0.6980000000000005,0.6980000000000005,0.2834680627734363,0.6980000000000005,0.6980000000000005,0.2834680627734363
0.6990000000000005,0.6990000000000005,0.2755306348337838,0.6990000000000005,0.6990000000000005,0.2755306348337838
0.7000000000000005,0.7000000000000005,0.2680725148739548,0.7000000000000005,0.7000000000000005,0.2680725148739548
0.7010000000000005,0.7010000000000005,0.2610745922980318,0.7010000000000005,0.7010000000000005,0.2610745922980318
0.7020000000000005,0.7020000000000005,0.2545133868226619,0.7020000000000005,0.7020000000000005,0.2545133868226619
0.7030000000000005,0.7030000000000005,0.2483625678012066,0.7030000000000005,0.7030000000000005,0.2483625678012066
0.7040000000000005,0.7040000000000005,0.242594314962027,0.7040000000000005,0.7040000000000005,0.242594314962027
0.7050000000000005,0.7050000000000005,0.2371804412829037,0.7050000000000005,0.7050000000000005,0.2371804412829037
0.7060000000000005,0.7060000000000005,0.2320932531134756,0.7060000000000005,0.7060000000000005,0.2320932531134756
0.7070000000000005,0.7070000000000005,0.2273061608706513,0.7070000000000005,0.7070000000000005,0.2273061608706513
0.7080000000000005,0.7080000000000005,0.2227940751158816,0.7080000000000005,0.7080000000000005,0.2227940751158816
0.7090000000000005,0.7090000000000005,0.2185336310213448,0.7090000000000005,0.7090000000000005,0.2185336310213448
0.7100000000000005,0.7100000000000005,0.2145032837166572,0.7100000000000005,0.7100000000000005,0.2145032837166572
0.7110000000000005,0.7110000000000005,0.2106833118121476,0.7110000000000005,0.7110000000000005,0.2106833118121476
0.7120000000000005,0.7120000000000005,0.2070557594006457,0.7120000000000005,0.7120000000000005,0.2070557594006457
0.7130000000000005,0.7130000000000005,0.2036043397933221,0.7130000000000005,0.7130000000000005,0.2036043397933221
0.7140000000000005,0.7140000000000005,0.2003143180271211,0.7140000000000005,0.7140000000000005,0.2003143180271211
0.7150000000000005,0.7150000000000005,0.1971723841126483,0.7150000000000005,0.7150000000000005,0.1971723841126483
0.7160000000000005,0.7160000000000005,0.1941665250789183,0.7160000000000005,0.7160000000000005,0.1941665250789183
0.7170000000000005,0.7170000000000005,0.1912859009730696,0.7170000000000005,0.7170000000000005,0.1912859009730696
0.7180000000000005,0.7180000000000005,0.1885207278984355,0.7180000000000005,0.7180000000000005,0.1885207278984355
0.7190000000000005,0.7190000000000005,0.1858621697344519,0.7190000000000005,0.7190000000000005,0.1858621697344519
0.7200000000000005,0.7200000000000005,0.1833022392137483,0.7200000000000005,0.7200000000000005,0.1833022392137483
0.7210000000000005,0.7210000000000005,0.1808337084039107,0.7210000000000005,0.7210000000000005,0.1808337084039107
0.7220000000000005,0.7220000000000005,0.1784500282531236,0.7220000000000005,0.7220000000000005,0.1784500282531236
0.7230000000000005,0.7230000000000005,0.1761452566353087,0.7230000000000005,0.7230000000000005,0.1761452566353087
0.7240000000000005,0.7240000000000005,0.1739139942174119,0.7240000000000005,0.7240000000000005,0.1739139942174119
0.7250000000000005,0.7250000000000005,0.1717513274307873,0.7250000000000005,0.7250000000000005,0.1717513274307873
0.7260000000000005,0.7260000000000005,0.1696527778335273,0.7260000000000005,0.7260000000000005,0.1696527778335273
0.7270000000000005,0.7270000000000005,0.1676142571828155,0.7270000000000005,0.7270000000000005,0.1676142571828155
0.7280000000000005,0.7280000000000005,0.1656320275837664,0.7280000000000005,0.7280000000000005,0.1656320275837664
0.7290000000000005,0.7290000000000005,0.163702666135659,0.7290000000000005,0.7290000000000005,0.163702666135659
0.7300000000000005,0.7300000000000005,0.1618230335528446,0.7300000000000005,0.7300000000000005,0.1618230335528446
0.7310000000000005,0.7310000000000005,0.1599902462927757,0.7310000000000005,0.7310000000000005,0.1599902462927757
0.7320000000000005,0.7320000000000005,0.1582016517756808,0.7320000000000005,0.7320000000000005,0.1582016517756808
0.7330000000000005,0.7330000000000005,0.1564548063284457,0.7330000000000005,0.7330000000000005,0.1564548063284457
0.7340000000000005,0.7340000000000005,0.154747455528877,0.7340000000000005,0.7340000000000005,0.154747455528877
0.7350000000000005,0.7350000000000005,0.1530775166656317,0.7350000000000005,0.7350000000000005,0.1530775166656317
0.7360000000000005,0.7360000000000005,0.1514430630639078,0.7360000000000005,0.7360000000000005,0.1514430630639078
0.7370000000000005,0.7370000000000005,0.1498423100577571,0.7370000000000005,0.7370000000000005,0.1498423100577571
0.7380000000000005,0.7380000000000005,0.1482736024169718,0.7380000000000005,0.7380000000000005,0.1482736024169718
0.7390000000000005,0.7390000000000005,0.146735403060257,0.7390000000000005,0.7390000000000005,0.146735403060257
0.7400000000000005,0.7400000000000005,0.1452262829072148,0.7400000000000005,0.7400000000000005,0.1452262829072148
0.7410000000000005,0.7410000000000005,0.1437449117398363,0.7410000000000005,0.7410000000000005,0.1437449117398363
0.7420000000000005,0.7420000000000005,0.1422900499600885,0.7420000000000005,0.7420000000000005,0.1422900499600885
0.7430000000000005,0.7430000000000005,0.140860541144025,0.7430000000000005,0.7430000000000005,0.140860541144025
0.7440000000000005,0.7440000000000005,0.1394553053049505,0.7440000000000005,0.7440000000000005,0.1394553053049505
0.7450000000000006,0.7450000000000006,0.1380733327887071,0.7450000000000006,0.7450000000000006,0.1380733327887071
0.7460000000000006,0.7460000000000006,0.1367136787333632,0.7460000000000006,0.7460000000000006,0.1367136787333632
0.7470000000000006,0.7470000000000006,0.1353754580336225,0.7470000000000006,0.7470000000000006,0.1353754580336225
0.7480000000000006,0.7480000000000006,0.1340578407572942,0.7480000000000006,0.7480000000000006,0.1340578407572942
0.7490000000000006,0.7490000000000006,0.1327600479673081,0.7490000000000006,0.7490000000000006,0.1327600479673081
0.7500000000000006,0.7500000000000006,0.1314813479081257,0.7500000000000006,0.7500000000000006,0.1314813479081257
0.7510000000000006,0.7510000000000006,0.1302210525201112,0.7510000000000006,0.7510000000000006,0.1302210525201112
0.7520000000000006,0.7520000000000006,0.128978514249543,0.7520000000000006,0.7520000000000006,0.128978514249543
0.7530000000000006,0.7530000000000006,0.1277531231255541,0.7530000000000006,0.7530000000000006,0.1277531231255541
0.7540000000000006,0.7540000000000006,0.1265443040784859,0.7540000000000006,0.7540000000000006,0.1265443040784859
0.7550000000000006,0.7550000000000006,0.1253515144769031,0.7550000000000006,0.7550000000000006,0.1253515144769031
0.7560000000000006,0.7560000000000006,0.1241742418629878,0.7560000000000006,0.7560000000000006,0.1241742418629878
0.7570000000000006,0.7570000000000006,0.1230120018681778,0.7570000000000006,0.7570000000000006,0.1230120018681778
0.7580000000000006,0.7580000000000006,0.1218643362928263,0.7580000000000006,0.7580000000000006,0.1218643362928263
0.7590000000000006,0.7590000000000006,0.1207308113353333,0.7590000000000006,0.7590000000000006,0.1207308113353333
0.7600000000000006,0.7600000000000006,0.1196110159576779,0.7600000000000006,0.7600000000000006,0.1196110159576779
0.7610000000000006,0.7610000000000006,0.1185045603755963,0.7610000000000006,0.7610000000000006,0.1185045603755963
0.7620000000000006,0.7620000000000006,0.1174110746628096,0.7620000000000006,0.7620000000000006,0.1174110746628096
0.7630000000000006,0.7630000000000006,0.1163302074597315,0.7630000000000006,0.7630000000000006,0.1163302074597315
0.7640000000000006,0.7640000000000006,0.1152616247780026,0.7640000000000006,0.7640000000000006,0.1152616247780026
0.7650000000000006,0.7650000000000006,0.1142050088930031,0.7650000000000006,0.7650000000000006,0.1142050088930031
0.7660000000000006,0.7660000000000006,0.1131600573172324,0.7660000000000006,0.7660000000000006,0.1131600573172324
0.7670000000000006,0.7670000000000006,0.1121264818480757,0.7670000000000006,0.7670000000000006,0.1121264818480757
0.7680000000000006,0.7680000000000006,0.1111040076840647,0.7680000000000006,0.7680000000000006,0.1111040076840647
0.7690000000000006,0.7690000000000006,0.1100923726042542,0.7690000000000006,0.7690000000000006,0.1100923726042542
0.7700000000000006,0.7700000000000006,0.1090913262057981,0.7700000000000006,0.7700000000000006,0.1090913262057981
0.7710000000000006,0.7710000000000006,0.1081006291952347,0.7710000000000006,0.7710000000000006,0.1081006291952347
0.7720000000000006,0.7720000000000006,0.1071200527293571,0.7720000000000006,0.7720000000000006,0.1071200527293571
0.7730000000000006,0.7730000000000006,0.1061493778018984,0.7730000000000006,0.7730000000000006,0.1061493778018984
0.7740000000000006,0.7740000000000006,0.1051883946725565,0.7740000000000006,0.7740000000000006,0.1051883946725565
0.7750000000000006,0.7750000000000006,0.1042369023351766,0.7750000000000006,0.7750000000000006,0.1042369023351766
0.7760000000000006,0.7760000000000006,0.1032947080221546,0.7760000000000006,0.7760000000000006,0.1032947080221546
0.7770000000000006,0.7770000000000006,0.1023616267423642,0.7770000000000006,0.7770000000000006,0.1023616267423642
0.7780000000000006,0.7780000000000006,0.1014374808501162,0.7780000000000006,0.7780000000000006,0.1014374808501162
0.7790000000000006,0.7790000000000006,0.1005220996428604,0.7790000000000006,0.7790000000000006,0.1005220996428604
0.7800000000000006,0.7800000000000006,0.09961531898551011,0.7800000000000006,0.7800000000000006,0.09961531898551011
0.7810000000000006,0.7810000000000006,0.09871698095944016,0.7810000000000006,0.7810000000000006,0.09871698095944016
0.7820000000000006,0.7820000000000006,0.0978269335343537,0.7820000000000006,0.7820000000000006,0.0978269335343537
0.7830000000000006,0.7830000000000006,0.09694503026135363,0.7830000000000006,0.7830000000000006,0.09694503026135363
0.7840000000000006,0.7840000000000006,0.0960711299856796,0.7840000000000006,0.7840000000000006,0.0960711299856796
0.7850000000000006,0.7850000000000006,0.09520509657769555,0.7850000000000006,0.7850000000000006,0.09520509657769555
0.7860000000000006,0.7860000000000006,0.09434679868080603,0.7860000000000006,0.7860000000000006,0.09434679868080603
0.7870000000000006,0.7870000000000006,0.0934961094750969,0.7870000000000006,0.7870000000000006,0.0934961094750969
0.7880000000000006,0.7880000000000006,0.09265290645557256,0.7880000000000006,0.7880000000000006,0.09265290645557256
0.7890000000000006,0.7890000000000006,0.09181707122395857,0.7890000000000006,0.7890000000000006,0.09181707122395857
0.7900000000000006,0.7900000000000006,0.09098848929310749,0.7900000000000006,0.7900000000000006,0.09098848929310749
0.7910000000000006,0.7910000000000006,0.09016704990312466,0.7910000000000006,0.7910000000000006,0.09016704990312466
0.7920000000000006,0.7920000000000006,0.08935264584839422,0.7920000000000006,0.7920000000000006,0.08935264584839422
0.7930000000000006,0.7930000000000006,0.08854517331474787,0.7930000000000006,0.7930000000000006,0.08854517331474787
0.7940000000000006,0.7940000000000006,0.08774453172607843,0.7940000000000006,0.7940000000000006,0.08774453172607843
0.7950000000000006,0.7950000000000006,0.08695062359974617,0.7950000000000006,0.7950000000000006,0.08695062359974617
0.7960000000000006,0.7960000000000006,0.08616335441018616,0.7960000000000006,0.7960000000000006,0.08616335441018616
0.7970000000000006,0.7970000000000006,0.08538263246015475,0.7970000000000006,0.7970000000000006,0.08538263246015475
0.7980000000000006,0.7980000000000006,0.08460836875910857,0.7980000000000006,0.7980000000000006,0.08460836875910857
0.7990000000000006,0.7990000000000006,0.08384047690824011,0.7990000000000006,0.7990000000000006,0.08384047690824011
0.8000000000000006,0.8000000000000006,0.08307887299172997,0.8000000000000006,0.8000000000000006,0.08307887299172997
0.8010000000000006,0.8010000000000006,0.08232347547380957,0.8010000000000006,0.8010000000000006,0.08232347547380957
0.8020000000000006,0.8020000000000006,0.08157420510126034,0.8020000000000006,0.8020000000000006,0.08157420510126034
0.8030000000000006,0.8030000000000006,0.0808309848109965,0.8030000000000006,0.8030000000000006,0.0808309848109965
0.8040000000000006,0.8040000000000006,0.08009373964241293,0.8040000000000006,0.8040000000000006,0.08009373964241293
0.8050000000000006,0.8050000000000006,0.07936239665419578,0.8050000000000006,0.8050000000000006,0.07936239665419578
0.8060000000000006,0.8060000000000006,0.07863688484531695,0.8060000000000006,0.8060000000000006,0.07863688484531695
0.8070000000000006,0.8070000000000006,0.07791713507995841,0.8070000000000006,0.8070000000000006,0.07791713507995841
0.8080000000000006,0.8080000000000006,0.07720308001612505,0.8080000000000006,0.8080000000000006,0.07720308001612505
0.8090000000000006,0.8090000000000006,0.07649465403772172,0.8090000000000006,0.8090000000000006,0.07649465403772172
0.8100000000000006,0.8100000000000006,0.07579179318989114,0.8100000000000006,0.8100000000000006,0.07579179318989114
0.8110000000000006,0.8110000000000006,0.07509443511742075,0.8110000000000006,0.8110000000000006,0.07509443511742075
0.8120000000000006,0.8120000000000006,0.07440251900603481,0.8120000000000006,0.8120000000000006,0.07440251900603481
0.8130000000000006,0.8130000000000006,0.07371598552641252,0.8130000000000006,0.8130000000000006,0.07371598552641252
0.8140000000000006,0.8140000000000006,0.07303477678077132,0.8140000000000006,0.8140000000000006,0.07303477678077132
0.8150000000000006,0.8150000000000006,0.07235883625187457,0.8150000000000006,0.8150000000000006,0.07235883625187457
0.8160000000000006,0.8160000000000006,0.07168810875432566,0.8160000000000006,0.8160000000000006,0.07168810875432566
0.8170000000000006,0.8170000000000006,0.07102254038802663,0.8170000000000006,0.8170000000000006,0.07102254038802663
0.8180000000000006,0.8180000000000006,0.07036207849367983,0.8180000000000006,0.8180000000000006,0.07036207849367983
0.8190000000000006,0.8190000000000006,0.06970667161022524,0.8190000000000006,0.8190000000000006,0.06970667161022524
0.8200000000000006,0.8200000000000006,0.0690562694341101,0.8200000000000006,0.8200000000000006,0.0690562694341101
0.8210000000000006,0.8210000000000006,0.06841082278029406,0.8210000000000006,0.8210000000000006,0.06841082278029406
0.8220000000000006,0.8220000000000006,0.06777028354490006,0.8220000000000006,0.8220000000000006,0.06777028354490006
0.8230000000000006,0.8230000000000006,0.06713460466942622,0.8230000000000006,0.8230000000000006,0.06713460466942622
0.8240000000000006,0.8240000000000006,0.06650374010644092,0.8240000000000006,0.8240000000000006,0.06650374010644092
0.8250000000000006,0.8250000000000006,0.06587764478668284,0.8250000000000006,0.8250000000000006,0.06587764478668284
0.8260000000000006,0.8260000000000006,0.06525627458750062,0.8260000000000006,0.8260000000000006,0.06525627458750062
0.8270000000000006,0.8270000000000006,0.06463958630256346,0.8270000000000006,0.8270000000000006,0.06463958630256346
0.8280000000000006,0.8280000000000006,0.06402753761278077,0.8280000000000006,0.8280000000000006,0.06402753761278077
0.8290000000000006,0.8290000000000006,0.06342008705837282,0.8290000000000006,0.8290000000000006,0.06342008705837282
0.8300000000000006,0.8300000000000006,0.06281719401203932,0.8300000000000006,0.8300000000000006,0.06281719401203932
0.8310000000000006,0.8310000000000006,0.06221881865317134,0.8310000000000006,0.8310000000000006,0.06221881865317134
0.8320000000000006,0.8320000000000006,0.06162492194305719,0.8320000000000006,0.8320000000000006,0.06162492194305719
0.8330000000000006,0.8330000000000006,0.06103546560104166,0.8330000000000006,0.8330000000000006,0.06103546560104166
0.8340000000000006,0.8340000000000006,0.06045041208158611,0.8340000000000006,0.8340000000000006,0.06045041208158611
0.8350000000000006,0.8350000000000006,0.05986972455219704,0.8350000000000006,0.8350000000000006,0.05986972455219704
0.8360000000000006,0.8360000000000006,0.05929336687217634,0.8360000000000006,0.8360000000000006,0.05929336687217634
0.8370000000000006,0.8370000000000006,0.05872130357216205,0.8370000000000006,0.8370000000000006,0.05872130357216205
0.8380000000000006,0.8380000000000006,0.05815349983442156,0.8380000000000006,0.8380000000000006,0.05815349983442156
0.8390000000000006,0.8390000000000006,0.05758992147386403,0.8390000000000006,0.8390000000000006,0.05758992147386403
0.8400000000000006,0.8400000000000006,0.05703053491974318,0.8400000000000006,0.8400000000000006,0.05703053491974318
0.8410000000000006,0.8410000000000006,0.05647530719801502,0.8410000000000006,0.8410000000000006,0.05647530719801502
0.8420000000000006,0.8420000000000006,0.05592420591432962,0.8420000000000006,0.8420000000000006,0.05592420591432962
0.8430000000000006,0.8430000000000006,0.05537719923762309,0.8430000000000006,0.8430000000000006,0.05537719923762309
0.8440000000000006,0.8440000000000006,0.05483425588428768,0.8440000000000006,0.8440000000000006,0.05483425588428768
0.8450000000000006,0.8450000000000006,0.05429534510289498,0.8450000000000006,0.8450000000000006,0.05429534510289498
0.8460000000000006,0.8460000000000006,0.0537604366594497,0.8460000000000006,0.8460000000000006,0.0537604366594497
0.8470000000000006,0.8470000000000006,0.05322950082314848,0.8470000000000006,0.8470000000000006,0.05322950082314848
0.8480000000000006,0.8480000000000006,0.05270250835262824,0.8480000000000006,0.8480000000000006,0.05270250835262824
0.8490000000000006,0.8490000000000006,0.05217943048268053,0.8490000000000006,0.8490000000000006,0.05217943048268053
0.8500000000000006,0.8500000000000006,0.05166023891141037,0.8500000000000006,0.8500000000000006,0.05166023891141037
0.8510000000000006,0.8510000000000006,0.05114490578782813,0.8510000000000006,0.8510000000000006,0.05114490578782813
0.8520000000000006,0.8520000000000006,0.05063340369985193,0.8520000000000006,0.8520000000000006,0.05063340369985193
0.8530000000000006,0.8530000000000006,0.05012570566270283,0.8530000000000006,0.8530000000000006,0.05012570566270283
0.8540000000000006,0.8540000000000006,0.04962178510768399,0.8540000000000006,0.8540000000000006,0.04962178510768399
0.8550000000000006,0.8550000000000006,0.04912161587131941,0.8550000000000006,0.8550000000000006,0.04912161587131941
0.8560000000000006,0.8560000000000006,0.0486251721848466,0.8560000000000006,0.8560000000000006,0.0486251721848466
0.8570000000000007,0.8570000000000007,0.04813242866404151,0.8570000000000007,0.8570000000000007,0.04813242866404151
0.8580000000000007,0.8580000000000007,0.04764336029936982,0.8580000000000007,0.8580000000000007,0.04764336029936982
0.8590000000000007,0.8590000000000007,0.04715794244644587,0.8590000000000007,0.8590000000000007,0.04715794244644587
0.8600000000000007,0.8600000000000007,0.0466761508167906,0.8600000000000007,0.8600000000000007,0.0466761508167906
0.8610000000000007,0.8610000000000007,0.04619796146887683,0.8610000000000007,0.8610000000000007,0.04619796146887683
0.8620000000000007,0.8620000000000007,0.04572335079944937,0.8620000000000007,0.8620000000000007,0.04572335079944937
0.8630000000000007,0.8630000000000007,0.04525229553511054,0.8630000000000007,0.8630000000000007,0.04525229553511054
0.8640000000000007,0.8640000000000007,0.04478477272415993,0.8640000000000007,0.8640000000000007,0.04478477272415993
0.8650000000000007,0.8650000000000007,0.04432075972868118,0.8650000000000007,0.8650000000000007,0.04432075972868118
0.8660000000000007,0.8660000000000007,0.04386023421686256,0.8660000000000007,0.8660000000000007,0.04386023421686256
0.8670000000000007,0.8670000000000007,0.04340317415554651,0.8670000000000007,0.8670000000000007,0.04340317415554651
0.8680000000000007,0.8680000000000007,0.04294955780299715,0.8680000000000007,0.8680000000000007,0.04294955780299715
0.8690000000000007,0.8690000000000007,0.04249936370187763,0.8690000000000007,0.8690000000000007,0.04249936370187763
0.8700000000000007,0.8700000000000007,0.04205257067243168,0.8700000000000007,0.8700000000000007,0.04205257067243168
0.8710000000000007,0.8710000000000007,0.04160915780585886,0.8710000000000007,0.8710000000000007,0.04160915780585886
0.8720000000000007,0.8720000000000007,0.04116910445787894,0.8720000000000007,0.8720000000000007,0.04116910445787894
0.8730000000000007,0.8730000000000007,0.04073239024247713,0.8730000000000007,0.8730000000000007,0.04073239024247713
0.8740000000000007,0.8740000000000007,0.04029899502582282,0.8740000000000007,0.8740000000000007,0.04029899502582282
0.8750000000000007,0.8750000000000007,0.03986889892035909,0.8750000000000007,0.8750000000000007,0.03986889892035909
0.8760000000000007,0.8760000000000007,0.03944208227905174,0.8760000000000007,0.8760000000000007,0.03944208227905174
0.8770000000000007,0.8770000000000007,0.03901852568979573,0.8770000000000007,0.8770000000000007,0.03901852568979573
0.8780000000000007,0.8780000000000007,0.03859820996997333,0.8780000000000007,0.8780000000000007,0.03859820996997333
0.8790000000000007,0.8790000000000007,0.03818111616115569,0.8790000000000007,0.8790000000000007,0.03818111616115569
0.8800000000000007,0.8800000000000007,0.0377672255239469,0.8800000000000007,0.8800000000000007,0.0377672255239469
0.8810000000000007,0.8810000000000007,0.03735651953296116,0.8810000000000007,0.8810000000000007,0.03735651953296116
0.8820000000000007,0.8820000000000007,0.03694897987193278,0.8820000000000007,0.8820000000000007,0.03694897987193278
0.8830000000000007,0.8830000000000007,0.03654458842895054,0.8830000000000007,0.8830000000000007,0.03654458842895054
0.8840000000000007,0.8840000000000007,0.03614332729181376,0.8840000000000007,0.8840000000000007,0.03614332729181376
0.8850000000000007,0.8850000000000007,0.03574517874350741,0.8850000000000007,0.8850000000000007,0.03574517874350741
0.8860000000000007,0.8860000000000007,0.03535012525778907,0.8860000000000007,0.8860000000000007,0.03535012525778907
0.8870000000000007,0.8870000000000007,0.03495814949488622,0.8870000000000007,0.8870000000000007,0.03495814949488622
0.8880000000000007,0.8880000000000007,0.03456923429729944,0.8880000000000007,0.8880000000000007,0.03456923429729944
0.8890000000000007,0.8890000000000007,0.034183362685707,0.8890000000000007,0.8890000000000007,0.034183362685707
0.8900000000000007,0.8900000000000007,0.0338005178549709,0.8900000000000007,0.8900000000000007,0.0338005178549709
0.8910000000000007,0.8910000000000007,0.03342068317023315,0.8910000000000007,0.8910000000000007,0.03342068317023315
0.8920000000000007,0.8920000000000007,0.03304384216311261,0.8920000000000007,0.8920000000000007,0.03304384216311261
0.8930000000000007,0.8930000000000007,0.03266997852798215,0.8930000000000007,0.8930000000000007,0.03266997852798215
0.8940000000000007,0.8940000000000007,0.0322990761183406,0.8940000000000007,0.8940000000000007,0.0322990761183406
0.8950000000000007,0.8950000000000007,0.03193111894326117,0.8950000000000007,0.8950000000000007,0.03193111894326117
0.8960000000000007,0.8960000000000007,0.03156609116392621,0.8960000000000007,0.8960000000000007,0.03156609116392621
0.8970000000000007,0.8970000000000007,0.03120397709023782,0.8970000000000007,0.8970000000000007,0.03120397709023782
0.8980000000000007,0.8980000000000007,0.03084476117750453,0.8980000000000007,0.8980000000000007,0.03084476117750453
0.8990000000000007,0.8990000000000007,0.03048842802320169,0.8990000000000007,0.8990000000000007,0.03048842802320169
0.9000000000000007,0.9000000000000007,0.03013496236380326,0.9000000000000007,0.9000000000000007,0.03013496236380326
0.9010000000000007,0.9010000000000007,0.02978434907168196,0.9010000000000007,0.9010000000000007,0.02978434907168196
0.9020000000000007,0.9020000000000007,0.02943657315207789,0.9020000000000007,0.9020000000000007,0.02943657315207789
0.9030000000000007,0.9030000000000007,0.02909161974012908,0.9030000000000007,0.9030000000000007,0.02909161974012908
0.9040000000000007,0.9040000000000007,0.02874947409796821,0.9040000000000007,0.9040000000000007,0.02874947409796821
0.9050000000000007,0.9050000000000007,0.02841012161187697,0.9050000000000007,0.9050000000000007,0.02841012161187697
0.9060000000000007,0.9060000000000007,0.02807354778950209,0.9060000000000007,0.9060000000000007,0.02807354778950209
0.9070000000000007,0.9070000000000007,0.02773973825712854,0.9070000000000007,0.9070000000000007,0.02773973825712854
0.9080000000000007,0.9080000000000007,0.02740867875700541,0.9080000000000007,0.9080000000000007,0.02740867875700541
0.9090000000000007,0.9090000000000007,0.02708035514473136,0.9090000000000007,0.9090000000000007,0.02708035514473136
0.9100000000000007,0.9100000000000007,0.02675475338668625,0.9100000000000007,0.9100000000000007,0.02675475338668625
0.9110000000000007,0.9110000000000007,0.02643185955751921,0.9110000000000007,0.9110000000000007,0.02643185955751921
0.9120000000000007,0.9120000000000007,0.02611165983768335,0.9120000000000007,0.9120000000000007,0.02611165983768335
0.9130000000000007,0.9130000000000007,0.02579414051101879,0.9130000000000007,0.9130000000000007,0.02579414051101879
0.9140000000000007,0.9140000000000007,0.02547928796238395,0.9140000000000007,0.9140000000000007,0.02547928796238395
0.9150000000000007,0.9150000000000007,0.025167088675332,0.9150000000000007,0.9150000000000007,0.025167088675332
0.9160000000000007,0.9160000000000007,0.02485752922982964,0.9160000000000007,0.9160000000000007,0.02485752922982964
0.9170000000000007,0.9170000000000007,0.02455059630002278,0.9170000000000007,0.9170000000000007,0.02455059630002278
0.9180000000000007,0.9180000000000007,0.02424627665204036,0.9180000000000007,0.9180000000000007,0.02424627665204036
0.9190000000000007,0.9190000000000007,0.02394455714184255,0.9190000000000007,0.9190000000000007,0.02394455714184255
0.9200000000000007,0.9200000000000007,0.02364542471310639,0.9200000000000007,0.9200000000000007,0.02364542471310639
0.9210000000000007,0.9210000000000007,0.02334886639515134,0.9210000000000007,0.9210000000000007,0.02334886639515134
0.9220000000000007,0.9220000000000007,0.02305486930090241,0.9220000000000007,0.9220000000000007,0.02305486930090241
0.9230000000000007,0.9230000000000007,0.0227634206248905,0.9230000000000007,0.9230000000000007,0.0227634206248905
0.9240000000000007,0.9240000000000007,0.02247450764128822,0.9240000000000007,0.9240000000000007,0.02247450764128822
0.9250000000000007,0.9250000000000007,0.02218811770198195,0.9250000000000007,0.9250000000000007,0.02218811770198195
0.9260000000000007,0.9260000000000007,0.02190423823467726,0.9260000000000007,0.9260000000000007,0.02190423823467726
0.9270000000000007,0.9270000000000007,0.02162285674103707,0.9270000000000007,0.9270000000000007,0.02162285674103707
0.9280000000000007,0.9280000000000007,0.02134396079485492,0.9280000000000007,0.9280000000000007,0.02134396079485492
0.9290000000000007,0.9290000000000007,0.02106753804025807,0.9290000000000007,0.9290000000000007,0.02106753804025807
0.9300000000000007,0.9300000000000007,0.02079357618994273,0.9300000000000007,0.9300000000000007,0.02079357618994273
0.9310000000000007,0.9310000000000007,0.02052206302343887,0.9310000000000007,0.9310000000000007,0.02052206302343887
0.9320000000000007,0.9320000000000007,0.02025298638540694,0.9320000000000007,0.9320000000000007,0.02025298638540694
0.9330000000000007,0.9330000000000007,0.01998633418396121,0.9330000000000007,0.9330000000000007,0.01998633418396121
0.9340000000000007,0.9340000000000007,0.01972209438902318,0.9340000000000007,0.9340000000000007,0.01972209438902318
0.9350000000000007,0.9350000000000007,0.01946025503070267,0.9350000000000007,0.9350000000000007,0.01946025503070267
0.9360000000000007,0.9360000000000007,0.01920080419770652,0.9360000000000007,0.9360000000000007,0.01920080419770652
0.9370000000000007,0.9370000000000007,0.01894373003577261,0.9370000000000007,0.9370000000000007,0.01894373003577261
0.9380000000000007,0.9380000000000007,0.01868902074613238,0.9380000000000007,0.9380000000000007,0.01868902074613238
0.9390000000000007,0.9390000000000007,0.01843666458399636,0.9390000000000007,0.9390000000000007,0.01843666458399636
0.9400000000000007,0.9400000000000007,0.01818664985706777,0.9400000000000007,0.9400000000000007,0.01818664985706777
0.9410000000000007,0.9410000000000007,0.01793896492407804,0.9410000000000007,0.9410000000000007,0.01793896492407804
0.9420000000000007,0.9420000000000007,0.0176935981933476,0.9420000000000007,0.9420000000000007,0.0176935981933476
0.9430000000000007,0.9430000000000007,0.01745053812137176,0.9430000000000007,0.9430000000000007,0.01745053812137176
0.9440000000000007,0.9440000000000007,0.01720977321142593,0.9440000000000007,0.9440000000000007,0.01720977321142593
0.9450000000000007,0.9450000000000007,0.01697129201219812,0.9450000000000007,0.9450000000000007,0.01697129201219812
0.9460000000000007,0.9460000000000007,0.01673508311644038,0.9460000000000007,0.9460000000000007,0.01673508311644038
0.9470000000000007,0.9470000000000007,0.01650113515964384,0.9470000000000007,0.9470000000000007,0.01650113515964384
0.9480000000000007,0.9480000000000007,0.01626943681873408,0.9480000000000007,0.9480000000000007,0.01626943681873408
0.9490000000000007,0.9490000000000007,0.01603997681078856,0.9490000000000007,0.9490000000000007,0.01603997681078856
0.9500000000000007,0.9500000000000007,0.01581274389177378,0.9500000000000007,0.9500000000000007,0.01581274389177378
0.9510000000000007,0.9510000000000007,0.01558772685530249,0.9510000000000007,0.9510000000000007,0.01558772685530249
0.9520000000000007,0.9520000000000007,0.01536491453141229,0.9520000000000007,0.9520000000000007,0.01536491453141229
0.9530000000000007,0.9530000000000007,0.01514429578536129,0.9530000000000007,0.9530000000000007,0.01514429578536129
0.9540000000000007,0.9540000000000007,0.01492585951644516,0.9540000000000007,0.9540000000000007,0.01492585951644516
0.9550000000000007,0.9550000000000007,0.01470959465683067,0.9550000000000007,0.9550000000000007,0.01470959465683067
0.9560000000000007,0.9560000000000007,0.01449549017040893,0.9560000000000007,0.9560000000000007,0.01449549017040893
0.9570000000000007,0.9570000000000007,0.01428353505166716,0.9570000000000007,0.9570000000000007,0.01428353505166716
0.9580000000000007,0.9580000000000007,0.01407371832457438,0.9580000000000007,0.9580000000000007,0.01407371832457438
0.9590000000000007,0.9590000000000007,0.0138660290414903,0.9590000000000007,0.9590000000000007,0.0138660290414903
0.9600000000000007,0.9600000000000007,0.0136604562820846,0.9600000000000007,0.9600000000000007,0.0136604562820846
0.9610000000000007,0.9610000000000007,0.01345698915227788,0.9610000000000007,0.9610000000000007,0.01345698915227788
0.9620000000000007,0.9620000000000007,0.01325561678319514,0.9620000000000007,0.9620000000000007,0.01325561678319514
0.9630000000000007,0.9630000000000007,0.01305632833013721,0.9630000000000007,0.9630000000000007,0.01305632833013721
0.9640000000000007,0.9640000000000007,0.012859112971566,0.9640000000000007,0.9640000000000007,0.012859112971566
0.9650000000000007,0.9650000000000007,0.01266395990810649,0.9650000000000007,0.9650000000000007,0.01266395990810649
0.9660000000000007,0.9660000000000007,0.01247085836156173,0.9660000000000007,0.9660000000000007,0.01247085836156173
0.9670000000000007,0.9670000000000007,0.01227979757394281,0.9670000000000007,0.9670000000000007,0.01227979757394281
0.9680000000000007,0.9680000000000007,0.01209076680651282,0.9680000000000007,0.9680000000000007,0.01209076680651282
0.9690000000000007,0.9690000000000007,0.01190375533884462,0.9690000000000007,0.9690000000000007,0.01190375533884462
0.9700000000000008,0.9700000000000008,0.01171875246789138,0.9700000000000008,0.9700000000000008,0.01171875246789138
0.9710000000000008,0.9710000000000008,0.01153574750706964,0.9710000000000008,0.9710000000000008,0.01153574750706964
0.9720000000000008,0.9720000000000008,0.01135472978535551,0.9720000000000008,0.9720000000000008,0.01135472978535551
0.9730000000000008,0.9730000000000008,0.01117568864639325,0.9730000000000008,0.9730000000000008,0.01117568864639325
0.9740000000000008,0.9740000000000008,0.01099861344761358,0.9740000000000008,0.9740000000000008,0.01099861344761358
0.9750000000000008,0.9750000000000008,0.01082349355936582,0.9750000000000008,0.9750000000000008,0.01082349355936582
0.9760000000000008,0.9760000000000008,0.01065031836405881,0.9760000000000008,0.9760000000000008,0.01065031836405881
0.9770000000000008,0.9770000000000008,0.01047907725531478,0.9770000000000008,0.9770000000000008,0.01047907725531478
0.9780000000000008,0.9780000000000008,0.01030975963712936,0.9780000000000008,0.9780000000000008,0.01030975963712936
0.9790000000000008,0.9790000000000008,0.01014235492304541,0.9790000000000008,0.9790000000000008,0.01014235492304541
0.9800000000000008,0.9800000000000008,0.009976852535334585,0.9800000000000008,0.9800000000000008,0.009976852535334585
0.9810000000000008,0.9810000000000008,0.009813241904185673,0.9810000000000008,0.9810000000000008,0.009813241904185673
0.9820000000000008,0.9820000000000008,0.009651512466906355,0.9820000000000008,0.9820000000000008,0.009651512466906355
0.9830000000000008,0.9830000000000008,0.009491653667125691,0.9830000000000008,0.9830000000000008,0.009491653667125691
0.9840000000000008,0.9840000000000008,0.00933365495401252,0.9840000000000008,0.9840000000000008,0.00933365495401252
0.9850000000000008,0.9850000000000008,0.009177505781494014,0.9850000000000008,0.9850000000000008,0.009177505781494014
0.9860000000000008,0.9860000000000008,0.009023195607485171,0.9860000000000008,0.9860000000000008,0.009023195607485171
0.9870000000000008,0.9870000000000008,0.008870713893122379,0.9870000000000008,0.9870000000000008,0.008870713893122379
0.9880000000000008,0.9880000000000008,0.008720050102003812,0.9880000000000008,0.9880000000000008,0.008720050102003812
0.9890000000000008,0.9890000000000008,0.008571193699435455,0.9890000000000008,0.9890000000000008,0.008571193699435455
0.9900000000000008,0.9900000000000008,0.00842413415168042,0.9900000000000008,0.9900000000000008,0.00842413415168042
0.9910000000000008,0.9910000000000008,0.008278860925214763,0.9910000000000008,0.9910000000000008,0.008278860925214763
0.9920000000000008,0.9920000000000008,0.008135363485986275,0.9920000000000008,0.9920000000000008,0.008135363485986275
0.9930000000000008,0.9930000000000008,0.00799363129867698,0.9930000000000008,0.9930000000000008,0.00799363129867698
0.9940000000000008,0.9940000000000008,0.007853653825968568,0.9940000000000008,0.9940000000000008,0.007853653825968568
0.9950000000000008,0.9950000000000008,0.007715420527810069,0.9950000000000008,0.9950000000000008,0.007715420527810069
0.9960000000000008,0.9960000000000008,0.007578920860690616,0.9960000000000008,0.9960000000000008,0.007578920860690616
0.9970000000000008,0.9970000000000008,0.007444144276908878,0.9970000000000008,0.9970000000000008,0.007444144276908878
0.9980000000000008,0.9980000000000008,0.00731108022384873,0.9980000000000008,0.9980000000000008,0.00731108022384873
0.9990000000000008,0.9990000000000008,0.007179718143253791,0.9990000000000008,0.9990000000000008,0.007179718143253791
1.000000000000001,1.000000000000001,0.007050047470501992,1.000000000000001,1.000000000000001,0.007050047470501992
1.001000000000001,1.001000000000001,0.006922057633881064,1.001000000000001,1.001000000000001,0.006922057633881064
1.002,1.002,0.006795738053863969,1.002,1.002,0.006795738053863969
1.003,1.003,0.006671078142384149,1.003,1.003,0.006671078142384149
1.004,1.004,0.006548067302107025,1.004,1.004,0.006548067302107025
1.005,1.005,0.006426694925704534,1.005,1.005,0.006426694925704534
1.006,1.006,0.006306950395125004,1.006,1.006,0.006306950395125004
1.007,1.007,0.006188823080861067,1.007,1.007,0.006188823080861067
1.008,1.008,0.006072302341218091,1.008,1.008,0.006072302341218091
1.009,1.009,0.005957377521577077,1.009,1.009,0.005957377521577077
1.01,1.01,0.005844037953657112,1.01,1.01,0.005844037953657112
1.010999999999999,1.010999999999999,0.005732272954774243,1.010999999999999,1.010999999999999,0.005732272954774243
1.011999999999999,1.011999999999999,0.005622071827097805,1.011999999999999,1.011999999999999,0.005622071827097805
1.012999999999999,1.012999999999999,0.005513423856903723,1.012999999999999,1.012999999999999,0.005513423856903723
1.013999999999999,1.013999999999999,0.005406318313824984,1.013999999999999,1.013999999999999,0.005406318313824984
1.014999999999999,1.014999999999999,0.005300744450099024,1.014999999999999,1.014999999999999,0.005300744450099024
1.015999999999999,1.015999999999999,0.005196691499812944,1.015999999999999,1.015999999999999,0.005196691499812944
1.016999999999999,1.016999999999999,0.005094148678144981,1.016999999999999,1.016999999999999,0.005094148678144981
1.017999999999999,1.017999999999999,0.004993105180604885,1.017999999999999,1.017999999999999,0.004993105180604885
1.018999999999999,1.018999999999999,0.004893550182269957,1.018999999999999,1.018999999999999,0.004893550182269957
1.019999999999998,1.019999999999998,0.004795472837022539,1.019999999999998,1.019999999999998,0.004795472837022539
1.020999999999998,1.020999999999998,0.004698862276782594,1.020999999999998,1.020999999999998,0.004698862276782594
1.021999999999998,1.021999999999998,0.004603707610741725,1.021999999999998,1.021999999999998,0.004603707610741725
1.022999999999998,1.022999999999998,0.004509997924595224,1.022999999999998,1.022999999999998,0.004509997924595224
1.023999999999998,1.023999999999998,0.004417722279776142,1.023999999999998,1.023999999999998,0.004417722279776142
1.024999999999998,1.024999999999998,0.004326869712688758,1.024999999999998,1.024999999999998,0.004326869712688758
1.025999999999998,1.025999999999998,0.004237429233944602,1.025999999999998,1.025999999999998,0.004237429233944602
1.026999999999998,1.026999999999998,0.004149389827602029,1.026999999999998,1.026999999999998,0.004149389827602029
1.027999999999998,1.027999999999998,0.004062740450408352,1.027999999999998,1.027999999999998,0.004062740450408352
1.028999999999997,1.028999999999997,0.003977470031048658,1.028999999999997,1.028999999999997,0.003977470031048658
1.029999999999997,1.029999999999997,0.00389356746939855,1.029999999999997,1.029999999999997,0.00389356746939855
1.030999999999997,1.030999999999997,0.003811021635788091,1.030999999999997,1.030999999999997,0.003811021635788091
1.031999999999997,1.031999999999997,0.003729821370272476,1.031999999999997,1.031999999999997,0.003729821370272476
1.032999999999997,1.032999999999997,0.003649955481913981,1.032999999999997,1.032999999999997,0.003649955481913981
1.033999999999997,1.033999999999997,0.003571412748077703,1.033999999999997,1.033999999999997,0.003571412748077703
1.034999999999997,1.034999999999997,0.003494181913740808,1.034999999999997,1.034999999999997,0.003494181913740808
1.035999999999997,1.035999999999997,0.003418251690819336,1.035999999999997,1.035999999999997,0.003418251690819336
1.036999999999997,1.036999999999997,0.003343610757513372,1.036999999999997,1.036999999999997,0.003343610757513372
1.037999999999996,1.037999999999996,0.003270247757672779,1.037999999999996,1.037999999999996,0.003270247757672779
1.038999999999996,1.038999999999996,0.00319815130018775,1.038999999999996,1.038999999999996,0.00319815130018775
1.039999999999996,1.039999999999996,0.00312730995840631,1.039999999999996,1.039999999999996,0.00312730995840631
1.040999999999996,1.040999999999996,0.003057712269576355,1.040999999999996,1.040999999999996,0.003057712269576355
1.041999999999996,1.041999999999996,0.002989346734325504,1.041999999999996,1.041999999999996,0.002989346734325504
1.042999999999996,1.042999999999996,0.002922201816171439,1.042999999999996,1.042999999999996,0.002922201816171439
1.043999999999996,1.043999999999996,0.002856265941072055,1.043999999999996,1.043999999999996,0.002856265941072055
1.044999999999996,1.044999999999996,0.002791527497015476,1.044999999999996,1.044999999999996,0.002791527497015476
1.045999999999996,1.045999999999996,0.002727974833657412,1.045999999999996,1.045999999999996,0.002727974833657412
1.046999999999995,1.046999999999995,0.002665596262002903,1.046999999999995,1.046999999999995,0.002665596262002903
1.047999999999995,1.047999999999995,0.002604380054142976,1.047999999999995,1.047999999999995,0.002604380054142976
1.048999999999995,1.048999999999995,0.002544314443045756,1.048999999999995,1.048999999999995,0.002544314443045756
1.049999999999995,1.049999999999995,0.00248538762240689,1.049999999999995,1.049999999999995,0.00248538762240689
1.050999999999995,1.050999999999995,0.002427587746562899,1.050999999999995,1.050999999999995,0.002427587746562899
1.051999999999995,1.051999999999995,0.002370902930474202,1.051999999999995,1.051999999999995,0.002370902930474202
1.052999999999995,1.052999999999995,0.002315321249776801,1.052999999999995,1.052999999999995,0.002315321249776801
1.053999999999995,1.053999999999995,0.002260830740912292,1.053999999999995,1.053999999999995,0.002260830740912292
1.054999999999995,1.054999999999995,0.002207419401335868,1.054999999999995,1.054999999999995,0.002207419401335868
1.055999999999994,1.055999999999994,0.00215507518981165,1.055999999999994,1.055999999999994,0.00215507518981165
1.056999999999994,1.056999999999994,0.002103786026792947,1.056999999999994,1.056999999999994,0.002103786026792947
1.057999999999994,1.057999999999994,0.002053539794898401,1.057999999999994,1.057999999999994,0.002053539794898401
1.058999999999994,1.058999999999994,0.002004324339485056,1.058999999999994,1.058999999999994,0.002004324339485056
1.059999999999994,1.059999999999994,0.00195612746932149,1.059999999999994,1.059999999999994,0.00195612746932149
1.060999999999994,1.060999999999994,0.001908936957368457,1.060999999999994,1.060999999999994,0.001908936957368457
1.061999999999994,1.061999999999994,0.001862740541668651,1.061999999999994,1.061999999999994,0.001862740541668651
1.062999999999994,1.062999999999994,0.001817525926351223,1.062999999999994,1.062999999999994,0.001817525926351223
1.063999999999994,1.063999999999994,0.001773280782752176,1.063999999999994,1.063999999999994,0.001773280782752176
1.064999999999994,1.064999999999994,0.00172999275065995,1.064999999999994,1.064999999999994,0.00172999275065995
1.065999999999993,1.065999999999993,0.001687649439681827,1.065999999999993,1.065999999999993,0.001687649439681827
1.066999999999993,1.066999999999993,0.001646238430743175,1.066999999999993,1.066999999999993,0.001646238430743175
1.067999999999993,1.067999999999993,0.001605747277715259,1.067999999999993,1.067999999999993,0.001605747277715259
1.068999999999993,1.068999999999993,0.001566163509178551,1.068999999999993,1.068999999999993,0.001566163509178551
1.069999999999993,1.069999999999993,0.001527474630324666,1.069999999999993,1.069999999999993,0.001527474630324666
1.070999999999993,1.070999999999993,0.001489668124994219,1.070999999999993,1.070999999999993,0.001489668124994219
1.071999999999993,1.071999999999993,0.001452731457859554,1.071999999999993,1.071999999999993,0.001452731457859554
1.072999999999993,1.072999999999993,0.00141665207674756,1.072999999999993,1.072999999999993,0.00141665207674756
1.073999999999993,1.073999999999993,0.001381417415107257,1.073999999999993,1.073999999999993,0.001381417415107257
1.074999999999992,1.074999999999992,0.001347014894620082,1.074999999999992,1.074999999999992,0.001347014894620082
1.075999999999992,1.075999999999992,0.001313431927958127,1.075999999999992,1.075999999999992,0.001313431927958127
1.076999999999992,1.076999999999992,0.001280655921681815,1.076999999999992,1.076999999999992,0.001280655921681815
1.077999999999992,1.077999999999992,0.001248674279284054,1.077999999999992,1.077999999999992,0.001248674279284054
1.078999999999992,1.078999999999992,0.001217474404373585,1.078999999999992,1.078999999999992,0.001217474404373585
1.079999999999992,1.079999999999992,0.00118704370399916,1.079999999999992,1.079999999999992,0.00118704370399916
1.080999999999992,1.080999999999992,0.001157369592109578,1.080999999999992,1.080999999999992,0.001157369592109578
1.081999999999992,1.081999999999992,0.00112843949314847,1.081999999999992,1.081999999999992,0.00112843949314847
1.082999999999992,1.082999999999992,0.001100240845775786,1.082999999999992,1.082999999999992,0.001100240845775786
1.083999999999991,1.083999999999991,0.001072761106717625,1.083999999999991,1.083999999999991,0.001072761106717625
1.084999999999991,1.084999999999991,0.001045987754733539,1.084999999999991,1.084999999999991,0.001045987754733539
1.085999999999991,1.085999999999991,0.001019908294696427,1.085999999999991,1.085999999999991,0.001019908294696427
1.086999999999991,1.086999999999991,0.0009945102617831241,1.086999999999991,1.086999999999991,0.0009945102617831241
1.087999999999991,1.087999999999991,0.0009697812257609146,1.087999999999991,1.087999999999991,0.0009697812257609146
1.088999999999991,1.088999999999991,0.0009457087953691642,1.088999999999991,1.088999999999991,0.0009457087953691642
1.089999999999991,1.089999999999991,0.0009222806227830541,1.089999999999991,1.089999999999991,0.0009222806227830541
1.090999999999991,1.090999999999991,0.0008994844081513505,1.090999999999991,1.090999999999991,0.0008994844081513505
1.091999999999991,1.091999999999991,0.0008773079042009655,1.091999999999991,1.091999999999991,0.0008773079042009655
1.09299999999999,1.09299999999999,0.0008557389208938734,1.09299999999999,1.09299999999999,0.0008557389208938734
1.09399999999999,1.09399999999999,0.0008347653301296411,1.09399999999999,1.09399999999999,0.0008347653301296411
1.09499999999999,1.09499999999999,0.0008143750704801698,1.09499999999999,1.09499999999999,0.0008143750704801698
1.09599999999999,1.09599999999999,0.0007945561519455881,1.09599999999999,1.09599999999999,0.0007945561519455881
1.09699999999999,1.09699999999999,0.000775296660720288,1.09699999999999,1.09699999999999,0.000775296660720288
1.09799999999999,1.09799999999999,0.0007565847639540566,1.09799999999999,1.09799999999999,0.0007565847639540566
1.09899999999999,1.09899999999999,0.0007384087145006533,1.09899999999999,1.09899999999999,0.0007384087145006533
1.09999999999999,1.09999999999999,0.0007207568556359459,1.09999999999999,1.09999999999999,0.0007207568556359459
1.10099999999999,1.10099999999999,0.0007036176257360937,1.10099999999999,1.10099999999999,0.0007036176257360937
1.101999999999989,1.101999999999989,0.0006869795629021381,1.101999999999989,1.101999999999989,0.0006869795629021381
1.102999999999989,1.102999999999989,0.0006708313095179902,1.102999999999989,1.102999999999989,0.0006708313095179902
1.103999999999989,1.103999999999989,0.0006551616167292744,1.103999999999989,1.103999999999989,0.0006551616167292744
1.104999999999989,1.104999999999989,0.0006399593488307696,1.104999999999989,1.104999999999989,0.0006399593488307696
1.105999999999989,1.105999999999989,0.000625213487549365,1.105999999999989,1.105999999999989,0.000625213487549365
1.106999999999989,1.106999999999989,0.0006109131362106514,1.106999999999989,1.106999999999989,0.0006109131362106514
1.107999999999989,1.107999999999989,0.0005970475237800752,1.107999999999989,1.107999999999989,0.0005970475237800752
1.108999999999989,1.108999999999989,0.00058360600876405,1.108999999999989,1.108999999999989,0.00058360600876405
1.109999999999989,1.109999999999989,0.0005705780829607239,1.109999999999989,1.109999999999989,0.0005705780829607239
1.110999999999988,1.110999999999988,0.0005579533750550978,1.110999999999988,1.110999999999988,0.0005579533750550978
1.111999999999988,1.111999999999988,0.0005457216540418091,1.111999999999988,1.111999999999988,0.0005457216540418091
1.112999999999988,1.112999999999988,0.0005338728324741075,1.112999999999988,1.112999999999988,0.0005338728324741075
1.113999999999988,1.113999999999988,0.0005223969695259259,1.113999999999988,1.113999999999988,0.0005223969695259259
1.114999999999988,1.114999999999988,0.0005112842738621962,1.114999999999988,1.114999999999988,0.0005112842738621962
1.115999999999988,1.115999999999988,0.0005005251063120366,1.115999999999988,1.115999999999988,0.0005005251063120366
1.116999999999988,1.116999999999988,0.0004901099823357071,1.116999999999988,1.116999999999988,0.0004901099823357071
1.117999999999988,1.117999999999988,0.0004800295742872904,1.117999999999988,1.117999999999988,0.0004800295742872904
1.118999999999988,1.118999999999988,0.0004702747134598646,1.118999999999988,1.118999999999988,0.0004702747134598646
1.119999999999987,1.119999999999987,0.0004608363919213016,1.119999999999987,1.119999999999987,0.0004608363919213016
1.120999999999987,1.120999999999987,0.0004517057641306,1.120999999999987,1.120999999999987,0.0004517057641306
1.121999999999987,1.121999999999987,0.0004428741483366937,1.121999999999987,1.121999999999987,0.0004428741483366937
1.122999999999987,1.122999999999987,0.00043433302776023,1.122999999999987,1.122999999999987,0.00043433302776023
1.123999999999987,1.123999999999987,0.0004260740515575545,1.123999999999987,1.123999999999987,0.0004260740515575545
1.124999999999987,1.124999999999987,0.0004180890355703902,1.124999999999987,1.124999999999987,0.0004180890355703902
1.125999999999987,1.125999999999987,0.0004103699628616831,1.125999999999987,1.125999999999987,0.0004103699628616831
1.126999999999987,1.126999999999987,0.0004029089840403625,1.126999999999987,1.126999999999987,0.0004029089840403625
1.127999999999987,1.127999999999987,0.0003956984173822942,1.127999999999987,1.127999999999987,0.0003956984173822942
1.128999999999986,1.128999999999986,0.000388730748747278,1.128999999999986,1.128999999999986,0.000388730748747278
1.129999999999986,1.129999999999986,0.0003819986313012145,1.129999999999986,1.129999999999986,0.0003819986313012145
1.130999999999986,1.130999999999986,0.0003754948850459198,1.130999999999986,1.130999999999986,0.0003754948850459198
1.131999999999986,1.131999999999986,0.0003692124961661703,1.131999999999986,1.131999999999986,0.0003692124961661703
1.132999999999986,1.132999999999986,0.0003631446161967601,1.132999999999986,1.132999999999986,0.0003631446161967601
1.133999999999986,1.133999999999986,0.0003572845610200096,1.133999999999986,1.133999999999986,0.0003572845610200096
1.134999999999986,1.134999999999986,0.0003516258097003971,1.134999999999986,1.134999999999986,0.0003516258097003971
1.135999999999986,1.135999999999986,0.0003461620031624689,1.135999999999986,1.135999999999986,0.0003461620031624689
1.136999999999986,1.136999999999986,0.0003408869427209962,1.136999999999986,1.136999999999986,0.0003408869427209962
1.137999999999985,1.137999999999985,0.0003357945884744705,1.137999999999985,1.137999999999985,0.0003357945884744705
1.138999999999985,1.138999999999985,0.0003308790575643571,1.138999999999985,1.138999999999985,0.0003308790575643571
1.139999999999985,1.139999999999985,0.0003261346223143441,1.139999999999985,1.139999999999985,0.0003261346223143441
1.140999999999985,1.140999999999985,0.0003215557082536108,1.140999999999985,1.140999999999985,0.0003215557082536108
1.141999999999985,1.141999999999985,0.0003171368920368047,1.141999999999985,1.141999999999985,0.0003171368920368047
1.142999999999985,1.142999999999985,0.0003128728992664855,1.142999999999985,1.142999999999985,0.0003128728992664855
1.143999999999985,1.143999999999985,0.0003087586022248277,1.143999999999985,1.143999999999985,0.0003087586022248277
1.144999999999985,1.144999999999985,0.000304789017527644,1.144999999999985,1.144999999999985,0.000304789017527644
1.145999999999985,1.145999999999985,0.0003009593037069991,1.145999999999985,1.145999999999985,0.0003009593037069991
1.146999999999984,1.146999999999984,0.0002972647587255207,1.146999999999984,1.146999999999984,0.0002972647587255207
1.147999999999984,1.147999999999984,0.0002937008174382458,1.147999999999984,1.147999999999984,0.0002937008174382458
1.148999999999984,1.148999999999984,0.0002902630490044961,1.148999999999984,1.148999999999984,0.0002902630490044961
1.149999999999984,1.149999999999984,0.0002869471542569643,1.149999999999984,1.149999999999984,0.0002869471542569643
1.150999999999984,1.150999999999984,0.0002837489630366448,1.150999999999984,1.150999999999984,0.0002837489630366448
1.151999999999984,1.151999999999984,0.0002806644315008145,1.151999999999984,1.151999999999984,0.0002806644315008145
1.152999999999984,1.152999999999984,0.0002776896394087603,1.152999999999984,1.152999999999984,0.0002776896394087603
1.153999999999984,1.153999999999984,0.0002748207873920332,1.153999999999984,1.153999999999984,0.0002748207873920332
1.154999999999984,1.154999999999984,0.0002720541942154661,1.154999999999984,1.154999999999984,0.0002720541942154661
1.155999999999983,1.155999999999983,0.0002693862940330192,1.155999999999983,1.155999999999983,0.0002693862940330192
1.156999999999983,1.156999999999983,0.0002668136336478436,1.156999999999983,1.156999999999983,0.0002668136336478436
1.157999999999983,1.157999999999983,0.0002643328697741996,1.157999999999983,1.157999999999983,0.0002643328697741996
1.158999999999983,1.158999999999983,0.0002619407663134178,1.158999999999983,1.158999999999983,0.0002619407663134178
1.159999999999983,1.159999999999983,0.0002596341916437297,1.159999999999983,1.159999999999983,0.0002596341916437297
1.160999999999983,1.160999999999983,0.0002574101159273371,1.160999999999983,1.160999999999983,0.0002574101159273371
1.161999999999983,1.161999999999983,0.0002552656084432401,1.161999999999983,1.161999999999983,0.0002552656084432401
1.162999999999983,1.162999999999983,0.0002531978349425218,1.162999999999983,1.162999999999983,0.0002531978349425218
1.163999999999983,1.163999999999983,0.0002512040550354433,1.163999999999983,1.163999999999983,0.0002512040550354433
1.164999999999982,1.164999999999982,0.0002492816196087476,1.164999999999982,1.164999999999982,0.0002492816196087476
1.165999999999982,1.165999999999982,0.0002474279682781775,1.165999999999982,1.165999999999982,0.0002474279682781775
1.166999999999982,1.166999999999982,0.0002456406268759734,1.166999999999982,1.166999999999982,0.0002456406268759734
1.167999999999982,1.167999999999982,0.0002439172049805859,1.167999999999982,1.167999999999982,0.0002439172049805859
1.168999999999982,1.168999999999982,0.0002422553934832932,1.168999999999982,1.168999999999982,0.0002422553934832932
1.169999999999982,1.169999999999982,0.0002406529621994111,1.169999999999982,1.169999999999982,0.0002406529621994111
1.170999999999982,1.170999999999982,0.0002391077575213232,1.170999999999982,1.170999999999982,0.0002391077575213232
1.171999999999982,1.171999999999982,0.000237617700118811,1.171999999999982,1.171999999999982,0.000237617700118811
1.172999999999982,1.172999999999982,0.0002361807826821786,1.172999999999982,1.172999999999982,0.0002361807826821786
1.173999999999982,1.173999999999982,0.0002347950677139043,1.173999999999982,1.173999999999982,0.0002347950677139043
1.174999999999981,1.174999999999981,0.0002334586853669879,1.174999999999981,1.174999999999981,0.0002334586853669879
1.175999999999981,1.175999999999981,0.0002321698313325355,1.175999999999981,1.175999999999981,0.0002321698313325355
1.176999999999981,1.176999999999981,0.0002309267647722526,1.176999999999981,1.176999999999981,0.0002309267647722526
1.177999999999981,1.177999999999981,0.0002297278063030599,1.177999999999981,1.177999999999981,0.0002297278063030599
1.178999999999981,1.178999999999981,0.0002285713360275478,1.178999999999981,1.178999999999981,0.0002285713360275478
1.179999999999981,1.179999999999981,0.0002274557916140328,1.179999999999981,1.179999999999981,0.0002274557916140328
1.180999999999981,1.180999999999981,0.0002263796664260022,1.180999999999981,1.180999999999981,0.0002263796664260022
1.181999999999981,1.181999999999981,0.0002253415076968583,1.181999999999981,1.181999999999981,0.0002253415076968583
1.182999999999981,1.182999999999981,0.000224339914756925,1.182999999999981,1.182999999999981,0.000224339914756925
1.18399999999998,1.18399999999998,0.000223373537302031,1.18399999999998,1.18399999999998,0.000223373537302031
1.18499999999998,1.18499999999998,0.0002224410737165557,1.18499999999998,1.18499999999998,0.0002224410737165557
1.18599999999998,1.18599999999998,0.0002215412694352555,1.18599999999998,1.18599999999998,0.0002215412694352555
1.18699999999998,1.18699999999998,0.0002206729153578462,1.18699999999998,1.18699999999998,0.0002206729153578462
1.18799999999998,1.18799999999998,0.0002198348463047052,1.18799999999998,1.18799999999998,0.0002198348463047052
1.18899999999998,1.18899999999998,0.0002190259395173849,1.18899999999998,1.18899999999998,0.0002190259395173849
1.18999999999998,1.18999999999998,0.0002182451132062962,1.18999999999998,1.18999999999998,0.0002182451132062962
1.19099999999998,1.19099999999998,0.0002174913251380156,1.19099999999998,1.19099999999998,0.0002174913251380156
1.19199999999998,1.19199999999998,0.0002167635712673714,1.19199999999998,1.19199999999998,0.0002167635712673714
1.192999999999979,1.192999999999979,0.0002160608844085351,1.192999999999979,1.192999999999979,0.0002160608844085351
1.193999999999979,1.193999999999979,0.000215382332951229,1.193999999999979,1.193999999999979,0.000215382332951229
1.194999999999979,1.194999999999979,0.0002147270196109431,1.194999999999979,1.194999999999979,0.0002147270196109431
1.195999999999979,1.195999999999979,0.0002140940802243631,1.195999999999979,1.195999999999979,0.0002140940802243631
1.196999999999979,1.196999999999979,0.0002134826825779591,1.196999999999979,1.196999999999979,0.0002134826825779591
1.197999999999979,1.197999999999979,0.0002128920252768023,1.197999999999979,1.197999999999979,0.0002128920252768023
1.198999999999979,1.198999999999979,0.0002123213366489837,1.198999999999979,1.198999999999979,0.0002123213366489837
1.2,1.2,0.0002117698736848035,1.2,1.2,0.0002117698736848035
