/q X,/q Y,q vs qb X,q vs qb Y,qb vs q X,qb vs q Y
0,0,1.199691395131573,0,0,1.199691395131573
0.001,0.001,1.199687410863345,0.001,0.001,1.199687410863345
0.002,0.002,1.199683337110664,0.002,0.002,1.199683337110664
0.003,0.003,1.199679171294701,0.003,0.003,1.199679171294701
0.004,0.004,1.199674911480073,0.004,0.004,1.199674911480073
0.005,0.005,1.199670555693754,0.005,0.005,1.199670555693754
0.006,0.006,1.199666101924481,0.006,0.006,1.199666101924481
0.007,0.007,1.199661548122157,0.007,0.007,1.199661548122157
0.008,0.008,1.199656892197265,0.008,0.008,1.199656892197265
0.009000000000000001,0.009000000000000001,1.199652132020263,0.009000000000000001,0.009000000000000001,1.199652132020263
0.01,0.01,1.199647265420988,0.01,0.01,1.199647265420988
0.011,0.011,1.199642290188059,0.011,0.011,1.199642290188059
0.012,0.012,1.199637204068271,0.012,0.012,1.199637204068271
0.013,0.013,1.199632004765999,0.013,0.013,1.199632004765999
0.01400000000000001,0.01400000000000001,1.199626689942588,0.01400000000000001,0.01400000000000001,1.199626689942588
0.01500000000000001,0.01500000000000001,1.199621257215759,0.01500000000000001,0.01500000000000001,1.199621257215759
0.01600000000000001,0.01600000000000001,1.199615704158997,0.01600000000000001,0.01600000000000001,1.199615704158997
0.01700000000000001,0.01700000000000001,1.199610028300959,0.01700000000000001,0.01700000000000001,1.199610028300959
0.01800000000000001,0.01800000000000001,1.199604227124864,0.01800000000000001,0.01800000000000001,1.199604227124864
0.01900000000000001,0.01900000000000001,1.199598298067898,0.01900000000000001,0.01900000000000001,1.199598298067898
0.02000000000000001,0.02000000000000001,1.199592238520611,0.02000000000000001,0.02000000000000001,1.199592238520611
0.02100000000000001,0.02100000000000001,1.199586045826323,0.02100000000000001,0.02100000000000001,1.199586045826323
0.02200000000000001,0.02200000000000001,1.199579717280526,0.02200000000000001,0.02200000000000001,1.199579717280526
0.02300000000000001,0.02300000000000001,1.19957325013029,0.02300000000000001,0.02300000000000001,1.19957325013029
0.02400000000000001,0.02400000000000001,1.199566641573676,0.02400000000000001,0.02400000000000001,1.199566641573676
0.02500000000000002,0.02500000000000002,1.199559888759145,0.02500000000000002,0.02500000000000002,1.199559888759145
0.02600000000000002,0.02600000000000002,1.199552988784971,0.02600000000000002,0.02600000000000002,1.199552988784971
0.02700000000000002,0.02700000000000002,1.199545938698668,0.02700000000000002,0.02700000000000002,1.199545938698668
0.02800000000000002,0.02800000000000002,1.1995387354964,0.02800000000000002,0.02800000000000002,1.1995387354964
0.02900000000000002,0.02900000000000002,1.199531376122422,0.02900000000000002,0.02900000000000002,1.199531376122422
0.03000000000000002,0.03000000000000002,1.199523857468495,0.03000000000000002,0.03000000000000002,1.199523857468495
0.03100000000000002,0.03100000000000002,1.199516176373336,0.03100000000000002,0.03100000000000002,1.199516176373336
0.03200000000000002,0.03200000000000002,1.199508329622048,0.03200000000000002,0.03200000000000002,1.199508329622048
0.03300000000000002,0.03300000000000002,1.19950031394557,0.03300000000000002,0.03300000000000002,1.19950031394557
0.03400000000000002,0.03400000000000002,1.199492126020128,0.03400000000000002,0.03400000000000002,1.199492126020128
0.03500000000000002,0.03500000000000002,1.199483762466692,0.03500000000000002,0.03500000000000002,1.199483762466692
0.03600000000000003,0.03600000000000003,1.199475219850438,0.03600000000000003,0.03600000000000003,1.199475219850438
0.03700000000000003,0.03700000000000003,1.19946649468022,0.03700000000000003,0.03700000000000003,1.19946649468022
0.03800000000000003,0.03800000000000003,1.199457583408048,0.03800000000000003,0.03800000000000003,1.199457583408048
0.03900000000000003,0.03900000000000003,1.199448482428571,0.03900000000000003,0.03900000000000003,1.199448482428571
0.04000000000000003,0.04000000000000003,1.199439188078574,0.04000000000000003,0.04000000000000003,1.199439188078574
0.04100000000000003,0.04100000000000003,1.199429696636477,0.04100000000000003,0.04100000000000003,1.199429696636477
0.04200000000000003,0.04200000000000003,1.199420004321849,0.04200000000000003,0.04200000000000003,1.199420004321849
0.04300000000000003,0.04300000000000003,1.19941010729493,0.04300000000000003,0.04300000000000003,1.19941010729493
0.04400000000000003,0.04400000000000003,1.199400001656165,0.04400000000000003,0.04400000000000003,1.199400001656165
0.04500000000000003,0.04500000000000003,1.199389683445749,0.04500000000000003,0.04500000000000003,1.199389683445749
0.04600000000000003,0.04600000000000003,1.199379148643184,0.04600000000000003,0.04600000000000003,1.199379148643184
0.04700000000000003,0.04700000000000003,1.19936839316685,0.04700000000000003,0.04700000000000003,1.19936839316685
0.04800000000000004,0.04800000000000004,1.199357412873598,0.04800000000000004,0.04800000000000004,1.199357412873598
0.04900000000000004,0.04900000000000004,1.199346203558344,0.04900000000000004,0.04900000000000004,1.199346203558344
0.05000000000000004,0.05000000000000004,1.199334760953692,0.05000000000000004,0.05000000000000004,1.199334760953692
0.05100000000000004,0.05100000000000004,1.199323080729573,0.05100000000000004,0.05100000000000004,1.199323080729573
0.05200000000000004,0.05200000000000004,1.1993111584929,0.05200000000000004,0.05200000000000004,1.1993111584929
0.05300000000000004,0.05300000000000004,1.199298989787243,0.05300000000000004,0.05300000000000004,1.199298989787243
0.05400000000000004,0.05400000000000004,1.199286570092533,0.05400000000000004,0.05400000000000004,1.199286570092533
0.05500000000000004,0.05500000000000004,1.199273894824776,0.05500000000000004,0.05500000000000004,1.199273894824776
0.05600000000000004,0.05600000000000004,1.199260959335804,0.05600000000000004,0.05600000000000004,1.199260959335804
0.05700000000000004,0.05700000000000004,1.199247758913041,0.05700000000000004,0.05700000000000004,1.199247758913041
0.05800000000000004,0.05800000000000004,1.199234288779301,0.05800000000000004,0.05800000000000004,1.199234288779301
0.05900000000000005,0.05900000000000005,1.199220544092604,0.05900000000000005,0.05900000000000005,1.199220544092604
0.06000000000000005,0.06000000000000005,1.199206519946035,0.06000000000000005,0.06000000000000005,1.199206519946035
0.06100000000000005,0.06100000000000005,1.199192211367614,0.06100000000000005,0.06100000000000005,1.199192211367614
0.06200000000000005,0.06200000000000005,1.199177613320205,0.06200000000000005,0.06200000000000005,1.199177613320205
0.06300000000000004,0.06300000000000004,1.199162720701453,0.06300000000000004,0.06300000000000004,1.199162720701453
0.06400000000000004,0.06400000000000004,1.199147528343747,0.06400000000000004,0.06400000000000004,1.199147528343747
0.06500000000000004,0.06500000000000004,1.199132031014217,0.06500000000000004,0.06500000000000004,1.199132031014217
0.06600000000000004,0.06600000000000004,1.199116223414761,0.06600000000000004,0.06600000000000004,1.199116223414761
0.06700000000000005,0.06700000000000005,1.199100100182102,0.06700000000000005,0.06700000000000005,1.199100100182102
0.06800000000000005,0.06800000000000005,1.199083655887869,0.06800000000000005,0.06800000000000005,1.199083655887869
0.06900000000000005,0.06900000000000005,1.199066885038722,0.06900000000000005,0.06900000000000005,1.199066885038722
0.07000000000000005,0.07000000000000005,1.199049782076493,0.07000000000000005,0.07000000000000005,1.199049782076493
0.07100000000000005,0.07100000000000005,1.199032341378367,0.07100000000000005,0.07100000000000005,1.199032341378367
0.07200000000000005,0.07200000000000005,1.199014557257082,0.07200000000000005,0.07200000000000005,1.199014557257082
0.07300000000000005,0.07300000000000005,1.198996423961175,0.07300000000000005,0.07300000000000005,1.198996423961175
0.07400000000000005,0.07400000000000005,1.198977935675235,0.07400000000000005,0.07400000000000005,1.198977935675235
0.07500000000000005,0.07500000000000005,1.198959086520204,0.07500000000000005,0.07500000000000005,1.198959086520204
0.07600000000000005,0.07600000000000005,1.198939870553691,0.07600000000000005,0.07600000000000005,1.198939870553691
0.07700000000000005,0.07700000000000005,1.198920281770324,0.07700000000000005,0.07700000000000005,1.198920281770324
0.07800000000000006,0.07800000000000006,1.198900314102123,0.07800000000000006,0.07800000000000006,1.198900314102123
0.07900000000000006,0.07900000000000006,1.198879961418897,0.07900000000000006,0.07900000000000006,1.198879961418897
0.08000000000000006,0.08000000000000006,1.198859217528673,0.08000000000000006,0.08000000000000006,1.198859217528673
0.08100000000000006,0.08100000000000006,1.198838076178144,0.08100000000000006,0.08100000000000006,1.198838076178144
0.08200000000000006,0.08200000000000006,1.198816531053146,0.08200000000000006,0.08200000000000006,1.198816531053146
0.08300000000000006,0.08300000000000006,1.198794575779158,0.08300000000000006,0.08300000000000006,1.198794575779158
0.08400000000000006,0.08400000000000006,1.198772203921817,0.08400000000000006,0.08400000000000006,1.198772203921817
0.08500000000000006,0.08500000000000006,1.19874940898747,0.08500000000000006,0.08500000000000006,1.19874940898747
0.08600000000000006,0.08600000000000006,1.198726184423735,0.08600000000000006,0.08600000000000006,1.198726184423735
0.08700000000000006,0.08700000000000006,1.198702523620091,0.08700000000000006,0.08700000000000006,1.198702523620091
0.08800000000000006,0.08800000000000006,1.198678419908484,0.08800000000000006,0.08800000000000006,1.198678419908484
0.08900000000000007,0.08900000000000007,1.198653866563959,0.08900000000000007,0.08900000000000007,1.198653866563959
0.09000000000000007,0.09000000000000007,1.198628856805305,0.09000000000000007,0.09000000000000007,1.198628856805305
0.09100000000000007,0.09100000000000007,1.198603383795718,0.09100000000000007,0.09100000000000007,1.198603383795718
0.09200000000000007,0.09200000000000007,1.198577440643493,0.09200000000000007,0.09200000000000007,1.198577440643493
0.09300000000000007,0.09300000000000007,1.19855102040272,0.09300000000000007,0.09300000000000007,1.19855102040272
0.09400000000000007,0.09400000000000007,1.198524116074006,0.09400000000000007,0.09400000000000007,1.198524116074006
0.09500000000000007,0.09500000000000007,1.198496720605207,0.09500000000000007,0.09500000000000007,1.198496720605207
0.09600000000000007,0.09600000000000007,1.198468826892177,0.09600000000000007,0.09600000000000007,1.198468826892177
0.09700000000000007,0.09700000000000007,1.198440427779538,0.09700000000000007,0.09700000000000007,1.198440427779538
0.09800000000000007,0.09800000000000007,1.198411516061448,0.09800000000000007,0.09800000000000007,1.198411516061448
0.09900000000000007,0.09900000000000007,1.198382084482401,0.09900000000000007,0.09900000000000007,1.198382084482401
0.1000000000000001,0.1000000000000001,1.198352125738025,0.1000000000000001,0.1000000000000001,1.198352125738025
0.1010000000000001,0.1010000000000001,1.198321632475895,0.1010000000000001,0.1010000000000001,1.198321632475895
0.1020000000000001,0.1020000000000001,1.198290597296359,0.1020000000000001,0.1020000000000001,1.198290597296359
0.1030000000000001,0.1030000000000001,1.19825901275337,0.1030000000000001,0.1030000000000001,1.19825901275337
0.1040000000000001,0.1040000000000001,1.198226871355327,0.1040000000000001,0.1040000000000001,1.198226871355327
0.1050000000000001,0.1050000000000001,1.198194165565926,0.1050000000000001,0.1050000000000001,1.198194165565926
0.1060000000000001,0.1060000000000001,1.198160887805015,0.1060000000000001,0.1060000000000001,1.198160887805015
0.1070000000000001,0.1070000000000001,1.198127030449454,0.1070000000000001,0.1070000000000001,1.198127030449454
0.1080000000000001,0.1080000000000001,1.198092585833981,0.1080000000000001,0.1080000000000001,1.198092585833981
0.1090000000000001,0.1090000000000001,1.198057546252082,0.1090000000000001,0.1090000000000001,1.198057546252082
0.1100000000000001,0.1100000000000001,1.198021903956865,0.1100000000000001,0.1100000000000001,1.198021903956865
0.1110000000000001,0.1110000000000001,1.197985651161928,0.1110000000000001,0.1110000000000001,1.197985651161928
0.1120000000000001,0.1120000000000001,1.197948780042239,0.1120000000000001,0.1120000000000001,1.197948780042239
0.1130000000000001,0.1130000000000001,1.197911282735005,0.1130000000000001,0.1130000000000001,1.197911282735005
0.1140000000000001,0.1140000000000001,1.197873151340549,0.1140000000000001,0.1140000000000001,1.197873151340549
0.1150000000000001,0.1150000000000001,1.197834377923174,0.1150000000000001,0.1150000000000001,1.197834377923174
0.1160000000000001,0.1160000000000001,1.197794954512037,0.1160000000000001,0.1160000000000001,1.197794954512037
0.1170000000000001,0.1170000000000001,1.197754873102004,0.1170000000000001,0.1170000000000001,1.197754873102004
0.1180000000000001,0.1180000000000001,1.197714125654511,0.1180000000000001,0.1180000000000001,1.197714125654511
0.1190000000000001,0.1190000000000001,1.19767270409841,0.1190000000000001,0.1190000000000001,1.19767270409841
0.1200000000000001,0.1200000000000001,1.19763060033082,0.1200000000000001,0.1200000000000001,1.19763060033082
0.1210000000000001,0.1210000000000001,1.197587806217953,0.1210000000000001,0.1210000000000001,1.197587806217953
0.1220000000000001,0.1220000000000001,1.197544313595944,0.1220000000000001,0.1220000000000001,1.197544313595944
0.1230000000000001,0.1230000000000001,1.197500114271666,0.1230000000000001,0.1230000000000001,1.197500114271666
0.1240000000000001,0.1240000000000001,1.197455200023534,0.1240000000000001,0.1240000000000001,1.197455200023534
0.1250000000000001,0.1250000000000001,1.197409562602298,0.1250000000000001,0.1250000000000001,1.197409562602298
0.1260000000000001,0.1260000000000001,1.197363193731824,0.1260000000000001,0.1260000000000001,1.197363193731824
0.1270000000000001,0.1270000000000001,1.197316085109856,0.1270000000000001,0.1270000000000001,1.197316085109856
0.1280000000000001,0.1280000000000001,1.197268228408775,0.1280000000000001,0.1280000000000001,1.197268228408775
0.1290000000000001,0.1290000000000001,1.197219615276328,0.1290000000000001,0.1290000000000001,1.197219615276328
0.1300000000000001,0.1300000000000001,1.197170237336357,0.1300000000000001,0.1300000000000001,1.197170237336357
0.1310000000000001,0.1310000000000001,1.197120086189498,0.1310000000000001,0.1310000000000001,1.197120086189498
0.1320000000000001,0.1320000000000001,1.197069153413868,0.1320000000000001,0.1320000000000001,1.197069153413868
0.1330000000000001,0.1330000000000001,1.19701743056574,0.1330000000000001,0.1330000000000001,1.19701743056574
0.1340000000000001,0.1340000000000001,1.196964909180186,0.1340000000000001,0.1340000000000001,1.196964909180186
0.1350000000000001,0.1350000000000001,1.196911580771714,0.1350000000000001,0.1350000000000001,1.196911580771714
0.1360000000000001,0.1360000000000001,1.196857436834876,0.1360000000000001,0.1360000000000001,1.196857436834876
0.1370000000000001,0.1370000000000001,1.196802468844863,0.1370000000000001,0.1370000000000001,1.196802468844863
0.1380000000000001,0.1380000000000001,1.196746668258071,0.1380000000000001,0.1380000000000001,1.196746668258071
0.1390000000000001,0.1390000000000001,1.196690026512653,0.1390000000000001,0.1390000000000001,1.196690026512653
0.1400000000000001,0.1400000000000001,1.196632535029046,0.1400000000000001,0.1400000000000001,1.196632535029046
0.1410000000000001,0.1410000000000001,1.196574185210472,0.1410000000000001,0.1410000000000001,1.196574185210472
0.1420000000000001,0.1420000000000001,1.196514968443427,0.1420000000000001,0.1420000000000001,1.196514968443427
0.1430000000000001,0.1430000000000001,1.196454876098132,0.1430000000000001,0.1430000000000001,1.196454876098132
0.1440000000000001,0.1440000000000001,1.196393899528974,0.1440000000000001,0.1440000000000001,1.196393899528974
0.1450000000000001,0.1450000000000001,1.196332030074918,0.1450000000000001,0.1450000000000001,1.196332030074918
0.1460000000000001,0.1460000000000001,1.196269259059888,0.1460000000000001,0.1460000000000001,1.196269259059888
0.1470000000000001,0.1470000000000001,1.196205577793141,0.1470000000000001,0.1470000000000001,1.196205577793141
0.1480000000000001,0.1480000000000001,1.196140977569595,0.1480000000000001,0.1480000000000001,1.196140977569595
0.1490000000000001,0.1490000000000001,1.196075449670148,0.1490000000000001,0.1490000000000001,1.196075449670148
0.1500000000000001,0.1500000000000001,1.196008985361967,0.1500000000000001,0.1500000000000001,1.196008985361967
0.1510000000000001,0.1510000000000001,1.195941575898752,0.1510000000000001,0.1510000000000001,1.195941575898752
0.1520000000000001,0.1520000000000001,1.195873212520969,0.1520000000000001,0.1520000000000001,1.195873212520969
0.1530000000000001,0.1530000000000001,1.19580388645607,0.1530000000000001,0.1530000000000001,1.19580388645607
0.1540000000000001,0.1540000000000001,1.195733588918675,0.1540000000000001,0.1540000000000001,1.195733588918675
0.1550000000000001,0.1550000000000001,1.195662311110733,0.1550000000000001,0.1550000000000001,1.195662311110733
0.1560000000000001,0.1560000000000001,1.195590044221662,0.1560000000000001,0.1560000000000001,1.195590044221662
0.1570000000000001,0.1570000000000001,1.195516779428453,0.1570000000000001,0.1570000000000001,1.195516779428453
0.1580000000000001,0.1580000000000001,1.195442507895758,0.1580000000000001,0.1580000000000001,1.195442507895758
0.1590000000000001,0.1590000000000001,1.195367220775946,0.1590000000000001,0.1590000000000001,1.195367220775946
0.1600000000000001,0.1600000000000001,1.195290909209136,0.1600000000000001,0.1600000000000001,1.195290909209136
0.1610000000000001,0.1610000000000001,1.1952135643232,0.1610000000000001,0.1610000000000001,1.1952135643232
0.1620000000000001,0.1620000000000001,1.195135177233747,0.1620000000000001,0.1620000000000001,1.195135177233747
0.1630000000000001,0.1630000000000001,1.195055739044075,0.1630000000000001,0.1630000000000001,1.195055739044075
0.1640000000000001,0.1640000000000001,1.194975240845102,0.1640000000000001,0.1640000000000001,1.194975240845102
0.1650000000000001,0.1650000000000001,1.194893673715264,0.1650000000000001,0.1650000000000001,1.194893673715264
0.1660000000000001,0.1660000000000001,1.194811028720397,0.1660000000000001,0.1660000000000001,1.194811028720397
0.1670000000000001,0.1670000000000001,1.194727296913586,0.1670000000000001,0.1670000000000001,1.194727296913586
0.1680000000000001,0.1680000000000001,1.194642469334993,0.1680000000000001,0.1680000000000001,1.194642469334993
0.1690000000000001,0.1690000000000001,1.194556537011654,0.1690000000000001,0.1690000000000001,1.194556537011654
0.1700000000000001,0.1700000000000001,1.194469490957258,0.1700000000000001,0.1700000000000001,1.194469490957258
0.1710000000000001,0.1710000000000001,1.194381322171895,0.1710000000000001,0.1710000000000001,1.194381322171895
0.1720000000000001,0.1720000000000001,1.194292021641781,0.1720000000000001,0.1720000000000001,1.194292021641781
0.1730000000000001,0.1730000000000001,1.194201580338962,0.1730000000000001,0.1730000000000001,1.194201580338962
0.1740000000000001,0.1740000000000001,1.19410998922098,0.1740000000000001,0.1740000000000001,1.19410998922098
0.1750000000000001,0.1750000000000001,1.194017239230534,0.1750000000000001,0.1750000000000001,1.194017239230534
0.1760000000000001,0.1760000000000001,1.1939233212951,0.1760000000000001,0.1760000000000001,1.1939233212951
0.1770000000000001,0.1770000000000001,1.19382822632653,0.1770000000000001,0.1770000000000001,1.19382822632653
0.1780000000000001,0.1780000000000001,1.193731945220635,0.1780000000000001,0.1780000000000001,1.193731945220635
0.1790000000000001,0.1790000000000001,1.193634468856733,0.1790000000000001,0.1790000000000001,1.193634468856733
0.1800000000000001,0.1800000000000001,1.193535788097178,0.1800000000000001,0.1800000000000001,1.193535788097178
0.1810000000000001,0.1810000000000001,1.193435893786867,0.1810000000000001,0.1810000000000001,1.193435893786867
0.1820000000000001,0.1820000000000001,1.193334776752716,0.1820000000000001,0.1820000000000001,1.193334776752716
0.1830000000000001,0.1830000000000001,1.193232427803119,0.1830000000000001,0.1830000000000001,1.193232427803119
0.1840000000000001,0.1840000000000001,1.19312883772738,0.1840000000000001,0.1840000000000001,1.19312883772738
0.1850000000000001,0.1850000000000001,1.193023997295122,0.1850000000000001,0.1850000000000001,1.193023997295122
0.1860000000000001,0.1860000000000001,1.192917897255675,0.1860000000000001,0.1860000000000001,1.192917897255675
0.1870000000000001,0.1870000000000001,1.19281052833743,0.1870000000000001,0.1870000000000001,1.19281052833743
0.1880000000000001,0.1880000000000001,1.192701881247188,0.1880000000000001,0.1880000000000001,1.192701881247188
0.1890000000000001,0.1890000000000001,1.192591946669468,0.1890000000000001,0.1890000000000001,1.192591946669468
0.1900000000000001,0.1900000000000001,1.192480715265798,0.1900000000000001,0.1900000000000001,1.192480715265798
0.1910000000000001,0.1910000000000001,1.19236817767399,0.1910000000000001,0.1910000000000001,1.19236817767399
0.1920000000000001,0.1920000000000001,1.192254324507379,0.1920000000000001,0.1920000000000001,1.192254324507379
0.1930000000000001,0.1930000000000001,1.192139146354047,0.1930000000000001,0.1930000000000001,1.192139146354047
0.1940000000000001,0.1940000000000001,1.192022633776024,0.1940000000000001,0.1940000000000001,1.192022633776024
0.1950000000000001,0.1950000000000001,1.191904777308458,0.1950000000000001,0.1950000000000001,1.191904777308458
0.1960000000000001,0.1960000000000001,1.191785567458776,0.1960000000000001,0.1960000000000001,1.191785567458776
0.1970000000000001,0.1970000000000001,1.191664994705805,0.1970000000000001,0.1970000000000001,1.191664994705805
0.1980000000000001,0.1980000000000001,1.191543049498882,0.1980000000000001,0.1980000000000001,1.191543049498882
0.1990000000000001,0.1990000000000001,1.191419722256938,0.1990000000000001,0.1990000000000001,1.191419722256938
0.2000000000000001,0.2000000000000001,1.191295003367552,0.2000000000000001,0.2000000000000001,1.191295003367552
0.2010000000000002,0.2010000000000002,1.191168883185995,0.2010000000000002,0.2010000000000002,1.191168883185995
0.2020000000000002,0.2020000000000002,1.191041352034236,0.2020000000000002,0.2020000000000002,1.191041352034236
0.2030000000000002,0.2030000000000002,1.190912400199933,0.2030000000000002,0.2030000000000002,1.190912400199933
0.2040000000000002,0.2040000000000002,1.1907820179354,0.2040000000000002,0.2040000000000002,1.1907820179354
0.2050000000000002,0.2050000000000002,1.190650195456546,0.2050000000000002,0.2050000000000002,1.190650195456546
0.2060000000000002,0.2060000000000002,1.190516922941796,0.2060000000000002,0.2060000000000002,1.190516922941796
0.2070000000000002,0.2070000000000002,1.19038219053098,0.2070000000000002,0.2070000000000002,1.19038219053098
0.2080000000000002,0.2080000000000002,1.190245988324207,0.2080000000000002,0.2080000000000002,1.190245988324207
0.2090000000000002,0.2090000000000002,1.190108306380707,0.2090000000000002,0.2090000000000002,1.190108306380707
0.2100000000000002,0.2100000000000002,1.189969134717651,0.2100000000000002,0.2100000000000002,1.189969134717651
0.2110000000000002,0.2110000000000002,1.189828463308951,0.2110000000000002,0.2110000000000002,1.189828463308951
0.2120000000000002,0.2120000000000002,1.189686282084025,0.2120000000000002,0.2120000000000002,1.189686282084025
0.2130000000000002,0.2130000000000002,1.189542580926544,0.2130000000000002,0.2130000000000002,1.189542580926544
0.2140000000000002,0.2140000000000002,1.189397349673154,0.2140000000000002,0.2140000000000002,1.189397349673154
0.2150000000000002,0.2150000000000002,1.189250578112165,0.2150000000000002,0.2150000000000002,1.189250578112165
0.2160000000000002,0.2160000000000002,1.189102255982225,0.2160000000000002,0.2160000000000002,1.189102255982225
0.2170000000000002,0.2170000000000002,1.188952372970954,0.2170000000000002,0.2170000000000002,1.188952372970954
0.2180000000000002,0.2180000000000002,1.188800918713566,0.2180000000000002,0.2180000000000002,1.188800918713566
0.2190000000000002,0.2190000000000002,1.188647882791449,0.2190000000000002,0.2190000000000002,1.188647882791449
0.2200000000000002,0.2200000000000002,1.18849325473073,0.2200000000000002,0.2200000000000002,1.18849325473073
0.2210000000000002,0.2210000000000002,1.188337024000804,0.2210000000000002,0.2210000000000002,1.188337024000804
0.2220000000000002,0.2220000000000002,1.188179180012841,0.2220000000000002,0.2220000000000002,1.188179180012841
0.2230000000000002,0.2230000000000002,1.188019712118257,0.2230000000000002,0.2230000000000002,1.188019712118257
0.2240000000000002,0.2240000000000002,1.18785860960716,0.2240000000000002,0.2240000000000002,1.18785860960716
0.2250000000000002,0.2250000000000002,1.187695861706772,0.2250000000000002,0.2250000000000002,1.187695861706772
0.2260000000000002,0.2260000000000002,1.187531457579805,0.2260000000000002,0.2260000000000002,1.187531457579805
0.2270000000000002,0.2270000000000002,1.187365386322828,0.2270000000000002,0.2270000000000002,1.187365386322828
0.2280000000000002,0.2280000000000002,1.187197636964579,0.2280000000000002,0.2280000000000002,1.187197636964579
0.2290000000000002,0.2290000000000002,1.187028198464269,0.2290000000000002,0.2290000000000002,1.187028198464269
0.2300000000000002,0.2300000000000002,1.186857059709835,0.2300000000000002,0.2300000000000002,1.186857059709835
0.2310000000000002,0.2310000000000002,1.186684209516168,0.2310000000000002,0.2310000000000002,1.186684209516168
0.2320000000000002,0.2320000000000002,1.186509636623311,0.2320000000000002,0.2320000000000002,1.186509636623311
0.2330000000000002,0.2330000000000002,1.186333329694614,0.2330000000000002,0.2330000000000002,1.186333329694614
0.2340000000000002,0.2340000000000002,1.186155277314864,0.2340000000000002,0.2340000000000002,1.186155277314864
0.2350000000000002,0.2350000000000002,1.185975467988367,0.2350000000000002,0.2350000000000002,1.185975467988367
0.2360000000000002,0.2360000000000002,1.185793890137011,0.2360000000000002,0.2360000000000002,1.185793890137011
0.2370000000000002,0.2370000000000002,1.185610532098275,0.2370000000000002,0.2370000000000002,1.185610532098275
0.2380000000000002,0.2380000000000002,1.18542538212321,0.2380000000000002,0.2380000000000002,1.18542538212321
0.2390000000000002,0.2390000000000002,1.185238428374381,0.2390000000000002,0.2390000000000002,1.185238428374381
0.2400000000000002,0.2400000000000002,1.185049658923764,0.2400000000000002,0.2400000000000002,1.185049658923764
0.2410000000000002,0.2410000000000002,1.184859061750612,0.2410000000000002,0.2410000000000002,1.184859061750612
0.2420000000000002,0.2420000000000002,1.184666624739269,0.2420000000000002,0.2420000000000002,1.184666624739269
0.2430000000000002,0.2430000000000002,1.184472335676954,0.2430000000000002,0.2430000000000002,1.184472335676954
0.2440000000000002,0.2440000000000002,1.184276182251488,0.2440000000000002,0.2440000000000002,1.184276182251488
0.2450000000000002,0.2450000000000002,1.184078152048994,0.2450000000000002,0.2450000000000002,1.184078152048994
0.2460000000000002,0.2460000000000002,1.183878232551538,0.2460000000000002,0.2460000000000002,1.183878232551538
0.2470000000000002,0.2470000000000002,1.18367641113473,0.2470000000000002,0.2470000000000002,1.18367641113473
0.2480000000000002,0.2480000000000002,1.183472675065278,0.2480000000000002,0.2480000000000002,1.183472675065278
0.2490000000000002,0.2490000000000002,1.183267011498493,0.2490000000000002,0.2490000000000002,1.183267011498493
0.2500000000000002,0.2500000000000002,1.183059407475748,0.2500000000000002,0.2500000000000002,1.183059407475748
0.2510000000000002,0.2510000000000002,1.182849849921879,0.2510000000000002,0.2510000000000002,1.182849849921879
0.2520000000000002,0.2520000000000002,1.182638325642545,0.2520000000000002,0.2520000000000002,1.182638325642545
0.2530000000000002,0.2530000000000002,1.182424821321526,0.2530000000000002,0.2530000000000002,1.182424821321526
0.2540000000000002,0.2540000000000002,1.182209323517972,0.2540000000000002,0.2540000000000002,1.182209323517972
0.2550000000000002,0.2550000000000002,1.181991818663595,0.2550000000000002,0.2550000000000002,1.181991818663595
0.2560000000000002,0.2560000000000002,1.181772293059803,0.2560000000000002,0.2560000000000002,1.181772293059803
0.2570000000000002,0.2570000000000002,1.181550732874783,0.2570000000000002,0.2570000000000002,1.181550732874783
0.2580000000000002,0.2580000000000002,1.181327124140509,0.2580000000000002,0.2580000000000002,1.181327124140509
0.2590000000000002,0.2590000000000002,1.181101452749709,0.2590000000000002,0.2590000000000002,1.181101452749709
0.2600000000000002,0.2600000000000002,1.180873704452752,0.2600000000000002,0.2600000000000002,1.180873704452752
0.2610000000000002,0.2610000000000002,1.180643864854478,0.2610000000000002,0.2610000000000002,1.180643864854478
0.2620000000000002,0.2620000000000002,1.180411919410965,0.2620000000000002,0.2620000000000002,1.180411919410965
0.2630000000000002,0.2630000000000002,1.180177853426221,0.2630000000000002,0.2630000000000002,1.180177853426221
0.2640000000000002,0.2640000000000002,1.179941652048814,0.2640000000000002,0.2640000000000002,1.179941652048814
0.2650000000000002,0.2650000000000002,1.179703300268424,0.2650000000000002,0.2650000000000002,1.179703300268424
0.2660000000000002,0.2660000000000002,1.179462782912326,0.2660000000000002,0.2660000000000002,1.179462782912326
0.2670000000000002,0.2670000000000002,1.179220084641797,0.2670000000000002,0.2670000000000002,1.179220084641797
0.2680000000000002,0.2680000000000002,1.178975189948445,0.2680000000000002,0.2680000000000002,1.178975189948445
0.2690000000000002,0.2690000000000002,1.17872808315046,0.2690000000000002,0.2690000000000002,1.17872808315046
0.2700000000000002,0.2700000000000002,1.178478748388782,0.2700000000000002,0.2700000000000002,1.178478748388782
0.2710000000000002,0.2710000000000002,1.178227169623187,0.2710000000000002,0.2710000000000002,1.178227169623187
0.2720000000000002,0.2720000000000002,1.177973330628285,0.2720000000000002,0.2720000000000002,1.177973330628285
0.2730000000000002,0.2730000000000002,1.177717214989432,0.2730000000000002,0.2730000000000002,1.177717214989432
0.2740000000000002,0.2740000000000002,1.177458806098552,0.2740000000000002,0.2740000000000002,1.177458806098552
0.2750000000000002,0.2750000000000002,1.177198087149857,0.2750000000000002,0.2750000000000002,1.177198087149857
0.2760000000000002,0.2760000000000002,1.176935041135485,0.2760000000000002,0.2760000000000002,1.176935041135485
0.2770000000000002,0.2770000000000002,1.176669650841028,0.2770000000000002,0.2770000000000002,1.176669650841028
0.2780000000000002,0.2780000000000002,1.176401898840962,0.2780000000000002,0.2780000000000002,1.176401898840962
0.2790000000000002,0.2790000000000002,1.176131767493972,0.2790000000000002,0.2790000000000002,1.176131767493972
0.2800000000000002,0.2800000000000002,1.175859238938175,0.2800000000000002,0.2800000000000002,1.175859238938175
0.2810000000000002,0.2810000000000002,1.175584295086218,0.2810000000000002,0.2810000000000002,1.175584295086218
0.2820000000000002,0.2820000000000002,1.175306917620279,0.2820000000000002,0.2820000000000002,1.175306917620279
0.2830000000000002,0.2830000000000002,1.175027087986938,0.2830000000000002,0.2830000000000002,1.175027087986938
0.2840000000000002,0.2840000000000002,1.174744787391933,0.2840000000000002,0.2840000000000002,1.174744787391933
0.2850000000000002,0.2850000000000002,1.174459996794786,0.2850000000000002,0.2850000000000002,1.174459996794786
0.2860000000000002,0.2860000000000002,1.17417269690331,0.2860000000000002,0.2860000000000002,1.17417269690331
0.2870000000000002,0.2870000000000002,1.173882868167974,0.2870000000000002,0.2870000000000002,1.173882868167974
0.2880000000000002,0.2880000000000002,1.173590490776132,0.2880000000000002,0.2880000000000002,1.173590490776132
0.2890000000000002,0.2890000000000002,1.173295544646121,0.2890000000000002,0.2890000000000002,1.173295544646121
0.2900000000000002,0.2900000000000002,1.1729980094212,0.2900000000000002,0.2900000000000002,1.1729980094212
0.2910000000000002,0.2910000000000002,1.17269786446335,0.2910000000000002,0.2910000000000002,1.17269786446335
0.2920000000000002,0.2920000000000002,1.172395088846913,0.2920000000000002,0.2920000000000002,1.172395088846913
0.2930000000000002,0.2930000000000002,1.172089661352074,0.2930000000000002,0.2930000000000002,1.172089661352074
0.2940000000000002,0.2940000000000002,1.171781560458179,0.2940000000000002,0.2940000000000002,1.171781560458179
0.2950000000000002,0.2950000000000002,1.171470764336877,0.2950000000000002,0.2950000000000002,1.171470764336877
0.2960000000000002,0.2960000000000002,1.171157250845097,0.2960000000000002,0.2960000000000002,1.171157250845097
0.2970000000000002,0.2970000000000002,1.170840997517833,0.2970000000000002,0.2970000000000002,1.170840997517833
0.2980000000000002,0.2980000000000002,1.170521981560742,0.2980000000000002,0.2980000000000002,1.170521981560742
0.2990000000000002,0.2990000000000002,1.17020017984256,0.2990000000000002,0.2990000000000002,1.17020017984256
0.3000000000000002,0.3000000000000002,1.1698755688873,0.3000000000000002,0.3000000000000002,1.1698755688873
0.3010000000000002,0.3010000000000002,1.169548124866254,0.3010000000000002,0.3010000000000002,1.169548124866254
0.3020000000000002,0.3020000000000002,1.169217823589781,0.3020000000000002,0.3020000000000002,1.169217823589781
0.3030000000000002,0.3030000000000002,1.168884640498863,0.3030000000000002,0.3030000000000002,1.168884640498863
0.3040000000000002,0.3040000000000002,1.168548550656443,0.3040000000000002,0.3040000000000002,1.168548550656443
0.3050000000000002,0.3050000000000002,1.168209528738517,0.3050000000000002,0.3050000000000002,1.168209528738517
0.3060000000000002,0.3060000000000002,1.167867549024982,0.3060000000000002,0.3060000000000002,1.167867549024982
0.3070000000000002,0.3070000000000002,1.167522585390233,0.3070000000000002,0.3070000000000002,1.167522585390233
0.3080000000000002,0.3080000000000002,1.167174611293488,0.3080000000000002,0.3080000000000002,1.167174611293488
0.3090000000000002,0.3090000000000002,1.166823599768846,0.3090000000000002,0.3090000000000002,1.166823599768846
0.3100000000000002,0.3100000000000002,1.16646952341506,0.3100000000000002,0.3100000000000002,1.16646952341506
0.3110000000000002,0.3110000000000002,1.166112354385009,0.3110000000000002,0.3110000000000002,1.166112354385009
0.3120000000000002,0.3120000000000002,1.165752064374879,0.3120000000000002,0.3120000000000002,1.165752064374879
0.3130000000000002,0.3130000000000002,1.165388624613012,0.3130000000000002,0.3130000000000002,1.165388624613012
0.3140000000000002,0.3140000000000002,1.165022005848438,0.3140000000000002,0.3140000000000002,1.165022005848438
0.3150000000000002,0.3150000000000002,1.164652178339065,0.3150000000000002,0.3150000000000002,1.164652178339065
0.3160000000000002,0.3160000000000002,1.164279111839509,0.3160000000000002,0.3160000000000002,1.164279111839509
0.3170000000000002,0.3170000000000002,1.163902775588567,0.3170000000000002,0.3170000000000002,1.163902775588567
0.3180000000000002,0.3180000000000002,1.163523138296302,0.3180000000000002,0.3180000000000002,1.163523138296302
0.3190000000000002,0.3190000000000002,1.163140168130736,0.3190000000000002,0.3190000000000002,1.163140168130736
0.3200000000000002,0.3200000000000002,1.162753832704131,0.3200000000000002,0.3200000000000002,1.162753832704131
0.3210000000000002,0.3210000000000002,1.162364099058848,0.3210000000000002,0.3210000000000002,1.162364099058848
0.3220000000000002,0.3220000000000002,1.161970933652757,0.3220000000000002,0.3220000000000002,1.161970933652757
0.3230000000000002,0.3230000000000002,1.161574302344187,0.3230000000000002,0.3230000000000002,1.161574302344187
0.3240000000000002,0.3240000000000002,1.161174170376405,0.3240000000000002,0.3240000000000002,1.161174170376405
0.3250000000000002,0.3250000000000002,1.160770502361588,0.3250000000000002,0.3250000000000002,1.160770502361588
0.3260000000000002,0.3260000000000002,1.160363262264283,0.3260000000000002,0.3260000000000002,1.160363262264283
0.3270000000000002,0.3270000000000002,1.159952413384329,0.3270000000000002,0.3270000000000002,1.159952413384329
0.3280000000000002,0.3280000000000002,1.159537918339218,0.3280000000000002,0.3280000000000002,1.159537918339218
0.3290000000000002,0.3290000000000002,1.159119739045877,0.3290000000000002,0.3290000000000002,1.159119739045877
0.3300000000000002,0.3300000000000002,1.158697836701839,0.3300000000000002,0.3300000000000002,1.158697836701839
0.3310000000000002,0.3310000000000002,1.158272171765793,0.3310000000000002,0.3310000000000002,1.158272171765793
0.3320000000000002,0.3320000000000002,1.157842703937469,0.3320000000000002,0.3320000000000002,1.157842703937469
0.3330000000000002,0.3330000000000002,1.15740939213685,0.3330000000000002,0.3330000000000002,1.15740939213685
0.3340000000000002,0.3340000000000002,1.156972194482666,0.3340000000000002,0.3340000000000002,1.156972194482666
0.3350000000000002,0.3350000000000002,1.156531068270154,0.3350000000000002,0.3350000000000002,1.156531068270154
0.3360000000000002,0.3360000000000002,1.156085969948051,0.3360000000000002,0.3360000000000002,1.156085969948051
0.3370000000000002,0.3370000000000002,1.155636855094777,0.3370000000000002,0.3370000000000002,1.155636855094777
0.3380000000000002,0.3380000000000002,1.155183678393794,0.3380000000000002,0.3380000000000002,1.155183678393794
0.3390000000000002,0.3390000000000002,1.154726393608089,0.3390000000000002,0.3390000000000002,1.154726393608089
0.3400000000000002,0.3400000000000002,1.154264953553757,0.3400000000000002,0.3400000000000002,1.154264953553757
0.3410000000000002,0.3410000000000002,1.15379931007264,0.3410000000000002,0.3410000000000002,1.15379931007264
0.3420000000000002,0.3420000000000002,1.153329414003981,0.3420000000000002,0.3420000000000002,1.153329414003981
0.3430000000000002,0.3430000000000002,1.152855215155065,0.3430000000000002,0.3430000000000002,1.152855215155065
0.3440000000000003,0.3440000000000003,1.152376662270783,0.3440000000000003,0.3440000000000003,1.152376662270783
0.3450000000000003,0.3450000000000003,1.151893703002096,0.3450000000000003,0.3450000000000003,1.151893703002096
0.3460000000000003,0.3460000000000003,1.151406283873337,0.3460000000000003,0.3460000000000003,1.151406283873337
0.3470000000000003,0.3470000000000003,1.150914350248309,0.3470000000000003,0.3470000000000003,1.150914350248309
0.3480000000000003,0.3480000000000003,1.150417846295127,0.3480000000000003,0.3480000000000003,1.150417846295127
0.3490000000000003,0.3490000000000003,1.149916714949755,0.3490000000000003,0.3490000000000003,1.149916714949755
0.3500000000000003,0.3500000000000003,1.149410897878169,0.3500000000000003,0.3500000000000003,1.149410897878169
0.3510000000000003,0.3510000000000003,1.148900335437112,0.3510000000000003,0.3510000000000003,1.148900335437112
0.3520000000000003,0.3520000000000003,1.148384966633352,0.3520000000000003,0.3520000000000003,1.148384966633352
0.3530000000000003,0.3530000000000003,1.147864729081407,0.3530000000000003,0.3530000000000003,1.147864729081407
0.3540000000000003,0.3540000000000003,1.147339558959648,0.3540000000000003,0.3540000000000003,1.147339558959648
0.3550000000000003,0.3550000000000003,1.146809390964731,0.3550000000000003,0.3550000000000003,1.146809390964731
0.3560000000000003,0.3560000000000003,1.14627415826427,0.3560000000000003,0.3560000000000003,1.14627415826427
0.3570000000000003,0.3570000000000003,1.145733792447687,0.3570000000000003,0.3570000000000003,1.145733792447687
0.3580000000000003,0.3580000000000003,1.145188223475154,0.3580000000000003,0.3580000000000003,1.145188223475154
0.3590000000000003,0.3590000000000003,1.144637379624545,0.3590000000000003,0.3590000000000003,1.144637379624545
0.3600000000000003,0.3600000000000003,1.144081187436318,0.3600000000000003,0.3600000000000003,1.144081187436318
0.3610000000000003,0.3610000000000003,1.14351957165623,0.3610000000000003,0.3610000000000003,1.14351957165623
0.3620000000000003,0.3620000000000003,1.142952455175793,0.3620000000000003,0.3620000000000003,1.142952455175793
0.3630000000000003,0.3630000000000003,1.142379758970373,0.3630000000000003,0.3630000000000003,1.142379758970373
0.3640000000000003,0.3640000000000003,1.14180140203483,0.3640000000000003,0.3640000000000003,1.14180140203483
0.3650000000000003,0.3650000000000003,1.141217301316586,0.3650000000000003,0.3650000000000003,1.141217301316586
0.3660000000000003,0.3660000000000003,1.140627371646011,0.3660000000000003,0.3660000000000003,1.140627371646011
0.3670000000000003,0.3670000000000003,1.14003152566401,0.3670000000000003,0.3670000000000003,1.14003152566401
0.3680000000000003,0.3680000000000003,1.139429673746677,0.3680000000000003,0.3680000000000003,1.139429673746677
0.3690000000000003,0.3690000000000003,1.138821723926897,0.3690000000000003,0.3690000000000003,1.138821723926897
0.3700000000000003,0.3700000000000003,1.138207581812748,0.3700000000000003,0.3700000000000003,1.138207581812748
0.3710000000000003,0.3710000000000003,1.137587150502563,0.3710000000000003,0.3710000000000003,1.137587150502563
0.3720000000000003,0.3720000000000003,1.136960330496497,0.3720000000000003,0.3720000000000003,1.136960330496497
0.3730000000000003,0.3730000000000003,1.136327019604447,0.3730000000000003,0.3730000000000003,1.136327019604447
0.3740000000000003,0.3740000000000003,1.13568711285014,0.3740000000000003,0.3740000000000003,1.13568711285014
0.3750000000000003,0.3750000000000003,1.135040502371229,0.3750000000000003,0.3750000000000003,1.135040502371229
0.3760000000000003,0.3760000000000003,1.134387077315203,0.3760000000000003,0.3760000000000003,1.134387077315203
0.3770000000000003,0.3770000000000003,1.133726723730907,0.3770000000000003,0.3770000000000003,1.133726723730907
0.3780000000000003,0.3780000000000003,1.133059324455483,0.3780000000000003,0.3780000000000003,1.133059324455483
0.3790000000000003,0.3790000000000003,1.132384758996486,0.3790000000000003,0.3790000000000003,1.132384758996486
0.3800000000000003,0.3800000000000003,1.131702903408977,0.3800000000000003,0.3800000000000003,1.131702903408977
0.3810000000000003,0.3810000000000003,1.131013630167316,0.3810000000000003,0.3810000000000003,1.131013630167316
0.3820000000000003,0.3820000000000003,1.130316808031424,0.3820000000000003,0.3820000000000003,1.130316808031424
0.3830000000000003,0.3830000000000003,1.12961230190722,0.3830000000000003,0.3830000000000003,1.12961230190722
0.3840000000000003,0.3840000000000003,1.128899972700966,0.3840000000000003,0.3840000000000003,1.128899972700966
0.3850000000000003,0.3850000000000003,1.128179677167199,0.3850000000000003,0.3850000000000003,1.128179677167199
0.3860000000000003,0.3860000000000003,1.127451267749933,0.3860000000000003,0.3860000000000003,1.127451267749933
0.3870000000000003,0.3870000000000003,1.126714592416791,0.3870000000000003,0.3870000000000003,1.126714592416791
0.3880000000000003,0.3880000000000003,1.125969494485706,0.3880000000000003,0.3880000000000003,1.125969494485706
0.3890000000000003,0.3890000000000003,1.125215812443806,0.3890000000000003,0.3890000000000003,1.125215812443806
0.3900000000000003,0.3900000000000003,1.124453379758073,0.3900000000000003,0.3900000000000003,1.124453379758073
0.3910000000000003,0.3910000000000003,1.12368202467736,0.3910000000000003,0.3910000000000003,1.12368202467736
0.3920000000000003,0.3920000000000003,1.122901570025286,0.3920000000000003,0.3920000000000003,1.122901570025286
0.3930000000000003,0.3930000000000003,1.122111832983544,0.3930000000000003,0.3930000000000003,1.122111832983544
0.3940000000000003,0.3940000000000003,1.121312624865104,0.3940000000000003,0.3940000000000003,1.121312624865104
0.3950000000000003,0.3950000000000003,1.12050375087675,0.3950000000000003,0.3950000000000003,1.12050375087675
0.3960000000000003,0.3960000000000003,1.119685009870385,0.3960000000000003,0.3960000000000003,1.119685009870385
0.3970000000000003,0.3970000000000003,1.11885619408249,0.3970000000000003,0.3970000000000003,1.11885619408249
0.3980000000000003,0.3980000000000003,1.118017088861055,0.3980000000000003,0.3980000000000003,1.118017088861055
0.3990000000000003,0.3990000000000003,1.117167472379319,0.3990000000000003,0.3990000000000003,1.117167472379319
0.4000000000000003,0.4000000000000003,1.116307115335547,0.4000000000000003,0.4000000000000003,1.116307115335547
0.4010000000000003,0.4010000000000003,1.115435780638074,0.4010000000000003,0.4010000000000003,1.115435780638074
0.4020000000000003,0.4020000000000003,1.114553223074756,0.4020000000000003,0.4020000000000003,1.114553223074756
0.4030000000000003,0.4030000000000003,1.113659188965959,0.4030000000000003,0.4030000000000003,1.113659188965959
0.4040000000000003,0.4040000000000003,1.112753415800096,0.4040000000000003,0.4040000000000003,1.112753415800096
0.4050000000000003,0.4050000000000003,1.111835631850736,0.4050000000000003,0.4050000000000003,1.111835631850736
0.4060000000000003,0.4060000000000003,1.110905555774167,0.4060000000000003,0.4060000000000003,1.110905555774167
0.4070000000000003,0.4070000000000003,1.109962896186283,0.4070000000000003,0.4070000000000003,1.109962896186283
0.4080000000000003,0.4080000000000003,1.109007351217552,0.4080000000000003,0.4080000000000003,1.109007351217552
0.4090000000000003,0.4090000000000003,1.108038608044756,0.4090000000000003,0.4090000000000003,1.108038608044756
0.4100000000000003,0.4100000000000003,1.107056342398108,0.4100000000000003,0.4100000000000003,1.107056342398108
0.4110000000000003,0.4110000000000003,1.106060218042246,0.4110000000000003,0.4110000000000003,1.106060218042246
0.4120000000000003,0.4120000000000003,1.10504988622951,0.4120000000000003,0.4120000000000003,1.10504988622951
0.4130000000000003,0.4130000000000003,1.104024985123814,0.4130000000000003,0.4130000000000003,1.104024985123814
0.4140000000000003,0.4140000000000003,1.102985139193279,0.4140000000000003,0.4140000000000003,1.102985139193279
0.4150000000000003,0.4150000000000003,1.101929958569705,0.4150000000000003,0.4150000000000003,1.101929958569705
0.4160000000000003,0.4160000000000003,1.100859038372804,0.4160000000000003,0.4160000000000003,1.100859038372804
0.4170000000000003,0.4170000000000003,1.099771957996978,0.4170000000000003,0.4170000000000003,1.099771957996978
0.4180000000000003,0.4180000000000003,1.098668280358302,0.4180000000000003,0.4180000000000003,1.098668280358302
0.4190000000000003,0.4190000000000003,1.097547551099163,0.4190000000000003,0.4190000000000003,1.097547551099163
0.4200000000000003,0.4200000000000003,1.096409297747877,0.4200000000000003,0.4200000000000003,1.096409297747877
0.4210000000000003,0.4210000000000003,1.095253028830404,0.4210000000000003,0.4210000000000003,1.095253028830404
0.4220000000000003,0.4220000000000003,1.094078232931078,0.4220000000000003,0.4220000000000003,1.094078232931078
0.4230000000000003,0.4230000000000003,1.092884377699074,0.4230000000000003,0.4230000000000003,1.092884377699074
0.4240000000000003,0.4240000000000003,1.091670908797101,0.4240000000000003,0.4240000000000003,1.091670908797101
0.4250000000000003,0.4250000000000003,1.090437248788564,0.4250000000000003,0.4250000000000003,1.090437248788564
0.4260000000000003,0.4260000000000003,1.089182795959195,0.4260000000000003,0.4260000000000003,1.089182795959195
0.4270000000000003,0.4270000000000003,1.087906923068888,0.4270000000000003,0.4270000000000003,1.087906923068888
0.4280000000000003,0.4280000000000003,1.086608976029149,0.4280000000000003,0.4280000000000003,1.086608976029149
0.4290000000000003,0.4290000000000003,1.085288272501317,0.4290000000000003,0.4290000000000003,1.085288272501317
0.4300000000000003,0.4300000000000003,1.083944100410336,0.4300000000000003,0.4300000000000003,1.083944100410336
0.4310000000000003,0.4310000000000003,1.082575716368557,0.4310000000000003,0.4310000000000003,1.082575716368557
0.4320000000000003,0.4320000000000003,1.081182344003656,0.4320000000000003,0.4320000000000003,1.081182344003656
0.4330000000000003,0.4330000000000003,1.07976317218439,0.4330000000000003,0.4330000000000003,1.07976317218439
0.4340000000000003,0.4340000000000003,1.078317353137496,0.4340000000000003,0.4340000000000003,1.078317353137496
0.4350000000000003,0.4350000000000003,1.07684400044864,0.4350000000000003,0.4350000000000003,1.07684400044864
0.4360000000000003,0.4360000000000003,1.075342186939868,0.4360000000000003,0.4360000000000003,1.075342186939868
0.4370000000000003,0.4370000000000003,1.073810942415554,0.4370000000000003,0.4370000000000003,1.073810942415554
0.4380000000000003,0.4380000000000003,1.072249251268399,0.4380000000000003,0.4380000000000003,1.072249251268399
0.4390000000000003,0.4390000000000003,1.070656049936534,0.4390000000000003,0.4390000000000003,1.070656049936534
0.4400000000000003,0.4400000000000003,1.069030224202305,0.4400000000000003,0.4400000000000003,1.069030224202305
0.4410000000000003,0.4410000000000003,1.067370606322824,0.4410000000000003,0.4410000000000003,1.067370606322824
0.4420000000000003,0.4420000000000003,1.065675971981921,0.4420000000000003,0.4420000000000003,1.065675971981921
0.4430000000000003,0.4430000000000003,1.063945037052626,0.4430000000000003,0.4430000000000003,1.063945037052626
0.4440000000000003,0.4440000000000003,1.062176454158909,0.4440000000000003,0.4440000000000003,1.062176454158909
0.4450000000000003,0.4450000000000003,1.060368809024994,0.4450000000000003,0.4450000000000003,1.060368809024994
0.4460000000000003,0.4460000000000003,1.058520616600219,0.4460000000000003,0.4460000000000003,1.058520616600219
0.4470000000000003,0.4470000000000003,1.056630316947171,0.4470000000000003,0.4470000000000003,1.056630316947171
0.4480000000000003,0.4480000000000003,1.054696270880654,0.4480000000000003,0.4480000000000003,1.054696270880654
0.4490000000000003,0.4490000000000003,1.052716755345044,0.4490000000000003,0.4490000000000003,1.052716755345044
0.4500000000000003,0.4500000000000003,1.050689958517727,0.4500000000000003,0.4500000000000003,1.050689958517727
0.4510000000000003,0.4510000000000003,1.048613974626721,0.4510000000000003,0.4510000000000003,1.048613974626721
0.4520000000000003,0.4520000000000003,1.0464867984712,0.4520000000000003,0.4520000000000003,1.0464867984712
0.4530000000000003,0.4530000000000003,1.04430631963469,0.4530000000000003,0.4530000000000003,1.04430631963469
0.4540000000000003,0.4540000000000003,1.042070316382068,0.4540000000000003,0.4540000000000003,1.042070316382068
0.4550000000000003,0.4550000000000003,1.039776449233484,0.4550000000000003,0.4550000000000003,1.039776449233484
0.4560000000000003,0.4560000000000003,1.037422254210848,0.4560000000000003,0.4560000000000003,1.037422254210848
0.4570000000000004,0.4570000000000004,1.035005135755837,0.4570000000000004,0.4570000000000004,1.035005135755837
0.4580000000000004,0.4580000000000004,1.032522359322619,0.4580000000000004,0.4580000000000004,1.032522359322619
0.4590000000000004,0.4590000000000004,1.029971043653695,0.4590000000000004,0.4590000000000004,1.029971043653695
0.4600000000000004,0.4600000000000004,1.02734815275389,0.4600000000000004,0.4600000000000004,1.02734815275389
0.4610000000000004,0.4610000000000004,1.024650487585467,0.4610000000000004,0.4610000000000004,1.024650487585467
0.4620000000000004,0.4620000000000004,1.021874677517167,0.4620000000000004,0.4620000000000004,1.021874677517167
0.4630000000000004,0.4630000000000004,1.019017171571709,0.4630000000000004,0.4630000000000004,1.019017171571709
0.4640000000000004,0.4640000000000004,1.016074229530396,0.4640000000000004,0.4640000000000004,1.016074229530396
0.4650000000000004,0.4650000000000004,1.013041912970184,0.4650000000000004,0.4650000000000004,1.013041912970184
0.4660000000000004,0.4660000000000004,1.009916076328285,0.4660000000000004,0.4660000000000004,1.009916076328285
0.4670000000000004,0.4670000000000004,1.006692358112336,0.4670000000000004,0.4670000000000004,1.006692358112336
0.4680000000000004,0.4680000000000004,1.00336617240084,0.4680000000000004,0.4680000000000004,1.00336617240084
0.4690000000000004,0.4690000000000004,0.9999327008091073,0.4690000000000004,0.4690000000000004,0.9999327008091073
0.4700000000000004,0.4700000000000004,0.9963868851305918,0.4700000000000004,0.4700000000000004,0.9963868851305918
0.4710000000000004,0.4710000000000004,0.9927234209023539,0.4710000000000004,0.4710000000000004,0.9927234209023539
0.4720000000000004,0.4720000000000004,0.9889367521864044,0.4720000000000004,0.4720000000000004,0.9889367521864044
0.4730000000000004,0.4730000000000004,0.9850210679054218,0.4730000000000004,0.4730000000000004,0.9850210679054218
0.4740000000000004,0.4740000000000004,0.9809703001211947,0.4740000000000004,0.4740000000000004,0.9809703001211947
0.4750000000000004,0.4750000000000004,0.9767781246960324,0.4750000000000004,0.4750000000000004,0.9767781246960324
0.4760000000000004,0.4760000000000004,0.9724379648295741,0.4760000000000004,0.4760000000000004,0.9724379648295741
0.4770000000000004,0.4770000000000004,0.9679429980136451,0.4770000000000004,0.4770000000000004,0.9679429980136451
0.4780000000000004,0.4780000000000004,0.9632861669929085,0.4780000000000004,0.4780000000000004,0.9632861669929085
0.4790000000000004,0.4790000000000004,0.9584601953549661,0.4790000000000004,0.4790000000000004,0.9584601953549661
0.4800000000000004,0.4800000000000004,0.9534576083954438,0.4800000000000004,0.4800000000000004,0.9534576083954438
0.4810000000000004,0.4810000000000004,0.9482707599053277,0.4810000000000004,0.4810000000000004,0.9482707599053277
0.4820000000000004,0.4820000000000004,0.9428918655027911,0.4820000000000004,0.4820000000000004,0.9428918655027911
0.4830000000000004,0.4830000000000004,0.937313043072532,0.4830000000000004,0.4830000000000004,0.937313043072532
0.4840000000000004,0.4840000000000004,0.9315263607746725,0.4840000000000004,0.4840000000000004,0.9315263607746725
0.4850000000000004,0.4850000000000004,0.9255238929356423,0.4850000000000004,0.4850000000000004,0.9255238929356423
0.4860000000000004,0.4860000000000004,0.9192977839293704,0.4860000000000004,0.4860000000000004,0.9192977839293704
0.4870000000000004,0.4870000000000004,0.9128403198956011,0.4870000000000004,0.4870000000000004,0.9128403198956011
0.4880000000000004,0.4880000000000004,0.9061440078236905,0.4880000000000004,0.4880000000000004,0.9061440078236905
0.4890000000000004,0.4890000000000004,0.8992016611606687,0.4890000000000004,0.4890000000000004,0.8992016611606687
0.4900000000000004,0.4900000000000004,0.8920064906936621,0.4900000000000004,0.4900000000000004,0.8920064906936621
0.4910000000000004,0.4910000000000004,0.8845521990278271,0.4910000000000004,0.4910000000000004,0.8845521990278271
0.4920000000000004,0.4920000000000004,0.8768330765581077,0.4920000000000004,0.4920000000000004,0.8768330765581077
0.4930000000000004,0.4930000000000004,0.8688440964486398,0.4930000000000004,0.4930000000000004,0.8688440964486398
0.4940000000000004,0.4940000000000004,0.8605810058240686,0.4940000000000004,0.4940000000000004,0.8605810058240686
0.4950000000000004,0.4950000000000004,0.8520404101801664,0.4950000000000004,0.4950000000000004,0.8520404101801664
0.4960000000000004,0.4960000000000004,0.8432198479712064,0.4960000000000004,0.4960000000000004,0.8432198479712064
0.4970000000000004,0.4970000000000004,0.8341178524547954,0.4970000000000004,0.4970000000000004,0.8341178524547954
0.4980000000000004,0.4980000000000004,0.824733998185024,0.4980000000000004,0.4980000000000004,0.824733998185024
0.4990000000000004,0.4990000000000004,0.8150689300390865,0.4990000000000004,0.4990000000000004,0.8150689300390865
0.5000000000000003,0.5000000000000003,0.8051243733196186,0.5000000000000003,0.5000000000000003,0.8051243733196186
0.5010000000000003,0.5010000000000003,0.7949031242567234,0.5010000000000003,0.5010000000000003,0.7949031242567234
0.5020000000000003,0.5020000000000003,0.7844090210865131,0.5020000000000003,0.5020000000000003,0.7844090210865131
0.5030000000000003,0.5030000000000003,0.7736468967455084,0.5030000000000003,0.5030000000000003,0.7736468967455084
0.5040000000000003,0.5040000000000003,0.7626225150287148,0.5040000000000003,0.5040000000000003,0.7626225150287148
0.5050000000000003,0.5050000000000003,0.751342492756424,0.5050000000000003,0.5050000000000003,0.751342492756424
0.5060000000000003,0.5060000000000003,0.7398142110355818,0.5060000000000003,0.5060000000000003,0.7398142110355818
0.5070000000000003,0.5070000000000003,0.7280457190585602,0.5070000000000003,0.5070000000000003,0.7280457190585602
0.5080000000000003,0.5080000000000003,0.7160456340467085,0.5080000000000003,0.5080000000000003,0.7160456340467085
0.5090000000000003,0.5090000000000003,0.7038230409289862,0.5090000000000003,0.5090000000000003,0.7038230409289862
0.5100000000000003,0.5100000000000003,0.6913873951728002,0.5100000000000003,0.5100000000000003,0.6913873951728002
0.5110000000000003,0.5110000000000003,0.6787484318926177,0.5110000000000003,0.5110000000000003,0.6787484318926177
0.5120000000000003,0.5120000000000003,0.6659160839949797,0.5120000000000003,0.5120000000000003,0.6659160839949797
0.5130000000000003,0.5130000000000003,0.6529004117214371,0.5130000000000003,0.5130000000000003,0.6529004117214371
0.5140000000000003,0.5140000000000003,0.6397115455660768,0.5140000000000003,0.5140000000000003,0.6397115455660768
0.5150000000000003,0.5150000000000003,0.6263596442137863,0.5150000000000003,0.5150000000000003,0.6263596442137863
0.5160000000000003,0.5160000000000003,0.612854868882846,0.5160000000000003,0.5160000000000003,0.612854868882846
0.5170000000000003,0.5170000000000003,0.5992073753376439,0.5170000000000003,0.5170000000000003,0.5992073753376439
0.5180000000000003,0.5180000000000003,0.5854273248382664,0.5180000000000003,0.5180000000000003,0.5854273248382664
0.5190000000000003,0.5190000000000003,0.5715249154377099,0.5190000000000003,0.5190000000000003,0.5715249154377099
0.5200000000000004,0.5200000000000004,0.5575104354207452,0.5200000000000004,0.5200000000000004,0.5575104354207452
0.5210000000000004,0.5210000000000004,0.5433943412796902,0.5210000000000004,0.5210000000000004,0.5433943412796902
0.5220000000000004,0.5220000000000004,0.5291873647640792,0.5220000000000004,0.5220000000000004,0.5291873647640792
0.5230000000000004,0.5230000000000004,0.5149006653131305,0.5230000000000004,0.5230000000000004,0.5149006653131305
0.5240000000000004,0.5240000000000004,0.5005460049022225,0.5240000000000004,0.5240000000000004,0.5005460049022225
0.5250000000000004,0.5250000000000004,0.4861359344993501,0.5250000000000004,0.5250000000000004,0.4861359344993501
0.5260000000000004,0.5260000000000004,0.4716840666951956,0.5260000000000004,0.5260000000000004,0.4716840666951956
0.5270000000000004,0.5270000000000004,0.4572054279830128,0.5270000000000004,0.5270000000000004,0.4572054279830128
0.5280000000000004,0.5280000000000004,0.4427168741508208,0.5280000000000004,0.5280000000000004,0.4427168741508208
0.5290000000000004,0.5290000000000004,0.428237594165759,0.5290000000000004,0.5290000000000004,0.428237594165759
0.5300000000000004,0.5300000000000004,0.4137897146694127,0.5300000000000004,0.5300000000000004,0.4137897146694127
0.5310000000000004,0.5310000000000004,0.3993990100263211,0.5310000000000004,0.5310000000000004,0.3993990100263211
0.5320000000000004,0.5320000000000004,0.3850957092098111,0.5320000000000004,0.5320000000000004,0.3850957092098111
0.5330000000000004,0.5330000000000004,0.3709153652652878,0.5330000000000004,0.5330000000000004,0.3709153652652878
0.5340000000000004,0.5340000000000004,0.3568997103852325,0.5340000000000004,0.5340000000000004,0.3568997103852325
0.5350000000000004,0.5350000000000004,0.3430973556440873,0.5350000000000004,0.5350000000000004,0.3430973556440873
0.5360000000000004,0.5360000000000004,0.3295641110227935,0.5360000000000004,0.5360000000000004,0.3295641110227935
0.5370000000000004,0.5370000000000004,0.3163626147657803,0.5370000000000004,0.5370000000000004,0.3163626147657803
0.5380000000000004,0.5380000000000004,0.3035609117494171,0.5380000000000004,0.5380000000000004,0.3035609117494171
0.5390000000000004,0.5390000000000004,0.2912296750742874,0.5390000000000004,0.5390000000000004,0.2912296750742874
0.5400000000000004,0.5400000000000004,0.2794379944641479,0.5400000000000004,0.5400000000000004,0.2794379944641479
0.5410000000000004,0.5410000000000004,0.268248075829421,0.5410000000000004,0.5410000000000004,0.268248075829421
0.5420000000000004,0.5420000000000004,0.257709698431286,0.5420000000000004,0.5420000000000004,0.257709698431286
0.5430000000000004,0.5430000000000004,0.2478556134871749,0.5430000000000004,0.5430000000000004,0.2478556134871749
0.5440000000000004,0.5440000000000004,0.2386989915586037,0.5440000000000004,0.5440000000000004,0.2386989915586037
0.5450000000000004,0.5450000000000004,0.2302334686630438,0.5450000000000004,0.5450000000000004,0.2302334686630438
0.5460000000000004,0.5460000000000004,0.2224355921048056,0.5460000000000004,0.5460000000000004,0.2224355921048056
0.5470000000000004,0.5470000000000004,0.2152688293015659,0.5470000000000004,0.5470000000000004,0.2152688293015659
0.5480000000000004,0.5480000000000004,0.2086881152797975,0.5480000000000004,0.5480000000000004,0.2086881152797975
0.5490000000000004,0.5490000000000004,0.2026440768820404,0.5490000000000004,0.5490000000000004,0.2026440768820404
0.5500000000000004,0.5500000000000004,0.1970864333027583,0.5500000000000004,0.5500000000000004,0.1970864333027583
0.5510000000000004,0.5510000000000004,0.191966418711554,0.5510000000000004,0.5510000000000004,0.191966418711554
0.5520000000000004,0.5520000000000004,0.1872383047483031,0.5520000000000004,0.5520000000000004,0.1872383047483031
0.5530000000000004,0.5530000000000004,0.1828602083665634,0.5530000000000004,0.5530000000000004,0.1828602083665634
0.5540000000000004,0.5540000000000004,0.1787943899243355,0.5540000000000004,0.5540000000000004,0.1787943899243355
0.5550000000000004,0.5550000000000004,0.1750072197967576,0.5550000000000004,0.5550000000000004,0.1750072197967576
0.5560000000000004,0.5560000000000004,0.1714689496506621,0.5560000000000004,0.5560000000000004,0.1714689496506621
0.5570000000000004,0.5570000000000004,0.1681533835086802,0.5570000000000004,0.5570000000000004,0.1681533835086802
0.5580000000000004,0.5580000000000004,0.1650375104976719,0.5580000000000004,0.5580000000000004,0.1650375104976719
0.5590000000000004,0.5590000000000004,0.1621011368817048,0.5590000000000004,0.5590000000000004,0.1621011368817048
0.5600000000000004,0.5600000000000004,0.1593265384150353,0.5600000000000004,0.5600000000000004,0.1593265384150353
0.5610000000000004,0.5610000000000004,0.1566981433570248,0.5610000000000004,0.5610000000000004,0.1566981433570248
0.5620000000000004,0.5620000000000004,0.1542022499270057,0.5620000000000004,0.5620000000000004,0.1542022499270057
0.5630000000000004,0.5630000000000004,0.1518267781676328,0.5630000000000004,0.5630000000000004,0.1518267781676328
0.5640000000000004,0.5640000000000004,0.1495610541381996,0.5640000000000004,0.5640000000000004,0.1495610541381996
0.5650000000000004,0.5650000000000004,0.1473956233981993,0.5650000000000004,0.5650000000000004,0.1473956233981993
0.5660000000000004,0.5660000000000004,0.145322090422638,0.5660000000000004,0.5660000000000004,0.145322090422638
0.5670000000000004,0.5670000000000004,0.1433329806327837,0.5670000000000004,0.5670000000000004,0.1433329806327837
0.5680000000000004,0.5680000000000004,0.1414216219553842,0.5680000000000004,0.5680000000000004,0.1414216219553842
0.5690000000000004,0.5690000000000004,0.1395820431360318,0.5690000000000004,0.5690000000000004,0.1395820431360318
0.5700000000000004,0.5700000000000004,0.1378088863681625,0.5700000000000004,0.5700000000000004,0.1378088863681625
0.5710000000000004,0.5710000000000004,0.1360973321254801,0.5710000000000004,0.5710000000000004,0.1360973321254801
0.5720000000000004,0.5720000000000004,0.1344430343858642,0.5720000000000004,0.5720000000000004,0.1344430343858642
0.5730000000000004,0.5730000000000004,0.132842064702371,0.5730000000000004,0.5730000000000004,0.132842064702371
0.5740000000000004,0.5740000000000004,0.1312908638103224,0.5740000000000004,0.5740000000000004,0.1312908638103224
0.5750000000000004,0.5750000000000004,0.1297861996603482,0.5750000000000004,0.5750000000000004,0.1297861996603482
0.5760000000000004,0.5760000000000004,0.1283251309384961,0.5760000000000004,0.5760000000000004,0.1283251309384961
0.5770000000000004,0.5770000000000004,0.1269049752796326,0.5770000000000004,0.5770000000000004,0.1269049752796326
0.5780000000000004,0.5780000000000004,0.1255232815028272,0.5780000000000004,0.5780000000000004,0.1255232815028272
0.5790000000000004,0.5790000000000004,0.1241778053005098,0.5790000000000004,0.5790000000000004,0.1241778053005098
0.5800000000000004,0.5800000000000004,0.1228664878999052,0.5800000000000004,0.5800000000000004,0.1228664878999052
0.5810000000000004,0.5810000000000004,0.1215874372880818,0.5810000000000004,0.5810000000000004,0.1215874372880818
0.5820000000000004,0.5820000000000004,0.120338911653215,0.5820000000000004,0.5820000000000004,0.120338911653215
0.5830000000000004,0.5830000000000004,0.1191193047461817,0.5830000000000004,0.5830000000000004,0.1191193047461817
0.5840000000000004,0.5840000000000004,0.1179271329099765,0.5840000000000004,0.5840000000000004,0.1179271329099765
0.5850000000000004,0.5850000000000004,0.1167610235610258,0.5850000000000004,0.5850000000000004,0.1167610235610258
0.5860000000000004,0.5860000000000004,0.1156197049373618,0.5860000000000004,0.5860000000000004,0.1156197049373618
0.5870000000000004,0.5870000000000004,0.1145019969547578,0.5870000000000004,0.5870000000000004,0.1145019969547578
0.5880000000000004,0.5880000000000004,0.1134068030340527,0.5880000000000004,0.5880000000000004,0.1134068030340527
0.5890000000000004,0.5890000000000004,0.1123331027817184,0.5890000000000004,0.5890000000000004,0.1123331027817184
0.5900000000000004,0.5900000000000004,0.1112799454217007,0.5900000000000004,0.5900000000000004,0.1112799454217007
0.5910000000000004,0.5910000000000004,0.1102464438902047,0.5910000000000004,0.5910000000000004,0.1102464438902047
0.5920000000000004,0.5920000000000004,0.1092317695167462,0.5920000000000004,0.5920000000000004,0.1092317695167462
0.5930000000000004,0.5930000000000004,0.1082351472247468,0.5930000000000004,0.5930000000000004,0.1082351472247468
0.5940000000000004,0.5940000000000004,0.1072558511935069,0.5940000000000004,0.5940000000000004,0.1072558511935069
0.5950000000000004,0.5950000000000004,0.1062932009307286,0.5950000000000004,0.5950000000000004,0.1062932009307286
0.5960000000000004,0.5960000000000004,0.1053465577110829,0.5960000000000004,0.5960000000000004,0.1053465577110829
0.5970000000000004,0.5970000000000004,0.1044153213417769,0.5970000000000004,0.5970000000000004,0.1044153213417769
0.5980000000000004,0.5980000000000004,0.1034989272207797,0.5980000000000004,0.5980000000000004,0.1034989272207797
0.5990000000000004,0.5990000000000004,0.1025968436574623,0.5990000000000004,0.5990000000000004,0.1025968436574623
0.6000000000000004,0.6000000000000004,0.1017085694289381,0.6000000000000004,0.6000000000000004,0.1017085694289381
0.6010000000000004,0.6010000000000004,0.1008336315484808,0.6010000000000004,0.6010000000000004,0.1008336315484808
0.6020000000000004,0.6020000000000004,0.0999715832250751,0.6020000000000004,0.6020000000000004,0.0999715832250751
0.6030000000000004,0.6030000000000004,0.09912200199549542,0.6030000000000004,0.6030000000000004,0.09912200199549542
0.6040000000000004,0.6040000000000004,0.09828448801236724,0.6040000000000004,0.6040000000000004,0.09828448801236724
0.6050000000000004,0.6050000000000004,0.09745866247344827,0.6050000000000004,0.6050000000000004,0.09745866247344827
0.6060000000000004,0.6060000000000004,0.09664416617895037,0.6060000000000004,0.6060000000000004,0.09664416617895037
0.6070000000000004,0.6070000000000004,0.09584065820510915,0.6070000000000004,0.6070000000000004,0.09584065820510915
0.6080000000000004,0.6080000000000004,0.09504781468342571,0.6080000000000004,0.6080000000000004,0.09504781468342571
0.6090000000000004,0.6090000000000004,0.09426532767609123,0.6090000000000004,0.6090000000000004,0.09426532767609123
0.6100000000000004,0.6100000000000004,0.09349290413905276,0.6100000000000004,0.6100000000000004,0.09349290413905276
0.6110000000000004,0.6110000000000004,0.092730264965033,0.6110000000000004,0.6110000000000004,0.092730264965033
0.6120000000000004,0.6120000000000004,0.09197714409956267,0.6120000000000004,0.6120000000000004,0.09197714409956267
0.6130000000000004,0.6130000000000004,0.09123328772375749,0.6130000000000004,0.6130000000000004,0.09123328772375749
0.6140000000000004,0.6140000000000004,0.0904984534981688,0.6140000000000004,0.6140000000000004,0.0904984534981688
0.6150000000000004,0.6150000000000004,0.08977240986256643,0.6150000000000004,0.6150000000000004,0.08977240986256643
0.6160000000000004,0.6160000000000004,0.08905493538699778,0.6160000000000004,0.6160000000000004,0.08905493538699778
0.6170000000000004,0.6170000000000004,0.08834581816988402,0.6170000000000004,0.6170000000000004,0.08834581816988402
0.6180000000000004,0.6180000000000004,0.08764485527931129,0.6180000000000004,0.6180000000000004,0.08764485527931129
0.6190000000000004,0.6190000000000004,0.08695185223400902,0.6190000000000004,0.6190000000000004,0.08695185223400902
0.6200000000000004,0.6200000000000004,0.08626662252082735,0.6200000000000004,0.6200000000000004,0.08626662252082735
0.6210000000000004,0.6210000000000004,0.08558898714580288,0.6210000000000004,0.6210000000000004,0.08558898714580288
0.6220000000000004,0.6220000000000004,0.08491877421615586,0.6220000000000004,0.6220000000000004,0.08491877421615586
0.6230000000000004,0.6230000000000004,0.08425581855079417,0.6230000000000004,0.6230000000000004,0.08425581855079417
0.6240000000000004,0.6240000000000004,0.08359996131710681,0.6240000000000004,0.6240000000000004,0.08359996131710681
0.6250000000000004,0.6250000000000004,0.08295104969201295,0.6250000000000004,0.6250000000000004,0.08295104969201295
0.6260000000000004,0.6260000000000004,0.08230893654541524,0.6260000000000004,0.6260000000000004,0.08230893654541524
0.6270000000000004,0.6270000000000004,0.08167348014435361,0.6270000000000004,0.6270000000000004,0.08167348014435361
0.6280000000000004,0.6280000000000004,0.08104454387629324,0.6280000000000004,0.6280000000000004,0.08104454387629324
0.6290000000000004,0.6290000000000004,0.08042199599012712,0.6290000000000004,0.6290000000000004,0.08042199599012712
0.6300000000000004,0.6300000000000004,0.07980570935356823,0.6300000000000004,0.6300000000000004,0.07980570935356823
0.6310000000000004,0.6310000000000004,0.07919556122573418,0.6310000000000004,0.6310000000000004,0.07919556122573418
0.6320000000000005,0.6320000000000005,0.07859143304380911,0.6320000000000005,0.6320000000000005,0.07859143304380911
0.6330000000000005,0.6330000000000005,0.07799321022276882,0.6330000000000005,0.6330000000000005,0.07799321022276882
0.6340000000000005,0.6340000000000005,0.07740078196722847,0.6340000000000005,0.6340000000000005,0.07740078196722847
0.6350000000000005,0.6350000000000005,0.07681404109455259,0.6350000000000005,0.6350000000000005,0.07681404109455259
0.6360000000000005,0.6360000000000005,0.07623288386843195,0.6360000000000005,0.6360000000000005,0.07623288386843195
0.6370000000000005,0.6370000000000005,0.07565720984219518,0.6370000000000005,0.6370000000000005,0.07565720984219518
0.6380000000000005,0.6380000000000005,0.07508692171118135,0.6380000000000005,0.6380000000000005,0.07508692171118135
0.6390000000000005,0.6390000000000005,0.07452192517355057,0.6390000000000005,0.6390000000000005,0.07452192517355057
0.6400000000000005,0.6400000000000005,0.07396212879896019,0.6400000000000005,0.6400000000000005,0.07396212879896019
0.6410000000000005,0.6410000000000005,0.07340744390457321,0.6410000000000005,0.6410000000000005,0.07340744390457321
0.6420000000000005,0.6420000000000005,0.07285778443791339,0.6420000000000005,0.6420000000000005,0.07285778443791339
0.6430000000000005,0.6430000000000005,0.07231306686611076,0.6430000000000005,0.6430000000000005,0.07231306686611076
0.6440000000000005,0.6440000000000005,0.07177321007112103,0.6440000000000005,0.6440000000000005,0.07177321007112103
0.6450000000000005,0.6450000000000005,0.07123813525053209,0.6450000000000005,0.6450000000000005,0.07123813525053209
0.6460000000000005,0.6460000000000005,0.07070776582359632,0.6460000000000005,0.6460000000000005,0.07070776582359632
0.6470000000000005,0.6470000000000005,0.07018202734215889,0.6470000000000005,0.6470000000000005,0.07018202734215889
0.6480000000000005,0.6480000000000005,0.06966084740617416,0.6480000000000005,0.6480000000000005,0.06966084740617416
0.6490000000000005,0.6490000000000005,0.06914415558352244,0.6490000000000005,0.6490000000000005,0.06914415558352244
0.6500000000000005,0.6500000000000005,0.06863188333386429,0.6500000000000005,0.6500000000000005,0.06863188333386429
0.6510000000000005,0.6510000000000005,0.06812396393628366,0.6510000000000005,0.6510000000000005,0.06812396393628366
0.6520000000000005,0.6520000000000005,0.06762033242049453,0.6520000000000005,0.6520000000000005,0.06762033242049453
0.6530000000000005,0.6530000000000005,0.06712092550139474,0.6530000000000005,0.6530000000000005,0.06712092550139474
0.6540000000000005,0.6540000000000005,0.06662568151677133,0.6540000000000005,0.6540000000000005,0.06662568151677133
0.6550000000000005,0.6550000000000005,0.06613454036797228,0.6550000000000005,0.6550000000000005,0.06613454036797228
0.6560000000000005,0.6560000000000005,0.06564744346337256,0.6560000000000005,0.6560000000000005,0.06564744346337256
0.6570000000000005,0.6570000000000005,0.0651643336644752,0.6570000000000005,0.6570000000000005,0.0651643336644752
0.6580000000000005,0.6580000000000005,0.06468515523449765,0.6580000000000005,0.6580000000000005,0.06468515523449765
0.6590000000000005,0.6590000000000005,0.06420985378930519,0.6590000000000005,0.6590000000000005,0.06420985378930519
0.6600000000000005,0.6600000000000005,0.06373837625055673,0.6600000000000005,0.6600000000000005,0.06373837625055673
0.6610000000000005,0.6610000000000005,0.06327067080094881,0.6610000000000005,0.6610000000000005,0.06327067080094881
0.6620000000000005,0.6620000000000005,0.06280668684143637,0.6620000000000005,0.6620000000000005,0.06280668684143637
0.6630000000000005,0.6630000000000005,0.0623463749503284,0.6630000000000005,0.6630000000000005,0.0623463749503284
0.6640000000000005,0.6640000000000005,0.06188968684415771,0.6640000000000005,0.6640000000000005,0.06188968684415771
0.6650000000000005,0.6650000000000005,0.06143657534022932,0.6650000000000005,0.6650000000000005,0.06143657534022932
0.6660000000000005,0.6660000000000005,0.06098699432076301,0.6660000000000005,0.6660000000000005,0.06098699432076301
0.6670000000000005,0.6670000000000005,0.06054089869854513,0.6670000000000005,0.6670000000000005,0.06054089869854513
0.6680000000000005,0.6680000000000005,0.06009824438401244,0.6680000000000005,0.6680000000000005,0.06009824438401244
0.6690000000000005,0.6690000000000005,0.05965898825369751,0.6690000000000005,0.6690000000000005,0.05965898825369751
0.6700000000000005,0.6700000000000005,0.05922308811996587,0.6700000000000005,0.6700000000000005,0.05922308811996587
0.6710000000000005,0.6710000000000005,0.05879050270197907,0.6710000000000005,0.6710000000000005,0.05879050270197907
0.6720000000000005,0.6720000000000005,0.05836119159782701,0.6720000000000005,0.6720000000000005,0.05836119159782701
0.6730000000000005,0.6730000000000005,0.05793511525776892,0.6730000000000005,0.6730000000000005,0.05793511525776892
0.6740000000000005,0.6740000000000005,0.0575122349585323,0.6740000000000005,0.6740000000000005,0.0575122349585323
0.6750000000000005,0.6750000000000005,0.05709251277861654,0.6750000000000005,0.6750000000000005,0.05709251277861654
0.6760000000000005,0.6760000000000005,0.05667591157455439,0.6760000000000005,0.6760000000000005,0.05667591157455439
0.6770000000000005,0.6770000000000005,0.05626239495808789,0.6770000000000005,0.6770000000000005,0.05626239495808789
0.6780000000000005,0.6780000000000005,0.05585192727421423,0.6780000000000005,0.6780000000000005,0.05585192727421423
0.6790000000000005,0.6790000000000005,0.05544447358006026,0.6790000000000005,0.6790000000000005,0.05544447358006026
0.6800000000000005,0.6800000000000005,0.05503999962455131,0.6800000000000005,0.6800000000000005,0.05503999962455131
0.6810000000000005,0.6810000000000005,0.0546384718288349,0.6810000000000005,0.6810000000000005,0.0546384718288349
0.6820000000000005,0.6820000000000005,0.05423985726742626,0.6820000000000005,0.6820000000000005,0.05423985726742626
0.6830000000000005,0.6830000000000005,0.05384412365004451,0.6830000000000005,0.6830000000000005,0.05384412365004451
0.6840000000000005,0.6840000000000005,0.05345123930410607,0.6840000000000005,0.6840000000000005,0.05345123930410607
0.6850000000000005,0.6850000000000005,0.05306117315785092,0.6850000000000005,0.6850000000000005,0.05306117315785092
0.6860000000000005,0.6860000000000005,0.05267389472406908,0.6860000000000005,0.6860000000000005,0.05267389472406908
0.6870000000000005,0.6870000000000005,0.05228937408440418,0.6870000000000005,0.6870000000000005,0.05228937408440418
0.6880000000000005,0.6880000000000005,0.05190758187420914,0.6880000000000005,0.6880000000000005,0.05190758187420914
0.6890000000000005,0.6890000000000005,0.05152848926792972,0.6890000000000005,0.6890000000000005,0.05152848926792972
0.6900000000000005,0.6900000000000005,0.05115206796499384,0.6900000000000005,0.6900000000000005,0.05115206796499384
0.6910000000000005,0.6910000000000005,0.05077829017618493,0.6910000000000005,0.6910000000000005,0.05077829017618493
0.6920000000000005,0.6920000000000005,0.05040712861048089,0.6920000000000005,0.6920000000000005,0.05040712861048089
0.6930000000000005,0.6930000000000005,0.05003855646233634,0.6930000000000005,0.6930000000000005,0.05003855646233634
0.6940000000000005,0.6940000000000005,0.04967254739939286,0.6940000000000005,0.6940000000000005,0.04967254739939286
0.6950000000000005,0.6950000000000005,0.04930907555059888,0.6950000000000005,0.6950000000000005,0.04930907555059888
0.6960000000000005,0.6960000000000005,0.04894811549472013,0.6960000000000005,0.6960000000000005,0.04894811549472013
0.6970000000000005,0.6970000000000005,0.04858964224922967,0.6970000000000005,0.6970000000000005,0.04858964224922967
0.6980000000000005,0.6980000000000005,0.04823363125955801,0.6980000000000005,0.6980000000000005,0.04823363125955801
0.6990000000000005,0.6990000000000005,0.04788005838869181,0.6990000000000005,0.6990000000000005,0.04788005838869181
0.7000000000000005,0.7000000000000005,0.04752889990710436,0.7000000000000005,0.7000000000000005,0.04752889990710436
0.7010000000000005,0.7010000000000005,0.04718013248300961,0.7010000000000005,0.7010000000000005,0.04718013248300961
0.7020000000000005,0.7020000000000005,0.04683373317292195,0.7020000000000005,0.7020000000000005,0.04683373317292195
0.7030000000000005,0.7030000000000005,0.0464896794125132,0.7030000000000005,0.7030000000000005,0.0464896794125132
0.7040000000000005,0.7040000000000005,0.04614794900775417,0.7040000000000005,0.7040000000000005,0.04614794900775417
0.7050000000000005,0.7050000000000005,0.0458085201263308,0.7050000000000005,0.7050000000000005,0.0458085201263308
0.7060000000000005,0.7060000000000005,0.04547137128932344,0.7060000000000005,0.7060000000000005,0.04547137128932344
0.7070000000000005,0.7070000000000005,0.04513648136313913,0.7070000000000005,0.7070000000000005,0.04513648136313913
0.7080000000000005,0.7080000000000005,0.04480382955168883,0.7080000000000005,0.7080000000000005,0.04480382955168883
0.7090000000000005,0.7090000000000005,0.04447339538880053,0.7090000000000005,0.7090000000000005,0.04447339538880053
0.7100000000000005,0.7100000000000005,0.0441451587308562,0.7100000000000005,0.7100000000000005,0.0441451587308562
0.7110000000000005,0.7110000000000005,0.04381909974964885,0.7110000000000005,0.7110000000000005,0.04381909974964885
0.7120000000000005,0.7120000000000005,0.0434951989254496,0.7120000000000005,0.7120000000000005,0.0434951989254496
0.7130000000000005,0.7130000000000005,0.04317343704027547,0.7130000000000005,0.7130000000000005,0.04317343704027547
0.7140000000000005,0.7140000000000005,0.04285379517135391,0.7140000000000005,0.7140000000000005,0.04285379517135391
0.7150000000000005,0.7150000000000005,0.0425362546847755,0.7150000000000005,0.7150000000000005,0.0425362546847755
0.7160000000000005,0.7160000000000005,0.04222079722932606,0.7160000000000005,0.7160000000000005,0.04222079722932606
0.7170000000000005,0.7170000000000005,0.04190740473049606,0.7170000000000005,0.7170000000000005,0.04190740473049606
0.7180000000000005,0.7180000000000005,0.04159605938465773,0.7180000000000005,0.7180000000000005,0.04159605938465773
0.7190000000000005,0.7190000000000005,0.04128674365340475,0.7190000000000005,0.7190000000000005,0.04128674365340475
0.7200000000000005,0.7200000000000005,0.04097944025805019,0.7200000000000005,0.7200000000000005,0.04097944025805019
0.7210000000000005,0.7210000000000005,0.04067413217427435,0.7210000000000005,0.7210000000000005,0.04067413217427435
0.7220000000000005,0.7220000000000005,0.04037080262692148,0.7220000000000005,0.7220000000000005,0.04037080262692148
0.7230000000000005,0.7230000000000005,0.04006943508493593,0.7230000000000005,0.7230000000000005,0.04006943508493593
0.7240000000000005,0.7240000000000005,0.03977001325643627,0.7240000000000005,0.7240000000000005,0.03977001325643627
0.7250000000000005,0.7250000000000005,0.03947252108392106,0.7250000000000005,0.7250000000000005,0.03947252108392106
0.7260000000000005,0.7260000000000005,0.03917694273960193,0.7260000000000005,0.7260000000000005,0.03917694273960193
0.7270000000000005,0.7270000000000005,0.03888326262086045,0.7270000000000005,0.7270000000000005,0.03888326262086045
0.7280000000000005,0.7280000000000005,0.03859146534582378,0.7280000000000005,0.7280000000000005,0.03859146534582378
0.7290000000000005,0.7290000000000005,0.03830153574905654,0.7290000000000005,0.7290000000000005,0.03830153574905654
0.7300000000000005,0.7300000000000005,0.03801345887736232,0.7300000000000005,0.7300000000000005,0.03801345887736232
0.7310000000000005,0.7310000000000005,0.03772721998569619,0.7310000000000005,0.7310000000000005,0.03772721998569619
0.7320000000000005,0.7320000000000005,0.03744280453317718,0.7320000000000005,0.7320000000000005,0.03744280453317718
0.7330000000000005,0.7330000000000005,0.03716019817920593,0.7330000000000005,0.7330000000000005,0.03716019817920593
0.7340000000000005,0.7340000000000005,0.03687938677967808,0.7340000000000005,0.7340000000000005,0.03687938677967808
0.7350000000000005,0.7350000000000005,0.03660035638329132,0.7350000000000005,0.7350000000000005,0.03660035638329132
0.7360000000000005,0.7360000000000005,0.03632309322794671,0.7360000000000005,0.7360000000000005,0.03632309322794671
0.7370000000000005,0.7370000000000005,0.03604758373723592,0.7370000000000005,0.7370000000000005,0.03604758373723592
0.7380000000000005,0.7380000000000005,0.0357738145170164,0.7380000000000005,0.7380000000000005,0.0357738145170164
0.7390000000000005,0.7390000000000005,0.03550177235206852,0.7390000000000005,0.7390000000000005,0.03550177235206852
0.7400000000000005,0.7400000000000005,0.0352314442028341,0.7400000000000005,0.7400000000000005,0.0352314442028341
0.7410000000000005,0.7410000000000005,0.03496281720223244,0.7410000000000005,0.7410000000000005,0.03496281720223244
0.7420000000000005,0.7420000000000005,0.03469587865255278,0.7420000000000005,0.7420000000000005,0.03469587865255278
0.7430000000000005,0.7430000000000005,0.03443061602241964,0.7430000000000005,0.7430000000000005,0.03443061602241964
0.7440000000000005,0.7440000000000005,0.03416701694382968,0.7440000000000005,0.7440000000000005,0.03416701694382968
0.7450000000000006,0.7450000000000006,0.03390506920925692,0.7450000000000006,0.7450000000000006,0.03390506920925692
0.7460000000000006,0.7460000000000006,0.03364476076882623,0.7460000000000006,0.7460000000000006,0.03364476076882623
0.7470000000000006,0.7470000000000006,0.03338607972755032,0.7470000000000006,0.7470000000000006,0.03338607972755032
0.7480000000000006,0.7480000000000006,0.03312901434263064,0.7480000000000006,0.7480000000000006,0.03312901434263064
0.7490000000000006,0.7490000000000006,0.0328735530208195,0.7490000000000006,0.7490000000000006,0.0328735530208195
0.7500000000000006,0.7500000000000006,0.03261968431584076,0.7500000000000006,0.7500000000000006,0.03261968431584076
0.7510000000000006,0.7510000000000006,0.0323673969258691,0.7510000000000006,0.7510000000000006,0.0323673969258691
0.7520000000000006,0.7520000000000006,0.0321166796910641,0.7520000000000006,0.7520000000000006,0.0321166796910641
0.7530000000000006,0.7530000000000006,0.03186752159116024,0.7530000000000006,0.7530000000000006,0.03186752159116024
0.7540000000000006,0.7540000000000006,0.03161991174310788,0.7540000000000006,0.7540000000000006,0.03161991174310788
0.7550000000000006,0.7550000000000006,0.03137383939876694,0.7550000000000006,0.7550000000000006,0.03137383939876694
0.7560000000000006,0.7560000000000006,0.03112929394264959,0.7560000000000006,0.7560000000000006,0.03112929394264959
0.7570000000000006,0.7570000000000006,0.03088626488971116,0.7570000000000006,0.7570000000000006,0.03088626488971116
0.7580000000000006,0.7580000000000006,0.03064474188318894,0.7580000000000006,0.7580000000000006,0.03064474188318894
0.7590000000000006,0.7590000000000006,0.03040471469248571,0.7590000000000006,0.7590000000000006,0.03040471469248571
0.7600000000000006,0.7600000000000006,0.03016617321109841,0.7600000000000006,0.7600000000000006,0.03016617321109841
0.7610000000000006,0.7610000000000006,0.02992910745459013,0.7610000000000006,0.7610000000000006,0.02992910745459013
0.7620000000000006,0.7620000000000006,0.02969350755860218,0.7620000000000006,0.7620000000000006,0.02969350755860218
0.7630000000000006,0.7630000000000006,0.02945936377691025,0.7630000000000006,0.7630000000000006,0.02945936377691025
0.7640000000000006,0.7640000000000006,0.02922666647951782,0.7640000000000006,0.7640000000000006,0.02922666647951782
0.7650000000000006,0.7650000000000006,0.02899540615078857,0.7650000000000006,0.7650000000000006,0.02899540615078857
0.7660000000000006,0.7660000000000006,0.02876557338761813,0.7660000000000006,0.7660000000000006,0.02876557338761813
0.7670000000000006,0.7670000000000006,0.02853715889763899,0.7670000000000006,0.7670000000000006,0.02853715889763899
0.7680000000000006,0.7680000000000006,0.02831015349746549,0.7680000000000006,0.7680000000000006,0.02831015349746549
0.7690000000000006,0.7690000000000006,0.02808454811096951,0.7690000000000006,0.7690000000000006,0.02808454811096951
0.7700000000000006,0.7700000000000006,0.02786033376759215,0.7700000000000006,0.7700000000000006,0.02786033376759215
0.7710000000000006,0.7710000000000006,0.02763750160068774,0.7710000000000006,0.7710000000000006,0.02763750160068774
0.7720000000000006,0.7720000000000006,0.02741604284589975,0.7720000000000006,0.7720000000000006,0.02741604284589975
0.7730000000000006,0.7730000000000006,0.02719594883956807,0.7730000000000006,0.7730000000000006,0.02719594883956807
0.7740000000000006,0.7740000000000006,0.02697721101716544,0.7740000000000006,0.7740000000000006,0.02697721101716544
0.7750000000000006,0.7750000000000006,0.02675982091176674,0.7750000000000006,0.7750000000000006,0.02675982091176674
0.7760000000000006,0.7760000000000006,0.02654377015254257,0.7760000000000006,0.7760000000000006,0.02654377015254257
0.7770000000000006,0.7770000000000006,0.02632905046328471,0.7770000000000006,0.7770000000000006,0.02632905046328471
0.7780000000000006,0.7780000000000006,0.02611565366095708,0.7780000000000006,0.7780000000000006,0.02611565366095708
0.7790000000000006,0.7790000000000006,0.02590357165427415,0.7790000000000006,0.7790000000000006,0.02590357165427415
0.7800000000000006,0.7800000000000006,0.02569279644230408,0.7800000000000006,0.7800000000000006,0.02569279644230408
0.7810000000000006,0.7810000000000006,0.02548332011309947,0.7810000000000006,0.7810000000000006,0.02548332011309947
0.7820000000000006,0.7820000000000006,0.02527513484235062,0.7820000000000006,0.7820000000000006,0.02527513484235062
0.7830000000000006,0.7830000000000006,0.02506823289206424,0.7830000000000006,0.7830000000000006,0.02506823289206424
0.7840000000000006,0.7840000000000006,0.02486260660926514,0.7840000000000006,0.7840000000000006,0.02486260660926514
0.7850000000000006,0.7850000000000006,0.02465824842472109,0.7850000000000006,0.7850000000000006,0.02465824842472109
0.7860000000000006,0.7860000000000006,0.02445515085169004,0.7860000000000006,0.7860000000000006,0.02445515085169004
0.7870000000000006,0.7870000000000006,0.02425330648468902,0.7870000000000006,0.7870000000000006,0.02425330648468902
0.7880000000000006,0.7880000000000006,0.02405270799828467,0.7880000000000006,0.7880000000000006,0.02405270799828467
0.7890000000000006,0.7890000000000006,0.02385334814590461,0.7890000000000006,0.7890000000000006,0.02385334814590461
0.7900000000000006,0.7900000000000006,0.02365521975866802,0.7900000000000006,0.7900000000000006,0.02365521975866802
0.7910000000000006,0.7910000000000006,0.02345831574423799,0.7910000000000006,0.7910000000000006,0.02345831574423799
0.7920000000000006,0.7920000000000006,0.02326262908569151,0.7920000000000006,0.7920000000000006,0.02326262908569151
0.7930000000000006,0.7930000000000006,0.02306815284040903,0.7930000000000006,0.7930000000000006,0.02306815284040903
0.7940000000000006,0.7940000000000006,0.0228748801389832,0.7940000000000006,0.7940000000000006,0.0228748801389832
0.7950000000000006,0.7950000000000006,0.02268280418414355,0.7950000000000006,0.7950000000000006,0.02268280418414355
0.7960000000000006,0.7960000000000006,0.02249191824970167,0.7960000000000006,0.7960000000000006,0.02249191824970167
0.7970000000000006,0.7970000000000006,0.02230221567951053,0.7970000000000006,0.7970000000000006,0.02230221567951053
0.7980000000000006,0.7980000000000006,0.02211368988644364,0.7980000000000006,0.7980000000000006,0.02211368988644364
0.7990000000000006,0.7990000000000006,0.02192633435138745,0.7990000000000006,0.7990000000000006,0.02192633435138745
0.8000000000000006,0.8000000000000006,0.02174014262225287,0.8000000000000006,0.8000000000000006,0.02174014262225287
0.8010000000000006,0.8010000000000006,0.02155510831300027,0.8010000000000006,0.8010000000000006,0.02155510831300027
0.8020000000000006,0.8020000000000006,0.02137122510268072,0.8020000000000006,0.8020000000000006,0.02137122510268072
0.8030000000000006,0.8030000000000006,0.02118848673449192,0.8030000000000006,0.8030000000000006,0.02118848673449192
0.8040000000000006,0.8040000000000006,0.02100688701484956,0.8040000000000006,0.8040000000000006,0.02100688701484956
0.8050000000000006,0.8050000000000006,0.02082641981247114,0.8050000000000006,0.8050000000000006,0.02082641981247114
0.8060000000000006,0.8060000000000006,0.02064707905747635,0.8060000000000006,0.8060000000000006,0.02064707905747635
0.8070000000000006,0.8070000000000006,0.02046885874049867,0.8070000000000006,0.8070000000000006,0.02046885874049867
0.8080000000000006,0.8080000000000006,0.02029175291181185,0.8080000000000006,0.8080000000000006,0.02029175291181185
0.8090000000000006,0.8090000000000006,0.02011575568046952,0.8090000000000006,0.8090000000000006,0.02011575568046952
0.8100000000000006,0.8100000000000006,0.01994086121345689,0.8100000000000006,0.8100000000000006,0.01994086121345689
0.8110000000000006,0.8110000000000006,0.01976706373485456,0.8110000000000006,0.8110000000000006,0.01976706373485456
0.8120000000000006,0.8120000000000006,0.01959435752501707,0.8120000000000006,0.8120000000000006,0.01959435752501707
0.8130000000000006,0.8130000000000006,0.01942273691975971,0.8130000000000006,0.8130000000000006,0.01942273691975971
0.8140000000000006,0.8140000000000006,0.01925219630956032,0.8140000000000006,0.8140000000000006,0.01925219630956032
0.8150000000000006,0.8150000000000006,0.01908273013877091,0.8150000000000006,0.8150000000000006,0.01908273013877091
0.8160000000000006,0.8160000000000006,0.01891433290484105,0.8160000000000006,0.8160000000000006,0.01891433290484105
0.8170000000000006,0.8170000000000006,0.01874699915755227,0.8170000000000006,0.8170000000000006,0.01874699915755227
0.8180000000000006,0.8180000000000006,0.01858072349826264,0.8180000000000006,0.8180000000000006,0.01858072349826264
0.8190000000000006,0.8190000000000006,0.01841550057916286,0.8190000000000006,0.8190000000000006,0.01841550057916286
0.8200000000000006,0.8200000000000006,0.01825132510254265,0.8200000000000006,0.8200000000000006,0.01825132510254265
0.8210000000000006,0.8210000000000006,0.01808819182006514,0.8210000000000006,0.8210000000000006,0.01808819182006514
0.8220000000000006,0.8220000000000006,0.01792609553205495,0.8220000000000006,0.8220000000000006,0.01792609553205495
0.8230000000000006,0.8230000000000006,0.01776503108679309,0.8230000000000006,0.8230000000000006,0.01776503108679309
0.8240000000000006,0.8240000000000006,0.01760499337982106,0.8240000000000006,0.8240000000000006,0.01760499337982106
0.8250000000000006,0.8250000000000006,0.01744597735325737,0.8250000000000006,0.8250000000000006,0.01744597735325737
0.8260000000000006,0.8260000000000006,0.01728797799512005,0.8260000000000006,0.8260000000000006,0.01728797799512005
0.8270000000000006,0.8270000000000006,0.01713099033865905,0.8270000000000006,0.8270000000000006,0.01713099033865905
0.8280000000000006,0.8280000000000006,0.01697500946169859,0.8280000000000006,0.8280000000000006,0.01697500946169859
0.8290000000000006,0.8290000000000006,0.01682003048598654,0.8290000000000006,0.8290000000000006,0.01682003048598654
0.8300000000000006,0.8300000000000006,0.01666604857655282,0.8300000000000006,0.8300000000000006,0.01666604857655282
0.8310000000000006,0.8310000000000006,0.01651305894107617,0.8310000000000006,0.8310000000000006,0.01651305894107617
0.8320000000000006,0.8320000000000006,0.01636105682925903,0.8320000000000006,0.8320000000000006,0.01636105682925903
0.8330000000000006,0.8330000000000006,0.01621003753221017,0.8330000000000006,0.8330000000000006,0.01621003753221017
0.8340000000000006,0.8340000000000006,0.01605999638183559,0.8340000000000006,0.8340000000000006,0.01605999638183559
0.8350000000000006,0.8350000000000006,0.01591092875023606,0.8350000000000006,0.8350000000000006,0.01591092875023606
0.8360000000000006,0.8360000000000006,0.01576283004911263,0.8360000000000006,0.8360000000000006,0.01576283004911263
0.8370000000000006,0.8370000000000006,0.01561569572918044,0.8370000000000006,0.8370000000000006,0.01561569572918044
0.8380000000000006,0.8380000000000006,0.01546952127958884,0.8380000000000006,0.8380000000000006,0.01546952127958884
0.8390000000000006,0.8390000000000006,0.01532430222734775,0.8390000000000006,0.8390000000000006,0.01532430222734775
0.8400000000000006,0.8400000000000006,0.01518003413676237,0.8400000000000006,0.8400000000000006,0.01518003413676237
0.8410000000000006,0.8410000000000006,0.01503671260887472,0.8410000000000006,0.8410000000000006,0.01503671260887472
0.8420000000000006,0.8420000000000006,0.0148943332809111,0.8420000000000006,0.8420000000000006,0.0148943332809111
0.8430000000000006,0.8430000000000006,0.01475289182573574,0.8430000000000006,0.8430000000000006,0.01475289182573574
0.8440000000000006,0.8440000000000006,0.01461238395131224,0.8440000000000006,0.8440000000000006,0.01461238395131224
0.8450000000000006,0.8450000000000006,0.01447280540017083,0.8450000000000006,0.8450000000000006,0.01447280540017083
0.8460000000000006,0.8460000000000006,0.01433415194888065,0.8460000000000006,0.8460000000000006,0.01433415194888065
0.8470000000000006,0.8470000000000006,0.01419641940753039,0.8470000000000006,0.8470000000000006,0.01419641940753039
0.8480000000000006,0.8480000000000006,0.01405960361921258,0.8480000000000006,0.8480000000000006,0.01405960361921258
0.8490000000000006,0.8490000000000006,0.01392370045951575,0.8490000000000006,0.8490000000000006,0.01392370045951575
0.8500000000000006,0.8500000000000006,0.01378870583602071,0.8500000000000006,0.8500000000000006,0.01378870583602071
0.8510000000000006,0.8510000000000006,0.01365461568780462,0.8510000000000006,0.8510000000000006,0.01365461568780462
0.8520000000000006,0.8520000000000006,0.01352142598494757,0.8520000000000006,0.8520000000000006,0.01352142598494757
0.8530000000000006,0.8530000000000006,0.01338913272804772,0.8530000000000006,0.8530000000000006,0.01338913272804772
0.8540000000000006,0.8540000000000006,0.01325773194774056,0.8540000000000006,0.8540000000000006,0.01325773194774056
0.8550000000000006,0.8550000000000006,0.0131272197042227,0.8550000000000006,0.8550000000000006,0.0131272197042227
0.8560000000000006,0.8560000000000006,0.01299759208678243,0.8560000000000006,0.8560000000000006,0.01299759208678243
0.8570000000000007,0.8570000000000007,0.01286884521333438,0.8570000000000007,0.8570000000000007,0.01286884521333438
0.8580000000000007,0.8580000000000007,0.01274097522995956,0.8580000000000007,0.8580000000000007,0.01274097522995956
0.8590000000000007,0.8590000000000007,0.01261397831045034,0.8590000000000007,0.8590000000000007,0.01261397831045034
0.8600000000000007,0.8600000000000007,0.0124878506558604,0.8600000000000007,0.8600000000000007,0.0124878506558604
0.8610000000000007,0.8610000000000007,0.01236258849405952,0.8610000000000007,0.8610000000000007,0.01236258849405952
0.8620000000000007,0.8620000000000007,0.01223818807929281,0.8620000000000007,0.8620000000000007,0.01223818807929281
0.8630000000000007,0.8630000000000007,0.0121146456917456,0.8630000000000007,0.8630000000000007,0.0121146456917456
0.8640000000000007,0.8640000000000007,0.01199195763711061,0.8640000000000007,0.8640000000000007,0.01199195763711061
0.8650000000000007,0.8650000000000007,0.01187012024616267,0.8650000000000007,0.8650000000000007,0.01187012024616267
0.8660000000000007,0.8660000000000007,0.01174912987433648,0.8660000000000007,0.8660000000000007,0.01174912987433648
0.8670000000000007,0.8670000000000007,0.01162898290130756,0.8670000000000007,0.8670000000000007,0.01162898290130756
0.8680000000000007,0.8680000000000007,0.01150967573057999,0.8680000000000007,0.8680000000000007,0.01150967573057999
0.8690000000000007,0.8690000000000007,0.01139120478907642,0.8690000000000007,0.8690000000000007,0.01139120478907642
0.8700000000000007,0.8700000000000007,0.01127356652673339,0.8700000000000007,0.8700000000000007,0.01127356652673339
0.8710000000000007,0.8710000000000007,0.01115675741610009,0.8710000000000007,0.8710000000000007,0.01115675741610009
0.8720000000000007,0.8720000000000007,0.01104077395194222,0.8720000000000007,0.8720000000000007,0.01104077395194222
0.8730000000000007,0.8730000000000007,0.01092561265084882,0.8730000000000007,0.8730000000000007,0.01092561265084882
0.8740000000000007,0.8740000000000007,0.01081127005084342,0.8740000000000007,0.8740000000000007,0.01081127005084342
0.8750000000000007,0.8750000000000007,0.01069774271099986,0.8750000000000007,0.8750000000000007,0.01069774271099986
0.8760000000000007,0.8760000000000007,0.01058502721106072,0.8760000000000007,0.8760000000000007,0.01058502721106072
0.8770000000000007,0.8770000000000007,0.01047312015106056,0.8770000000000007,0.8770000000000007,0.01047312015106056
0.8780000000000007,0.8780000000000007,0.01036201815095271,0.8780000000000007,0.8780000000000007,0.01036201815095271
0.8790000000000007,0.8790000000000007,0.01025171785024005,0.8790000000000007,0.8790000000000007,0.01025171785024005
0.8800000000000007,0.8800000000000007,0.01014221590760826,0.8800000000000007,0.8800000000000007,0.01014221590760826
0.8810000000000007,0.8810000000000007,0.01003350900056477,0.8810000000000007,0.8810000000000007,0.01003350900056477
0.8820000000000007,0.8820000000000007,0.009925593825079357,0.8820000000000007,0.8820000000000007,0.009925593825079357
0.8830000000000007,0.8830000000000007,0.00981846709522995,0.8830000000000007,0.8830000000000007,0.00981846709522995
0.8840000000000007,0.8840000000000007,0.009712125542850241,0.8840000000000007,0.8840000000000007,0.009712125542850241
0.8850000000000007,0.8850000000000007,0.009606565917183037,0.8850000000000007,0.8850000000000007,0.009606565917183037
0.8860000000000007,0.8860000000000007,0.009501784984534786,0.8860000000000007,0.8860000000000007,0.009501784984534786
0.8870000000000007,0.8870000000000007,0.009397779527934781,0.8870000000000007,0.8870000000000007,0.009397779527934781
0.8880000000000007,0.8880000000000007,0.009294546346798068,0.8880000000000007,0.8880000000000007,0.009294546346798068
0.8890000000000007,0.8890000000000007,0.009192082256590354,0.8890000000000007,0.8890000000000007,0.009192082256590354
0.8900000000000007,0.8900000000000007,0.009090384088497524,0.8900000000000007,0.8900000000000007,0.009090384088497524
0.8910000000000007,0.8910000000000007,0.0089894486890983,0.8910000000000007,0.8910000000000007,0.0089894486890983
0.8920000000000007,0.8920000000000007,0.008889272920039097,0.8920000000000007,0.8920000000000007,0.008889272920039097
0.8930000000000007,0.8930000000000007,0.008789853657713799,0.8930000000000007,0.8930000000000007,0.008789853657713799
0.8940000000000007,0.8940000000000007,0.008691187792945155,0.8940000000000007,0.8940000000000007,0.008691187792945155
0.8950000000000007,0.8950000000000007,0.008593272230670145,0.8950000000000007,0.8950000000000007,0.008593272230670145
0.8960000000000007,0.8960000000000007,0.008496103889629169,0.8960000000000007,0.8960000000000007,0.008496103889629169
0.8970000000000007,0.8970000000000007,0.008399679702056052,0.8970000000000007,0.8970000000000007,0.008399679702056052
0.8980000000000007,0.8980000000000007,0.00830399661337434,0.8980000000000007,0.8980000000000007,0.00830399661337434
0.8990000000000007,0.8990000000000007,0.008209051581894748,0.8990000000000007,0.8990000000000007,0.008209051581894748
0.9000000000000007,0.9000000000000007,0.008114841578515251,0.9000000000000007,0.9000000000000007,0.008114841578515251
0.9010000000000007,0.9010000000000007,0.008021363586425695,0.9010000000000007,0.9010000000000007,0.008021363586425695
0.9020000000000007,0.9020000000000007,0.007928614600813977,0.9020000000000007,0.9020000000000007,0.007928614600813977
0.9030000000000007,0.9030000000000007,0.007836591628577293,0.9030000000000007,0.9030000000000007,0.007836591628577293
0.9040000000000007,0.9040000000000007,0.007745291688034114,0.9040000000000007,0.9040000000000007,0.007745291688034114
0.9050000000000007,0.9050000000000007,0.007654711808639822,0.9050000000000007,0.9050000000000007,0.007654711808639822
0.9060000000000007,0.9060000000000007,0.007564849030706737,0.9060000000000007,0.9060000000000007,0.007564849030706737
0.9070000000000007,0.9070000000000007,0.007475700405124456,0.9070000000000007,0.9070000000000007,0.007475700405124456
0.9080000000000007,0.9080000000000007,0.007387262993086221,0.9080000000000007,0.9080000000000007,0.007387262993086221
0.9090000000000007,0.9090000000000007,0.007299533865815422,0.9090000000000007,0.9090000000000007,0.007299533865815422
0.9100000000000007,0.9100000000000007,0.007212510104296339,0.9100000000000007,0.9100000000000007,0.007212510104296339
0.9110000000000007,0.9110000000000007,0.007126188799008258,0.9110000000000007,0.9110000000000007,0.007126188799008258
0.9120000000000007,0.9120000000000007,0.007040567049660774,0.9120000000000007,0.9120000000000007,0.007040567049660774
0.9130000000000007,0.9130000000000007,0.006955641964933717,0.9130000000000007,0.9130000000000007,0.006955641964933717
0.9140000000000007,0.9140000000000007,0.006871410662219016,0.9140000000000007,0.9140000000000007,0.006871410662219016
0.9150000000000007,0.9150000000000007,0.006787870267365503,0.9150000000000007,0.9150000000000007,0.006787870267365503
0.9160000000000007,0.9160000000000007,0.006705017914426781,0.9160000000000007,0.9160000000000007,0.006705017914426781
0.9170000000000007,0.9170000000000007,0.006622850745411435,0.9170000000000007,0.9170000000000007,0.006622850745411435
0.9180000000000007,0.9180000000000007,0.006541365910036482,0.9180000000000007,0.9180000000000007,0.006541365910036482
0.9190000000000007,0.9190000000000007,0.00646056056548413,0.9190000000000007,0.9190000000000007,0.00646056056548413
0.9200000000000007,0.9200000000000007,0.00638043187615926,0.9200000000000007,0.9200000000000007,0.00638043187615926
0.9210000000000007,0.9210000000000007,0.00630097701345312,0.9210000000000007,0.9210000000000007,0.00630097701345312
0.9220000000000007,0.9220000000000007,0.006222193155505562,0.9220000000000007,0.9220000000000007,0.006222193155505562
0.9230000000000007,0.9230000000000007,0.0061440774869747,0.9230000000000007,0.9230000000000007,0.0061440774869747
0.9240000000000007,0.9240000000000007,0.006066627198804541,0.9240000000000007,0.9240000000000007,0.006066627198804541
0.9250000000000007,0.9250000000000007,0.00598983948799958,0.9250000000000007,0.9250000000000007,0.00598983948799958
0.9260000000000007,0.9260000000000007,0.005913711557399786,0.9260000000000007,0.9260000000000007,0.005913711557399786
0.9270000000000007,0.9270000000000007,0.00583824061545759,0.9270000000000007,0.9270000000000007,0.00583824061545759
0.9280000000000007,0.9280000000000007,0.005763423876021104,0.9280000000000007,0.9280000000000007,0.005763423876021104
0.9290000000000007,0.9290000000000007,0.005689258558116144,0.9290000000000007,0.9290000000000007,0.005689258558116144
0.9300000000000007,0.9300000000000007,0.005615741885732719,0.9300000000000007,0.9300000000000007,0.005615741885732719
0.9310000000000007,0.9310000000000007,0.005542871087615163,0.9310000000000007,0.9310000000000007,0.005542871087615163
0.9320000000000007,0.9320000000000007,0.00547064339705287,0.9320000000000007,0.9320000000000007,0.00547064339705287
0.9330000000000007,0.9330000000000007,0.005399056051674906,0.9330000000000007,0.9330000000000007,0.005399056051674906
0.9340000000000007,0.9340000000000007,0.005328106293248309,0.9340000000000007,0.9340000000000007,0.005328106293248309
0.9350000000000007,0.9350000000000007,0.005257791367475854,0.9350000000000007,0.9350000000000007,0.005257791367475854
0.9360000000000007,0.9360000000000007,0.005188108523800798,0.9360000000000007,0.9360000000000007,0.005188108523800798
0.9370000000000007,0.9370000000000007,0.005119055015210117,0.9370000000000007,0.9370000000000007,0.005119055015210117
0.9380000000000007,0.9380000000000007,0.005050628098043438,0.9380000000000007,0.9380000000000007,0.005050628098043438
0.9390000000000007,0.9390000000000007,0.004982825031803063,0.9390000000000007,0.9390000000000007,0.004982825031803063
0.9400000000000007,0.9400000000000007,0.004915643078966794,0.9400000000000007,0.9400000000000007,0.004915643078966794
0.9410000000000007,0.9410000000000007,0.004849079504803986,0.9410000000000007,0.9410000000000007,0.004849079504803986
0.9420000000000007,0.9420000000000007,0.00478313157719366,0.9420000000000007,0.9420000000000007,0.00478313157719366
0.9430000000000007,0.9430000000000007,0.004717796566445057,0.9430000000000007,0.9430000000000007,0.004717796566445057
0.9440000000000007,0.9440000000000007,0.004653071745120993,0.9440000000000007,0.9440000000000007,0.004653071745120993
0.9450000000000007,0.9450000000000007,0.004588954387864093,0.9450000000000007,0.9450000000000007,0.004588954387864093
0.9460000000000007,0.9460000000000007,0.004525441771224998,0.9460000000000007,0.9460000000000007,0.004525441771224998
0.9470000000000007,0.9470000000000007,0.00446253117349365,0.9470000000000007,0.9470000000000007,0.00446253117349365
0.9480000000000007,0.9480000000000007,0.004400219874532003,0.9480000000000007,0.9480000000000007,0.004400219874532003
0.9490000000000007,0.9490000000000007,0.004338505155610857,0.9490000000000007,0.9490000000000007,0.004338505155610857
0.9500000000000007,0.9500000000000007,0.004277384299248176,0.9500000000000007,0.9500000000000007,0.004277384299248176
0.9510000000000007,0.9510000000000007,0.004216854589048745,0.9510000000000007,0.9510000000000007,0.004216854589048745
0.9520000000000007,0.9520000000000007,0.004156913309549076,0.9520000000000007,0.9520000000000007,0.004156913309549076
0.9530000000000007,0.9530000000000007,0.004097557746061542,0.9530000000000007,0.9530000000000007,0.004097557746061542
0.9540000000000007,0.9540000000000007,0.004038785184524273,0.9540000000000007,0.9540000000000007,0.004038785184524273
0.9550000000000007,0.9550000000000007,0.003980592911349182,0.9550000000000007,0.9550000000000007,0.003980592911349182
0.9560000000000007,0.9560000000000007,0.003922978213276601,0.9560000000000007,0.9560000000000007,0.003922978213276601
0.9570000000000007,0.9570000000000007,0.003865938377228554,0.9570000000000007,0.9570000000000007,0.003865938377228554
0.9580000000000007,0.9580000000000007,0.00380947069016767,0.9580000000000007,0.9580000000000007,0.00380947069016767
0.9590000000000007,0.9590000000000007,0.003753572438955071,0.9590000000000007,0.9590000000000007,0.003753572438955071
0.9600000000000007,0.9600000000000007,0.003698240910212479,0.9600000000000007,0.9600000000000007,0.003698240910212479
0.9610000000000007,0.9610000000000007,0.003643473390186176,0.9610000000000007,0.9610000000000007,0.003643473390186176
0.9620000000000007,0.9620000000000007,0.003589267164611798,0.9620000000000007,0.9620000000000007,0.003589267164611798
0.9630000000000007,0.9630000000000007,0.003535619518583838,0.9630000000000007,0.9630000000000007,0.003535619518583838
0.9640000000000007,0.9640000000000007,0.003482527736423797,0.9640000000000007,0.9640000000000007,0.003482527736423797
0.9650000000000007,0.9650000000000007,0.003429989101552524,0.9650000000000007,0.9650000000000007,0.003429989101552524
0.9660000000000007,0.9660000000000007,0.003378000896364381,0.9660000000000007,0.9660000000000007,0.003378000896364381
0.9670000000000007,0.9670000000000007,0.003326560402102536,0.9670000000000007,0.9670000000000007,0.003326560402102536
0.9680000000000007,0.9680000000000007,0.003275664898735521,0.9680000000000007,0.9680000000000007,0.003275664898735521
0.9690000000000007,0.9690000000000007,0.003225311664837882,0.9690000000000007,0.9690000000000007,0.003225311664837882
0.9700000000000008,0.9700000000000008,0.00317549797746949,0.9700000000000008,0.9700000000000008,0.00317549797746949
0.9710000000000008,0.9710000000000008,0.003126221112058527,0.9710000000000008,0.9710000000000008,0.003126221112058527
0.9720000000000008,0.9720000000000008,0.003077478342285925,0.9720000000000008,0.9720000000000008,0.003077478342285925
0.9730000000000008,0.9730000000000008,0.003029266939969669,0.9730000000000008,0.9730000000000008,0.003029266939969669
0.9740000000000008,0.9740000000000008,0.002981584174953554,0.9740000000000008,0.9740000000000008,0.002981584174953554
0.9750000000000008,0.9750000000000008,0.002934427314993489,0.9750000000000008,0.9750000000000008,0.002934427314993489
0.9760000000000008,0.9760000000000008,0.002887793625648073,0.9760000000000008,0.9760000000000008,0.002887793625648073
0.9770000000000008,0.9770000000000008,0.002841680370169148,0.9770000000000008,0.9770000000000008,0.002841680370169148
0.9780000000000008,0.9780000000000008,0.002796084809394372,0.9780000000000008,0.9780000000000008,0.002796084809394372
0.9790000000000008,0.9790000000000008,0.002751004201638532,0.9790000000000008,0.9790000000000008,0.002751004201638532
0.9800000000000008,0.9800000000000008,0.002706435802589203,0.9800000000000008,0.9800000000000008,0.002706435802589203
0.9810000000000008,0.9810000000000008,0.00266237686520063,0.9810000000000008,0.9810000000000008,0.00266237686520063
0.9820000000000008,0.9820000000000008,0.002618824639589566,0.9820000000000008,0.9820000000000008,0.002618824639589566
0.9830000000000008,0.9830000000000008,0.002575776372930519,0.9830000000000008,0.9830000000000008,0.002575776372930519
0.9840000000000008,0.9840000000000008,0.002533229309355043,0.9840000000000008,0.9840000000000008,0.002533229309355043
0.9850000000000008,0.9850000000000008,0.002491180689846963,0.9850000000000008,0.9850000000000008,0.002491180689846963
0.9860000000000008,0.9860000000000008,0.002449627752140789,0.9860000000000008,0.9860000000000008,0.002449627752140789
0.9870000000000008,0.9870000000000008,0.002408567730620327,0.9870000000000008,0.9870000000000008,0.002408567730620327
0.9880000000000008,0.9880000000000008,0.002367997856216818,0.9880000000000008,0.9880000000000008,0.002367997856216818
0.9890000000000008,0.9890000000000008,0.002327915356306729,0.9890000000000008,0.9890000000000008,0.002327915356306729
0.9900000000000008,0.9900000000000008,0.002288317454611801,0.9900000000000008,0.9900000000000008,0.002288317454611801
0.9910000000000008,0.9910000000000008,0.002249201371095537,0.9910000000000008,0.9910000000000008,0.002249201371095537
0.9920000000000008,0.9920000000000008,0.002210564321863422,0.9920000000000008,0.9920000000000008,0.002210564321863422
0.9930000000000008,0.9930000000000008,0.002172403519059208,0.9930000000000008,0.9930000000000008,0.002172403519059208
0.9940000000000008,0.9940000000000008,0.00213471617076339,0.9940000000000008,0.9940000000000008,0.00213471617076339
0.9950000000000008,0.9950000000000008,0.002097499480889913,0.9950000000000008,0.9950000000000008,0.002097499480889913
0.9960000000000008,0.9960000000000008,0.002060750649082785,0.9960000000000008,0.9960000000000008,0.002060750649082785
0.9970000000000008,0.9970000000000008,0.002024466870611383,0.9970000000000008,0.9970000000000008,0.002024466870611383
0.9980000000000008,0.9980000000000008,0.00198864533626611,0.9980000000000008,0.9980000000000008,0.00198864533626611
0.9990000000000008,0.9990000000000008,0.001953283232251637,0.9990000000000008,0.9990000000000008,0.001953283232251637
1.000000000000001,1.000000000000001,0.001918377740079988,1.000000000000001,1.000000000000001,0.001918377740079988
1.001000000000001,1.001000000000001,0.001883926036462908,1.001000000000001,1.001000000000001,0.001883926036462908
1.002,1.002,0.001849925293202534,1.002,1.002,0.001849925293202534
1.003,1.003,0.001816372677079868,1.003,1.003,0.001816372677079868
1.004,1.004,0.001783265349743679,1.004,1.004,0.001783265349743679
1.005,1.005,0.001750600467597088,1.005,1.005,0.001750600467597088
1.006,1.006,0.001718375181682502,1.006,1.006,0.001718375181682502
1.007,1.007,0.001686586637564491,1.007,1.007,0.001686586637564491
1.008,1.008,0.00165523197521278,1.008,1.008,0.00165523197521278
1.009,1.009,0.001624308328881354,1.009,1.009,0.001624308328881354
1.01,1.01,0.001593812826987378,1.01,1.01,0.001593812826987378
1.010999999999999,1.010999999999999,0.0015637425919878,1.010999999999999,1.010999999999999,0.0015637425919878
1.011999999999999,1.011999999999999,0.001534094740254576,1.011999999999999,1.011999999999999,0.001534094740254576
1.012999999999999,1.012999999999999,0.001504866381946342,1.012999999999999,1.012999999999999,0.001504866381946342
1.013999999999999,1.013999999999999,0.001476054620881673,1.013999999999999,1.013999999999999,0.001476054620881673
1.014999999999999,1.014999999999999,0.001447656554407095,1.014999999999999,1.014999999999999,0.001447656554407095
1.015999999999999,1.015999999999999,0.001419669273265128,1.015999999999999,1.015999999999999,0.001419669273265128
1.016999999999999,1.016999999999999,0.001392089861460658,1.016999999999999,1.016999999999999,0.001392089861460658
1.017999999999999,1.017999999999999,0.001364915396125513,1.017999999999999,1.017999999999999,0.001364915396125513
1.018999999999999,1.018999999999999,0.001338142947380088,1.018999999999999,1.018999999999999,0.001338142947380088
1.019999999999998,1.019999999999998,0.001311769578195916,1.019999999999998,1.019999999999998,0.001311769578195916
1.020999999999998,1.020999999999998,0.001285792344255246,1.020999999999998,1.020999999999998,0.001285792344255246
1.021999999999998,1.021999999999998,0.001260208293809973,1.021999999999998,1.021999999999998,0.001260208293809973
1.022999999999998,1.022999999999998,0.001235014467539113,1.022999999999998,1.022999999999998,0.001235014467539113
1.023999999999998,1.023999999999998,0.001210207898406224,1.023999999999998,1.023999999999998,0.001210207898406224
1.024999999999998,1.024999999999998,0.001185785611514955,1.024999999999998,1.024999999999998,0.001185785611514955
1.025999999999998,1.025999999999998,0.001161744623965678,1.025999999999998,1.025999999999998,0.001161744623965678
1.026999999999998,1.026999999999998,0.001138081944710632,1.026999999999998,1.026999999999998,0.001138081944710632
1.027999999999998,1.027999999999998,0.001114794574410394,1.027999999999998,1.027999999999998,0.001114794574410394
1.028999999999997,1.028999999999997,0.001091879505289208,1.028999999999997,1.028999999999997,0.001091879505289208
1.029999999999997,1.029999999999997,0.001069333720993553,1.029999999999997,1.029999999999997,0.001069333720993553
1.030999999999997,1.030999999999997,0.001047154196449297,1.030999999999997,1.030999999999997,0.001047154196449297
1.031999999999997,1.031999999999997,0.00102533789772203,1.031999999999997,1.031999999999997,0.00102533789772203
1.032999999999997,1.032999999999997,0.001003881781879608,1.032999999999997,1.032999999999997,0.001003881781879608
1.033999999999997,1.033999999999997,0.000982782796856023,1.033999999999997,1.033999999999997,0.000982782796856023
1.034999999999997,1.034999999999997,0.0009620378813188167,1.034999999999997,1.034999999999997,0.0009620378813188167
1.035999999999997,1.035999999999997,0.0009416439645423766,1.035999999999997,1.035999999999997,0.0009416439645423766
1.036999999999997,1.036999999999997,0.0009215979662803835,1.036999999999997,1.036999999999997,0.0009215979662803835
1.037999999999996,1.037999999999996,0.0009018967966477545,1.037999999999996,1.037999999999996,0.0009018967966477545
1.038999999999996,1.038999999999996,0.0008825373560076002,1.038999999999996,1.038999999999996,0.0008825373560076002
1.039999999999996,1.039999999999996,0.0008635165348597683,1.039999999999996,1.039999999999996,0.0008635165348597683
1.040999999999996,1.040999999999996,0.0008448312137433226,1.040999999999996,1.040999999999996,0.0008448312137433226
1.041999999999996,1.041999999999996,0.0008264782631413093,1.041999999999996,1.041999999999996,0.0008264782631413093
1.042999999999996,1.042999999999996,0.0008084545433952279,1.042999999999996,1.042999999999996,0.0008084545433952279
1.043999999999996,1.043999999999996,0.0007907569046311215,1.043999999999996,1.043999999999996,0.0007907569046311215
1.044999999999996,1.044999999999996,0.0007733821866927384,1.044999999999996,1.044999999999996,0.0007733821866927384
1.045999999999996,1.045999999999996,0.0007563272190875968,1.045999999999996,1.045999999999996,0.0007563272190875968
1.046999999999995,1.046999999999995,0.0007395888209457064,1.046999999999995,1.046999999999995,0.0007395888209457064
1.047999999999995,1.047999999999995,0.0007231638009890398,1.047999999999995,1.047999999999995,0.0007231638009890398
1.048999999999995,1.048999999999995,0.0007070489575177241,1.048999999999995,1.048999999999995,0.0007070489575177241
1.049999999999995,1.049999999999995,0.000691241078408473,1.049999999999995,1.049999999999995,0.000691241078408473
1.050999999999995,1.050999999999995,0.0006757369411326767,1.050999999999995,1.050999999999995,0.0006757369411326767
1.051999999999995,1.051999999999995,0.0006605333127881426,1.051999999999995,1.051999999999995,0.0006605333127881426
1.052999999999995,1.052999999999995,0.0006456269501517851,1.052999999999995,1.052999999999995,0.0006456269501517851
1.053999999999995,1.053999999999995,0.0006310145997502683,1.053999999999995,1.053999999999995,0.0006310145997502683
1.054999999999995,1.054999999999995,0.0006166929979525699,1.054999999999995,1.054999999999995,0.0006166929979525699
1.055999999999994,1.055999999999994,0.0006026588710820213,1.055999999999994,1.055999999999994,0.0006026588710820213
1.056999999999994,1.056999999999994,0.0005889089355542664,1.056999999999994,1.056999999999994,0.0005889089355542664
1.057999999999994,1.057999999999994,0.0005754398980368483,1.057999999999994,1.057999999999994,0.0005754398980368483
1.058999999999994,1.058999999999994,0.0005622484556349082,1.058999999999994,1.058999999999994,0.0005622484556349082
1.059999999999994,1.059999999999994,0.0005493312961027309,1.059999999999994,1.059999999999994,0.0005493312961027309
1.060999999999994,1.060999999999994,0.0005366850980835192,1.060999999999994,1.060999999999994,0.0005366850980835192
1.061999999999994,1.061999999999994,0.0005243065313768191,1.061999999999994,1.061999999999994,0.0005243065313768191
1.062999999999994,1.062999999999994,0.0005121922572361471,1.062999999999994,1.062999999999994,0.0005121922572361471
1.063999999999994,1.063999999999994,0.0005003389286968561,1.063999999999994,1.063999999999994,0.0005003389286968561
1.064999999999994,1.064999999999994,0.0004887431909348837,1.064999999999994,1.064999999999994,0.0004887431909348837
1.065999999999993,1.065999999999993,0.0004774016816597901,1.065999999999993,1.065999999999993,0.0004774016816597901
1.066999999999993,1.066999999999993,0.0004663110315403434,1.066999999999993,1.066999999999993,0.0004663110315403434
1.067999999999993,1.067999999999993,0.0004554678646624391,1.067999999999993,1.067999999999993,0.0004554678646624391
1.068999999999993,1.068999999999993,0.0004448687990263115,1.068999999999993,1.068999999999993,0.0004448687990263115
1.069999999999993,1.069999999999993,0.0004345104470744874,1.069999999999993,1.069999999999993,0.0004345104470744874
1.070999999999993,1.070999999999993,0.0004243894162595505,1.070999999999993,1.070999999999993,0.0004243894162595505
1.071999999999993,1.071999999999993,0.0004145023096468035,1.071999999999993,1.071999999999993,0.0004145023096468035
1.072999999999993,1.072999999999993,0.0004048457265552305,1.072999999999993,1.072999999999993,0.0004048457265552305
1.073999999999993,1.073999999999993,0.0003954162632333981,1.073999999999993,1.073999999999993,0.0003954162632333981
1.074999999999992,1.074999999999992,0.0003862105135766829,1.074999999999992,1.074999999999992,0.0003862105135766829
1.075999999999992,1.075999999999992,0.0003772250698774171,1.075999999999992,1.075999999999992,0.0003772250698774171
1.076999999999992,1.076999999999992,0.0003684565236170312,1.076999999999992,1.076999999999992,0.0003684565236170312
1.077999999999992,1.077999999999992,0.0003599014662910412,1.077999999999992,1.077999999999992,0.0003599014662910412
1.078999999999992,1.078999999999992,0.0003515564902736689,1.078999999999992,1.078999999999992,0.0003515564902736689
1.079999999999992,1.079999999999992,0.0003434181897178267,1.079999999999992,1.079999999999992,0.0003434181897178267
1.080999999999992,1.080999999999992,0.0003354831614887057,1.080999999999992,1.080999999999992,0.0003354831614887057
1.081999999999992,1.081999999999992,0.0003277480061360106,1.081999999999992,1.081999999999992,0.0003277480061360106
1.082999999999992,1.082999999999992,0.0003202093288933015,1.082999999999992,1.082999999999992,0.0003202093288933015
1.083999999999991,1.083999999999991,0.0003128637407169176,1.083999999999991,1.083999999999991,0.0003128637407169176
1.084999999999991,1.084999999999991,0.0003057078593489663,1.084999999999991,1.084999999999991,0.0003057078593489663
1.085999999999991,1.085999999999991,0.0002987383104138279,1.085999999999991,1.085999999999991,0.0002987383104138279
1.086999999999991,1.086999999999991,0.0002919517285411618,1.086999999999991,1.086999999999991,0.0002919517285411618
1.087999999999991,1.087999999999991,0.0002853447585130203,1.087999999999991,1.087999999999991,0.0002853447585130203
1.088999999999991,1.088999999999991,0.0002789140564354562,1.088999999999991,1.088999999999991,0.0002789140564354562
1.089999999999991,1.089999999999991,0.0002726562909321415,1.089999999999991,1.089999999999991,0.0002726562909321415
1.090999999999991,1.090999999999991,0.0002665681443544265,1.090999999999991,1.090999999999991,0.0002665681443544265
1.091999999999991,1.091999999999991,0.0002606463140100539,1.091999999999991,1.091999999999991,0.0002606463140100539
1.09299999999999,1.09299999999999,0.0002548875134047542,1.09299999999999,1.09299999999999,0.0002548875134047542
1.09399999999999,1.09399999999999,0.0002492884734922902,1.09399999999999,1.09399999999999,0.0002492884734922902
1.09499999999999,1.09499999999999,0.0002438459439348895,1.09499999999999,1.09499999999999,0.0002438459439348895
1.09599999999999,1.09599999999999,0.0002385566943686782,1.09599999999999,1.09599999999999,0.0002385566943686782
1.09699999999999,1.09699999999999,0.0002334175156667431,1.09699999999999,1.09699999999999,0.0002334175156667431
1.09799999999999,1.09799999999999,0.000228425221204715,1.09799999999999,1.09799999999999,0.000228425221204715
1.09899999999999,1.09899999999999,0.0002235766481194082,1.09899999999999,1.09899999999999,0.0002235766481194082
1.09999999999999,1.09999999999999,0.0002188686585576441,1.09999999999999,1.09999999999999,0.0002188686585576441
1.10099999999999,1.10099999999999,0.0002142981409171091,1.10099999999999,1.10099999999999,0.0002142981409171091
1.101999999999989,1.101999999999989,0.0002098620110684458,1.101999999999989,1.101999999999989,0.0002098620110684458
1.102999999999989,1.102999999999989,0.0002055572135590262,1.102999999999989,1.102999999999989,0.0002055572135590262
1.103999999999989,1.103999999999989,0.0002013807227983326,1.103999999999989,1.103999999999989,0.0002013807227983326
1.104999999999989,1.104999999999989,0.0001973295442135855,1.104999999999989,1.104999999999989,0.0001973295442135855
1.105999999999989,1.105999999999989,0.0001934007153791027,1.105999999999989,1.105999999999989,0.0001934007153791027
1.106999999999989,1.106999999999989,0.0001895913071154994,1.106999999999989,1.106999999999989,0.0001895913071154994
1.107999999999989,1.107999999999989,0.0001858984245516371,1.107999999999989,1.107999999999989,0.0001858984245516371
1.108999999999989,1.108999999999989,0.0001823192081497602,1.108999999999989,1.108999999999989,0.0001823192081497602
1.109999999999989,1.109999999999989,0.0001788508346924192,1.109999999999989,1.109999999999989,0.0001788508346924192
1.110999999999988,1.110999999999988,0.0001754905182223886,1.110999999999988,1.110999999999988,0.0001754905182223886
1.111999999999988,1.111999999999988,0.0001722355109419699,1.111999999999988,1.111999999999988,0.0001722355109419699
1.112999999999988,1.112999999999988,0.0001690831040613944,1.112999999999988,1.112999999999988,0.0001690831040613944
1.113999999999988,1.113999999999988,0.0001660306285983797,1.113999999999988,1.113999999999988,0.0001660306285983797
1.114999999999988,1.114999999999988,0.0001630754561267057,1.114999999999988,1.114999999999988,0.0001630754561267057
1.115999999999988,1.115999999999988,0.0001602149994712868,1.115999999999988,1.115999999999988,0.0001602149994712868
1.116999999999988,1.116999999999988,0.0001574467133486147,1.116999999999988,1.116999999999988,0.0001574467133486147
1.117999999999988,1.117999999999988,0.0001547680949518199,1.117999999999988,1.117999999999988,0.0001547680949518199
1.118999999999988,1.118999999999988,0.0001521766844785673,1.118999999999988,1.118999999999988,0.0001521766844785673
1.119999999999987,1.119999999999987,0.0001496700656031945,1.119999999999987,1.119999999999987,0.0001496700656031945
1.120999999999987,1.120999999999987,0.0001472458658879915,1.120999999999987,1.120999999999987,0.0001472458658879915
1.121999999999987,1.121999999999987,0.0001449017571403421,1.121999999999987,1.121999999999987,0.0001449017571403421
1.122999999999987,1.122999999999987,0.0001426354557074422,1.122999999999987,1.122999999999987,0.0001426354557074422
1.123999999999987,1.123999999999987,0.0001404447227190218,1.123999999999987,1.123999999999987,0.0001404447227190218
1.124999999999987,1.124999999999987,0.0001383273642659702,1.124999999999987,1.124999999999987,0.0001383273642659702
1.125999999999987,1.125999999999987,0.0001362812315281111,1.125999999999987,1.125999999999987,0.0001362812315281111
1.126999999999987,1.126999999999987,0.0001343042208422866,1.126999999999987,1.126999999999987,0.0001343042208422866
1.127999999999987,1.127999999999987,0.0001323942737188054,1.127999999999987,1.127999999999987,0.0001323942737188054
1.128999999999986,1.128999999999986,0.0001305493768011268,1.128999999999986,1.128999999999986,0.0001305493768011268
1.129999999999986,1.129999999999986,0.0001287675617760988,1.129999999999986,1.129999999999986,0.0001287675617760988
1.130999999999986,1.130999999999986,0.0001270469052319007,1.130999999999986,1.130999999999986,0.0001270469052319007
1.131999999999986,1.131999999999986,0.0001253855284683008,1.131999999999986,1.131999999999986,0.0001253855284683008
1.132999999999986,1.132999999999986,0.0001237815972598828,1.132999999999986,1.132999999999986,0.0001237815972598828
1.133999999999986,1.133999999999986,0.0001222333215714207,1.133999999999986,1.133999999999986,0.0001222333215714207
1.134999999999986,1.134999999999986,0.0001207389552338112,1.134999999999986,1.134999999999986,0.0001207389552338112
1.135999999999986,1.135999999999986,0.0001192967955772692,1.135999999999986,1.135999999999986,0.0001192967955772692
1.136999999999986,1.136999999999986,0.0001179051830245254,1.136999999999986,1.136999999999986,0.0001179051830245254
1.137999999999985,1.137999999999985,0.000116562500649453,1.137999999999985,1.137999999999985,0.000116562500649453
1.138999999999985,1.138999999999985,0.0001152671736986108,1.138999999999985,1.138999999999985,0.0001152671736986108
1.139999999999985,1.139999999999985,0.0001140176690839336,1.139999999999985,1.139999999999985,0.0001140176690839336
1.140999999999985,1.140999999999985,0.0001128124948415356,1.140999999999985,1.140999999999985,0.0001128124948415356
1.141999999999985,1.141999999999985,0.000111650199566351,1.141999999999985,1.141999999999985,0.000111650199566351
1.142999999999985,1.142999999999985,0.0001105293718183215,1.142999999999985,1.142999999999985,0.0001105293718183215
1.143999999999985,1.143999999999985,0.0001094486395089164,1.143999999999985,1.143999999999985,0.0001094486395089164
1.144999999999985,1.144999999999985,0.0001084066692620107,1.144999999999985,1.144999999999985,0.0001084066692620107
1.145999999999985,1.145999999999985,0.0001074021657600573,1.145999999999985,1.145999999999985,0.0001074021657600573
1.146999999999984,1.146999999999984,0.0001064338710719767,1.146999999999984,1.146999999999984,0.0001064338710719767
1.147999999999984,1.147999999999984,0.0001055005639660294,1.147999999999984,1.147999999999984,0.0001055005639660294
1.148999999999984,1.148999999999984,0.0001046010592100945,1.148999999999984,1.148999999999984,0.0001046010592100945
1.149999999999984,1.149999999999984,0.0001037342068624468,1.149999999999984,1.149999999999984,0.0001037342068624468
1.150999999999984,1.150999999999984,0.0001028988915516068,1.150999999999984,1.150999999999984,0.0001028988915516068
1.151999999999984,1.151999999999984,0.0001020940317507562,1.151999999999984,1.151999999999984,0.0001020940317507562
1.152999999999984,1.152999999999984,0.0001013185790464657,1.152999999999984,1.152999999999984,0.0001013185790464657
1.153999999999984,1.153999999999984,0.0001005715174030112,1.153999999999984,1.153999999999984,0.0001005715174030112
1.154999999999984,1.154999999999984,9.985186242501345e-05,1.154999999999984,1.154999999999984,9.985186242501345e-05
1.155999999999983,1.155999999999983,9.915866061933456e-05,1.155999999999983,1.155999999999983,9.915866061933456e-05
1.156999999999983,1.156999999999983,9.849098865719383e-05,1.156999999999983,1.156999999999983,9.849098865719383e-05
1.157999999999983,1.157999999999983,9.784795263874267e-05,1.157999999999983,1.157999999999983,9.784795263874267e-05
1.158999999999983,1.158999999999983,9.722868736036093e-05,1.158999999999983,1.158999999999983,9.722868736036093e-05
1.159999999999983,1.159999999999983,9.66323555862267e-05,1.159999999999983,1.159999999999983,9.66323555862267e-05
1.160999999999983,1.160999999999983,9.6058147325734e-05,1.160999999999983,1.160999999999983,9.6058147325734e-05
1.161999999999983,1.161999999999983,9.550527911555624e-05,1.161999999999983,1.161999999999983,9.550527911555624e-05
1.162999999999983,1.162999999999983,9.497299331180915e-05,1.162999999999983,1.162999999999983,9.497299331180915e-05
1.163999999999983,1.163999999999983,9.446055738668271e-05,1.163999999999983,1.163999999999983,9.446055738668271e-05
1.164999999999982,1.164999999999982,9.396726323661185e-05,1.164999999999982,1.164999999999982,9.396726323661185e-05
1.165999999999982,1.165999999999982,9.349242649859124e-05,1.165999999999982,1.165999999999982,9.349242649859124e-05
1.166999999999982,1.166999999999982,9.30353858757914e-05,1.166999999999982,1.166999999999982,9.30353858757914e-05
1.167999999999982,1.167999999999982,9.259550247522352e-05,1.167999999999982,1.167999999999982,9.259550247522352e-05
1.168999999999982,1.168999999999982,9.217215915614896e-05,1.168999999999982,1.168999999999982,9.217215915614896e-05
1.169999999999982,1.169999999999982,9.176475988870934e-05,1.169999999999982,1.169999999999982,9.176475988870934e-05
1.170999999999982,1.170999999999982,9.137272912516314e-05,1.170999999999982,1.170999999999982,9.137272912516314e-05
1.171999999999982,1.171999999999982,9.099551118348604e-05,1.171999999999982,1.171999999999982,9.099551118348604e-05
1.172999999999982,1.172999999999982,9.063256964351776e-05,1.172999999999982,1.172999999999982,9.063256964351776e-05
1.173999999999982,1.173999999999982,9.028338675413383e-05,1.173999999999982,1.173999999999982,9.028338675413383e-05
1.174999999999981,1.174999999999981,8.994746285520789e-05,1.174999999999981,1.174999999999981,8.994746285520789e-05
1.175999999999981,1.175999999999981,8.962431581080815e-05,1.175999999999981,1.175999999999981,8.962431581080815e-05
1.176999999999981,1.176999999999981,8.931348045669875e-05,1.176999999999981,1.176999999999981,8.931348045669875e-05
1.177999999999981,1.177999999999981,8.901450806040708e-05,1.177999999999981,1.177999999999981,8.901450806040708e-05
1.178999999999981,1.178999999999981,8.872696579269634e-05,1.178999999999981,1.178999999999981,8.872696579269634e-05
1.179999999999981,1.179999999999981,8.845043621566349e-05,1.179999999999981,1.179999999999981,8.845043621566349e-05
1.180999999999981,1.180999999999981,8.818451678101941e-05,1.180999999999981,1.180999999999981,8.818451678101941e-05
1.181999999999981,1.181999999999981,8.792881934030635e-05,1.181999999999981,1.181999999999981,8.792881934030635e-05
1.182999999999981,1.182999999999981,8.768296967300954e-05,1.182999999999981,1.182999999999981,8.768296967300954e-05
1.18399999999998,1.18399999999998,8.744660702158643e-05,1.18399999999998,1.18399999999998,8.744660702158643e-05
1.18499999999998,1.18499999999998,8.721938364235755e-05,1.18499999999998,1.18499999999998,8.721938364235755e-05
1.18599999999998,1.18599999999998,8.700096436887275e-05,1.18599999999998,1.18599999999998,8.700096436887275e-05
1.18699999999998,1.18699999999998,8.679102618638359e-05,1.18699999999998,1.18699999999998,8.679102618638359e-05
1.18799999999998,1.18799999999998,8.658925781927718e-05,1.18799999999998,1.18799999999998,8.658925781927718e-05
1.18899999999998,1.18899999999998,8.639535933053882e-05,1.18899999999998,1.18899999999998,8.639535933053882e-05
1.18999999999998,1.18999999999998,8.620904173126894e-05,1.18999999999998,1.18999999999998,8.620904173126894e-05
1.19099999999998,1.19099999999998,8.603002660553704e-05,1.19099999999998,1.19099999999998,8.603002660553704e-05
1.19199999999998,1.19199999999998,8.585804574264508e-05,1.19199999999998,1.19199999999998,8.585804574264508e-05
1.192999999999979,1.192999999999979,8.569284078307862e-05,1.192999999999979,1.192999999999979,8.569284078307862e-05
1.193999999999979,1.193999999999979,8.553416287394557e-05,1.193999999999979,1.193999999999979,8.553416287394557e-05
1.194999999999979,1.194999999999979,8.538177233570237e-05,1.194999999999979,1.194999999999979,8.538177233570237e-05
1.195999999999979,1.195999999999979,8.523543833939312e-05,1.195999999999979,1.195999999999979,8.523543833939312e-05
1.196999999999979,1.196999999999979,8.509493859457857e-05,1.196999999999979,1.196999999999979,8.509493859457857e-05
1.197999999999979,1.197999999999979,8.496005904529144e-05,1.197999999999979,1.197999999999979,8.496005904529144e-05
1.198999999999979,1.198999999999979,8.483059357878221e-05,1.198999999999979,1.198999999999979,8.483059357878221e-05
1.2,1.2,8.470634374093488e-05,1.2,1.2,8.470634374093488e-05
