nfin_pu,nfin_pd,nfin_acc,vdd,temp,hsnm_mv,rsnm_mv,wsnm_mv,read_type_x,read0_q_node_disturb_mv,read0_qb_node_disturb_mv,read0_high_node_drop_mv,read0_wl_to_q_node_disturb_peak_ps,read0_wl_to_qb_node_disturb_peak_ps,read0_average_read_current_ua,read0_peak_read_current_ua,read0_read_power_uw,read0_read_energy_fj,read0_read_success,read_type_y,read1_q_node_disturb_mv,read1_qb_node_disturb_mv,read1_high_node_drop_mv,read1_wl_to_q_node_disturb_peak_ps,read1_wl_to_qb_node_disturb_peak_ps,read1_average_read_current_ua,read1_peak_read_current_ua,read1_read_power_uw,read1_read_energy_fj,read1_read_success,write0_cell_write_delay_ps,write0_q_node_voltage_excursion_mv,write0_qb_node_voltage_excursion_mv,write0_average_write_current_ua,write0_peak_write_current_ua,write0_write_power_uw,write0_write_energy_fj,write0_write_success,write_type_x,write1_cell_write_delay_ps,write1_q_node_voltage_excursion_mv,write1_qb_node_voltage_excursion_mv,write1_average_write_current_ua,write1_peak_write_current_ua,write1_write_power_uw,write1_write_energy_fj,write1_write_success,write_type_y,worst_write_delay_ps,worst_write_power_uw,worst_write_energy_fj,hold_type_x,hold0_hold_high_node_drop_mv,hold0_hold_low_node_disturb_mv,hold0_hold_leakage_current_na,hold0_hold_power_uw,hold0_hold_energy_fj,hold0_hold_success,hold_type_y,hold1_hold_high_node_drop_mv,hold1_hold_low_node_disturb_mv,hold1_hold_leakage_current_na,hold1_hold_power_uw,hold1_hold_energy_fj,hold1_hold_success
1,1,1,0.6,27,,,,read_0,93.5104,1.00414,1.00414,212.094,212.094,0.0167257,1.67637,0.0100354,0.100354,1.0,read_1,1.00414,93.5104,1.00414,212.094,212.094,0.0167257,1.67637,0.0100354,0.100354,1.0,161.535,599.898,599.898,0.0494741999999999,5.19359,0.0296845,0.2968449999999999,1.0,write_0,108.165,599.905,599.996,0.0504482,5.235519999999999,0.0302689,0.302689,1.0,write_1,161.535,0.0302689,0.302689,hold_0,8.0195,0.263791,9.25835,0.00555501,0.0555501,1.0,hold_1,8.11545,0.254167,9.17804,0.00550682,0.0550682,1.0
1,1,1,0.7,27,,,,read_0,112.224,1.36685,1.36685,9668.22,211.563,0.0192866,1.96248,0.0135006,0.135006,1.0,read_1,1.36686,112.224,1.36686,211.563,9668.22,0.0192866,1.96248,0.0135006,0.135006,1.0,155.923,699.8889999999999,699.8910000000001,0.062784,8.23802,0.0439488,0.439488,1.0,write_0,92.6438,699.8989999999999,699.9960000000001,0.063086,8.26092,0.0441602,0.441602,1.0,write_1,155.923,0.0441602,0.441602,hold_0,7.50144,0.18033,11.6931,0.00818519,0.0818519,1.0,hold_1,7.49063,0.178874,11.7417,0.00821916,0.0821916,1.0
1,1,1,0.8,27,,,,read_0,130.947,1.89512,1.89512,9167.73,272.758,0.0224044,2.24824,0.0179235,0.179235,1.0,read_1,1.89513,130.947,1.89513,272.758,9167.73,0.0224044,2.24824,0.0179235,0.179235,1.0,152.504,799.877,799.878,0.0780107,12.0022,0.0624085,0.624085,1.0,write_0,83.2157,799.8939999999999,799.9939999999999,0.0770733,12.0009,0.0616586,0.616586,1.0,write_1,152.504,0.0624085,0.624085,hold_0,7.264,0.387013,14.4693,0.0115754,0.115754,1.0,hold_1,7.19586,0.222887,14.3496,0.0114797,0.114797,1.0
1,1,1,0.9,27,,,,read_0,149.636,2.618,2.618,142.007,142.007,0.0258823,2.53329,0.0232941,0.232941,1.0,read_1,2.61802,149.636,2.61802,142.007,142.007,0.0258823,2.53329,0.0232941,0.232941,1.0,149.97799999999998,899.86,899.868,0.0947858,16.1099,0.0853072,0.8530719999999999,1.0,write_0,76.9089,899.8810000000001,899.9910000000001,0.0922633,16.093,0.083037,0.83037,1.0,write_1,149.97799999999998,0.0853072,0.8530719999999999,hold_0,7.19405,0.559504,17.9158,0.0161243,0.161243,1.0,hold_1,7.13461,0.377701,18.1871,0.0163684,0.163684,1.0
1,1,1,1.0,27,312.23,160.89,343.13,read_0,168.299,3.55734,3.55734,140.374,140.374,0.0290131,2.81786,0.0290131,0.290131,1.0,read_1,3.55735,168.299,3.55735,140.374,140.374,0.0290131,2.81786,0.0290131,0.290131,1.0,147.954,999.838,999.845,0.1133119999999999,20.8487,0.1133119999999999,1.13312,1.0,write_0,72.4694,999.857,999.992,0.10697,20.753,0.10697,1.0697,1.0,write_1,147.954,0.1133119999999999,1.13312,hold_0,7.21047,0.502165,22.0995,0.0220995,0.220995,1.0,hold_1,7.22739,0.421462,21.9808,0.0219808,0.219808,1.0
1,1,1,1.1,27,341.95,175.81,388.15,read_0,186.97,4.74363,4.74363,9744.29,9438.57,0.0314779,3.10199,0.0346256,0.346256,1.0,read_1,4.74365,186.97,4.74365,9438.57,9744.29,0.0314779,3.10199,0.0346256,0.346256,1.0,146.22799999999998,1099.81,1099.81,0.1332559999999999,25.9532,0.146582,1.46582,1.0,write_0,69.40899999999999,1099.84,1099.98,0.12449,25.9971,0.13694,1.3694,1.0,write_1,146.22799999999998,0.146582,1.46582,hold_0,7.40635,0.547682,26.8127,0.0294939,0.294939,1.0,hold_1,7.40401,0.543175,26.6775,0.0293452,0.293452,1.0
1,1,1,1.2,27,371.19,190.35,433.13,read_0,205.703,6.205,6.205,231.773,9477.74,0.0347132,3.38625,0.0416559,0.416559,1.0,read_1,6.20503,205.703,6.20503,9477.74,231.773,0.0347132,3.38625,0.0416559,0.416559,1.0,144.622,1199.78,1199.78,0.154675,31.274,0.18561,1.8561,1.0,write_0,66.8345,1199.8,1199.98,0.142769,31.0583,0.171323,1.71323,1.0,write_1,144.622,0.18561,1.8561,hold_0,7.69337,0.807888,32.4211,0.0389054,0.389054,1.0,hold_1,7.69454,0.793822,32.5006,0.0390008,0.390008,1.0
1,1,1,1.3,27,399.97,204.57,483.14,read_0,224.55,7.97858,7.97858,118.185,9507.11,0.0380305,3.67081,0.0494397,0.494397,1.0,read_1,7.97861,224.55,7.97861,9507.11,118.185,0.0380305,3.67081,0.0494397,0.494397,1.0,143.142,1299.74,1299.73,0.1773809999999999,37.0201,0.230595,2.30595,1.0,write_0,64.7435,1299.77,1299.98,0.162206,37.1017,0.210867,2.10867,1.0,write_1,143.142,0.230595,2.30595,hold_0,8.05924,0.797858,38.7467,0.0503707,0.503707,1.0,hold_1,8.07329,0.879268,39.001,0.0507014,0.507014,1.0
1,1,2,0.6,27,186.6,58.28,288.08,read_0,144.648,3.83416,3.83416,540.196,540.196,0.0225889,2.2971,0.0135534,0.135534,1.0,read_1,3.83417,144.648,3.83417,540.196,540.196,0.0225889,2.2971,0.0135534,0.135534,1.0,142.256,599.896,599.896,0.0367626999999999,6.74402,0.0220576,0.220576,1.0,write_0,76.9724,599.906,600.0,0.0396419,6.76083,0.0237852,0.237852,1.0,write_1,142.256,0.0237852,0.237852,hold_0,11.1652,0.32489,10.6325,0.00637952,0.0637952,1.0,hold_1,11.2207,0.32629,10.6782,0.00640692,0.0640692,1.0
1,1,2,0.7,27,219.09,64.1,348.18,read_0,175.815,5.96337,5.96337,388.851,4619.78,0.0265774,2.68962,0.0186042,0.186042,1.0,read_1,5.96338,175.815,5.96338,4619.78,388.851,0.0265774,2.68962,0.0186042,0.186042,1.0,137.499,699.888,699.8919999999999,0.0462388,9.91368,0.0323670999999999,0.323671,1.0,write_0,67.6052,699.9,699.993,0.0491968,10.5588,0.0344376999999999,0.344377,1.0,write_1,137.499,0.0344376999999999,0.344377,hold_0,10.1192,0.359257,13.6016,0.00952115,0.0952115,1.0,hold_1,10.1506,0.25287,13.4744,0.00943207,0.0943207,1.0
1,1,2,0.8,27,250.82,68.39,408.13,read_0,208.218,9.06456,9.06456,413.118,3886.43,0.0306266,3.0805,0.0245013,0.245013,1.0,read_1,9.06457,208.218,9.06457,3886.43,413.118,0.0306266,3.0805,0.0245013,0.245013,1.0,133.895,799.877,799.877,0.0567416999999999,12.6058,0.0453933,0.453933,1.0,write_0,61.8354,799.89,799.995,0.0601776,15.1641,0.0481421,0.481421,1.0,write_1,133.895,0.0481421,0.481421,hold_0,9.80489,0.206445,16.7497,0.0133997,0.133997,1.0,hold_1,9.71016,0.247033,16.7481,0.0133985,0.133985,1.0
1,1,2,0.9,27,281.83,71.47,473.08,read_0,241.788,13.2156,13.2156,198.684,274.797,0.0347292,3.46915,0.0312563,0.312563,1.0,read_1,13.2156,241.788,13.2156,274.797,198.684,0.0347292,3.46915,0.0312563,0.312563,1.0,130.852,899.8589999999999,899.867,0.0684677,15.3108,0.0616209,0.616209,1.0,write_0,57.942,899.8760000000001,899.993,0.071463,20.3757,0.0643166999999999,0.643167,1.0,write_1,130.852,0.0643166999999999,0.643167,hold_0,9.64616,0.262708,20.4888,0.0184399,0.184399,1.0,hold_1,9.73713,0.763148,20.6619,0.0185957,0.185957,1.0
1,1,2,1.0,27,312.17,73.49,543.06,read_0,276.509,18.4684,18.4684,192.468,192.468,0.0388938,3.85595,0.0388938,0.388938,1.0,read_1,18.4684,276.509,18.4684,192.468,192.468,0.0388938,3.85595,0.0388938,0.388938,1.0,128.233,999.837,999.846,0.0814213999999999,18.196,0.0814213999999999,0.814214,1.0,write_0,55.1422,999.859,999.992,0.0843213999999999,25.4332,0.0843213999999999,0.8432139999999999,1.0,write_1,128.233,0.0843213999999999,0.8432139999999999,hold_0,9.86088,0.872876,24.8557,0.0248557,0.248557,1.0,hold_1,9.80298,0.363195,24.8301,0.0248301,0.248301,1.0
1,1,2,1.1,27,341.89,74.4,618.07,read_0,312.391,24.8847,24.8847,190.909,190.909,0.04313,4.24846,0.0474429,0.474429,1.0,read_1,24.8847,312.391,24.8847,190.909,190.909,0.04313,4.24846,0.0474429,0.474429,1.0,125.896,1099.81,1099.81,0.0955758,21.3718,0.1051329999999999,1.05133,1.0,write_0,52.9082,1099.83,1099.99,0.0982878999999999,29.953000000000003,0.108117,1.08117,1.0,write_1,125.896,0.108117,1.08117,hold_0,10.0776,0.819632,29.9469,0.0329416,0.329416,1.0,hold_1,10.0524,0.537572,29.708,0.0326788,0.326788,1.0
1,1,2,1.2,27,371.12,74.36,698.09,read_0,349.467,32.5452,32.5452,188.413,188.413,0.0474343,4.64072,0.0569212,0.569212,1.0,read_1,32.5452,349.467,32.5452,188.413,188.413,0.0474343,4.64072,0.0569212,0.569212,1.0,123.74,1199.77,1199.78,0.110901,24.5605,0.133081,1.33081,1.0,write_0,51.0674,1199.81,1199.98,0.113403,35.3503,0.1360829999999999,1.36083,1.0,write_1,123.74,0.1360829999999999,1.36083,hold_0,10.4546,0.659672,35.8147,0.0429777,0.429777,1.0,hold_1,10.4549,0.657171,36.333,0.0435995,0.435995,1.0
1,1,2,1.3,27,399.9,73.35,778.04,read_0,387.783,41.5528,41.5528,182.21,182.21,0.0519319,5.02966,0.0675115,0.675115,1.0,read_1,41.5529,387.783,41.5529,182.21,182.21,0.0519319,5.02966,0.0675115,0.675115,1.0,121.761,1299.73,1299.73,0.127425,28.0873,0.165652,1.65652,1.0,write_0,49.5417,1299.77,1299.98,0.129802,41.0734,0.168743,1.68743,1.0,write_1,121.761,0.168743,1.68743,hold_0,10.9314,0.90151,42.7501,0.0555752,0.555752,1.0,hold_1,10.9888,0.816597,42.0736,0.0546957,0.546957,1.0
1,1,3,0.6,27,186.53,33.51,342.78,read_0,180.218,9.40087,9.40087,716.398,716.398,0.0279004,2.90599,0.0167402,0.167402,1.0,read_1,9.40087,180.218,9.40087,716.398,716.398,0.0279004,2.90599,0.0167402,0.167402,1.0,135.112,599.894,599.898,0.0315875,6.51499,0.0189525,0.189525,1.0,write_0,67.4593,599.906,599.997,0.0358726,7.75471,0.0215236,0.215236,1.0,write_1,135.112,0.0215236,0.215236,hold_0,14.3657,0.320565,12.2826,0.00736955,0.0736955,1.0,hold_1,14.2861,0.331429,12.0405,0.00722432,0.0722432,1.0
1,1,3,0.7,27,219.02,33.42,,read_0,221.122,15.4401,15.4401,1919.22,719.217,0.0327558,3.40259,0.0229291,0.229291,1.0,read_1,15.4401,221.122,15.4401,719.217,1919.22,0.0327558,3.40259,0.0229291,0.229291,1.0,130.28799999999998,699.888,699.8910000000001,0.0393656,8.77378,0.027556,0.2755599999999999,1.0,write_0,59.9953,699.8989999999999,699.995,0.0444971,12.1401,0.031148,0.31148,1.0,write_1,130.28799999999998,0.031148,0.31148,hold_0,12.9588,0.313928,15.3073,0.0107151,0.107151,1.0,hold_1,13.0325,0.300706,15.3546,0.0107482,0.107482,1.0
1,1,3,0.8,27,250.76,31.37,800.0,read_0,264.859,24.3266,24.3266,466.372,466.372,0.0376832,3.89491,0.0301466,0.301466,1.0,read_1,24.3266,264.859,24.3266,466.372,466.372,0.0376832,3.89491,0.0301466,0.301466,1.0,126.498,799.8739999999999,799.878,0.0481875,10.797,0.03855,0.3855,1.0,write_0,55.2404,799.8910000000001,799.993,0.0544497,15.826,0.0435597,0.435597,1.0,write_1,126.498,0.0435597,0.435597,hold_0,12.3725,0.513086,18.9304,0.0151443,0.151443,1.0,hold_1,12.408,0.465332,18.7134,0.0149707,0.149707,1.0
1,1,3,0.9,27,281.77,27.73,900.0,read_0,311.449,36.5482,36.5482,647.657,3447.66,0.0425432,4.38668,0.0382889,0.382889,1.0,read_1,36.5482,311.449,36.5482,3447.66,647.657,0.0425432,4.38668,0.0382889,0.382889,1.0,123.369,899.857,899.8639999999999,0.0580947999999999,13.0008,0.0522854,0.522854,1.0,write_0,51.9455,899.875,899.9910000000001,0.0662014,20.2043,0.0595813,0.595813,1.0,write_1,123.369,0.0595813,0.595813,hold_0,12.2925,0.750381,22.9579,0.0206622,0.206622,1.0,hold_1,12.2713,0.762985,23.1569,0.0208412,0.208412,1.0
1,1,3,1.0,27,312.11,28.84,,read_0,361.004,52.8274,52.8274,3806.52,400.664,0.0475122,4.89105,0.0475122,0.475122,1.0,read_1,52.8274,361.004,52.8274,400.664,3806.52,0.0475122,4.89105,0.0475122,0.475122,1.0,120.532,999.834,999.84,0.0692866999999999,15.3819,0.0692866999999999,0.692867,1.0,write_0,49.415,999.859,999.992,0.0769182,24.9002,0.0769182,0.7691819999999999,1.0,write_1,120.532,0.0769182,0.7691819999999999,hold_0,12.2808,0.309813,27.6727,0.0276727,0.276727,1.0,hold_1,12.2643,0.314542,28.0136,0.0280136,0.280136,1.0
1,1,3,1.1,27,341.83,38.4,1100.0,read_0,413.865,74.4838,74.4838,594.137,3373.15,0.0528041,5.39133,0.0580845,0.580845,1.0,read_1,74.4838,413.865,74.4838,3373.15,594.137,0.0528041,5.39133,0.0580845,0.580845,1.0,118.173,1099.81,1099.82,0.0819394,17.9312,0.0901333,0.901333,1.0,write_0,47.3308,1099.83,1099.99,0.0900794999999999,30.018,0.0990873999999999,0.990874,1.0,write_1,118.173,0.0990873999999999,0.990874,hold_0,12.6547,0.476725,33.1869,0.0365056,0.365056,1.0,hold_1,12.7005,0.365948,32.8492,0.0361341,0.361341,1.0
1,1,3,1.2,27,371.06,50.66,1200.0,read_0,471.158,104.967,104.967,3596.28,796.281,0.0586698,5.88626,0.0704038,0.704038,1.0,read_1,104.967,471.158,104.967,796.281,3596.28,0.0586698,5.88626,0.0704038,0.704038,1.0,116.143,1199.77,1199.78,0.095962,20.7988,0.1151539999999999,1.15154,1.0,write_0,45.6227,1199.8,1199.98,0.104378,34.9103,0.125253,1.25253,1.0,write_1,116.143,0.125253,1.25253,hold_0,13.2359,0.588368,39.2525,0.047103,0.47103,1.0,hold_1,13.1806,0.595013,39.3992,0.0472791,0.472791,1.0
1,1,3,1.3,27,399.83,63.34,1300.0,read_0,541.825,167.567,167.567,1761.3,1361.3,0.0640312,6.37798,0.0832406,0.832406,1.0,read_1,167.567,541.825,167.567,1361.3,1761.3,0.0640312,6.37798,0.0832406,0.832406,1.0,114.424,1299.73,1299.73,0.111814,24.1315,0.145359,1.45359,1.0,write_0,44.0008,1299.77,1299.98,0.119769,40.5085,0.155699,1.55699,1.0,write_1,114.424,0.155699,1.55699,hold_0,13.8169,0.820034,46.6331,0.0606231,0.606231,1.0,hold_1,13.8357,0.764046,46.7958,0.0608345,0.608345,1.0
1,1,4,0.6,27,186.45,16.93,382.96,read_0,207.37,18.5196,18.5196,1849.89,708.768,0.0337909,3.5099,0.0202746,0.202746,1.0,read_1,18.5196,207.37,18.5196,708.768,1849.89,0.0337909,3.5099,0.0202746,0.202746,1.0,131.005,599.8919999999999,599.896,0.0284617,6.1458900000000005,0.017077,0.17077,1.0,write_0,62.6292,599.905,599.997,0.0338284,8.63267,0.0202971,0.202971,1.0,write_1,131.005,0.0202971,0.202971,hold_0,17.5794,0.34652,13.7309,0.00823853,0.0823853,1.0,hold_1,17.5875,0.389001,13.7923,0.00827541,0.0827541,1.0
1,1,4,0.7,27,218.96,17.77,700.0,read_0,256.268,31.8198,31.8198,616.33,616.33,0.0396589,4.10491,0.0277612,0.277612,1.0,read_1,31.8198,256.268,31.8198,616.33,616.33,0.0396589,4.10491,0.0277612,0.277612,1.0,126.245,699.885,699.8910000000001,0.0353079,8.21636,0.0247155,0.247155,1.0,write_0,55.9939,699.9,699.9960000000001,0.0419046999999999,11.6817,0.0293332999999999,0.293333,1.0,write_1,126.245,0.0293332999999999,0.293333,hold_0,15.8733,0.351728,17.2701,0.0120891,0.120891,1.0,hold_1,15.883,0.351985,17.4061,0.0121843,0.121843,1.0
1,1,4,0.8,27,250.7,26.38,800.0,read_0,310.356,53.9357,53.9357,2806.98,806.985,0.0449472,4.69646,0.0359578,0.359578,1.0,read_1,53.9357,310.356,53.9357,806.985,2806.98,0.0449472,4.69646,0.0359578,0.359578,1.0,122.302,799.873,799.883,0.0431892,9.98409,0.0345514,0.345514,1.0,write_0,51.7789,799.89,799.9939999999999,0.0513294999999999,15.206,0.0410636,0.4106359999999999,1.0,write_1,122.302,0.0410636,0.4106359999999999,hold_0,14.9929,0.294973,20.8872,0.0167098,0.167098,1.0,hold_1,14.9569,0.302987,21.2435,0.0169948,0.169948,1.0
1,1,4,0.9,27,281.71,39.27,900.0,read_0,377.244,107.218,107.218,3668.08,4068.08,0.051872,5.30729,0.0466848,0.466848,1.0,read_1,107.218,377.244,107.218,4068.08,3668.08,0.051872,5.30729,0.0466848,0.466848,1.0,119.213,899.855,899.862,0.0526035,11.9323,0.0473431999999999,0.4734319999999999,1.0,write_0,48.5715,899.88,899.993,0.0624728,20.0608,0.0562255,0.5622550000000001,1.0,write_1,119.213,0.0562255,0.5622550000000001,hold_0,14.6804,0.232233,25.4457,0.0229011,0.229011,1.0,hold_1,14.7912,0.678755,25.2411,0.022717,0.22717,1.0
1,1,4,1.0,27,312.05,54.55,,read_0,577.984,422.076,422.076,3098.91,1131.94,0.0599818,5.91696,0.0599818,0.599818,0.0,read_1,422.076,577.984,422.076,1131.94,3098.91,0.0599818,5.91696,0.0599818,0.599818,0.0,116.516,999.83,999.842,0.0631357,14.0336,0.0631357,0.631357,1.0,write_0,46.0767,999.861,999.992,0.0729503999999999,24.5428,0.0729503999999999,0.729504,1.0,write_1,116.516,0.0729503999999999,0.729504,hold_0,14.8861,0.295849,30.3462,0.0303462,0.303462,1.0,hold_1,14.8461,0.31135,30.1515,0.0301515,0.301515,1.0
1,1,4,1.1,27,341.77,74.29,,read_0,642.27,457.757,457.757,3036.89,613.481,0.0656824,6.52013,0.0722507,0.722507,0.0,read_1,457.757,642.27,457.757,613.481,3036.89,0.0656824,6.52013,0.0722507,0.722507,0.0,114.165,1099.8,1099.82,0.0753298999999999,16.3045,0.0828628999999999,0.8286290000000001,1.0,write_0,44.0323,1099.83,1099.99,0.0857309,29.6024,0.094304,0.94304,1.0,write_1,114.165,0.094304,0.94304,hold_0,15.2808,0.362054,36.2265,0.0398492,0.398492,1.0,hold_1,15.3219,0.351024,36.2383,0.0398621,0.398621,1.0
1,1,4,1.2,27,370.99,98.88,,read_0,707.504,492.591,492.591,3036.37,557.615,0.072928,7.11528,0.0875136,0.875136,0.0,read_1,492.591,707.504,492.591,557.615,3036.37,0.072928,7.11528,0.0875136,0.875136,0.0,112.249,1199.78,1199.78,0.089643,18.9559,0.107572,1.07572,1.0,write_0,42.3068,1199.81,1199.98,0.0995136,34.7825,0.119416,1.19416,1.0,write_1,112.249,0.119416,1.19416,hold_0,15.9202,0.405348,42.8051,0.0513662,0.513662,1.0,hold_1,15.8007,0.589622,43.1302,0.0517562,0.517562,1.0
1,1,4,1.3,27,399.77,133.21,,read_0,773.508,526.516,526.516,3365.24,382.008,0.0789339,7.71135,0.102614,1.02614,0.0,read_1,526.516,773.508,526.516,382.008,3365.24,0.0789339,7.71135,0.102614,1.02614,0.0,110.685,1299.74,1299.74,0.106405,21.9743,0.138326,1.38326,1.0,write_0,40.8111,1299.77,1299.98,0.117188,40.3205,0.152344,1.52344,1.0,write_1,110.685,0.152344,1.52344,hold_0,16.6358,0.733422,50.5373,0.0656984,0.656984,1.0,hold_1,16.6951,0.575816,50.1751,0.0652277,0.652277,1.0
1,1,5,0.6,27,186.38,24.4,,read_0,230.836,34.7821,34.7821,2445.3,1245.3,0.0389651,4.10756,0.0233791,0.233791,1.0,read_1,34.7821,230.836,34.7821,1245.3,2445.3,0.0389651,4.10756,0.0233791,0.233791,1.0,128.265,599.891,599.899,0.0263179,5.91337,0.0157907,0.157907,1.0,write_0,59.5448,599.909,599.996,0.0325156,8.256910000000001,0.0195094,0.195094,1.0,write_1,128.265,0.0195094,0.195094,hold_0,20.8221,0.451692,15.4245,0.00925472,0.0925472,1.0,hold_1,20.7542,0.372968,15.4226,0.00925354,0.0925354,1.0
1,1,5,0.7,27,218.9,34.91,700.0,read_0,398.509,301.59,301.59,2679.94,2446.79,0.0481089,4.79832,0.0336763,0.336763,0.0,read_1,301.59,398.509,301.59,2446.79,2679.94,0.0481089,4.79832,0.0336763,0.336763,0.0,123.523,699.883,699.893,0.0325053,7.9972,0.0227537,0.227537,1.0,write_0,53.5354,699.903,699.9960000000001,0.0402653,11.6543,0.0281857,0.281857,1.0,write_1,123.523,0.0281857,0.281857,hold_0,18.757,0.312611,18.9593,0.0132715,0.132715,1.0,hold_1,18.6652,0.340684,19.1089,0.0133762,0.133762,1.0
1,1,5,0.8,27,250.64,51.21,,read_0,460.649,339.44,339.44,2148.49,1096.39,0.0554946,5.4984,0.0443957,0.443957,0.0,read_1,339.44,460.649,339.44,1096.39,2148.49,0.0554946,5.4984,0.0443957,0.443957,0.0,119.686,799.8710000000001,799.883,0.0400615999999999,9.62672,0.0320493,0.320493,1.0,write_0,49.3008,799.8910000000001,799.995,0.0492911,15.442,0.0394329,0.394329,1.0,write_1,119.686,0.0394329,0.394329,hold_0,17.5911,0.346847,23.2059,0.0185647,0.185647,1.0,hold_1,17.6671,0.342048,22.9553,0.0183643,0.183643,1.0
1,1,5,0.9,27,281.65,74.3,900.0,read_0,524.138,375.918,375.918,1500.46,672.531,0.0625419,6.21864,0.0562877,0.562877,0.0,read_1,375.918,524.138,375.918,672.531,1500.46,0.0625419,6.21864,0.0562877,0.562877,0.0,116.632,899.852,899.863,0.0489376,11.3327,0.0440438,0.440438,1.0,write_0,46.373000000000005,899.875,899.993,0.0600831,19.859,0.0540748,0.540748,1.0,write_1,116.632,0.0540748,0.540748,hold_0,17.3749,0.241836,28.0375,0.0252337,0.252337,1.0,hold_1,17.2766,0.299463,27.6779,0.0249101,0.249101,1.0
1,1,5,1.0,27,311.99,105.24,1000.0,read_0,588.84,411.208,411.208,603.046,489.141,0.068979,6.93252,0.068979,0.68979,0.0,read_1,411.208,588.84,411.208,489.141,603.046,0.068979,6.93252,0.068979,0.68979,0.0,113.848,999.832,999.839,0.0593854,13.338,0.0593854,0.593854,1.0,write_0,43.9463,999.856,999.989,0.0703971,24.1469,0.0703971,0.703971,1.0,write_1,113.848,0.0703971,0.703971,hold_0,17.3861,0.287611,33.2059,0.0332059,0.332059,1.0,hold_1,17.3998,0.254287,33.3292,0.0333292,0.333292,1.0
1,1,5,1.1,27,341.71,144.91,,read_0,654.625,445.416,445.416,2567.53,388.12,0.0771274,7.63716,0.0848402,0.848402,0.0,read_1,445.416,654.625,445.416,388.12,2567.53,0.0771274,7.63716,0.0848402,0.848402,0.0,111.712,1099.81,1099.82,0.071648,15.5013,0.0788128,0.7881279999999999,1.0,write_0,41.9281,1099.84,1099.99,0.082837,29.0452,0.0911207,0.911207,1.0,write_1,111.712,0.0911207,0.911207,hold_0,18.0339,0.330449,38.9265,0.0428191,0.428191,1.0,hold_1,17.9706,1.07041,39.1503,0.0430653,0.430653,1.0
1,1,5,1.2,27,370.93,190.27,1200.0,read_0,721.394,478.618,478.618,585.507,425.121,0.0848797,8.33085,0.101856,1.01856,0.0,read_1,478.618,721.394,478.618,425.121,585.507,0.0848797,8.33085,0.101856,1.01856,0.0,110.004,1199.76,1199.78,0.0864625,18.0774,0.103755,1.03755,1.0,write_0,40.1756,1199.81,1199.99,0.0964637,34.5751,0.115756,1.15756,1.0,write_1,110.004,0.115756,1.15756,hold_0,18.5703,0.428554,46.3264,0.0555916,0.555916,1.0,hold_1,18.6857,1.2557,46.0195,0.0552234,0.552234,1.0
1,1,5,1.3,27,399.7,229.31,1300.0,read_0,789.072,510.998,510.998,2721.2,359.519,0.0904758,9.02613,0.117619,1.17619,0.0,read_1,510.998,789.072,510.998,359.519,2721.2,0.0904758,9.02613,0.117619,1.17619,0.0,108.5,1299.73,1299.74,0.104292,21.133000000000003,0.13558,1.3558,1.0,write_0,38.7865,1299.77,1299.98,0.112499,40.4066,0.146248,1.46248,1.0,write_1,108.5,0.146248,1.46248,hold_0,19.606,0.501085,54.0275,0.0702358,0.702358,1.0,hold_1,19.4913,0.502244,54.1189,0.0703546,0.703546,1.0
1,2,1,0.6,27,169.38,110.59,158.27,read_0,56.1413,0.74925,0.74925,388.152,259.366,0.0168851,1.68767,0.0101311,0.101311,1.0,read_1,0.74926,56.1413,0.74926,259.366,388.152,0.0168851,1.68767,0.0101311,0.101311,1.0,170.868,599.8009999999999,599.8,0.0689656,5.34791,0.0413793,0.413793,1.0,write_0,125.068,599.808,599.996,0.0691853,5.35119,0.0415112,0.415112,1.0,write_1,170.868,0.0415112,0.415112,hold_0,8.10707,0.758956,14.3119,0.00858717,0.0858717,1.0,hold_1,8.09146,0.755672,14.2922,0.00857529,0.0857529,1.0
1,2,1,0.7,27,197.12,128.66,183.26,read_0,66.9502,0.903749,0.903749,188.59,188.59,0.019899,1.97644,0.0139293,0.139293,1.0,read_1,0.903762,66.9502,0.903762,188.59,188.59,0.019899,1.97644,0.0139293,0.139293,1.0,163.91299999999998,699.79,699.791,0.0886182,8.557360000000001,0.0620327,0.6203270000000001,1.0,write_0,106.635,699.802,699.995,0.086907,8.52313,0.0608349,0.608349,1.0,write_1,163.91299999999998,0.0620327,0.6203270000000001,hold_0,7.37391,0.739507,18.6561,0.0130593,0.130593,1.0,hold_1,7.37987,0.721628,18.6032,0.0130222,0.130222,1.0
1,2,1,0.8,27,223.62,146.2,213.31,read_0,77.6171,1.12893,1.12893,265.958,265.958,0.0229815,2.2694,0.0183852,0.183852,1.0,read_1,1.12895,77.6171,1.12895,265.958,265.958,0.0229815,2.2694,0.0183852,0.183852,1.0,159.501,799.7660000000001,799.7689999999999,0.110769,12.4549,0.0886154,0.8861540000000001,1.0,write_0,95.5078,799.7819999999999,799.995,0.1065049999999999,12.3639,0.0852037,0.852037,1.0,write_1,159.501,0.0886154,0.8861540000000001,hold_0,7.11598,0.741182,23.7848,0.0190278,0.190278,1.0,hold_1,7.11315,0.739513,23.5639,0.0188511,0.188511,1.0
1,2,1,0.9,27,249.01,163.04,238.2,read_0,88.1608,1.43905,1.43905,142.572,197.561,0.0266552,2.56196,0.0239897,0.239897,1.0,read_1,1.43907,88.1608,1.43907,197.561,142.572,0.0266552,2.56196,0.0239897,0.239897,1.0,156.421,899.737,899.737,0.135509,16.8081,0.121959,1.21959,1.0,write_0,88.0571,899.752,899.9939999999999,0.128417,16.9464,0.115575,1.15575,1.0,write_1,156.421,0.121959,1.21959,hold_0,7.12002,0.742314,29.9373,0.0269436,0.269436,1.0,hold_1,7.13603,0.744994,29.8605,0.0268745,0.268745,1.0
1,2,1,1.0,27,273.47,179.48,273.29,read_0,98.6174,1.85577,1.85577,142.815,113.594,0.0299564,2.85417,0.0299564,0.299564,1.0,read_1,1.85581,98.6174,1.85581,113.594,142.815,0.0299564,2.85417,0.0299564,0.299564,1.0,154.126,999.698,999.689,0.162689,21.9748,0.162689,1.62689,1.0,write_0,82.7423,999.713,999.987,0.152002,21.725,0.152002,1.52002,1.0,write_1,154.126,0.162689,1.62689,hold_0,7.25953,0.73426,37.2463,0.0372463,0.372463,1.0,hold_1,7.22746,0.740813,36.8313,0.0368313,0.368313,1.0
1,2,1,1.1,27,297.0,195.33,303.23,read_0,109.04,2.39589,2.39589,143.42,113.449,0.0333589,3.14752,0.0366948,0.366948,1.0,read_1,2.39593,109.04,2.39593,113.449,143.42,0.0333589,3.14752,0.0366948,0.366948,1.0,152.283,1099.65,1099.64,0.192217,27.3502,0.211439,2.11439,1.0,write_0,78.7999,1099.67,1099.98,0.177283,27.4003,0.195011,1.95011,1.0,write_1,152.283,0.211439,2.11439,hold_0,7.41071,0.756776,45.296,0.0498256,0.498256,1.0,hold_1,7.47025,0.735857,45.5045,0.050055,0.50055,1.0
1,2,1,1.2,27,319.69,210.6,338.24,read_0,119.481,3.09324,3.09324,144.054,113.401,0.0368639,3.44375,0.0442367,0.442367,1.0,read_1,3.09329,119.481,3.09329,113.401,144.054,0.0368639,3.44375,0.0442367,0.442367,1.0,150.75799999999998,1199.58,1199.57,0.224188,33.2192,0.269025,2.69025,1.0,write_0,75.7855,1199.6,1199.98,0.2047109999999999,33.2163,0.245653,2.45653,1.0,write_1,150.75799999999998,0.269025,2.69025,hold_0,7.782,0.756693,56.0611,0.0672733,0.672733,1.0,hold_1,7.77553,0.753914,55.6209,0.0667451,0.667451,1.0
1,2,1,1.3,27,341.64,225.33,373.2,read_0,129.992,3.98628,3.98628,89.9746,113.378,0.040485,3.74079,0.0526304,0.526304,1.0,read_1,3.98634,129.992,3.98634,113.378,89.9746,0.040485,3.74079,0.0526304,0.526304,1.0,149.284,1299.52,1299.49,0.2580639999999999,39.0518,0.335483,3.35483,1.0,write_0,73.3553,1299.53,1299.98,0.2343869999999999,39.2593,0.304703,3.04703,1.0,write_1,149.284,0.335483,3.35483,hold_0,8.19151,0.810169,67.3211,0.0875174,0.875174,1.0,hold_1,8.18817,0.809978,67.4643,0.0877035,0.877035,1.0
1,2,2,0.6,27,169.34,78.72,253.18,read_0,93.9238,2.02902,2.02902,283.27,283.27,0.0233956,2.31551,0.0140374,0.140374,1.0,read_1,2.02903,93.9238,2.02903,283.27,283.27,0.0233956,2.31551,0.0140374,0.140374,1.0,146.019,599.8009999999999,599.8009999999999,0.0520693,6.67289,0.0312416,0.3124159999999999,1.0,write_0,84.4216,599.811,599.997,0.0540048,6.604939999999999,0.0324029,0.324029,1.0,write_1,146.019,0.0324029,0.324029,hold_0,11.1156,0.922816,15.8039,0.00948233,0.0948233,1.0,hold_1,11.1165,0.907841,15.9561,0.00957365,0.0957365,1.0
1,2,2,0.7,27,197.09,89.51,303.23,read_0,112.818,2.77151,2.77151,248.905,1002.34,0.0273508,2.72055,0.0191455,0.191455,1.0,read_1,2.77153,112.818,2.77153,1002.34,248.905,0.0273508,2.72055,0.0191455,0.191455,1.0,141.696,699.788,699.789,0.0661889,10.4791,0.0463322,0.463322,1.0,write_0,73.6994,699.8,699.9989999999999,0.0667461,10.5184,0.0467223,0.4672229999999999,1.0,write_1,141.696,0.0467223,0.4672229999999999,hold_0,10.0807,0.943732,20.1859,0.0141301,0.141301,1.0,hold_1,10.1209,0.939727,20.1788,0.0141251,0.141251,1.0
1,2,2,0.8,27,223.58,99.29,353.18,read_0,131.771,3.86213,3.86213,649.983,183.197,0.0316455,3.1259,0.0253164,0.253164,1.0,read_1,3.86215,131.771,3.86215,183.197,649.983,0.0316455,3.1259,0.0253164,0.253164,1.0,138.026,799.7639999999999,799.77,0.0825113,14.5121,0.0660091,0.660091,1.0,write_0,67.0125,799.7769999999999,799.992,0.0816687,15.0363,0.0653349,0.653349,1.0,write_1,138.026,0.0660091,0.660091,hold_0,9.65593,0.863087,25.9376,0.0207501,0.207501,1.0,hold_1,9.66477,0.869228,25.7294,0.0205835,0.205835,1.0
1,2,2,0.9,27,248.98,108.43,408.18,read_0,150.742,5.35146,5.35146,252.541,180.282,0.0360562,3.53008,0.0324506,0.324506,1.0,read_1,5.35148,150.742,5.35148,180.282,252.541,0.0360562,3.53008,0.0324506,0.324506,1.0,135.299,899.7339999999999,899.7360000000001,0.100758,18.0505,0.0906817999999999,0.906818,1.0,write_0,62.5504,899.7510000000001,899.9910000000001,0.0983426,20.2788,0.0885083,0.885083,1.0,write_1,135.299,0.0906817999999999,0.906818,hold_0,9.5628,0.89368,32.2906,0.0290615,0.290615,1.0,hold_1,9.49433,0.909104,32.3098,0.0290788,0.290788,1.0
1,2,2,1.0,27,273.44,116.91,463.11,read_0,169.735,7.30228,7.30228,136.381,423.41,0.0406222,3.93342,0.0406222,0.406222,1.0,read_1,7.30231,169.735,7.30231,423.41,136.381,0.0406222,3.93342,0.0406222,0.406222,1.0,132.947,999.692,999.695,0.121056,21.7612,0.121056,1.21056,1.0,write_0,59.3942,999.717,999.998,0.11695,25.9182,0.11695,1.1695,1.0,write_1,132.947,0.121056,1.21056,hold_0,9.82819,0.856891,39.9312,0.0399312,0.399312,1.0,hold_1,9.73336,0.932134,39.7107,0.0397107,0.397107,1.0
1,2,2,1.1,27,296.97,124.82,523.09,read_0,188.785,9.77578,9.77578,134.821,1199.25,0.0453333,4.33653,0.0498666,0.498666,1.0,read_1,9.77582,188.785,9.77582,1199.25,134.821,0.0453333,4.33653,0.0498666,0.498666,1.0,130.582,1099.64,1099.64,0.14328,25.6389,0.157608,1.57608,1.0,write_0,57.0094,1099.67,1099.99,0.137621,32.0546,0.151383,1.51383,1.0,write_1,130.582,0.157608,1.57608,hold_0,10.0938,0.979819,48.7704,0.0536475,0.536475,1.0,hold_1,10.1141,0.842913,48.6924,0.0535616,0.535616,1.0
1,2,2,1.2,27,319.66,132.03,588.12,read_0,207.933,12.8381,12.8381,133.042,181.482,0.0502003,4.7403,0.0602403,0.602403,1.0,read_1,12.8382,207.933,12.8382,181.482,133.042,0.0502003,4.7403,0.0602403,0.602403,1.0,128.507,1199.58,1199.57,0.167621,29.7475,0.201145,2.01145,1.0,write_0,55.0081,1199.6,1199.98,0.159593,37.9498,0.191511,1.91511,1.0,write_1,128.507,0.201145,2.01145,hold_0,10.4084,1.00143,59.3766,0.0712519,0.712519,1.0,hold_1,10.4493,1.00523,59.478,0.0713736,0.713736,1.0
1,2,2,1.3,27,341.6,138.61,653.1,read_0,227.224,16.5662,16.5662,206.084,148.594,0.0549269,5.14501,0.071405,0.71405,1.0,read_1,16.5663,227.224,16.5663,148.594,206.084,0.0549269,5.14501,0.071405,0.71405,1.0,126.708,1299.5,1299.48,0.194167,33.8614,0.252417,2.52417,1.0,write_0,53.4573,1299.53,1299.98,0.183865,43.54600000000001,0.239025,2.39025,1.0,write_1,126.708,0.252417,2.52417,hold_0,10.9781,1.03751,71.5303,0.0929894,0.929894,1.0,hold_1,10.9804,1.03794,71.3953,0.0928138,0.928138,1.0
1,2,3,0.6,27,169.3,55.77,303.14,read_0,122.558,4.33156,4.33156,552.987,4105.73,0.0294517,2.93768,0.017671,0.17671,1.0,read_1,4.33157,122.558,4.33157,4105.73,552.987,0.0294517,2.93768,0.017671,0.17671,1.0,138.208,599.797,599.8,0.0452792,7.14676,0.0271675,0.271675,1.0,write_0,72.7326,599.807,599.998,0.0486386,7.51107,0.0291830999999999,0.291831,1.0,write_1,138.208,0.0291830999999999,0.291831,hold_0,14.2234,1.00616,17.3535,0.0104121,0.104121,1.0,hold_1,14.2259,1.00023,17.5584,0.010535,0.10535,1.0
1,2,3,0.7,27,197.05,60.68,363.16,read_0,148.248,6.4396,6.4396,496.285,3227.36,0.0348482,3.45147,0.0243937,0.243937,1.0,read_1,6.43962,148.248,6.43962,3227.36,496.285,0.0348482,3.45147,0.0243937,0.243937,1.0,133.592,699.785,699.789,0.0571809,9.87733,0.0400265999999999,0.400266,1.0,write_0,64.1774,699.799,699.998,0.0612079,11.8118,0.0428455,0.428455,1.0,write_1,133.592,0.0428455,0.428455,hold_0,12.8747,1.09896,22.0094,0.0154066,0.154066,1.0,hold_1,12.9515,0.716604,22.1414,0.015499,0.15499,1.0
1,2,3,0.8,27,223.55,64.17,423.02,read_0,174.574,9.54316,9.54316,236.989,1733.04,0.0398603,3.965,0.0318882,0.318882,1.0,read_1,9.54318,174.574,9.54318,1733.04,236.989,0.0398603,3.965,0.0318882,0.318882,1.0,130.002,799.762,799.7669999999999,0.0708472,12.465,0.0566778,0.566778,1.0,write_0,58.9567,799.7769999999999,799.998,0.0740898999999999,16.7666,0.0592719,0.592719,1.0,write_1,130.002,0.0592719,0.592719,hold_0,12.2413,0.887046,27.9416,0.0223533,0.223533,1.0,hold_1,12.2441,0.893988,27.9958,0.0223966,0.223966,1.0
1,2,3,0.9,27,248.94,66.4,493.06,read_0,201.467,13.7646,13.7646,388.367,4649.51,0.0458526,4.47632,0.0412673,0.412673,1.0,read_1,13.7646,201.467,13.7646,4649.51,388.367,0.0458526,4.47632,0.0412673,0.412673,1.0,126.857,899.73,899.7389999999999,0.0863937,15.2361,0.0777543,0.777543,1.0,write_0,55.2968,899.7489999999999,899.99,0.089313,20.9378,0.0803817,0.803817,1.0,write_1,126.857,0.0803817,0.803817,hold_0,12.0209,1.00652,34.7114,0.0312402,0.312402,1.0,hold_1,12.1507,1.11112,34.4072,0.0309665,0.309665,1.0
1,2,3,1.0,27,273.41,67.61,562.96,read_0,228.913,19.2006,19.2006,400.372,257.845,0.051593,4.9859,0.051593,0.51593,1.0,read_1,19.2007,228.913,19.2007,257.845,400.372,0.051593,4.9859,0.051593,0.51593,1.0,124.153,999.688,999.697,0.103998,18.273,0.103998,1.03998,1.0,write_0,52.5908,999.711,999.988,0.106599,26.1308,0.106599,1.06599,1.0,write_1,124.153,0.106599,1.06599,hold_0,12.1483,1.10556,42.5683,0.0425683,0.425683,1.0,hold_1,12.1003,1.11462,42.4823,0.0424823,0.424823,1.0
1,2,3,1.1,27,296.94,67.64,643.04,read_0,256.942,25.9488,25.9488,400.693,255.85,0.0574884,5.49537,0.0632373,0.632373,1.0,read_1,25.9488,256.942,25.9488,255.85,400.693,0.0574884,5.49537,0.0632373,0.632373,1.0,121.732,1099.64,1099.65,0.123317,21.3852,0.135649,1.35649,1.0,write_0,50.4756,1099.67,1099.99,0.1254299999999999,31.4624,0.137972,1.37972,1.0,write_1,121.732,0.137972,1.37972,hold_0,12.5432,1.1581,52.0377,0.0572415,0.572415,1.0,hold_1,12.737,1.06678,51.4576,0.0566033,0.566033,1.0
1,2,3,1.2,27,319.62,66.69,723.02,read_0,285.61,34.1449,34.1449,398.114,253.184,0.0635408,6.00511,0.0762489,0.762489,1.0,read_1,34.1449,285.61,34.1449,253.184,398.114,0.0635408,6.00511,0.0762489,0.762489,1.0,119.531,1199.57,1199.58,0.144819,24.8839,0.173783,1.73783,1.0,write_0,48.7371,1199.6,1199.98,0.146317,36.7029,0.1755799999999999,1.7558,1.0,write_1,119.531,0.1755799999999999,1.7558,hold_0,13.2441,1.07163,62.6027,0.0751232,0.751232,1.0,hold_1,13.1571,1.20219,62.419,0.0749028,0.749028,1.0
1,2,3,1.3,27,341.56,64.68,802.93,read_0,315.008,43.9799,43.9799,422.732,264.606,0.0697692,6.516,0.0907,0.907,1.0,read_1,43.98,315.008,43.98,264.606,422.732,0.0697692,6.516,0.0907,0.907,1.0,117.619,1299.51,1299.46,0.168717,28.5245,0.219332,2.19332,1.0,write_0,47.2394,1299.53,1299.98,0.169262,42.1669,0.220041,2.20041,1.0,write_1,117.619,0.220041,2.20041,hold_0,13.7975,1.2617,75.4607,0.0980989,0.980989,1.0,hold_1,13.8499,1.26159,75.3734,0.0979854,0.979854,1.0
1,2,4,0.6,27,169.26,38.18,,read_0,146.067,8.01223,8.01223,751.455,2751.46,0.0349069,3.55281,0.0209441,0.209441,1.0,read_1,8.01224,146.067,8.01224,2751.46,751.455,0.0349069,3.55281,0.0209441,0.209441,1.0,133.664,599.797,599.806,0.0409985999999999,6.668130000000001,0.0245991,0.245991,1.0,write_0,66.8219,599.81,600.001,0.0458485,8.37455,0.0275091,0.275091,1.0,write_1,133.664,0.0275091,0.275091,hold_0,17.3196,0.851987,19.0223,0.0114134,0.114134,1.0,hold_1,17.3492,1.03434,18.8877,0.0113326,0.113326,1.0
1,2,4,0.7,27,197.01,38.68,,read_0,178.051,12.6507,12.6507,350.552,3611.47,0.0412245,4.17276,0.0288571,0.288571,1.0,read_1,12.6507,178.051,12.6507,3611.47,350.552,0.0412245,4.17276,0.0288571,0.288571,1.0,128.96,699.7819999999999,699.789,0.0517244,9.04947,0.0362071,0.362071,1.0,write_0,59.381,699.802,699.9939999999999,0.0574511,12.3536,0.0402158,0.402158,1.0,write_1,128.96,0.0402158,0.402158,hold_0,15.715,0.824025,23.8173,0.0166721,0.166721,1.0,hold_1,15.7778,0.815829,24.1047,0.0168733,0.168733,1.0
1,2,4,0.8,27,223.51,37.16,,read_0,211.725,19.6143,19.6143,339.145,2830.84,0.0476506,4.79147,0.0381205,0.381205,1.0,read_1,19.6143,211.725,19.6143,2830.84,339.145,0.0476506,4.79147,0.0381205,0.381205,1.0,125.182,799.7589999999999,799.7669999999999,0.0640523,11.264,0.0512418,0.512418,1.0,write_0,54.7363,799.778,799.9939999999999,0.069912,16.2617,0.0559295999999999,0.559296,1.0,write_1,125.182,0.0559295999999999,0.559296,hold_0,14.8938,1.25229,29.9493,0.0239594,0.239594,1.0,hold_1,14.9145,1.25822,29.8196,0.0238556,0.238556,1.0
1,2,4,0.9,27,248.91,34.04,557.92,read_0,247.184,29.3338,29.3338,323.814,3602.43,0.0541355,5.40674,0.048722,0.48722,1.0,read_1,29.3338,247.184,29.3338,3602.43,323.814,0.0541355,5.40674,0.048722,0.48722,1.0,121.893,899.7289999999999,899.742,0.0780395,13.6282,0.0702356,0.7023560000000001,1.0,write_0,51.4962,899.748,899.9910000000001,0.0845151,20.933000000000003,0.0760636,0.760636,1.0,write_1,121.893,0.0760636,0.760636,hold_0,14.5487,1.12828,37.0855,0.033377,0.33377,1.0,hold_1,14.5053,1.26834,37.3274,0.0335946,0.335946,1.0
1,2,4,1.0,27,273.37,29.36,1000.0,read_0,284.649,42.3662,42.3662,1561.31,462.21,0.0607317,6.01928,0.0607317,0.607317,1.0,read_1,42.3662,284.649,42.3662,462.21,1561.31,0.0607317,6.01928,0.0607317,0.607317,1.0,119.081,999.69,999.687,0.0942485,16.3021,0.0942485,0.942485,1.0,write_0,48.7959,999.715,999.992,0.101083,25.657,0.101083,1.01083,1.0,write_1,119.081,0.101083,1.01083,hold_0,14.7812,1.27112,45.3682,0.0453682,0.453682,1.0,hold_1,14.7181,1.18613,45.1593,0.0451593,0.451593,1.0
1,2,4,1.1,27,296.9,33.36,742.88,read_0,324.554,59.6434,59.6434,3889.87,429.379,0.0674282,6.6309,0.074171,0.74171,1.0,read_1,59.6434,324.554,59.6434,429.379,3889.87,0.0674282,6.6309,0.074171,0.74171,1.0,116.662,1099.63,1099.64,0.1124039999999999,19.0729,0.123645,1.23645,1.0,write_0,46.8579,1099.66,1099.99,0.119281,31.0134,0.131209,1.31209,1.0,write_1,116.662,0.131209,1.31209,hold_0,15.3195,1.27493,54.9884,0.0604873,0.604873,1.0,hold_1,15.0194,1.31508,54.9987,0.0604986,0.604986,1.0
1,2,4,1.2,27,319.59,43.47,,read_0,367.773,83.0592,83.0592,548.911,4105.02,0.0741373,7.24343,0.0889648,0.889648,1.0,read_1,83.0592,367.773,83.0592,4105.02,548.911,0.0741373,7.24343,0.0889648,0.889648,1.0,114.588,1199.57,1199.57,0.133215,22.1527,0.159857,1.59857,1.0,write_0,45.0256,1199.61,1199.98,0.1395809999999999,36.4359,0.167498,1.67498,1.0,write_1,114.588,0.167498,1.67498,hold_0,15.7458,1.37613,66.3485,0.0796182,0.796182,1.0,hold_1,15.8254,1.35839,66.2478,0.0794974,0.794974,1.0
1,2,4,1.3,27,341.53,55.45,,read_0,416.783,118.108,118.108,3633.85,833.85,0.0824822,7.85655,0.107227,1.07227,1.0,read_1,118.108,416.783,118.108,833.85,3633.85,0.0824822,7.85655,0.107227,1.07227,1.0,112.755,1299.49,1299.49,0.156631,25.6401,0.20362,2.0362,1.0,write_0,43.6291,1299.53,1299.98,0.161635,42.2504,0.210125,2.10125,1.0,write_1,112.755,0.210125,2.10125,hold_0,16.6286,1.44421,79.2981,0.103088,1.03088,1.0,hold_1,16.6274,1.44441,79.409,0.103232,1.03232,1.0
1,2,5,0.6,27,169.21,24.41,600.0,read_0,166.366,13.549,13.549,984.575,984.575,0.0406126,4.16202,0.0243675,0.243675,1.0,read_1,13.549,166.366,13.549,984.575,984.575,0.0406126,4.16202,0.0243675,0.243675,1.0,130.648,599.793,599.805,0.0381732,6.370830000000001,0.0229039,0.229039,1.0,write_0,63.1369,599.813,600.001,0.0440384,8.80638,0.0264230999999999,0.264231,1.0,write_1,130.648,0.0264230999999999,0.264231,hold_0,20.3633,0.898904,20.4218,0.0122531,0.122531,1.0,hold_1,20.4899,0.931925,20.3552,0.0122131,0.122131,1.0
1,2,5,0.7,27,196.98,21.58,700.0,read_0,204.53,22.5763,22.5763,453.483,453.483,0.0478967,4.88629,0.0335277,0.335277,1.0,read_1,22.5763,204.53,22.5763,453.483,453.483,0.0478967,4.88629,0.0335277,0.335277,1.0,125.865,699.7810000000001,699.7919999999999,0.0479385,8.66195,0.033557,0.33557,1.0,write_0,56.3611,699.799,699.995,0.0550241999999999,12.008,0.038517,0.3851699999999999,1.0,write_1,125.865,0.038517,0.3851699999999999,hold_0,18.6619,1.25749,25.805,0.0180635,0.180635,1.0,hold_1,18.6248,0.912482,26.1268,0.0182888,0.182888,1.0
1,2,5,0.8,27,223.48,19.46,,read_0,246.147,37.0416,37.0416,603.353,603.353,0.0552617,5.60799,0.0442094,0.442094,1.0,read_1,37.0417,246.147,37.0417,603.353,603.353,0.0552617,5.60799,0.0442094,0.442094,1.0,122.006,799.757,799.77,0.0594609,10.6352,0.0475687,0.4756869999999999,1.0,write_0,52.0934,799.783,799.9939999999999,0.0682771,16.1545,0.0546216999999999,0.546217,1.0,write_1,122.006,0.0546216999999999,0.546217,hold_0,17.6067,1.37292,32.1886,0.0257509,0.257509,1.0,hold_1,17.6331,0.962442,32.166,0.0257328,0.257328,1.0
1,2,5,0.9,27,248.88,29.72,,read_0,292.487,60.2381,60.2381,2787.59,787.588,0.0634556,6.32473,0.05711,0.5711,1.0,read_1,60.2381,292.487,60.2381,787.588,2787.59,0.0634556,6.32473,0.05711,0.5711,1.0,118.632,899.7260000000001,899.7410000000001,0.0727741,12.7275,0.0654967,0.654967,1.0,write_0,48.9022,899.752,899.9960000000001,0.0814082,20.6237,0.0732674,0.7326739999999999,1.0,write_1,118.632,0.0732674,0.7326739999999999,hold_0,17.1003,1.41686,39.6269,0.0356642,0.356642,1.0,hold_1,17.1489,1.14446,39.4289,0.035486,0.35486,1.0
1,2,5,1.0,27,273.34,42.38,1000.0,read_0,351.652,111.805,111.805,1643.34,1643.34,0.0702774,7.03761,0.0702774,0.702774,1.0,read_1,111.805,351.652,111.805,1643.34,1643.34,0.0702774,7.03761,0.0702774,0.702774,1.0,115.88,999.681,999.7,0.0881816,15.1145,0.0881816,0.8818159999999999,1.0,write_0,46.3292,999.713,999.99,0.0988321,25.3651,0.0988321,0.988321,1.0,write_1,115.88,0.0988321,0.988321,hold_0,17.1811,1.31396,48.2981,0.0482981,0.482981,1.0,hold_1,17.131,1.25585,48.3381,0.0483381,0.483381,1.0
1,2,5,1.1,27,296.87,57.61,,read_0,601.844,498.242,498.242,3357.87,757.714,0.079803,7.74898,0.0877833,0.877833,0.0,read_1,498.242,601.844,498.242,757.714,3357.87,0.079803,7.74898,0.0877833,0.877833,0.0,113.613,1099.64,1099.65,0.106041,17.7758,0.116646,1.16646,1.0,write_0,44.3682,1099.66,1099.99,0.1162859999999999,30.7254,0.127914,1.27914,1.0,write_1,113.613,0.127914,1.27914,hold_0,17.5895,1.40785,58.1242,0.0639366,0.639366,1.0,hold_1,17.9178,1.46422,58.2114,0.0640325,0.640325,1.0
1,2,5,1.2,27,319.55,78.28,1200.0,read_0,661.519,538.535,538.535,2941.48,524.539,0.0882039,8.46006,0.105845,1.05845,0.0,read_1,538.535,661.519,538.535,524.539,2941.48,0.0882039,8.46006,0.105845,1.05845,0.0,111.372,1199.57,1199.59,0.126608,20.6048,0.1519299999999999,1.5193,1.0,write_0,42.7281,1199.6,1199.99,0.135214,36.1548,0.1622559999999999,1.62256,1.0,write_1,111.372,0.1622559999999999,1.62256,hold_0,18.4898,1.46402,69.6594,0.0835912,0.835912,1.0,hold_1,18.4463,1.48165,69.8537,0.0838244,0.838244,1.0
1,2,5,1.3,27,341.49,103.19,1300.0,read_0,721.829,578.22,578.22,2944.58,474.663,0.0972317,9.17381,0.126401,1.26401,0.0,read_1,578.22,721.829,578.22,474.663,2944.58,0.0972317,9.17381,0.126401,1.26401,0.0,109.571,1299.49,1299.51,0.150871,23.8069,0.196132,1.96132,1.0,write_0,41.1419,1299.53,1299.98,0.156804,41.9102,0.203846,2.03846,1.0,write_1,109.571,0.203846,2.03846,hold_0,19.4912,1.53815,83.207,0.108169,1.08169,1.0,hold_1,19.594,1.53522,82.7009,0.107511,1.07511,1.0
1,3,1,0.6,27,159.44,113.75,138.25,read_0,40.3097,0.751065,0.751065,9735.28,254.371,0.0170101,1.70021,0.0102061,0.102061,1.0,read_1,0.75108,40.3097,0.75108,254.371,9735.28,0.0170101,1.70021,0.0102061,0.102061,1.0,178.821,599.7040000000001,599.702,0.0873424,5.50669,0.0524054,0.524054,1.0,write_0,141.596,599.712,599.998,0.0871345,5.49319,0.0522807,0.522807,1.0,write_1,178.821,0.0524054,0.524054,hold_0,8.20458,0.685817,19.3357,0.0116014,0.116014,1.0,hold_1,8.2038,0.68326,19.4475,0.0116685,0.116685,1.0
1,3,1,0.7,27,184.66,131.93,163.34,read_0,47.9649,0.861585,0.861585,271.923,196.356,0.0201244,1.99754,0.0140871,0.140871,1.0,read_1,0.861606,47.9649,0.861606,196.356,271.923,0.0201244,1.99754,0.0140871,0.140871,1.0,170.55700000000002,699.693,699.691,0.112501,8.7705,0.0787506999999999,0.787507,1.0,write_0,120.162,699.696,699.995,0.110541,8.80167,0.0773784,0.773784,1.0,write_1,170.55700000000002,0.0787506999999999,0.787507,hold_0,7.52382,0.65434,25.3615,0.017753,0.17753,1.0,hold_1,7.5168,0.641749,25.4233,0.0177963,0.177963,1.0
1,3,1,0.8,27,208.34,149.27,188.36,read_0,55.4945,1.02746,1.02746,146.571,458.989,0.0232909,2.29598,0.0186327,0.186327,1.0,read_1,1.02749,55.4945,1.02749,458.989,146.571,0.0232909,2.29598,0.0186327,0.186327,1.0,165.11700000000002,799.6569999999999,799.653,0.140771,12.7731,0.112617,1.12617,1.0,write_0,106.968,799.666,799.992,0.13665,12.9166,0.10932,1.0932,1.0,write_1,165.11700000000002,0.112617,1.12617,hold_0,7.18279,0.648503,32.856,0.0262848,0.262848,1.0,hold_1,7.13059,0.647987,32.5658,0.0260526,0.260526,1.0
1,3,1,0.9,27,230.68,165.8,213.35,read_0,62.9213,1.26153,1.26153,145.459,115.874,0.0270023,2.59498,0.0243021,0.243021,1.0,read_1,1.26157,62.9213,1.26157,115.874,145.459,0.0270023,2.59498,0.0243021,0.243021,1.0,161.407,899.615,899.605,0.172154,17.5916,0.154939,1.54939,1.0,write_0,98.3853,899.6239999999999,899.992,0.1642839999999999,17.4976,0.147855,1.47855,1.0,write_1,161.407,0.154939,1.54939,hold_0,7.06975,0.639865,41.6765,0.0375088,0.375088,1.0,hold_1,7.0748,0.62414,41.4573,0.0373116,0.373116,1.0
1,3,1,1.0,27,252.01,181.6,238.3,read_0,70.2815,1.56998,1.56998,145.173,115.187,0.0303717,2.89424,0.0303717,0.303717,1.0,read_1,1.57002,70.2815,1.57002,115.187,145.173,0.0303717,2.89424,0.0303717,0.303717,1.0,158.605,999.556,999.536,0.206815,22.8426,0.206815,2.06815,1.0,write_0,92.2683,999.567,999.991,0.194964,22.7295,0.194964,1.94964,1.0,write_1,158.605,0.206815,2.06815,hold_0,7.13907,0.628609,51.84,0.05184,0.5184,1.0,hold_1,7.18671,0.638927,52.0931,0.0520931,0.520931,1.0
1,3,1,1.1,27,272.3,196.69,268.34,read_0,77.6187,1.96666,1.96666,145.269,114.791,0.0338489,3.19393,0.0372338,0.372338,1.0,read_1,1.96672,77.6187,1.96672,114.791,145.269,0.0338489,3.19393,0.0372338,0.372338,1.0,156.545,1099.49,1099.45,0.245092,28.5352,0.269602,2.69602,1.0,write_0,87.6283,1099.5,1099.99,0.228938,28.4625,0.251832,2.51832,1.0,write_1,156.545,0.269602,2.69602,hold_0,7.53233,0.58701,64.9816,0.0714798,0.714798,1.0,hold_1,7.45455,0.639434,64.3687,0.0708055,0.708055,1.0
1,3,1,1.2,27,291.67,211.15,298.33,read_0,84.9742,2.48008,2.48008,145.448,114.52,0.037451,3.49422,0.0449412,0.449412,1.0,read_1,2.48015,84.9742,2.48015,114.52,145.448,0.037451,3.49422,0.0449412,0.449412,1.0,154.71200000000002,1199.4,1199.36,0.285916,34.3315,0.343099,3.43099,1.0,write_0,84.0362,1199.4,1199.98,0.265028,34.4984,0.318034,3.18034,1.0,write_1,154.71200000000002,0.343099,3.43099,hold_0,7.88632,0.607486,79.757,0.0957084,0.957084,1.0,hold_1,7.85092,0.592433,79.5637,0.0954765,0.954765,1.0
1,3,1,1.3,27,310.18,225.04,333.38,read_0,92.3887,3.14334,3.14334,89.8247,114.268,0.041183,3.79516,0.0535379,0.535379,1.0,read_1,3.14343,92.3887,3.14343,114.268,89.8247,0.041183,3.79516,0.0535379,0.535379,1.0,153.153,1299.25,1299.3,0.329859,40.6831,0.428817,4.28817,1.0,write_0,81.1379,1299.29,1299.98,0.304344,40.8069,0.3956469999999999,3.95647,1.0,write_1,153.153,0.428817,4.28817,hold_0,8.27449,0.649442,96.4625,0.125401,1.25401,1.0,hold_1,8.30937,0.59272,96.2353,0.125106,1.25106,1.0
1,3,2,0.6,27,159.41,87.2,233.16,read_0,70.3808,1.63225,1.63225,252.354,252.354,0.0235286,2.33749,0.0141172,0.141172,1.0,read_1,1.63226,70.3808,1.63226,252.354,252.354,0.0235286,2.33749,0.0141172,0.141172,1.0,149.105,599.703,599.703,0.0660852,6.64005,0.0396510999999999,0.396511,1.0,write_0,91.8778,599.71,599.996,0.0667865,6.5754,0.0400719,0.400719,1.0,write_1,149.105,0.0400719,0.400719,hold_0,11.1844,0.763368,20.878,0.0125268,0.125268,1.0,hold_1,11.1471,0.904435,20.8935,0.0125361,0.125361,1.0
1,3,2,0.7,27,184.64,99.8,278.21,read_0,84.197,2.06367,2.06367,245.987,1795.32,0.0278285,2.74038,0.01948,0.1948,1.0,read_1,2.06369,84.197,2.06369,1795.32,245.987,0.0278285,2.74038,0.01948,0.1948,1.0,144.588,699.688,699.688,0.084493,10.4793,0.0591451,0.5914510000000001,1.0,write_0,79.4902,699.696,699.9960000000001,0.0836879,10.4871,0.0585815,0.585815,1.0,write_1,144.588,0.0591451,0.5914510000000001,hold_0,10.1594,0.836851,27.1492,0.0190044,0.190044,1.0,hold_1,10.2185,0.841114,27.1138,0.0189796,0.189796,1.0
1,3,2,0.8,27,208.32,111.39,323.13,read_0,97.9279,2.69701,2.69701,241.278,178.645,0.0322442,3.15058,0.0257954,0.257954,1.0,read_1,2.69703,97.9279,2.69703,178.645,241.278,0.0322442,3.15058,0.0257954,0.257954,1.0,141.308,799.6510000000001,799.66,0.1054809999999999,15.0329,0.0843849,0.843849,1.0,write_0,71.9449,799.668,799.995,0.102834,15.1039,0.0822672,0.822672,1.0,write_1,141.308,0.0843849,0.843849,hold_0,9.73774,0.831349,34.7741,0.0278193,0.278193,1.0,hold_1,9.71862,0.776359,34.5554,0.0276444,0.276444,1.0
1,3,2,0.9,27,230.66,122.27,373.16,read_0,111.568,3.57109,3.57109,239.015,173.697,0.0367958,3.56256,0.0331162,0.331162,1.0,read_1,3.57113,111.568,3.57113,173.697,239.015,0.0367958,3.56256,0.0331162,0.331162,1.0,138.219,899.6060000000001,899.618,0.129379,19.8831,0.116441,1.16441,1.0,write_0,66.8508,899.6239999999999,899.9960000000001,0.124146,20.2775,0.111731,1.11731,1.0,write_1,138.219,0.116441,1.16441,hold_0,9.52135,0.721979,44.2075,0.0397868,0.397868,1.0,hold_1,9.54837,0.829263,44.1498,0.0397348,0.397348,1.0
1,3,2,1.0,27,251.99,132.5,428.24,read_0,125.155,4.73405,4.73405,138.905,439.619,0.0416305,3.97895,0.0416305,0.416305,1.0,read_1,4.7341,125.155,4.7341,439.619,138.905,0.0416305,3.97895,0.0416305,0.416305,1.0,135.798,999.551,999.536,0.156071,24.246,0.156071,1.56071,1.0,write_0,63.2142,999.565,999.988,0.14783,26.0362,0.14783,1.4783,1.0,write_1,135.798,0.156071,1.56071,hold_0,9.63121,0.835505,54.9012,0.0549012,0.549012,1.0,hold_1,9.75482,0.816829,54.7053,0.0547053,0.547053,1.0
1,3,2,1.1,27,272.27,142.11,483.24,read_0,138.732,6.25307,6.25307,138.25,189.935,0.0472265,4.39629,0.0519491,0.519491,1.0,read_1,6.25313,138.732,6.25313,189.935,138.25,0.0472265,4.39629,0.0519491,0.519491,1.0,133.658,1099.48,1099.46,0.185452,28.7411,0.203997,2.0399700000000003,1.0,write_0,60.5654,1099.49,1099.99,0.174447,32.0162,0.191892,1.91892,1.0,write_1,133.658,0.203997,2.0399700000000003,hold_0,10.0892,0.808625,67.7555,0.074531,0.74531,1.0,hold_1,9.96827,0.839154,67.4197,0.0741616,0.741616,1.0
1,3,2,1.2,27,291.64,151.09,538.2,read_0,152.352,8.20322,8.20322,137.775,190.389,0.0523752,4.81529,0.0628502,0.628502,1.0,read_1,8.20329,152.352,8.20329,190.389,137.775,0.0523752,4.81529,0.0628502,0.628502,1.0,132.047,1199.39,1199.36,0.2181429999999999,33.1877,0.261771,2.61771,1.0,write_0,58.4625,1199.4,1199.99,0.203266,38.7797,0.243919,2.43919,1.0,write_1,132.047,0.261771,2.61771,hold_0,10.4503,0.849055,82.7576,0.0993091,0.993091,1.0,hold_1,10.429,0.845906,82.6318,0.0991581,0.991581,1.0
1,3,2,1.3,27,310.16,159.41,598.21,read_0,166.07,10.6732,10.6732,132.495,107.647,0.0569141,5.23796,0.0739883,0.739883,1.0,read_1,10.6733,166.07,10.6733,107.647,132.495,0.0569141,5.23796,0.0739883,0.739883,1.0,130.295,1299.23,1299.29,0.253109,38.0142,0.329042,3.29042,1.0,write_0,56.7031,1299.29,1299.98,0.235341,45.5297,0.3059429999999999,3.05943,1.0,write_1,130.295,0.329042,3.29042,hold_0,11.0688,0.869206,100.652,0.130847,1.30847,1.0,hold_1,10.9932,0.851402,100.442,0.130575,1.30575,1.0
1,3,3,0.6,27,159.38,67.17,283.18,read_0,94.2793,3.07539,3.07539,3374.59,581.024,0.0300518,2.96143,0.0180311,0.180311,1.0,read_1,3.07541,94.2793,3.07541,581.024,3374.59,0.0300518,2.96143,0.0180311,0.180311,1.0,140.841,599.702,599.706,0.0582681,7.41086,0.0349609,0.349609,1.0,write_0,77.8373,599.715,599.997,0.0605218,7.379160000000001,0.0363130999999999,0.363131,1.0,write_1,140.841,0.0363130999999999,0.363131,hold_0,14.1006,1.07587,22.4967,0.013498,0.13498,1.0,hold_1,14.1949,0.778567,22.7817,0.013669,0.13669,1.0
1,3,3,0.7,27,184.61,75.16,338.19,read_0,113.32,4.21,4.21,240.947,240.947,0.0352544,3.47745,0.0246781,0.246781,1.0,read_1,4.21002,113.32,4.21002,240.947,240.947,0.0352544,3.47745,0.0246781,0.246781,1.0,136.2,699.686,699.689,0.0739232,10.7124,0.0517463,0.517463,1.0,write_0,68.229,699.701,699.998,0.0756955,11.7029,0.0529869,0.5298689999999999,1.0,write_1,136.2,0.0529869,0.5298689999999999,hold_0,13.0022,1.02962,29.0177,0.0203124,0.203124,1.0,hold_1,12.9663,0.969563,29.2957,0.020507,0.20507,1.0
1,3,3,0.8,27,208.29,81.87,393.1,read_0,132.464,5.87949,5.87949,234.256,1749.46,0.0408893,4.00314,0.0327114,0.327114,1.0,read_1,5.87952,132.464,5.87952,1749.46,234.256,0.0408893,4.00314,0.0327114,0.327114,1.0,132.67600000000002,799.6519999999999,799.659,0.0921453,13.8101,0.0737162,0.737162,1.0,write_0,62.2872,799.666,799.998,0.0930238,16.7074,0.074419,0.74419,1.0,write_1,132.67600000000002,0.074419,0.74419,hold_0,12.3731,0.995201,36.8979,0.0295183,0.295183,1.0,hold_1,12.3581,0.965112,36.8712,0.029497,0.29497,1.0
1,3,3,0.9,27,230.63,87.67,458.17,read_0,151.672,8.17935,8.17935,231.581,173.918,0.0467089,4.52696,0.042038,0.42038,1.0,read_1,8.17938,151.672,8.17938,173.918,231.581,0.0467089,4.52696,0.042038,0.42038,1.0,129.515,899.6,899.617,0.112783,17.0445,0.101504,1.01504,1.0,write_0,58.3247,899.628,899.9989999999999,0.112746,22.0723,0.101471,1.01471,1.0,write_1,129.515,0.101504,1.01504,hold_0,12.0786,0.900907,46.5309,0.0418778,0.418778,1.0,hold_1,12.0842,0.910175,46.5922,0.041933,0.41933,1.0
1,3,3,1.0,27,251.96,92.65,518.03,read_0,170.944,11.2006,11.2006,232.265,171.475,0.0527121,5.04934,0.0527121,0.527121,1.0,read_1,11.2006,170.944,11.2006,171.475,232.265,0.0527121,5.04934,0.0527121,0.527121,1.0,126.809,999.538,999.565,0.1360569999999999,20.5857,0.1360569999999999,1.36057,1.0,write_0,55.4342,999.565,999.989,0.134737,26.9787,0.134737,1.3473700000000002,1.0,write_1,126.809,0.1360569999999999,1.36057,hold_0,12.1329,1.01335,57.6155,0.0576155,0.576155,1.0,hold_1,12.2391,0.860638,57.3144,0.0573144,0.573144,1.0
1,3,3,1.1,27,272.25,96.85,588.09,read_0,190.316,15.0494,15.0494,232.209,169.325,0.0589194,5.57153,0.0648114,0.648114,1.0,read_1,15.0495,190.316,15.0495,169.325,232.209,0.0589194,5.57153,0.0648114,0.648114,1.0,124.584,1099.46,1099.49,0.1619809999999999,24.2919,0.178179,1.7817900000000002,1.0,write_0,53.1668,1099.49,1099.98,0.159351,32.5553,0.175286,1.75286,1.0,write_1,124.584,0.178179,1.7817900000000002,hold_0,12.6391,0.998797,70.859,0.0779449,0.779449,1.0,hold_1,12.4262,1.01861,70.4012,0.0774414,0.774414,1.0
1,3,3,1.2,27,291.62,100.33,658.07,read_0,209.833,19.8305,19.8305,237.136,2634.16,0.0653861,6.09476,0.0784633,0.784633,1.0,read_1,19.8306,209.833,19.8306,2634.16,237.136,0.0653861,6.09476,0.0784633,0.784633,1.0,122.483,1199.35,1199.4,0.190518,28.2221,0.228622,2.28622,1.0,write_0,51.2952,1199.4,1199.98,0.18633,38.428,0.223597,2.23597,1.0,write_1,122.483,0.228622,2.28622,hold_0,13.2232,1.00886,86.2649,0.103518,1.03518,1.0,hold_1,13.2696,0.827193,86.3675,0.103641,1.03641,1.0
1,3,3,1.3,27,310.13,102.99,727.99,read_0,229.548,25.6985,25.6985,188.067,278.811,0.07276,6.61951,0.094588,0.94588,1.0,read_1,25.6986,229.548,25.6986,278.811,188.067,0.07276,6.61951,0.094588,0.94588,1.0,120.637,1299.22,1299.29,0.222431,32.2794,0.289161,2.89161,1.0,write_0,49.7183,1299.29,1299.98,0.216419,44.4746,0.2813449999999999,2.81345,1.0,write_1,120.637,0.289161,2.89161,hold_0,13.9153,0.833334,104.454,0.135791,1.35791,1.0,hold_1,13.994,0.828811,103.813,0.134957,1.34957,1.0
1,3,4,0.6,27,159.35,51.13,313.02,read_0,114.296,5.2353,5.2353,370.935,370.935,0.0357741,3.57456,0.0214645,0.214645,1.0,read_1,5.23531,114.296,5.23531,370.935,370.935,0.0357741,3.57456,0.0214645,0.214645,1.0,135.942,599.698,599.707,0.0531973,7.11724,0.0319184,0.319184,1.0,write_0,70.7777,599.71,599.998,0.0576669,8.09353,0.0346002,0.346002,1.0,write_1,135.942,0.0346002,0.346002,hold_0,17.2404,0.899406,23.9936,0.0143962,0.143962,1.0,hold_1,17.1961,1.21965,24.1412,0.0144847,0.144847,1.0
1,3,4,0.7,27,184.58,55.06,378.12,read_0,138.059,7.62847,7.62847,1131.41,318.743,0.0429614,4.2078,0.030073,0.30073,1.0,read_1,7.62849,138.059,7.62849,318.743,1131.41,0.0429614,4.2078,0.030073,0.30073,1.0,131.238,699.684,699.69,0.0674015,9.80288,0.047181,0.47181,1.0,write_0,62.6084,699.696,699.997,0.0714915,12.6809,0.0500440999999999,0.500441,1.0,write_1,131.238,0.0500440999999999,0.500441,hold_0,15.8046,1.18917,30.7777,0.0215444,0.215444,1.0,hold_1,15.7008,1.18766,30.5379,0.0213765,0.213765,1.0
1,3,4,0.8,27,208.27,57.42,443.07,read_0,162.325,11.1688,11.1688,471.216,3987.82,0.0497382,4.8431,0.0397906,0.397906,1.0,read_1,11.1688,162.325,11.1688,3987.82,471.216,0.0497382,4.8431,0.0397906,0.397906,1.0,127.561,799.65,799.658,0.0838956,12.3825,0.0671165,0.671165,1.0,write_0,57.4169,799.669,799.9960000000001,0.0878063999999999,16.6655,0.0702451,0.702451,1.0,write_1,127.561,0.0702451,0.702451,hold_0,15.0269,1.12175,39.2041,0.0313633,0.313633,1.0,hold_1,15.0269,1.1234,39.1276,0.0313021,0.313021,1.0
1,3,4,0.9,27,230.61,58.54,513.03,read_0,187.028,16.0377,16.0377,351.522,245.959,0.0567088,5.47565,0.0510379,0.510379,1.0,read_1,16.0378,187.028,16.0378,245.959,351.522,0.0567088,5.47565,0.0510379,0.510379,1.0,124.363,899.5989999999999,899.6139999999999,0.102631,15.1908,0.0923683,0.923683,1.0,write_0,53.9622,899.6239999999999,899.995,0.10657,21.5625,0.0959126999999999,0.959127,1.0,write_1,124.363,0.0959126999999999,0.959127,hold_0,14.682,1.14681,48.7937,0.0439143,0.439143,1.0,hold_1,14.6724,1.14063,48.469,0.0436221,0.436221,1.0
1,3,4,1.0,27,251.94,58.47,588.0,read_0,212.171,22.3806,22.3806,352.181,241.604,0.0639556,6.10592,0.0639556,0.639556,1.0,read_1,22.3806,212.171,22.3806,241.604,352.181,0.0639556,6.10592,0.0639556,0.639556,1.0,121.644,999.556,999.528,0.124341,18.2557,0.124341,1.24341,1.0,write_0,51.268,999.565,999.988,0.1276119999999999,26.5841,0.1276119999999999,1.27612,1.0,write_1,121.644,0.1276119999999999,1.27612,hold_0,14.66,1.17332,60.4774,0.0604774,0.604774,1.0,hold_1,14.6459,1.04552,60.6206,0.0606206,0.606206,1.0
1,3,4,1.1,27,272.22,57.43,668.0,read_0,237.789,30.3637,30.3637,347.382,236.245,0.0714313,6.73592,0.0785745,0.785745,1.0,read_1,30.3638,237.789,30.3638,236.245,347.382,0.0714313,6.73592,0.0785745,0.785745,1.0,119.228,1099.45,1099.49,0.14848,21.5302,0.163328,1.6332799999999998,1.0,write_0,49.1051,1099.5,1099.99,0.151139,31.7425,0.1662529999999999,1.6625299999999998,1.0,write_1,119.228,0.1662529999999999,1.6625299999999998,hold_0,15.0666,1.0232,73.9632,0.0813595,0.813595,1.0,hold_1,15.075,1.02357,73.668,0.0810348,0.810348,1.0
1,3,4,1.2,27,291.59,55.34,1200.0,read_0,263.953,40.1994,40.1994,354.078,237.757,0.0792146,7.36669,0.0950575,0.950575,1.0,read_1,40.1995,263.953,40.1995,237.757,354.078,0.0792146,7.36669,0.0950575,0.950575,1.0,117.033,1199.35,1199.4,0.175765,25.0276,0.210918,2.10918,1.0,write_0,47.3737,1199.4,1199.98,0.177389,36.8204,0.212867,2.12867,1.0,write_1,117.033,0.212867,2.12867,hold_0,15.895,1.01207,89.6991,0.107639,1.07639,1.0,hold_1,15.9116,1.01227,89.7231,0.107668,1.07668,1.0
1,3,4,1.3,27,310.1,52.21,1300.0,read_0,290.772,52.1935,52.1935,365.998,242.943,0.0872347,7.99915,0.113405,1.13405,1.0,read_1,52.1936,290.772,52.1936,242.943,365.998,0.0872347,7.99915,0.113405,1.13405,1.0,115.165,1299.23,1299.28,0.2060219999999999,28.7621,0.267829,2.67829,1.0,write_0,45.7971,1299.29,1299.98,0.206511,43.1275,0.268464,2.6846400000000004,1.0,write_1,115.165,0.268464,2.6846400000000004,hold_0,16.5306,1.26351,108.215,0.14068,1.4068,1.0,hold_1,16.5915,1.27136,108.305,0.140797,1.40797,1.0
1,3,5,0.6,27,159.32,37.81,600.0,read_0,131.786,8.31815,8.31815,726.133,3526.13,0.0417,4.1875,0.02502,0.2502,1.0,read_1,8.31816,131.786,8.31816,3526.13,726.133,0.0417,4.1875,0.02502,0.2502,1.0,132.644,599.698,599.7090000000001,0.0496934,6.745660000000001,0.029816,0.29816,1.0,write_0,66.512,599.712,600.001,0.0553658,8.76019,0.0332195,0.3321949999999999,1.0,write_1,132.644,0.0332195,0.3321949999999999,hold_0,20.3139,1.01306,25.6183,0.015371,0.15371,1.0,hold_1,20.3172,1.01201,25.6766,0.015406,0.15406,1.0
1,3,5,0.7,27,184.56,38.29,700.0,read_0,160.109,12.7589,12.7589,632.541,632.541,0.0500247,4.93039,0.0350173,0.350173,1.0,read_1,12.7589,160.109,12.7589,632.541,632.541,0.0500247,4.93039,0.0350173,0.350173,1.0,127.875,699.683,699.695,0.0628791,9.23338,0.0440153999999999,0.440154,1.0,write_0,59.0944,699.703,699.997,0.0697926,12.326,0.0488548,0.488548,1.0,write_1,127.875,0.0488548,0.488548,hold_0,18.5879,1.07407,32.7261,0.0229082,0.229082,1.0,hold_1,18.5996,1.05857,32.7374,0.0229162,0.229162,1.0
1,3,5,0.8,27,208.24,36.88,800.0,read_0,189.643,19.4576,19.4576,328.974,3570.54,0.0571528,5.67299,0.0457222,0.457222,1.0,read_1,19.4576,189.643,19.4576,3570.54,328.974,0.0571528,5.67299,0.0457222,0.457222,1.0,124.138,799.6460000000001,799.6560000000001,0.0781852,11.6067,0.0625482,0.625482,1.0,write_0,54.4204,799.665,799.9939999999999,0.0845172,16.5529,0.0676138,0.676138,1.0,write_1,124.138,0.0676138,0.676138,hold_0,17.6854,1.23316,41.3711,0.0330969,0.330969,1.0,hold_1,17.6824,1.29882,40.9244,0.0327395,0.327395,1.0
1,3,5,0.9,27,230.59,33.84,900.0,read_0,220.436,28.8528,28.8528,316.745,3557.02,0.0651401,6.41182,0.0586261,0.586261,1.0,read_1,28.8529,220.436,28.8529,3557.02,316.745,0.0651401,6.41182,0.0586261,0.586261,1.0,120.811,899.597,899.615,0.0959416,14.0095,0.0863473999999999,0.863474,1.0,write_0,51.1105,899.628,899.992,0.102643,21.2443,0.0923786,0.923786,1.0,write_1,120.811,0.0923786,0.923786,hold_0,17.1871,1.25025,51.2427,0.0461184,0.461184,1.0,hold_1,17.2951,1.28415,51.4204,0.0462784,0.462784,1.0
1,3,5,1.0,27,251.92,29.39,652.93,read_0,252.676,41.4812,41.4812,305.12,3524.18,0.0733049,7.14747,0.0733049,0.733049,1.0,read_1,41.4812,252.676,41.4812,3524.18,305.12,0.0733049,7.14747,0.0733049,0.733049,1.0,118.037,999.533,999.557,0.116439,16.8094,0.116439,1.16439,1.0,write_0,48.5023,999.574,999.995,0.123163,26.2735,0.123163,1.23163,1.0,write_1,118.037,0.123163,1.23163,hold_0,17.2476,1.31072,63.075,0.063075,0.63075,1.0,hold_1,17.2566,1.31431,62.8552,0.0628552,0.628552,1.0
1,3,5,1.1,27,272.2,33.11,1100.0,read_0,286.73,58.2092,58.2092,2263.31,415.525,0.0816473,7.88262,0.089812,0.89812,1.0,read_1,58.2092,286.73,58.2092,415.525,2263.31,0.0816473,7.88262,0.089812,0.89812,1.0,115.673,1099.45,1099.49,0.1398589999999999,19.7755,0.153845,1.53845,1.0,write_0,46.4709,1099.5,1099.99,0.146268,31.296,0.160895,1.60895,1.0,write_1,115.673,0.160895,1.60895,hold_0,17.574,1.35515,77.1493,0.0848642,0.848642,1.0,hold_1,17.5715,1.20246,77.1663,0.0848829,0.848829,1.0
1,3,5,1.2,27,291.57,43.56,,read_0,323.387,80.7602,80.7602,3007.78,397.47,0.0902247,8.61816,0.10827,1.0827,1.0,read_1,80.7602,323.387,80.7602,397.47,3007.78,0.0902247,8.61816,0.10827,1.0827,1.0,113.384,1199.37,1199.4,0.166422,22.9761,0.199707,1.99707,1.0,write_0,44.7328,1199.4,1199.98,0.1718569999999999,36.8837,0.206229,2.06229,1.0,write_1,113.384,0.206229,2.06229,hold_0,18.4019,1.20084,93.1286,0.111754,1.11754,1.0,hold_1,18.2969,1.39824,93.2618,0.111914,1.11914,1.0
1,3,5,1.3,27,310.08,55.55,,read_0,364.78,113.831,113.831,531.266,4835.62,0.10024,9.35551,0.130313,1.30313,1.0,read_1,113.831,364.78,113.831,4835.62,531.266,0.10024,9.35551,0.130313,1.30313,1.0,111.468,1299.24,1299.28,0.196378,26.4119,0.255291,2.55291,1.0,write_0,43.2553,1299.29,1299.98,0.200592,42.4203,0.26077,2.6077,1.0,write_1,111.468,0.26077,2.6077,hold_0,19.3508,1.21108,112.254,0.14593,1.4593,1.0,hold_1,19.2916,1.4479,112.221,0.145887,1.45887,1.0
1,4,1,0.6,27,152.52,114.26,128.31,read_0,31.4898,0.803331,0.803331,268.911,1868.43,0.0171003,1.71365,0.0102602,0.102602,1.0,read_1,0.803351,31.4898,0.803351,1868.43,268.911,0.0171003,1.71365,0.0102602,0.102602,1.0,186.133,599.604,599.607,0.10553,5.63784,0.0633177,0.633177,1.0,write_0,158.115,599.614,599.996,0.105081,5.66134,0.0630485,0.6304850000000001,1.0,write_1,186.133,0.0633177,0.633177,hold_0,8.27771,0.620686,24.4201,0.0146521,0.146521,1.0,hold_1,8.28991,0.619892,24.5337,0.0147202,0.147202,1.0
1,4,1,0.7,27,175.98,132.4,148.32,read_0,37.4283,0.900236,0.900236,269.338,197.084,0.0201948,2.01388,0.0141364,0.141364,1.0,read_1,0.900263,37.4283,0.900263,197.084,269.338,0.0201948,2.01388,0.0141364,0.141364,1.0,176.56599999999997,699.584,699.592,0.1357529999999999,9.10639,0.0950273999999999,0.950274,1.0,write_0,133.514,699.5980000000001,700.0,0.133716,9.06193,0.093601,0.93601,1.0,write_1,176.56599999999997,0.0950273999999999,0.950274,hold_0,7.5842,0.587478,32.1272,0.0224891,0.224891,1.0,hold_1,7.61039,0.583264,32.2783,0.0225948,0.225948,1.0
1,4,1,0.8,27,197.84,149.26,173.41,read_0,43.2649,1.04937,1.04937,146.641,195.901,0.0233768,2.31544,0.0187015,0.187015,1.0,read_1,1.04941,43.2649,1.04941,195.901,146.641,0.0233768,2.31544,0.0187015,0.187015,1.0,170.335,799.538,799.557,0.169897,13.3264,0.135918,1.3591799999999998,1.0,write_0,118.563,799.555,799.9939999999999,0.165607,13.2027,0.132486,1.32486,1.0,write_1,170.335,0.135918,1.3591799999999998,hold_0,7.2417,0.546468,41.5695,0.0332556,0.332556,1.0,hold_1,7.2823,0.567511,42.0351,0.0336281,0.336281,1.0
1,4,1,0.9,27,218.28,165.27,193.32,read_0,49.0179,1.25997,1.25997,148.207,117.628,0.0272059,2.61699,0.0244853,0.244853,1.0,read_1,1.26002,49.0179,1.26002,117.628,148.207,0.0272059,2.61699,0.0244853,0.244853,1.0,166.085,899.49,899.471,0.208261,17.9231,0.187435,1.87435,1.0,write_0,108.697,899.4960000000001,899.9910000000001,0.19968,18.0601,0.1797119999999999,1.79712,1.0,write_1,166.085,0.187435,1.87435,hold_0,7.17228,0.518565,53.4619,0.0481157,0.481157,1.0,hold_1,7.16299,0.527665,53.0386,0.0477347,0.477347,1.0
1,4,1,1.0,27,237.53,180.44,218.32,read_0,54.7206,1.53891,1.53891,147.397,116.663,0.0306137,2.91869,0.0306137,0.306137,1.0,read_1,1.53897,54.7206,1.53897,116.663,147.397,0.0306137,2.91869,0.0306137,0.306137,1.0,162.751,999.416,999.384,0.249965,23.4185,0.249965,2.49965,1.0,write_0,101.519,999.419,999.989,0.239092,23.5895,0.239092,2.39092,1.0,write_1,162.751,0.249965,2.49965,hold_0,7.22974,0.502098,67.2969,0.0672969,0.672969,1.0,hold_1,7.23066,0.502337,67.2964,0.0672964,0.672964,1.0
1,4,1,1.1,27,255.71,194.88,248.43,read_0,60.4071,1.89359,1.89359,147.041,116.032,0.0341339,3.22062,0.0375473,0.375473,1.0,read_1,1.89367,60.4071,1.89367,116.032,147.041,0.0341339,3.22062,0.0375473,0.375473,1.0,160.155,1099.32,1099.28,0.295561,29.4054,0.325117,3.25117,1.0,write_0,96.2884,1099.33,1099.99,0.279831,29.3905,0.307814,3.0781400000000003,1.0,write_1,160.155,0.325117,3.25117,hold_0,7.52849,0.494596,83.6532,0.0920186,0.920186,1.0,hold_1,7.57386,0.487114,83.6038,0.0919642,0.919642,1.0
1,4,1,1.2,27,272.97,208.72,273.36,read_0,66.1118,2.3505,2.3505,146.826,115.558,0.0377839,3.52301,0.0453407,0.453407,1.0,read_1,2.35059,66.1118,2.35059,115.558,146.826,0.0377839,3.52301,0.0453407,0.453407,1.0,158.099,1199.16,1199.21,0.344756,35.7129,0.413707,4.13707,1.0,write_0,92.1209,1199.2,1199.99,0.324784,35.758,0.389741,3.89741,1.0,write_1,158.099,0.413707,4.13707,hold_0,7.94406,0.494761,102.363,0.122835,1.22835,1.0,hold_1,7.84279,0.530577,102.771,0.123325,1.23325,1.0
1,4,1,1.3,27,289.38,222.17,303.38,read_0,71.8646,2.94043,2.94043,146.616,115.165,0.0415741,3.82596,0.0540463,0.540463,1.0,read_1,2.94055,71.8646,2.94055,115.165,146.616,0.0415741,3.82596,0.0540463,0.540463,1.0,156.218,1298.99,1299.06,0.398179,42.2294,0.517632,5.17632,1.0,write_0,88.7314,1299.06,1299.98,0.374609,42.2802,0.486992,4.86992,1.0,write_1,156.218,0.517632,5.17632,hold_0,8.49613,0.487882,125.49,0.163137,1.63137,1.0,hold_1,8.46984,0.505578,125.533,0.163192,1.63192,1.0
1,4,2,0.6,27,152.49,91.35,223.25,read_0,56.4542,1.51202,1.51202,253.482,253.482,0.0237386,2.35391,0.0142432,0.142432,1.0,read_1,1.51204,56.4542,1.51204,253.482,253.482,0.0237386,2.35391,0.0142432,0.142432,1.0,151.719,599.605,599.605,0.0796273999999999,6.617560000000001,0.0477765,0.4777649999999999,1.0,write_0,98.9537,599.615,599.998,0.0805424999999999,6.6674,0.0483255,0.483255,1.0,write_1,151.719,0.0483255,0.483255,hold_0,11.2091,0.732702,25.9952,0.0155971,0.155971,1.0,hold_1,11.2332,0.799935,26.2047,0.0157228,0.157228,1.0
1,4,2,0.7,27,175.96,104.76,263.21,read_0,67.3956,1.82546,1.82546,242.799,2574.8,0.0281194,2.77117,0.0196836,0.196836,1.0,read_1,1.82548,67.3956,1.82548,2574.8,242.799,0.0281194,2.77117,0.0196836,0.196836,1.0,146.974,699.5830000000001,699.592,0.101784,10.501,0.0712485,0.712485,1.0,write_0,85.1622,699.596,699.9960000000001,0.100341,10.4905,0.0702385,0.702385,1.0,write_1,146.974,0.0712485,0.712485,hold_0,10.3016,0.771756,34.1618,0.0239133,0.239133,1.0,hold_1,10.2886,0.717792,34.1438,0.0239006,0.239006,1.0
1,4,2,0.8,27,197.83,117.05,308.25,read_0,78.2262,2.28945,2.28945,253.512,186.841,0.0326594,3.19197,0.0261275,0.261275,1.0,read_1,2.28948,78.2262,2.28948,186.841,253.512,0.0326594,3.19197,0.0261275,0.261275,1.0,143.572,799.5360000000001,799.554,0.127465,15.0791,0.101972,1.0197200000000002,1.0,write_0,76.6293,799.557,799.9960000000001,0.123418,15.1064,0.0987342,0.987342,1.0,write_1,143.572,0.101972,1.0197200000000002,hold_0,9.85528,0.741637,43.9899,0.0351919,0.351919,1.0,hold_1,9.85853,0.743144,43.9176,0.0351341,0.351341,1.0
1,4,2,0.9,27,218.26,128.49,358.33,read_0,88.9588,2.92914,2.92914,142.258,186.877,0.037348,3.61352,0.0336132,0.336132,1.0,read_1,2.92919,88.9588,2.92919,186.877,142.258,0.037348,3.61352,0.0336132,0.336132,1.0,140.674,899.471,899.5010000000001,0.156354,20.337,0.140719,1.40719,1.0,write_0,71.0158,899.498,899.993,0.149375,20.4155,0.134438,1.34438,1.0,write_1,140.674,0.140719,1.40719,hold_0,9.69749,0.594515,55.7992,0.0502192,0.502192,1.0,hold_1,9.68456,0.699787,55.9155,0.050324,0.50324,1.0
1,4,2,1.0,27,237.51,139.18,403.22,read_0,99.6268,3.78012,3.78012,140.908,188.271,0.0422068,4.03576,0.0422068,0.422068,1.0,read_1,3.78018,99.6268,3.78018,188.271,140.908,0.0422068,4.03576,0.0422068,0.422068,1.0,138.28,999.396,999.425,0.189059,25.9041,0.189059,1.89059,1.0,write_0,66.9795,999.42,999.991,0.178229,25.996,0.178229,1.7822900000000002,1.0,write_1,138.28,0.189059,1.89059,hold_0,9.76458,0.714265,69.8029,0.0698029,0.698029,1.0,hold_1,9.74693,0.558233,69.397,0.069397,0.69397,1.0
1,4,2,1.1,27,255.69,149.23,458.33,read_0,110.281,4.90103,4.90103,139.999,190.518,0.0472621,4.45913,0.0519883,0.519883,1.0,read_1,4.9011,110.281,4.9011,190.518,139.999,0.0472621,4.45913,0.0519883,0.519883,1.0,136.185,1099.28,1099.33,0.225237,31.1013,0.247761,2.47761,1.0,write_0,63.9966,1099.32,1099.99,0.210378,32.3579,0.2314159999999999,2.31416,1.0,write_1,136.185,0.247761,2.47761,hold_0,9.98477,0.656146,86.8376,0.0955213,0.955213,1.0,hold_1,10.0072,0.712651,86.6772,0.0953449,0.953449,1.0
1,4,2,1.2,27,272.95,158.64,508.25,read_0,120.973,6.36242,6.36242,139.285,112.346,0.0532593,4.884,0.0639111,0.639111,1.0,read_1,6.36252,120.973,6.36252,112.346,139.285,0.0532593,4.884,0.0639111,0.639111,1.0,134.329,1199.14,1199.23,0.264857,36.0632,0.317828,3.17828,1.0,write_0,61.63,1199.2,1199.98,0.2463769999999999,39.0367,0.295652,2.9565200000000003,1.0,write_1,134.329,0.317828,3.17828,hold_0,10.5241,0.658911,106.422,0.127707,1.27707,1.0,hold_1,10.5469,0.665598,106.099,0.127318,1.27318,1.0
1,4,2,1.3,27,289.36,167.54,563.25,read_0,131.746,8.25352,8.25352,138.536,111.633,0.0587859,5.31047,0.0764216,0.764216,1.0,read_1,8.25364,131.746,8.25364,111.633,138.536,0.0587859,5.31047,0.0764216,0.764216,1.0,132.615,1298.99,1299.06,0.308678,41.2754,0.401281,4.01281,1.0,write_0,59.7451,1299.05,1299.98,0.286686,45.7538,0.372692,3.72692,1.0,write_1,132.615,0.401281,4.01281,hold_0,11.1176,0.520858,129.754,0.168681,1.68681,1.0,hold_1,11.1274,0.658853,129.582,0.168457,1.68457,1.0
1,4,3,0.6,27,152.46,73.73,268.12,read_0,77.0346,2.59352,2.59352,1175.89,338.252,0.0305169,2.98574,0.0183101,0.183101,1.0,read_1,2.59354,77.0346,2.59354,338.252,1175.89,0.0305169,2.98574,0.0183101,0.183101,1.0,143.092,599.6030000000001,599.606,0.0706645,7.34692,0.0423987,0.423987,1.0,write_0,82.8768,599.614,599.998,0.0723278,7.37794,0.0433966999999999,0.433967,1.0,write_1,143.092,0.0433966999999999,0.433967,hold_0,14.179,0.846076,27.6642,0.0165985,0.165985,1.0,hold_1,14.1882,0.823403,27.6334,0.01658,0.1658,1.0
1,4,3,0.7,27,175.94,83.19,323.25,read_0,92.309,3.35791,3.35791,240.777,240.777,0.0357409,3.50448,0.0250186,0.250186,1.0,read_1,3.35794,92.309,3.35794,240.777,240.777,0.0357409,3.50448,0.0250186,0.250186,1.0,138.423,699.5830000000001,699.5880000000001,0.0900455,11.2857,0.0630319,0.630319,1.0,write_0,72.1309,699.595,699.998,0.0906503,11.5117,0.0634552,0.634552,1.0,write_1,138.423,0.0634552,0.634552,hold_0,13.017,0.893646,35.81,0.025067,0.25067,1.0,hold_1,13.0126,0.890773,35.6907,0.0249835,0.249835,1.0
1,4,3,0.8,27,197.81,91.49,378.24,read_0,107.551,4.47966,4.47966,231.571,1740.02,0.0415076,4.03289,0.0332061,0.332061,1.0,read_1,4.4797,107.551,4.4797,1740.02,231.571,0.0415076,4.03289,0.0332061,0.332061,1.0,134.85,799.539,799.553,0.112402,14.9644,0.0899216,0.899216,1.0,write_0,65.5502,799.555,799.995,0.111798,16.5832,0.0894385,0.894385,1.0,write_1,134.85,0.0899216,0.899216,hold_0,12.4576,0.904372,46.0353,0.0368283,0.368283,1.0,hold_1,12.4572,0.908905,45.7053,0.0365642,0.365642,1.0
1,4,3,0.9,27,218.24,98.9,433.16,read_0,122.749,6.03063,6.03063,224.56,333.569,0.0474554,4.56771,0.0427098,0.427098,1.0,read_1,6.03067,122.749,6.03067,333.569,224.56,0.0474554,4.56771,0.0427098,0.427098,1.0,131.636,899.472,899.5,0.137904,18.4814,0.124114,1.24114,1.0,write_0,61.1661,899.498,900.0,0.135695,22.2294,0.122125,1.22125,1.0,write_1,131.636,0.124114,1.24114,hold_0,12.218,0.876589,58.0067,0.052206,0.52206,1.0,hold_1,12.2341,0.765785,58.3374,0.0525037,0.525037,1.0
1,4,3,1.0,27,237.49,105.5,493.14,read_0,137.928,8.10413,8.10413,242.431,177.729,0.053718,5.10679,0.053718,0.53718,1.0,read_1,8.10419,137.928,8.10419,177.729,242.431,0.053718,5.10679,0.053718,0.53718,1.0,129.006,999.385,999.422,0.166791,22.3511,0.166791,1.6679099999999998,1.0,write_0,57.9864,999.42,999.995,0.162389,27.9717,0.162389,1.62389,1.0,write_1,129.006,0.166791,1.6679099999999998,hold_0,12.2838,0.720946,72.7001,0.0727001,0.727001,1.0,hold_1,12.2816,0.725217,72.4104,0.0724104,0.724104,1.0
1,4,3,1.1,27,255.67,111.42,558.17,read_0,153.133,10.796,10.796,136.005,177.688,0.0601849,5.64609,0.0662033,0.662033,1.0,read_1,10.7961,153.133,10.7961,177.688,136.005,0.0601849,5.64609,0.0662033,0.662033,1.0,126.742,1099.28,1099.33,0.198451,26.5205,0.218296,2.18296,1.0,write_0,55.5141,1099.32,1099.99,0.191998,33.3776,0.2111969999999999,2.11197,1.0,write_1,126.742,0.218296,2.18296,hold_0,12.5327,0.840344,89.5463,0.0985009,0.985009,1.0,hold_1,12.5518,0.68729,89.372,0.0983092,0.983092,1.0
1,4,3,1.2,27,272.93,116.64,623.15,read_0,168.418,14.2382,14.2382,134.808,177.973,0.0668995,6.18854,0.0802794,0.802794,1.0,read_1,14.2383,168.418,14.2383,177.973,134.808,0.0668995,6.18854,0.0802794,0.802794,1.0,124.717,1199.13,1199.24,0.234219,30.796,0.281062,2.81062,1.0,write_0,53.5982,1199.2,1199.98,0.2253639999999999,39.3839,0.270437,2.70437,1.0,write_1,124.717,0.281062,2.81062,hold_0,13.2264,0.67364,109.837,0.131804,1.31804,1.0,hold_1,13.1001,0.675951,109.092,0.13091,1.3091,1.0
1,4,3,1.3,27,289.34,121.16,688.06,read_0,183.837,18.5787,18.5787,130.792,172.41,0.0738405,6.73651,0.0959927,0.959927,1.0,read_1,18.5788,183.837,18.5788,172.41,130.792,0.0738405,6.73651,0.0959927,0.959927,1.0,122.925,1298.98,1299.07,0.274281,35.1473,0.356566,3.56566,1.0,write_0,52.0241,1299.05,1299.98,0.262693,45.6547,0.341501,3.41501,1.0,write_1,122.925,0.356566,3.56566,hold_0,13.9866,0.67234,133.582,0.173657,1.73657,1.0,hold_1,13.7898,0.885572,133.244,0.173218,1.73218,1.0
1,4,4,0.6,27,152.44,59.16,303.18,read_0,94.6009,4.13613,4.13613,377.661,377.661,0.0367616,3.60798,0.022057,0.22057,1.0,read_1,4.13615,94.6009,4.13615,377.661,377.661,0.0367616,3.60798,0.022057,0.22057,1.0,138.029,599.602,599.611,0.0651093,7.511610000000001,0.0390656,0.390656,1.0,write_0,74.7339,599.616,599.999,0.0683868,7.882810000000001,0.0410320999999999,0.410321,1.0,write_1,138.029,0.0410320999999999,0.410321,hold_0,17.1616,0.963414,29.2071,0.0175242,0.175242,1.0,hold_1,17.2103,1.13586,29.3879,0.0176327,0.176327,1.0
1,4,4,0.7,27,175.91,65.21,358.08,read_0,113.766,5.67867,5.67867,463.898,320.857,0.0436716,4.23467,0.0305701,0.305701,1.0,read_1,5.67869,113.766,5.67869,320.857,463.898,0.0436716,4.23467,0.0305701,0.305701,1.0,133.189,699.5830000000001,699.587,0.0827084,10.4785,0.0578959,0.578959,1.0,write_0,65.6514,699.597,700.002,0.0856227,12.4154,0.0599359,0.599359,1.0,write_1,133.189,0.0599359,0.599359,hold_0,15.7812,1.00744,37.6791,0.0263754,0.263754,1.0,hold_1,15.6767,1.06131,37.5605,0.0262924,0.262924,1.0
1,4,4,0.8,27,197.79,69.89,423.15,read_0,133.081,7.9513,7.9513,478.014,3205.47,0.0506992,4.87873,0.0405593,0.405593,1.0,read_1,7.95134,133.081,7.95134,3205.47,478.014,0.0506992,4.87873,0.0405593,0.405593,1.0,129.56799999999998,799.5360000000001,799.551,0.1030799999999999,13.3485,0.0824638999999999,0.8246389999999999,1.0,write_0,60.0419,799.555,799.9960000000001,0.105551,17.4026,0.0844412,0.844412,1.0,write_1,129.56799999999998,0.0844412,0.844412,hold_0,15.1001,0.989906,48.0101,0.0384081,0.384081,1.0,hold_1,15.0931,1.04534,47.9427,0.0383542,0.383542,1.0
1,4,4,0.9,27,218.22,73.54,488.11,read_0,152.501,11.0926,11.0926,221.717,2467.37,0.057334,5.5222,0.0516006,0.516006,1.0,read_1,11.0926,152.501,11.0926,2467.37,221.717,0.057334,5.5222,0.0516006,0.516006,1.0,126.409,899.4689999999999,899.4910000000001,0.126491,16.4875,0.113842,1.13842,1.0,write_0,56.15,899.497,899.9939999999999,0.128188,21.9146,0.11537,1.1537,1.0,write_1,126.409,0.11537,1.1537,hold_0,14.8232,1.0459,60.7028,0.0546325,0.546325,1.0,hold_1,14.8237,1.04429,60.7657,0.0546892,0.546892,1.0
1,4,4,1.0,27,237.47,76.27,558.11,read_0,172.032,15.2425,15.2425,218.32,318.07,0.0648054,6.16364,0.0648054,0.648054,1.0,read_1,15.2426,172.032,15.2426,318.07,218.32,0.0648054,6.16364,0.0648054,0.648054,1.0,123.588,999.387,999.421,0.1529609999999999,19.8796,0.1529609999999999,1.52961,1.0,write_0,53.3536,999.425,999.991,0.153667,27.1319,0.153667,1.53667,1.0,write_1,123.588,0.153667,1.53667,hold_0,14.772,0.86696,75.2554,0.0752554,0.752554,1.0,hold_1,14.8427,0.867808,75.046,0.075046,0.75046,1.0
1,4,4,1.1,27,255.65,78.15,628.05,read_0,191.708,20.5497,20.5497,214.555,163.486,0.0725299,6.80479,0.0797828,0.797828,1.0,read_1,20.5497,191.708,20.5497,163.486,214.555,0.0725299,6.80479,0.0797828,0.797828,1.0,121.25,1099.27,1099.33,0.182948,23.6443,0.201242,2.01242,1.0,write_0,51.142,1099.32,1099.99,0.182386,32.457,0.200624,2.00624,1.0,write_1,121.25,0.201242,2.01242,hold_0,15.1046,1.00675,92.734,0.102007,1.02007,1.0,hold_1,15.1551,0.840241,93.1144,0.102426,1.02426,1.0
1,4,4,1.2,27,272.91,79.17,703.03,read_0,211.582,27.1917,27.1917,218.883,164.839,0.0806256,7.45246,0.0967508,0.967508,1.0,read_1,27.1918,211.582,27.1918,164.839,218.883,0.0806256,7.45246,0.0967508,0.967508,1.0,119.163,1199.14,1199.21,0.216588,27.4517,0.259905,2.59905,1.0,write_0,49.2946,1199.2,1199.99,0.214753,38.7284,0.257704,2.57704,1.0,write_1,119.163,0.259905,2.59905,hold_0,15.8135,0.827193,113.307,0.135969,1.35969,1.0,hold_1,15.7197,1.05997,113.041,0.135649,1.35649,1.0
1,4,4,1.3,27,289.32,79.35,783.04,read_0,231.705,35.3842,35.3842,178.306,1492.06,0.0898827,8.11873,0.116848,1.16848,1.0,read_1,35.3843,231.705,35.3843,1492.06,178.306,0.0898827,8.11873,0.116848,1.16848,1.0,117.281,1298.98,1299.06,0.254651,31.564,0.331047,3.31047,1.0,write_0,47.7933,1299.05,1299.98,0.250799,44.677,0.3260389999999999,3.26039,1.0,write_1,117.281,0.331047,3.31047,hold_0,16.5183,1.07692,137.479,0.178723,1.78723,1.0,hold_1,16.5045,0.829,137.84,0.179192,1.79192,1.0
1,4,5,0.6,27,152.41,46.87,328.13,read_0,110.059,6.24825,6.24825,770.855,770.855,0.0424107,4.2216,0.0254464,0.254464,1.0,read_1,6.24827,110.059,6.24827,770.855,770.855,0.0424107,4.2216,0.0254464,0.254464,1.0,134.50799999999998,599.602,599.611,0.0611040999999999,7.098610000000001,0.0366624,0.366624,1.0,write_0,69.7193,599.615,600.001,0.0666678,8.43941,0.0400006999999999,0.400007,1.0,write_1,134.50799999999998,0.0400006999999999,0.400007,hold_0,20.2737,1.27356,30.7321,0.0184393,0.184393,1.0,hold_1,20.1841,1.00975,30.8936,0.0185362,0.185362,1.0
1,4,5,0.7,27,175.89,49.85,388.02,read_0,132.878,9.01121,9.01121,431.871,312.486,0.05102,4.96137,0.035714,0.35714,1.0,read_1,9.01124,132.878,9.01124,312.486,431.871,0.05102,4.96137,0.035714,0.35714,1.0,129.77100000000002,699.581,699.5939999999999,0.07732,9.79395,0.054124,0.5412399999999999,1.0,write_0,61.6697,699.5980000000001,699.998,0.0824523,12.8607,0.0577165999999999,0.577166,1.0,write_1,129.77100000000002,0.0577165999999999,0.577166,hold_0,18.5714,1.21988,39.5161,0.0276613,0.276613,1.0,hold_1,18.6097,1.20864,39.5104,0.0276572,0.276572,1.0
1,4,5,0.8,27,197.77,51.2,458.04,read_0,156.164,13.1157,13.1157,427.956,300.095,0.0591612,5.71795,0.047329,0.47329,1.0,read_1,13.1157,156.164,13.1157,300.095,427.956,0.0591612,5.71795,0.047329,0.47329,1.0,125.922,799.53,799.564,0.096343,12.378,0.0770743999999999,0.770744,1.0,write_0,56.5433,799.559,799.993,0.10146,16.820999999999998,0.0811679,0.811679,1.0,write_1,125.922,0.0811679,0.811679,hold_0,17.7564,1.13565,50.2053,0.0401642,0.401642,1.0,hold_1,17.713,1.17955,50.6194,0.0404955,0.404955,1.0
1,4,5,0.9,27,218.2,51.26,900.0,read_0,179.868,18.8019,18.8019,435.885,295.004,0.0676259,6.47104,0.0608633,0.608633,1.0,read_1,18.802,179.868,18.802,295.004,435.885,0.0676259,6.47104,0.0608633,0.608633,1.0,122.661,899.4680000000001,899.493,0.1185259999999999,15.1977,0.106674,1.06674,1.0,write_0,53.1207,899.498,899.9939999999999,0.123501,21.6655,0.11115,1.1115,1.0,write_1,122.661,0.11115,1.1115,hold_0,17.4044,1.18352,63.053,0.0567477,0.567477,1.0,hold_1,17.3847,1.07178,63.2799,0.0569519,0.569519,1.0
1,4,5,1.0,27,237.45,50.21,,read_0,204.002,26.2945,26.2945,860.609,232.08,0.0763146,7.22118,0.0763146,0.763146,1.0,read_1,26.2946,204.002,26.2946,232.08,860.609,0.0763146,7.22118,0.0763146,0.763146,1.0,119.906,999.381,999.422,0.14392,18.1912,0.14392,1.4392,1.0,write_0,50.3869,999.42,999.988,0.148309,26.7227,0.148309,1.48309,1.0,write_1,119.906,0.148309,1.48309,hold_0,17.3792,1.02934,78.1182,0.0781182,0.781182,1.0,hold_1,17.4375,1.18645,78.3094,0.0783094,0.783094,1.0
1,4,5,1.1,27,255.63,48.13,687.92,read_0,228.617,35.8351,35.8351,836.472,224.482,0.0842579,7.97087,0.0926837,0.926837,1.0,read_1,35.8352,228.617,35.8352,224.482,836.472,0.0842579,7.97087,0.0926837,0.926837,1.0,117.536,1099.28,1099.32,0.172848,21.5717,0.190133,1.90133,1.0,write_0,48.2815,1099.33,1099.99,0.1763539999999999,31.7954,0.193989,1.93989,1.0,write_1,117.536,0.193989,1.93989,hold_0,17.7701,1.20285,95.9761,0.105574,1.05574,1.0,hold_1,17.7909,1.19494,95.6106,0.105172,1.05172,1.0
1,4,5,1.2,27,272.89,44.96,,read_0,253.807,47.7579,47.7579,315.635,225.563,0.0947524,8.72167,0.113703,1.13703,1.0,read_1,47.758,253.807,47.758,225.563,315.635,0.0947524,8.72167,0.113703,1.13703,1.0,115.377,1199.14,1199.2,0.205184,25.1075,0.246221,2.46221,1.0,write_0,46.4949,1199.2,1199.98,0.207826,37.6006,0.2493909999999999,2.49391,1.0,write_1,115.377,0.2493909999999999,2.49391,hold_0,18.4406,1.20478,116.938,0.140326,1.40326,1.0,hold_1,18.3842,0.984242,117.068,0.140481,1.40481,1.0
1,4,5,1.3,27,289.3,40.81,862.85,read_0,279.716,62.5393,62.5393,319.072,227.53,0.104519,9.4747,0.135875,1.35875,1.0,read_1,62.5394,279.716,62.5394,227.53,319.072,0.104519,9.4747,0.135875,1.35875,1.0,113.462,1299.0,1299.06,0.2425639999999999,28.9071,0.315333,3.15333,1.0,write_0,44.9938,1299.05,1299.98,0.243271,43.6629,0.316252,3.16252,1.0,write_1,113.462,0.316252,3.16252,hold_0,19.4138,0.985426,141.337,0.183739,1.83739,1.0,hold_1,19.3017,1.24959,141.425,0.183852,1.83852,1.0
1,5,1,0.6,27,147.21,113.98,123.42,read_0,25.8547,0.875952,0.875952,275.221,1075.63,0.017153,1.72442,0.0102918,0.102918,1.0,read_1,0.875977,25.8547,0.875977,1075.63,275.221,0.017153,1.72442,0.0102918,0.102918,1.0,193.508,599.508,599.511,0.123608,5.80037,0.0741646,0.741646,1.0,write_0,174.81,599.5169999999999,599.998,0.1231319999999999,5.734319999999999,0.0738793,0.738793,1.0,write_1,193.508,0.0741646,0.741646,hold_0,8.31062,0.530591,29.6249,0.0177749,0.177749,1.0,hold_1,8.31339,0.526494,29.481,0.0176886,0.176886,1.0
1,5,1,0.7,27,169.46,131.75,138.31,read_0,30.7134,0.964743,0.964743,273.425,201.048,0.0202649,2.02487,0.0141854,0.141854,1.0,read_1,0.964777,30.7134,0.964777,201.048,273.425,0.0202649,2.02487,0.0141854,0.141854,1.0,182.578,699.49,699.4739999999999,0.159073,9.21109,0.111351,1.11351,1.0,write_0,147.14600000000002,699.4939999999999,699.995,0.157177,9.35972,0.110024,1.10024,1.0,write_1,182.578,0.111351,1.11351,hold_0,7.68496,0.519272,39.1294,0.0273906,0.273906,1.0,hold_1,7.6842,0.518763,38.975,0.0272825,0.272825,1.0
1,5,1,0.8,27,189.94,148.31,163.46,read_0,35.4841,1.11154,1.11154,148.887,198.776,0.0234598,2.32839,0.0187678,0.187678,1.0,read_1,1.11159,35.4841,1.11159,198.776,148.887,0.0234598,2.32839,0.0187678,0.187678,1.0,175.468,799.428,799.446,0.199206,13.7049,0.159365,1.59365,1.0,write_0,130.275,799.445,799.9939999999999,0.194509,13.5232,0.155607,1.55607,1.0,write_1,175.468,0.159365,1.59365,hold_0,7.39291,0.475327,50.6857,0.0405486,0.405486,1.0,hold_1,7.38996,0.498775,50.9493,0.0407594,0.407594,1.0
1,5,1,0.9,27,208.95,163.84,183.42,read_0,40.1871,1.31265,1.31265,146.891,199.133,0.0267563,2.63166,0.0240807,0.240807,1.0,read_1,1.31271,40.1871,1.31271,199.133,146.891,0.0267563,2.63166,0.0240807,0.240807,1.0,170.493,899.3689999999999,899.3430000000001,0.2439909999999999,18.4006,0.2195909999999999,2.19591,1.0,write_0,118.954,899.3739999999999,899.99,0.235984,18.6065,0.212385,2.12385,1.0,write_1,170.493,0.2195909999999999,2.19591,hold_0,7.32642,0.478705,65.0763,0.0585687,0.585687,1.0,hold_1,7.32603,0.481361,64.8651,0.0583786,0.583786,1.0
1,5,1,1.0,27,226.78,178.48,208.47,read_0,44.8601,1.58599,1.58599,108.269,141.437,0.0309414,2.94789,0.0309414,0.309414,1.0,read_1,1.58607,44.8601,1.58607,141.437,108.269,0.0309414,2.94789,0.0309414,0.309414,1.0,166.799,999.274,999.241,0.292724,24.2857,0.292724,2.9272400000000003,1.0,write_0,110.889,999.275,999.988,0.282074,23.922,0.282074,2.82074,1.0,write_1,166.799,0.292724,2.9272400000000003,hold_0,7.38303,0.428613,82.0372,0.0820372,0.820372,1.0,hold_1,7.38098,0.429847,82.0995,0.0820995,0.820995,1.0
1,5,1,1.1,27,243.51,192.43,233.49,read_0,49.5146,1.92854,1.92854,107.25,140.353,0.034507,3.25247,0.0379577,0.379577,1.0,read_1,1.92863,49.5146,1.92863,140.353,107.25,0.034507,3.25247,0.0379577,0.379577,1.0,163.781,1099.15,1099.11,0.345988,30.1293,0.380587,3.80587,1.0,write_0,104.876,1099.16,1099.99,0.331461,30.0849,0.364608,3.64608,1.0,write_1,163.781,0.380587,3.80587,hold_0,7.64687,0.419617,102.395,0.112635,1.12635,1.0,hold_1,7.6606,0.462645,102.605,0.112866,1.12866,1.0
1,5,1,1.2,27,259.27,205.96,258.47,read_0,54.1853,2.37132,2.37132,106.485,139.626,0.0381998,3.55724,0.0458398,0.458398,1.0,read_1,2.37144,54.1853,2.37144,139.626,106.485,0.0381998,3.55724,0.0458398,0.458398,1.0,161.4,1198.95,1199.01,0.403575,36.7232,0.4842899999999999,4.8429,1.0,write_0,100.203,1199.0,1199.98,0.385254,36.6656,0.462305,4.62305,1.0,write_1,161.4,0.4842899999999999,4.8429,hold_0,8.0156,0.415814,126.579,0.151895,1.51895,1.0,hold_1,8.0391,0.455896,126.835,0.152202,1.52202,1.0
1,5,1,1.3,27,274.19,219.36,288.53,read_0,58.8849,2.95252,2.95252,147.658,115.908,0.0418298,3.84596,0.0543788,0.543788,1.0,read_1,2.95267,58.8849,2.95267,115.908,147.658,0.0418298,3.84596,0.0543788,0.543788,1.0,159.07399999999998,1298.8,1298.74,0.466157,43.3548,0.606004,6.06004,1.0,write_0,96.3236,1298.8,1299.98,0.443996,43.5357,0.577194,5.77194,1.0,write_1,159.07399999999998,0.606004,6.06004,hold_0,8.60126,0.43808,154.884,0.201349,2.01349,1.0,hold_1,8.54522,0.467306,154.713,0.201127,2.01127,1.0
1,5,2,0.6,27,147.19,93.67,213.21,read_0,47.1882,1.48851,1.48851,523.697,4069.25,0.0238573,2.37429,0.0143144,0.143144,1.0,read_1,1.48853,47.1882,1.48853,4069.25,523.697,0.0238573,2.37429,0.0143144,0.143144,1.0,154.154,599.507,599.509,0.0928771,6.644310000000001,0.0557263,0.5572630000000001,1.0,write_0,106.045,599.518,599.995,0.0933441,6.66173,0.0560065,0.5600649999999999,1.0,write_1,154.154,0.0560065,0.5600649999999999,hold_0,11.3057,0.720918,31.0596,0.0186357,0.186357,1.0,hold_1,11.3044,0.718177,31.1726,0.0187036,0.187036,1.0
1,5,2,0.7,27,169.44,107.41,253.23,read_0,56.2592,1.74514,1.74514,257.269,1823.27,0.0283348,2.79687,0.0198343,0.198343,1.0,read_1,1.74518,56.2592,1.74518,1823.27,257.269,0.0283348,2.79687,0.0198343,0.198343,1.0,149.148,699.4939999999999,699.467,0.118701,10.5568,0.0830909,0.830909,1.0,write_0,90.842,699.493,699.993,0.116917,10.5657,0.0818416999999999,0.8184170000000001,1.0,write_1,149.148,0.0830909,0.830909,hold_0,10.3369,0.620206,40.9641,0.0286749,0.286749,1.0,hold_1,10.3362,0.620455,41.0743,0.028752,0.28752,1.0
1,5,2,0.8,27,189.93,119.97,298.34,read_0,65.2203,2.12901,2.12901,257.685,190.742,0.0329149,3.22238,0.0263319,0.263319,1.0,read_1,2.12906,65.2203,2.12906,190.742,257.685,0.0329149,3.22238,0.0263319,0.263319,1.0,145.582,799.425,799.446,0.148387,15.1856,0.11871,1.1871,1.0,write_0,81.4089,799.443,799.995,0.144015,15.1925,0.115212,1.15212,1.0,write_1,145.582,0.11871,1.1871,hold_0,9.89669,0.554036,52.5731,0.0420584,0.420584,1.0,hold_1,9.93197,0.653771,52.7747,0.0422198,0.422198,1.0
1,5,2,0.9,27,208.93,131.58,343.35,read_0,74.0877,2.65771,2.65771,144.652,189.625,0.0376593,3.64844,0.0338933,0.338933,1.0,read_1,2.65776,74.0877,2.65776,189.625,144.652,0.0376593,3.64844,0.0338933,0.338933,1.0,142.735,899.345,899.3789999999999,0.182472,20.4755,0.164225,1.64225,1.0,write_0,75.0957,899.372,899.995,0.174444,20.4585,0.156999,1.56999,1.0,write_1,142.735,0.164225,1.64225,hold_0,9.84043,0.508658,67.3671,0.0606304,0.606304,1.0,hold_1,9.78532,0.507552,67.4266,0.0606839,0.606839,1.0
1,5,2,1.0,27,226.76,142.45,388.28,read_0,82.9,3.36063,3.36063,142.967,190.152,0.0425871,4.07479,0.0425871,0.425871,1.0,read_1,3.36071,82.9,3.36071,190.152,142.967,0.0425871,4.07479,0.0425871,0.425871,1.0,140.195,999.242,999.285,0.2202489999999999,26.3114,0.2202489999999999,2.20249,1.0,write_0,70.6454,999.276,999.992,0.2086179999999999,26.3815,0.2086179999999999,2.08618,1.0,write_1,140.195,0.2202489999999999,2.20249,hold_0,9.90346,0.593546,84.8251,0.0848251,0.848251,1.0,hold_1,9.93057,0.476112,85.0481,0.0850481,0.850481,1.0
1,5,2,1.1,27,243.5,152.62,438.34,read_0,91.6969,4.28632,4.28632,141.814,191.162,0.0477129,4.50198,0.0524842,0.524842,1.0,read_1,4.28642,91.6969,4.28642,191.162,141.814,0.0477129,4.50198,0.0524842,0.524842,1.0,138.14,1099.12,1099.17,0.262802,32.4743,0.289082,2.89082,1.0,write_0,67.3468,1099.15,1099.99,0.246883,32.5753,0.271572,2.71572,1.0,write_1,138.14,0.289082,2.89082,hold_0,10.226,0.606093,105.428,0.115971,1.15971,1.0,hold_1,10.18,0.575995,104.956,0.115451,1.15451,1.0
1,5,2,1.2,27,259.25,162.28,488.32,read_0,100.527,5.49842,5.49842,140.871,192.268,0.0530623,4.93049,0.0636748,0.636748,1.0,read_1,5.49854,100.527,5.49854,192.268,140.871,0.0530623,4.93049,0.0636748,0.636748,1.0,136.257,1198.95,1199.02,0.3096,38.4037,0.3715199999999999,3.7152,1.0,write_0,64.7637,1199.0,1199.98,0.289859,39.1922,0.347831,3.47831,1.0,write_1,136.257,0.3715199999999999,3.7152,hold_0,10.6242,0.571043,130.416,0.156499,1.56499,1.0,hold_1,10.6422,0.561376,129.461,0.155353,1.55353,1.0
1,5,2,1.3,27,274.18,171.87,543.46,read_0,109.431,7.08206,7.08206,139.934,112.468,0.0595081,5.36052,0.0773606,0.773606,1.0,read_1,7.08221,109.431,7.08221,112.468,139.934,0.0595081,5.36052,0.0773606,0.773606,1.0,134.54399999999998,1298.74,1298.82,0.36154,43.7482,0.470002,4.700019999999999,1.0,write_0,62.6651,1298.81,1299.98,0.333523,46.3318,0.43358,4.3358,1.0,write_1,134.54399999999998,0.470002,4.700019999999999,hold_0,11.256,0.564176,158.831,0.20648,2.0648,1.0,hold_1,11.2972,0.611391,159.054,0.20677,2.0677,1.0
1,5,3,0.6,27,147.17,77.69,263.28,read_0,65.2642,2.37791,2.37791,1179.59,341.928,0.0307824,3.00454,0.0184695,0.184695,1.0,read_1,2.37793,65.2642,2.37793,341.928,1179.59,0.0307824,3.00454,0.0184695,0.184695,1.0,145.024,599.51,599.514,0.0828461,7.30857,0.0497077,0.497077,1.0,write_0,87.7583,599.519,600.0,0.0841073,7.28357,0.0504644,0.504644,1.0,write_1,145.024,0.0504644,0.504644,hold_0,14.2559,0.869759,32.7756,0.0196653,0.196653,1.0,hold_1,14.2171,0.865367,32.7067,0.019624,0.19624,1.0
1,5,3,0.7,27,169.42,88.05,313.3,read_0,78.0569,2.95869,2.95869,506.124,5652.44,0.0360591,3.54103,0.0252414,0.252414,1.0,read_1,2.95873,78.0569,2.95873,5652.44,506.124,0.0360591,3.54103,0.0252414,0.252414,1.0,140.32,699.4839999999999,699.4889999999999,0.105653,11.4384,0.0739573999999999,0.739574,1.0,write_0,75.9554,699.4989999999999,699.9939999999999,0.105726,11.5172,0.0740083999999999,0.740084,1.0,write_1,140.32,0.0740083999999999,0.740084,hold_0,13.0607,0.828369,42.7659,0.0299362,0.299362,1.0,hold_1,13.0629,0.821643,42.7498,0.0299249,0.299249,1.0
1,5,3,0.8,27,189.91,97.25,363.23,read_0,90.7737,3.8135,3.8135,229.34,2517.51,0.0419114,4.08317,0.0335291,0.335291,1.0,read_1,3.81355,90.7737,3.81355,2517.51,229.34,0.0419114,4.08317,0.0335291,0.335291,1.0,136.463,799.41,799.4680000000001,0.13198,15.7425,0.105584,1.05584,1.0,write_0,68.749,799.442,799.9960000000001,0.1302579999999999,16.4456,0.104207,1.04207,1.0,write_1,136.463,0.105584,1.05584,hold_0,12.552,0.708205,55.1046,0.0440837,0.440837,1.0,hold_1,12.4978,0.805733,55.0407,0.0440326,0.440326,1.0
1,5,3,0.9,27,208.92,105.44,418.21,read_0,103.417,4.99589,4.99589,242.327,181.35,0.0480708,4.62656,0.0432637,0.432637,1.0,read_1,4.99595,103.417,4.99595,181.35,242.327,0.0480708,4.62656,0.0432637,0.432637,1.0,133.459,899.345,899.373,0.162117,19.6791,0.145905,1.45905,1.0,write_0,63.9107,899.3710000000001,899.992,0.158115,22.1145,0.1423029999999999,1.42303,1.0,write_1,133.459,0.145905,1.45905,hold_0,12.3754,0.787653,69.7894,0.0628104,0.628104,1.0,hold_1,12.377,0.650107,69.7613,0.0627852,0.627852,1.0
1,5,3,1.0,27,226.74,112.91,478.27,read_0,116.02,6.58027,6.58027,245.118,180.339,0.0544085,5.17104,0.0544085,0.544085,1.0,read_1,6.58034,116.02,6.58034,180.339,245.118,0.0544085,5.17104,0.0544085,0.544085,1.0,130.89700000000002,999.225,999.312,0.195825,23.8979,0.195825,1.95825,1.0,write_0,60.506,999.278,1000.01,0.190017,28.2806,0.190017,1.90017,1.0,write_1,130.89700000000002,0.195825,1.95825,hold_0,12.4732,0.774378,87.5922,0.0875922,0.875922,1.0,hold_1,12.4529,0.620761,87.8553,0.0878553,0.878553,1.0
1,5,3,1.1,27,243.48,119.62,538.26,read_0,128.63,8.66511,8.66511,137.882,179.956,0.0610024,5.71743,0.0671026,0.671026,1.0,read_1,8.66521,128.63,8.66521,179.956,137.882,0.0610024,5.71743,0.0671026,0.671026,1.0,128.602,1099.1,1099.18,0.233857,28.3229,0.257243,2.57243,1.0,write_0,57.881,1099.15,1099.99,0.224998,34.4174,0.247498,2.47498,1.0,write_1,128.602,0.257243,2.57243,hold_0,12.78,0.591436,108.681,0.119549,1.19549,1.0,hold_1,12.8041,0.757471,108.808,0.119688,1.19688,1.0
1,5,3,1.2,27,259.23,125.67,598.18,read_0,141.299,11.3735,11.3735,136.552,179.655,0.0678824,6.2663,0.0814589,0.814589,1.0,read_1,11.3736,141.299,11.3736,179.655,136.552,0.0678824,6.2663,0.0814589,0.814589,1.0,126.768,1198.94,1199.02,0.276509,32.8706,0.331811,3.31811,1.0,write_0,55.7316,1199.0,1199.99,0.264626,40.4332,0.317551,3.17551,1.0,write_1,126.768,0.331811,3.31811,hold_0,13.2837,0.583447,133.516,0.16022,1.6022,1.0,hold_1,13.2699,0.719251,133.727,0.160472,1.60472,1.0
1,5,3,1.3,27,274.16,131.19,663.22,read_0,154.079,14.8566,14.8566,135.246,179.354,0.0750808,6.81836,0.097605,0.97605,1.0,read_1,14.8567,154.079,14.8567,179.354,135.246,0.0750808,6.81836,0.097605,0.97605,1.0,124.835,1298.73,1298.83,0.324177,37.898,0.42143,4.2143,1.0,write_0,54.17100000000001,1298.81,1299.98,0.3096219999999999,46.6016,0.402509,4.0250900000000005,1.0,write_1,124.835,0.42143,4.2143,hold_0,14.0582,0.76797,162.996,0.211895,2.11895,1.0,hold_1,14.0452,0.77722,164.093,0.213321,2.13321,1.0
1,5,4,0.6,27,147.15,64.48,293.2,read_0,80.9635,3.5987,3.5987,708.834,708.834,0.0372246,3.63235,0.0223347,0.223347,1.0,read_1,3.59872,80.9635,3.59872,708.834,708.834,0.0372246,3.63235,0.0223347,0.223347,1.0,139.78,599.503,599.514,0.0766814,7.722989999999999,0.0460088,0.460088,1.0,write_0,78.6303,599.52,599.999,0.079473,7.801139999999999,0.0476838,0.476838,1.0,write_1,139.78,0.0476838,0.476838,hold_0,17.2205,1.02312,34.1959,0.0205176,0.205176,1.0,hold_1,17.2199,1.02309,34.238,0.0205428,0.205428,1.0
1,5,4,0.7,27,169.4,71.88,348.17,read_0,97.1172,4.72448,4.72448,466.406,322.741,0.0441767,4.26723,0.0309237,0.309237,1.0,read_1,4.72451,97.1172,4.72451,322.741,466.406,0.0441767,4.26723,0.0309237,0.309237,1.0,134.942,699.477,699.4910000000001,0.0975788,11.0408,0.0683052,0.683052,1.0,write_0,68.6915,699.495,700.0010000000001,0.0997087,12.245,0.0697961,0.6979609999999999,1.0,write_1,134.942,0.0697961,0.6979609999999999,hold_0,15.7775,0.962845,44.4715,0.0311301,0.311301,1.0,hold_1,15.7762,0.956831,44.7218,0.0313053,0.313053,1.0
1,5,4,0.8,27,189.89,77.88,408.18,read_0,113.294,6.38018,6.38018,475.908,5599.5,0.0513487,4.91852,0.041079,0.41079,1.0,read_1,6.38022,113.294,6.38022,5599.5,475.908,0.0513487,4.91852,0.041079,0.41079,1.0,131.283,799.423,799.449,0.121744,14.2622,0.0973955,0.973955,1.0,write_0,62.5537,799.444,800.0,0.122993,17.5568,0.0983943999999999,0.983944,1.0,write_1,131.283,0.0983943999999999,0.983944,hold_0,15.172,0.857911,57.0641,0.0456512,0.456512,1.0,hold_1,15.0421,0.854773,56.4555,0.0451644,0.451644,1.0
1,5,4,0.9,27,208.9,82.98,468.08,read_0,129.466,8.67539,8.67539,218.247,2442.88,0.0587648,5.5743,0.0528883,0.528883,1.0,read_1,8.67545,129.466,8.67545,2442.88,218.247,0.0587648,5.5743,0.0528883,0.528883,1.0,128.064,899.342,899.3760000000001,0.149551,17.563,0.134596,1.34596,1.0,write_0,58.3346,899.3710000000001,899.9910000000001,0.149637,22.5781,0.134673,1.34673,1.0,write_1,128.064,0.134673,1.34673,hold_0,14.9317,0.794937,72.3491,0.0651141,0.651141,1.0,hold_1,14.8482,0.793135,72.5616,0.0653054,0.653054,1.0
1,5,4,1.0,27,226.73,87.17,538.18,read_0,145.662,11.7438,11.7438,229.209,174.03,0.0658733,6.23472,0.0658733,0.658733,1.0,read_1,11.7439,145.662,11.7439,174.03,229.209,0.0658733,6.23472,0.0658733,0.658733,1.0,125.308,999.235,999.283,0.18128,21.4135,0.18128,1.8128,1.0,write_0,55.3206,999.282,999.995,0.179592,27.7279,0.179592,1.7959200000000002,1.0,write_1,125.308,0.18128,1.8128,hold_0,14.9937,0.759464,90.3284,0.0903284,0.903284,1.0,hold_1,15.0239,0.922017,90.8,0.0908,0.908,1.0
1,5,4,1.1,27,243.46,90.59,603.1,read_0,161.919,15.733,15.733,229.218,172.685,0.0738534,6.89635,0.0812388,0.812388,1.0,read_1,15.7331,161.919,15.7331,172.685,229.218,0.0738534,6.89635,0.0812388,0.812388,1.0,122.99,1099.09,1099.19,0.21658,25.3703,0.238238,2.38238,1.0,write_0,53.0641,1099.15,1099.99,0.213469,33.5657,0.234816,2.34816,1.0,write_1,122.99,0.238238,2.38238,hold_0,15.334,0.72357,111.836,0.12302,1.2302,1.0,hold_1,15.3483,0.720625,111.392,0.122531,1.22531,1.0
1,5,4,1.2,27,259.21,93.29,673.06,read_0,178.297,20.8291,20.8291,229.395,977.077,0.0821825,7.56256,0.098619,0.98619,1.0,read_1,20.8293,178.297,20.8293,977.077,229.395,0.0821825,7.56256,0.098619,0.98619,1.0,120.922,1198.93,1199.02,0.256926,29.6235,0.308311,3.08311,1.0,write_0,51.177,1199.0,1199.98,0.2515969999999999,39.364,0.3019159999999999,3.01916,1.0,write_1,120.922,0.308311,3.08311,hold_0,15.9735,0.929502,137.026,0.164431,1.64431,1.0,hold_1,15.9312,0.710227,137.371,0.164845,1.64845,1.0
1,5,4,1.3,27,274.14,95.22,748.09,read_0,194.85,27.2529,27.2529,222.769,166.182,0.090817,8.23651,0.118062,1.18062,1.0,read_1,27.253,194.85,27.253,166.182,222.769,0.090817,8.23651,0.118062,1.18062,1.0,119.072,1298.73,1298.83,0.302461,33.9879,0.3932,3.932,1.0,write_0,49.5672,1298.8,1299.98,0.294577,45.3995,0.382951,3.82951,1.0,write_1,119.072,0.3932,3.932,hold_0,16.7828,0.707024,166.814,0.216858,2.16858,1.0,hold_1,16.8382,0.925535,166.931,0.217011,2.17011,1.0
1,5,5,0.6,27,147.12,53.03,318.17,read_0,94.9046,5.21655,5.21655,796.423,796.423,0.0429175,4.25292,0.0257505,0.257505,1.0,read_1,5.21658,94.9046,5.21658,796.423,796.423,0.0429175,4.25292,0.0257505,0.257505,1.0,136.122,599.505,599.516,0.0723271,7.4113,0.0433961999999999,0.433962,1.0,write_0,73.0805,599.519,600.001,0.0765861,8.31139,0.0459517,0.459517,1.0,write_1,136.122,0.0459517,0.459517,hold_0,20.2761,1.15902,35.7198,0.0214319,0.214319,1.0,hold_1,20.2169,1.16203,36.0389,0.0216234,0.216234,1.0
1,5,5,0.7,27,169.38,57.7,378.15,read_0,114.181,7.17625,7.17625,1884.25,315.126,0.0516845,4.99549,0.0361791,0.361791,1.0,read_1,7.17629,114.181,7.17629,315.126,1884.25,0.0516845,4.99549,0.0361791,0.361791,1.0,131.472,699.4789999999999,699.493,0.0916933,10.3388,0.0641853,0.641853,1.0,write_0,64.2297,699.4939999999999,700.003,0.0959784,12.9832,0.0671848999999999,0.671849,1.0,write_1,131.472,0.0671848999999999,0.671849,hold_0,18.5185,1.05656,46.316,0.0324212,0.324212,1.0,hold_1,18.5503,1.08627,46.0609,0.0322426,0.322426,1.0
1,5,5,0.8,27,189.87,60.97,443.12,read_0,133.652,10.0732,10.0732,433.741,302.374,0.0600785,5.75233,0.0480628,0.480628,1.0,read_1,10.0733,133.652,10.0733,302.374,433.741,0.0600785,5.75233,0.0480628,0.480628,1.0,127.576,799.4119999999999,799.456,0.1144559999999999,13.1566,0.0915646,0.915646,1.0,write_0,58.6481,799.449,799.995,0.118326,17.1745,0.0946608,0.946608,1.0,write_1,127.576,0.0946608,0.946608,hold_0,17.7639,1.0745,59.2174,0.0473739,0.473739,1.0,hold_1,17.7889,1.00136,59.3794,0.0475035,0.475035,1.0
1,5,5,0.9,27,208.88,62.98,507.98,read_0,153.272,14.0935,14.0935,217.264,295.281,0.0687225,6.5154,0.0618503,0.618503,1.0,read_1,14.0936,153.272,14.0936,295.281,217.264,0.0687225,6.5154,0.0618503,0.618503,1.0,124.265,899.3389999999999,899.37,0.140782,16.186,0.126703,1.26703,1.0,write_0,54.9412,899.378,899.995,0.143993,22.0915,0.129593,1.29593,1.0,write_1,124.265,0.129593,1.29593,hold_0,17.4998,1.07156,74.7083,0.0672375,0.672375,1.0,hold_1,17.4813,1.06692,75.0747,0.0675673,0.675673,1.0
1,5,5,1.0,27,226.71,64.09,583.05,read_0,173.049,19.4287,19.4287,447.767,3960.03,0.0777287,7.27577,0.0777287,0.777287,1.0,read_1,19.4288,173.049,19.4288,3960.03,447.767,0.0777287,7.27577,0.0777287,0.777287,1.0,121.564,999.236,999.28,0.170926,19.5686,0.170926,1.7092599999999998,1.0,write_0,52.1572,999.276,999.988,0.173144,27.2126,0.173144,1.73144,1.0,write_1,121.564,0.173144,1.73144,hold_0,17.5735,0.880787,93.292,0.093292,0.93292,1.0,hold_1,17.5848,1.0661,93.4069,0.0934069,0.934069,1.0
1,5,5,1.1,27,243.45,64.27,658.01,read_0,193.029,26.2927,26.2927,444.548,3160.28,0.0870851,8.04643,0.0957937,0.957937,1.0,read_1,26.2928,193.029,26.2928,3160.28,444.548,0.0870851,8.04643,0.0957937,0.957937,1.0,119.193,1099.1,1099.17,0.205251,23.1404,0.225777,2.2577700000000003,1.0,write_0,49.8824,1099.15,1099.99,0.206213,32.4783,0.226834,2.26834,1.0,write_1,119.193,0.226834,2.26834,hold_0,17.9375,0.857269,114.873,0.12636,1.2636,1.0,hold_1,17.9763,0.849499,115.028,0.126531,1.26531,1.0
1,5,5,1.2,27,259.2,63.59,738.01,read_0,213.263,34.9378,34.9378,208.857,828.079,0.0968342,8.82915,0.116201,1.16201,1.0,read_1,34.9379,213.263,34.9379,828.079,208.857,0.0968342,8.82915,0.116201,1.16201,1.0,117.039,1198.94,1199.01,0.243955,27.0888,0.292745,2.92745,1.0,write_0,48.1246,1199.0,1199.99,0.243715,38.8766,0.292457,2.92457,1.0,write_1,117.039,0.292745,2.92745,hold_0,18.6123,0.843355,140.347,0.168417,1.68417,1.0,hold_1,18.6342,0.839959,140.332,0.168399,1.68399,1.0
1,5,5,1.3,27,274.12,62.03,817.96,read_0,233.815,45.6894,45.6894,173.416,232.146,0.106949,9.64283,0.139034,1.39034,1.0,read_1,45.6896,233.815,45.6896,232.146,173.416,0.106949,9.64283,0.139034,1.39034,1.0,115.136,1298.74,1298.82,0.288169,31.1604,0.374619,3.74619,1.0,write_0,46.6217,1298.81,1299.98,0.285916,44.6625,0.37169,3.7169,1.0,write_1,115.136,0.374619,3.74619,hold_0,19.5618,0.843098,170.686,0.221892,2.21892,1.0,hold_1,19.585,0.840086,171.097,0.222426,2.22426,1.0
1,6,1,0.6,27,142.96,113.27,113.3,read_0,21.9396,0.957094,0.957094,277.651,1049.1,0.0171824,1.73347,0.0103095,0.103095,1.0,read_1,0.957125,21.9396,0.957125,1049.1,277.651,0.0171824,1.73347,0.0103095,0.103095,1.0,200.651,599.42,599.419,0.141727,5.84587,0.0850364,0.8503639999999999,1.0,write_0,191.238,599.422,599.997,0.141338,5.92251,0.0848029,0.848029,1.0,write_1,200.651,0.0850364,0.8503639999999999,hold_0,8.42835,0.495061,34.6176,0.0207706,0.207706,1.0,hold_1,8.42955,0.495569,34.6635,0.0207981,0.207981,1.0
1,6,1,0.7,27,164.22,130.86,133.41,read_0,26.0528,1.04461,1.04461,276.005,420.815,0.0203095,2.03477,0.0142166,0.142166,1.0,read_1,1.04465,26.0528,1.04465,420.815,276.005,0.0203095,2.03477,0.0142166,0.142166,1.0,188.521,699.3910000000001,699.368,0.182491,9.56158,0.127744,1.27744,1.0,write_0,160.653,699.3919999999999,699.9939999999999,0.180583,9.53433,0.126408,1.26408,1.0,write_1,188.521,0.127744,1.27744,hold_0,7.77748,0.457274,45.7081,0.0319957,0.319957,1.0,hold_1,7.77531,0.453408,45.909,0.0321363,0.321363,1.0
1,6,1,0.8,27,183.68,147.03,153.44,read_0,30.0928,1.19322,1.19322,150.556,201.045,0.023517,2.33751,0.0188136,0.188136,1.0,read_1,1.19327,30.0928,1.19327,201.045,150.556,0.023517,2.33751,0.0188136,0.188136,1.0,180.422,799.318,799.3439999999999,0.228376,13.7845,0.182701,1.82701,1.0,write_0,141.941,799.3330000000001,799.9939999999999,0.224217,13.9205,0.179374,1.79374,1.0,write_1,180.422,0.182701,1.82701,hold_0,7.50388,0.426976,59.4443,0.0475554,0.475554,1.0,hold_1,7.49211,0.438715,59.9602,0.0479682,0.479682,1.0
1,6,1,0.9,27,201.6,162.12,173.42,read_0,34.0798,1.4052,1.4052,190.866,146.367,0.0275911,2.65493,0.024832,0.24832,1.0,read_1,1.40527,34.0798,1.40527,146.367,190.866,0.0275911,2.65493,0.024832,0.24832,1.0,174.919,899.243,899.217,0.279925,18.9447,0.251933,2.51933,1.0,write_0,129.273,899.252,899.995,0.2726719999999999,18.8989,0.245405,2.45405,1.0,write_1,174.919,0.251933,2.51933,hold_0,7.45671,0.394806,76.601,0.0689409,0.689409,1.0,hold_1,7.45083,0.424679,77.0613,0.0693551,0.693551,1.0
1,6,1,1.0,27,218.3,176.38,198.52,read_0,38.028,1.67339,1.67339,187.49,143.154,0.0310422,2.96033,0.0310422,0.310422,1.0,read_1,1.67348,38.028,1.67348,143.154,187.49,0.0310422,2.96033,0.0310422,0.310422,1.0,170.65599999999998,999.127,999.087,0.335932,24.8863,0.335932,3.35932,1.0,write_0,120.241,999.131,999.993,0.325371,24.8341,0.325371,3.25371,1.0,write_1,170.65599999999998,0.335932,3.35932,hold_0,7.58281,0.414661,96.8839,0.0968839,0.968839,1.0,hold_1,7.58258,0.415575,96.9951,0.0969951,0.969951,1.0
1,6,1,1.1,27,233.94,190.07,223.57,read_0,41.9716,2.02023,2.02023,107.869,141.816,0.0346288,3.26549,0.0380917,0.380917,1.0,read_1,2.02034,41.9716,2.02034,141.816,107.869,0.0346288,3.26549,0.0380917,0.380917,1.0,167.304,1098.98,1098.94,0.396361,30.8343,0.435997,4.35997,1.0,write_0,113.541,1098.98,1099.99,0.382657,30.982,0.4209229999999999,4.209230000000001,1.0,write_1,167.304,0.435997,4.35997,hold_0,7.83901,0.375763,121.262,0.133388,1.33388,1.0,hold_1,7.85313,0.410644,121.286,0.133415,1.33415,1.0
1,6,1,1.2,27,248.58,203.5,248.59,read_0,45.9304,2.46773,2.46773,107.079,140.897,0.0383452,3.57084,0.0460142,0.460142,1.0,read_1,2.46787,45.9304,2.46787,140.897,107.079,0.0383452,3.57084,0.0460142,0.460142,1.0,164.47,1198.79,1198.74,0.46237,37.6611,0.554844,5.54844,1.0,write_0,108.231,1198.8,1199.98,0.445061,37.1685,0.5340739999999999,5.34074,1.0,write_1,164.47,0.554844,5.54844,hold_0,8.24583,0.370567,150.053,0.180063,1.80063,1.0,hold_1,8.23763,0.376834,150.445,0.180534,1.80534,1.0
1,6,1,1.3,27,262.41,216.84,273.58,read_0,49.9264,3.04554,3.04554,106.401,140.108,0.0422101,3.87647,0.0548732,0.548732,1.0,read_1,3.04571,49.9264,3.04571,140.108,106.401,0.0422101,3.87647,0.0548732,0.548732,1.0,162.003,1298.55,1298.49,0.534349,44.4967,0.694654,6.94654,1.0,write_0,103.947,1298.56,1299.98,0.50862,44.3319,0.6612060000000001,6.6120600000000005,1.0,write_1,162.003,0.694654,6.94654,hold_0,8.76087,0.370799,184.274,0.239557,2.39557,1.0,hold_1,8.78553,0.376952,185.626,0.241314,2.41314,1.0
1,6,2,0.6,27,142.94,94.91,208.29,read_0,40.5595,1.51035,1.51035,576.412,3365.71,0.0240332,2.38884,0.0144199,0.144199,1.0,read_1,1.51038,40.5595,1.51038,3365.71,576.412,0.0240332,2.38884,0.0144199,0.144199,1.0,156.545,599.415,599.414,0.105913,6.65412,0.0635478,0.635478,1.0,write_0,113.361,599.423,599.996,0.10627,6.69256,0.0637618,0.637618,1.0,write_1,156.545,0.0637618,0.637618,hold_0,11.3477,0.651249,36.1462,0.0216877,0.216877,1.0,hold_1,11.2722,0.629304,36.1867,0.021712,0.21712,1.0
1,6,2,0.7,27,164.2,108.88,248.36,read_0,48.3121,1.73438,1.73438,263.888,1836.09,0.0284793,2.8158,0.0199355,0.199355,1.0,read_1,1.73443,48.3121,1.73443,1836.09,263.888,0.0284793,2.8158,0.0199355,0.199355,1.0,151.121,699.377,699.3919999999999,0.13519,10.6161,0.0946332,0.946332,1.0,write_0,96.1831,699.393,699.997,0.134037,10.5724,0.0938262,0.938262,1.0,write_1,151.121,0.0946332,0.946332,hold_0,10.4258,0.612373,47.5509,0.0332856,0.332856,1.0,hold_1,10.4337,0.607381,47.6924,0.0333847,0.333847,1.0
1,6,2,0.8,27,183.67,121.49,288.32,read_0,55.9622,2.0756,2.0756,262.176,396.927,0.0330963,3.24506,0.0264771,0.264771,1.0,read_1,2.07565,55.9622,2.07565,396.927,262.176,0.0330963,3.24506,0.0264771,0.264771,1.0,147.4,799.309,799.3389999999999,0.169027,15.2968,0.135221,1.35221,1.0,write_0,86.0764,799.331,799.993,0.164609,15.2857,0.131687,1.31687,1.0,write_1,147.4,0.135221,1.35221,hold_0,10.0523,0.568076,61.997,0.0495976,0.495976,1.0,hold_1,10.0545,0.570451,61.5692,0.0492554,0.492554,1.0
1,6,2,0.9,27,201.59,133.21,333.41,read_0,63.528,2.54712,2.54712,147.14,192.779,0.0378839,3.67425,0.0340955,0.340955,1.0,read_1,2.54719,63.528,2.54719,192.779,147.14,0.0378839,3.67425,0.0340955,0.340955,1.0,144.549,899.215,899.257,0.207557,20.6036,0.186801,1.86801,1.0,write_0,79.1448,899.248,899.998,0.1995299999999999,20.6106,0.179577,1.79577,1.0,write_1,144.549,0.186801,1.86801,hold_0,9.90381,0.529205,78.8846,0.0709961,0.709961,1.0,hold_1,9.90739,0.529919,79.1971,0.0712774,0.712774,1.0
1,6,2,1.0,27,218.29,144.1,378.42,read_0,71.0434,3.16884,3.16884,145.16,192.287,0.0428563,4.10345,0.0428563,0.428563,1.0,read_1,3.16893,71.0434,3.16893,192.287,145.16,0.0428563,4.10345,0.0428563,0.428563,1.0,141.971,999.092,999.147,0.250969,26.4999,0.250969,2.50969,1.0,write_0,74.2923,999.129,999.991,0.238919,26.5087,0.238919,2.38919,1.0,write_1,141.971,0.250969,2.50969,hold_0,10.0912,0.415502,99.6067,0.0996067,0.996067,1.0,hold_1,10.0913,0.550807,99.93,0.09993,0.9993,1.0
1,6,2,1.1,27,233.92,154.38,428.56,read_0,78.5482,3.99082,3.99082,143.756,192.482,0.0480358,4.53327,0.0528393,0.528393,1.0,read_1,3.99094,78.5482,3.99094,192.482,143.756,0.0480358,4.53327,0.0528393,0.528393,1.0,139.76,1098.99,1098.91,0.299078,32.8595,0.328986,3.28986,1.0,write_0,70.6514,1098.98,1099.99,0.283086,32.9147,0.311395,3.11395,1.0,write_1,139.76,0.328986,3.28986,hold_0,10.3955,0.498582,124.373,0.13681,1.3681,1.0,hold_1,10.3897,0.503643,124.523,0.136976,1.36976,1.0
1,6,2,1.2,27,248.56,164.54,473.53,read_0,86.0827,5.06935,5.06935,142.607,192.72,0.0534448,4.96429,0.0641337,0.641337,1.0,read_1,5.06949,86.0827,5.06949,192.72,142.607,0.0534448,4.96429,0.0641337,0.641337,1.0,137.833,1198.74,1198.82,0.352724,39.5084,0.423268,4.23268,1.0,write_0,67.8306,1198.79,1199.99,0.332935,39.5998,0.399522,3.99522,1.0,write_1,137.833,0.423268,4.23268,hold_0,10.9005,0.54036,153.603,0.184323,1.84323,1.0,hold_1,10.8904,0.489486,153.604,0.184324,1.84324,1.0
1,6,2,1.3,27,262.4,175.41,523.66,read_0,93.6836,6.47793,6.47793,141.497,192.48,0.0591075,5.39673,0.0768397,0.768397,1.0,read_1,6.4781,93.6836,6.4781,192.48,141.497,0.0591075,5.39673,0.0768397,0.768397,1.0,136.246,1298.5,1298.58,0.4128229999999999,46.1589,0.53667,5.3667,1.0,write_0,65.5728,1298.57,1299.98,0.382807,46.6579,0.4976489999999999,4.97649,1.0,write_1,136.246,0.53667,5.3667,hold_0,11.5424,0.495621,189.383,0.246197,2.46197,1.0,hold_1,11.5663,0.542394,189.556,0.246423,2.46423,1.0
1,6,3,0.6,27,142.92,80.36,253.18,read_0,56.6706,2.27882,2.27882,492.363,784.019,0.0309769,3.02875,0.0185861,0.185861,1.0,read_1,2.27885,56.6706,2.27885,784.019,492.363,0.0309769,3.02875,0.0185861,0.185861,1.0,146.72299999999998,599.413,599.415,0.0947788,7.2474,0.0568673,0.568673,1.0,write_0,92.7229,599.422,599.998,0.0959814,7.240589999999999,0.0575888,0.575888,1.0,write_1,146.72299999999998,0.0575888,0.575888,hold_0,14.2849,0.792879,37.6673,0.0226004,0.226004,1.0,hold_1,14.2046,0.760763,37.7331,0.0226398,0.226398,1.0
1,6,3,0.7,27,164.18,91.31,303.28,read_0,67.691,2.75721,2.75721,499.381,4832.45,0.0367652,3.57315,0.0257356,0.257356,1.0,read_1,2.75725,67.691,2.75725,4832.45,499.381,0.0367652,3.57315,0.0257356,0.257356,1.0,141.995,699.383,699.39,0.121241,11.4415,0.0848688,0.8486879999999999,1.0,write_0,79.7815,699.3919999999999,699.993,0.120538,11.4998,0.0843763,0.8437629999999999,1.0,write_1,141.995,0.0848688,0.8486879999999999,hold_0,13.0924,0.751567,49.6294,0.0347406,0.347406,1.0,hold_1,13.1012,0.747395,49.4004,0.0345803,0.345803,1.0
1,6,3,0.8,27,183.66,100.94,353.24,read_0,78.6206,3.46329,3.46329,246.324,1782.56,0.0423325,4.12056,0.033866,0.33866,1.0,read_1,3.46335,78.6206,3.46335,1782.56,246.324,0.0423325,4.12056,0.033866,0.33866,1.0,138.312,799.311,799.336,0.1512349999999999,16.1846,0.120988,1.2098799999999998,1.0,write_0,71.9092,799.3330000000001,799.9989999999999,0.148666,16.3443,0.118933,1.18933,1.0,write_1,138.312,0.120988,1.2098799999999998,hold_0,12.6272,0.709508,63.9832,0.0511865,0.511865,1.0,hold_1,12.6086,0.623005,64.1207,0.0512965,0.512965,1.0
1,6,3,0.9,27,201.57,109.66,408.3,read_0,89.4674,4.43743,4.43743,245.923,184.54,0.0484807,4.66946,0.0436326,0.436326,1.0,read_1,4.4375,89.4674,4.4375,184.54,245.923,0.0484807,4.66946,0.0436326,0.436326,1.0,134.976,899.2180000000001,899.2589999999999,0.185906,20.8731,0.167315,1.67315,1.0,write_0,66.663,899.245,899.9910000000001,0.180599,22.1062,0.162539,1.62539,1.0,write_1,134.976,0.167315,1.67315,hold_0,12.4041,0.573471,81.4051,0.0732646,0.732646,1.0,hold_1,12.4723,0.705572,81.7082,0.0735374,0.735374,1.0
1,6,3,1.0,27,218.27,117.51,463.27,read_0,100.27,5.74486,5.74486,247.539,182.973,0.0549112,5.21918,0.0549112,0.549112,1.0,read_1,5.74495,100.27,5.74495,182.973,247.539,0.0549112,5.21918,0.0549112,0.549112,1.0,132.439,999.075,999.166,0.224427,25.0884,0.224427,2.24427,1.0,write_0,62.9333,999.127,999.994,0.216825,28.1702,0.216825,2.16825,1.0,write_1,132.439,0.224427,2.24427,hold_0,12.617,0.688494,102.636,0.102636,1.02636,1.0,hold_1,12.6177,0.539131,102.531,0.102531,1.02531,1.0
1,6,3,1.1,27,233.91,124.69,523.38,read_0,111.073,7.47277,7.47277,139.81,182.028,0.0616106,5.77047,0.0677717,0.677717,1.0,read_1,7.47288,111.073,7.47288,182.028,139.81,0.0616106,5.77047,0.0677717,0.677717,1.0,130.335,1098.92,1099.02,0.268495,29.675,0.295344,2.95344,1.0,write_0,60.1683,1098.99,1100.0,0.257929,34.8212,0.283722,2.83722,1.0,write_1,130.335,0.295344,2.95344,hold_0,12.9812,0.67516,127.641,0.140405,1.40405,1.0,hold_1,12.9752,0.521594,127.805,0.140585,1.40585,1.0
1,6,3,1.2,27,248.55,131.35,583.47,read_0,121.927,9.73847,9.73847,138.334,181.331,0.0686165,6.32411,0.0823397,0.823397,1.0,read_1,9.73861,121.927,9.73861,181.331,138.334,0.0686165,6.32411,0.0823397,0.823397,1.0,128.338,1198.74,1198.82,0.317829,34.513000000000005,0.381395,3.81395,1.0,write_0,57.9118,1198.79,1199.99,0.304207,41.315,0.365048,3.65048,1.0,write_1,128.338,0.381395,3.81395,hold_0,13.5345,0.51077,157.29,0.188748,1.88748,1.0,hold_1,13.4613,0.514187,157.022,0.188426,1.88426,1.0
1,6,3,1.3,27,262.38,137.86,643.59,read_0,132.878,12.6873,12.6873,136.901,180.471,0.0759591,6.88048,0.0987469,0.987469,1.0,read_1,12.6875,132.878,12.6875,180.471,136.901,0.0759591,6.88048,0.0987469,0.987469,1.0,126.305,1298.56,1298.46,0.373236,40.0162,0.485206,4.85206,1.0,write_0,56.1183,1298.56,1299.98,0.356709,47.6139,0.463721,4.63721,1.0,write_1,126.305,0.485206,4.85206,hold_0,14.237,0.510169,192.426,0.250154,2.50154,1.0,hold_1,14.3265,0.683869,192.906,0.250778,2.50778,1.0
1,6,4,0.6,27,142.9,68.19,283.11,read_0,70.872,3.30705,3.30705,2716.54,716.541,0.0375102,3.65308,0.0225061,0.225061,1.0,read_1,3.30708,70.872,3.30708,716.541,2716.54,0.0375102,3.65308,0.0225061,0.225061,1.0,141.43,599.41,599.419,0.0880744,7.70657,0.0528446,0.528446,1.0,write_0,82.458,599.425,600.0,0.0905231,7.738239999999999,0.0543139,0.543139,1.0,write_1,141.43,0.0543139,0.543139,hold_0,17.2443,0.921608,39.3052,0.0235831,0.235831,1.0,hold_1,17.1588,0.876305,39.3161,0.0235897,0.235897,1.0
1,6,4,0.7,27,164.17,76.4,338.16,read_0,84.8684,4.19565,4.19565,467.112,1551.46,0.044556,4.30923,0.0311892,0.311892,1.0,read_1,4.1957,84.8684,4.1957,1551.46,467.112,0.044556,4.30923,0.0311892,0.311892,1.0,136.417,699.3760000000001,699.388,0.112364,11.465,0.0786545,0.7865449999999999,1.0,write_0,71.6291,699.3939999999999,699.9960000000001,0.113771,12.1213,0.0796393999999999,0.7963939999999999,1.0,write_1,136.417,0.0796393999999999,0.7963939999999999,hold_0,15.7812,0.881122,51.3925,0.0359747,0.359747,1.0,hold_1,15.7862,0.879335,51.2915,0.0359041,0.359041,1.0
1,6,4,0.8,27,183.64,83.36,398.24,read_0,98.8281,5.50403,5.50403,469.002,3181.06,0.0518397,4.97187,0.0414718,0.414718,1.0,read_1,5.50408,98.8281,5.50408,3181.06,469.002,0.0518397,4.97187,0.0414718,0.414718,1.0,132.822,799.309,799.335,0.1401339999999999,15.0632,0.112107,1.12107,1.0,write_0,65.0467,799.334,800.0060000000001,0.1405269999999999,17.3586,0.112421,1.12421,1.0,write_1,132.822,0.112421,1.12421,hold_0,15.1615,0.861003,66.1445,0.0529156,0.529156,1.0,hold_1,15.219,0.760997,65.9351,0.0527481,0.527481,1.0
1,6,4,0.9,27,201.56,89.28,458.21,read_0,112.746,7.31722,7.31722,233.995,1742.42,0.0587847,5.63684,0.0529063,0.529063,1.0,read_1,7.31729,112.746,7.31729,1742.42,233.995,0.0587847,5.63684,0.0529063,0.529063,1.0,129.52,899.209,899.2560000000001,0.172211,18.6026,0.154989,1.54989,1.0,write_0,60.5877,899.2439999999999,899.998,0.17104,23.0615,0.153936,1.53936,1.0,write_1,129.52,0.154989,1.54989,hold_0,15.0307,0.702382,84.0092,0.0756083,0.756083,1.0,hold_1,15.0059,0.838443,83.8271,0.0754444,0.754444,1.0
1,6,4,1.0,27,218.26,94.38,523.25,read_0,126.65,9.75441,9.75441,233.088,176.981,0.0666092,6.30333,0.0666092,0.666092,1.0,read_1,9.7545,126.65,9.7545,176.981,233.088,0.0666092,6.30333,0.0666092,0.666092,1.0,126.856,999.093,999.15,0.208776,22.5447,0.208776,2.08776,1.0,write_0,57.3054,999.129,999.996,0.205875,28.2943,0.205875,2.05875,1.0,write_1,126.856,0.208776,2.08776,hold_0,15.1531,0.666833,105.351,0.105351,1.05351,1.0,hold_1,15.1558,0.821918,105.504,0.105504,1.05504,1.0
1,6,4,1.1,27,233.89,98.72,588.23,read_0,140.591,12.9616,12.9616,232.819,175.047,0.0747725,6.97265,0.0822498,0.822498,1.0,read_1,12.9617,140.591,12.9617,175.047,232.819,0.0747725,6.97265,0.0822498,0.822498,1.0,124.525,1098.93,1099.0,0.249698,26.782,0.274667,2.74667,1.0,write_0,54.8256,1098.99,1099.99,0.244285,34.0909,0.268713,2.68713,1.0,write_1,124.525,0.274667,2.74667,hold_0,15.539,0.643034,130.77,0.143847,1.43847,1.0,hold_1,15.5626,0.808997,131.287,0.144416,1.44416,1.0
1,6,4,1.2,27,248.53,102.38,653.13,read_0,154.621,17.1172,17.1172,232.251,173.686,0.0832317,7.64568,0.099878,0.99878,1.0,read_1,17.1173,154.621,17.1173,173.686,232.251,0.0832317,7.64568,0.099878,0.99878,1.0,122.428,1198.73,1198.82,0.296369,31.38,0.355643,3.55643,1.0,write_0,52.8954,1198.8,1199.99,0.2887639999999999,40.2131,0.346517,3.46517,1.0,write_1,122.428,0.355643,3.55643,hold_0,16.2168,0.808756,160.812,0.192974,1.92974,1.0,hold_1,16.1928,0.628547,160.391,0.19247,1.9247,1.0
1,6,4,1.3,27,262.37,105.44,723.05,read_0,168.788,22.4447,22.4447,216.58,163.667,0.0920196,8.33263,0.119625,1.19625,1.0,read_1,22.4449,168.788,22.4449,163.667,216.58,0.0920196,8.33263,0.119625,1.19625,1.0,120.596,1298.48,1298.59,0.349296,35.9096,0.454085,4.54085,1.0,write_0,51.2775,1298.56,1299.98,0.338928,46.5585,0.4406069999999999,4.40607,1.0,write_1,120.596,0.454085,4.54085,hold_0,17.091,0.61754,196.435,0.255365,2.55365,1.0,hold_1,17.0606,0.622157,196.835,0.255885,2.55885,1.0
1,6,5,0.6,27,142.88,57.45,308.14,read_0,83.6029,4.63193,4.63193,454.123,3060.04,0.0439317,4.27741,0.026359,0.26359,1.0,read_1,4.63196,83.6029,4.63196,3060.04,454.123,0.0439317,4.27741,0.026359,0.26359,1.0,137.64700000000002,599.405,599.418,0.0834493999999999,7.69821,0.0500696999999999,0.5006970000000001,1.0,write_0,76.2275,599.424,600.001,0.0872178,8.08462,0.0523307,0.523307,1.0,write_1,137.64700000000002,0.0523307,0.523307,hold_0,20.2257,1.05419,40.8811,0.0245287,0.245287,1.0,hold_1,20.2281,1.03365,41.0632,0.0246379,0.246379,1.0
1,6,5,0.7,27,164.15,63.38,368.17,read_0,100.361,6.1425,6.1425,1092.32,318.878,0.0521871,5.0321,0.036531,0.36531,1.0,read_1,6.14255,100.361,6.14255,318.878,1092.32,0.0521871,5.0321,0.036531,0.36531,1.0,132.93200000000002,699.377,699.387,0.105842,10.8256,0.0740896,0.740896,1.0,write_0,66.7162,699.3919999999999,700.0,0.109416,12.7863,0.0765911,0.765911,1.0,write_1,132.93200000000002,0.0765911,0.765911,hold_0,18.558,0.969305,53.1531,0.0372072,0.372072,1.0,hold_1,18.501,0.987711,53.3422,0.0373396,0.373396,1.0
1,6,5,0.8,27,183.63,67.76,428.08,read_0,117.186,8.36412,8.36412,437.11,304.561,0.0607282,5.80364,0.0485826,0.485826,1.0,read_1,8.36417,117.186,8.36417,304.561,437.11,0.0607282,5.80364,0.0485826,0.485826,1.0,128.888,799.31,799.335,0.132115,13.8314,0.105692,1.05692,1.0,write_0,60.8266,799.331,799.997,0.135163,17.7411,0.1081299999999999,1.0813,1.0,write_1,128.888,0.1081299999999999,1.0813,hold_0,17.7319,0.981684,68.406,0.0547248,0.547248,1.0,hold_1,17.7945,0.88778,68.4356,0.0547485,0.547485,1.0
1,6,5,0.9,27,201.55,71.13,498.16,read_0,134.055,11.4541,11.4541,431.278,292.77,0.0695804,6.58066,0.0626224,0.626224,1.0,read_1,11.4542,134.055,11.4542,292.77,431.278,0.0695804,6.58066,0.0626224,0.626224,1.0,125.68,899.215,899.257,0.162624,17.093,0.146361,1.46361,1.0,write_0,56.74,899.2489999999999,899.99,0.1645339999999999,22.4423,0.14808,1.4808,1.0,write_1,125.68,0.14808,1.4808,hold_0,17.5924,0.829605,86.4639,0.0778175,0.778175,1.0,hold_1,17.5258,0.961197,86.7559,0.0780803,0.780803,1.0
1,6,5,1.0,27,218.24,73.57,563.03,read_0,150.99,15.5907,15.5907,222.628,1645.58,0.0787714,7.36242,0.0787714,0.787714,1.0,read_1,15.5908,150.99,15.5908,1645.58,222.628,0.0787714,7.36242,0.0787714,0.787714,1.0,122.996,999.086,999.139,0.197569,20.7995,0.197569,1.97569,1.0,write_0,53.819,999.131,999.989,0.198163,27.8717,0.198163,1.98163,1.0,write_1,122.996,0.198163,1.98163,hold_0,17.5879,0.782374,108.055,0.108055,1.08055,1.0,hold_1,17.7077,0.955098,107.816,0.107816,1.07816,1.0
1,6,5,1.1,27,233.88,75.19,638.1,read_0,168.026,20.9788,20.9788,220.319,898.628,0.087457,8.14667,0.0962027,0.962027,1.0,read_1,20.9789,168.026,20.9789,898.628,220.319,0.087457,8.14667,0.0962027,0.962027,1.0,120.612,1098.91,1099.02,0.236873,24.596,0.260561,2.60561,1.0,write_0,51.5577,1098.99,1099.99,0.236103,33.57,0.259714,2.59714,1.0,write_1,120.612,0.260561,2.60561,hold_0,18.1533,0.74678,133.937,0.14733,1.4733,1.0,hold_1,18.1539,0.746503,134.227,0.147649,1.47649,1.0
1,6,5,1.2,27,248.52,76.0,713.08,read_0,185.228,27.87,27.87,205.473,812.08,0.0983547,8.94394,0.118026,1.18026,1.0,read_1,27.8701,185.228,27.8701,812.08,205.473,0.0983547,8.94394,0.118026,1.18026,1.0,118.512,1198.72,1198.82,0.282064,28.7598,0.338477,3.38477,1.0,write_0,49.6373,1198.8,1199.98,0.279226,39.3234,0.335071,3.35071,1.0,write_1,118.512,0.338477,3.38477,hold_0,18.8942,0.943758,164.355,0.197226,1.97226,1.0,hold_1,18.8435,0.903621,163.996,0.196795,1.96795,1.0
1,6,5,1.3,27,262.35,76.04,788.01,read_0,202.655,36.5736,36.5736,211.703,308.951,0.107707,9.73769,0.140019,1.40019,1.0,read_1,36.5738,202.655,36.5738,308.951,211.703,0.107707,9.73769,0.140019,1.40019,1.0,116.598,1298.48,1298.58,0.333883,33.0298,0.4340479999999999,4.34048,1.0,write_0,48.1151,1298.57,1299.98,0.328241,45.2154,0.426714,4.26714,1.0,write_1,116.598,0.4340479999999999,4.34048,hold_0,19.8455,0.74003,200.109,0.260141,2.60141,1.0,hold_1,19.8857,0.733428,200.129,0.260168,2.60168,1.0
2,1,1,0.6,27,202.2,118.54,118.23,read_0,93.4148,0.505059,0.505059,322.916,533.756,0.0163767,1.67884,0.00982601,0.0982601,1.0,read_1,0.505064,93.4148,0.505064,533.756,322.916,0.0163767,1.67884,0.00982601,0.0982601,1.0,191.084,599.944,599.945,0.0846245,7.51885,0.0507747,0.5077470000000001,1.0,write_0,132.59799999999998,599.955,599.994,0.0850697,7.58069,0.0510418,0.510418,1.0,write_1,191.084,0.0510418,0.510418,hold_0,4.35899,0.0106888,9.23801,0.00554281,0.0554281,1.0,hold_1,4.36041,0.0110359,9.33809,0.00560285,0.0560285,1.0
2,1,1,0.7,27,230.49,140.14,133.27,read_0,112.097,0.685228,0.685228,9728.1,225.68,0.0192746,1.96671,0.0134922,0.134922,1.0,read_1,0.685235,112.097,0.685235,225.68,9728.1,0.0192746,1.96671,0.0134922,0.134922,1.0,183.43,699.941,699.945,0.11073,12.0032,0.077511,0.7751100000000001,1.0,write_0,114.948,699.951,699.9939999999999,0.109376,11.9102,0.0765633999999999,0.765634,1.0,write_1,183.43,0.077511,0.7751100000000001,hold_0,3.97674,0.01286,11.6117,0.00812818,0.0812818,1.0,hold_1,3.97708,0.0128075,11.5529,0.00808702,0.0808702,1.0
2,1,1,0.8,27,258.43,161.72,143.18,read_0,130.781,0.952488,0.952488,2173.45,144.877,0.0227709,2.25382,0.0182167,0.182167,1.0,read_1,0.952498,130.781,0.952498,144.877,2173.45,0.0227709,2.25382,0.0182167,0.182167,1.0,178.766,799.933,799.933,0.140204,17.3642,0.112163,1.12163,1.0,write_0,103.881,799.947,799.9960000000001,0.13637,17.5189,0.109096,1.09096,1.0,write_1,178.766,0.112163,1.12163,hold_0,3.75876,0.0168025,14.7311,0.0117849,0.117849,1.0,hold_1,3.75981,0.0167366,15.016,0.0120128,0.120128,1.0
2,1,1,0.9,27,286.12,183.68,158.19,read_0,149.418,1.31293,1.31293,4607.33,145.835,0.0258722,2.5401,0.023285,0.23285,1.0,read_1,1.31294,149.418,1.31294,145.835,4607.33,0.0258722,2.5401,0.023285,0.23285,1.0,175.597,899.923,899.923,0.172705,23.6721,0.155434,1.55434,1.0,write_0,96.7231,899.941,899.993,0.165848,23.4645,0.149263,1.49263,1.0,write_1,175.597,0.155434,1.55434,hold_0,3.68542,0.0232214,18.0454,0.0162409,0.162409,1.0,hold_1,3.69849,0.0171496,18.1172,0.0163055,0.163055,1.0
2,1,1,1.0,27,313.57,205.83,178.25,read_0,168.016,1.78414,1.78414,9431.98,145.78,0.0290108,2.82512,0.0290108,0.290108,1.0,read_1,1.78415,168.016,1.78415,145.78,9431.98,0.0290108,2.82512,0.0290108,0.290108,1.0,173.298,999.913,999.913,0.20815,30.643,0.20815,2.0815,1.0,write_0,91.8091,999.93,999.986,0.198036,30.3507,0.198036,1.98036,1.0,write_1,173.298,0.20815,2.0815,hold_0,3.70867,0.0233551,22.6888,0.0226888,0.226888,1.0,hold_1,3.69229,0.0210813,22.7682,0.0227682,0.227682,1.0
2,1,1,1.1,27,340.85,228.08,193.21,read_0,186.615,2.38068,2.38068,109.048,109.048,0.0322205,3.10968,0.0354425,0.354425,1.0,read_1,2.3807,186.615,2.3807,109.048,109.048,0.0322205,3.10968,0.0354425,0.354425,1.0,171.03,1099.9,1099.89,0.245738,38.289,0.270312,2.70312,1.0,write_0,87.6612,1099.92,1099.98,0.2278739999999999,38.5501,0.250662,2.5066200000000003,1.0,write_1,171.03,0.270312,2.70312,hold_0,3.76622,0.106167,27.3603,0.0300964,0.300964,1.0,hold_1,3.7535,0.0577728,27.0267,0.0297294,0.297294,1.0
2,1,1,1.2,27,367.9,250.43,213.21,read_0,205.262,3.11596,3.11596,144.419,108.79,0.0355118,3.39422,0.0426142,0.426142,1.0,read_1,3.11599,205.262,3.11599,108.79,144.419,0.0355118,3.39422,0.0426142,0.426142,1.0,169.202,1199.88,1199.87,0.285378,46.8873,0.342453,3.4245300000000003,1.0,write_0,84.4025,1199.9,1199.98,0.26184,46.9642,0.314208,3.14208,1.0,write_1,169.202,0.342453,3.4245300000000003,hold_0,3.89431,0.182534,33.0434,0.039652,0.39652,1.0,hold_1,3.89363,0.177675,33.3149,0.0399778,0.399778,1.0
2,1,1,1.3,27,394.74,272.63,233.18,read_0,224.015,4.01101,4.01101,144.532,108.486,0.0388879,3.67908,0.0505543,0.505543,1.0,read_1,4.01104,224.015,4.01104,108.486,144.532,0.0388879,3.67908,0.0505543,0.505543,1.0,167.571,1299.86,1299.84,0.326376,55.4344,0.424289,4.24289,1.0,write_0,81.7503,1299.88,1299.98,0.296434,55.1542,0.385364,3.85364,1.0,write_1,167.571,0.424289,4.24289,hold_0,4.08305,0.268705,39.6614,0.0515599,0.515599,1.0,hold_1,4.08402,0.268806,40.0738,0.0520959,0.520959,1.0
2,1,2,0.6,27,202.2,78.53,238.23,read_0,144.079,1.89082,1.89082,210.207,210.207,0.0225461,2.30275,0.0135277,0.135277,1.0,read_1,1.89083,144.079,1.89083,210.207,210.207,0.0225461,2.30275,0.0135277,0.135277,1.0,148.792,599.945,599.943,0.055353,10.3365,0.0332118,0.3321179999999999,1.0,write_0,80.4791,599.953,599.996,0.0579345,10.2913,0.0347607,0.347607,1.0,write_1,148.792,0.0347607,0.347607,hold_0,5.8821,0.00860655,10.772,0.00646321,0.0646321,1.0,hold_1,5.88222,0.0102253,10.9811,0.00658867,0.0658867,1.0
2,1,2,0.7,27,230.49,89.92,283.25,read_0,174.933,2.92452,2.92452,317.108,5322.22,0.0261167,2.69756,0.0182817,0.182817,1.0,read_1,2.92453,174.933,2.92453,5322.22,317.108,0.0261167,2.69756,0.0182817,0.182817,1.0,144.89,699.939,699.939,0.0706479,16.267,0.0494536,0.494536,1.0,write_0,70.9776,699.952,699.997,0.0729538,16.1225,0.0510676999999999,0.510677,1.0,write_1,144.89,0.0510676999999999,0.510677,hold_0,5.38681,0.0125662,13.4748,0.00943237,0.0943237,1.0,hold_1,5.38403,0.0123645,13.5126,0.0094588,0.094588,1.0
2,1,2,0.8,27,258.43,100.27,328.16,read_0,206.856,4.41957,4.41957,160.754,160.754,0.0301308,3.09076,0.0241046,0.241046,1.0,read_1,4.41958,206.856,4.41958,160.754,160.754,0.0301308,3.09076,0.0241046,0.241046,1.0,141.631,799.934,799.938,0.0880238,23.2309,0.0704191,0.704191,1.0,write_0,65.1168,799.947,799.995,0.0895527,23.4523,0.0716422,0.716422,1.0,write_1,141.631,0.0716422,0.716422,hold_0,5.13219,0.0156824,16.6922,0.0133538,0.133538,1.0,hold_1,5.13108,0.0154301,17.0707,0.0136566,0.136566,1.0
2,1,2,0.9,27,286.12,110.04,383.25,read_0,239.755,6.39402,6.39402,158.468,158.468,0.0341396,3.48122,0.0307257,0.307257,1.0,read_1,6.39403,239.755,6.39403,158.468,158.468,0.0341396,3.48122,0.0307257,0.307257,1.0,138.909,899.923,899.927,0.107192,29.5111,0.0964728999999999,0.964729,1.0,write_0,61.2325,899.938,899.9889999999999,0.1083549999999999,31.5156,0.0975195,0.975195,1.0,write_1,138.909,0.0975195,0.975195,hold_0,5.02234,0.0205064,20.48,0.018432,0.18432,1.0,hold_1,5.02178,0.020399,20.2415,0.0182174,0.182174,1.0
2,1,2,1.0,27,313.57,119.19,438.23,read_0,273.582,8.8613,8.8613,153.944,153.944,0.038204,3.86934,0.038204,0.38204,1.0,read_1,8.86132,273.582,8.86132,153.944,153.944,0.038204,3.86934,0.038204,0.38204,1.0,136.678,999.913,999.912,0.128022,35.4999,0.128022,1.28022,1.0,write_0,58.4054,999.93,999.988,0.126899,40.1913,0.126899,1.26899,1.0,write_1,136.678,0.128022,1.28022,hold_0,5.04267,0.0220425,25.4918,0.0254918,0.254918,1.0,hold_1,5.04815,0.0226794,25.2913,0.0252913,0.252913,1.0
2,1,2,1.1,27,340.85,127.74,493.14,read_0,308.309,11.831,11.831,150.411,9379.89,0.0423769,4.25618,0.0466146,0.466146,1.0,read_1,11.831,308.309,11.831,9379.89,150.411,0.0423769,4.25618,0.0466146,0.466146,1.0,134.711,1099.9,1099.89,0.150941,41.8682,0.166035,1.66035,1.0,write_0,56.3564,1099.92,1099.98,0.148062,50.0598,0.162868,1.62868,1.0,write_1,134.711,0.166035,1.66035,hold_0,5.14815,0.0287254,30.4701,0.0335171,0.335171,1.0,hold_1,5.14292,0.0278274,30.3348,0.0333683,0.333683,1.0
2,1,2,1.2,27,367.9,135.76,558.2,read_0,343.927,15.3187,15.3187,9781.74,210.806,0.0465998,4.64881,0.0559197,0.559197,1.0,read_1,15.3187,343.927,15.3187,210.806,9781.74,0.0465998,4.64881,0.0559197,0.559197,1.0,133.205,1199.88,1199.87,0.175258,48.6292,0.21031,2.1031,1.0,write_0,54.6702,1199.9,1199.98,0.170681,60.2458,0.204817,2.0481700000000003,1.0,write_1,133.205,0.21031,2.1031,hold_0,5.32884,0.0363038,36.7253,0.0440703,0.440703,1.0,hold_1,5.32274,0.0349906,36.4805,0.0437766,0.437766,1.0
2,1,2,1.3,27,394.74,143.13,618.11,read_0,380.437,19.3427,19.3427,155.341,9456.39,0.051168,5.03952,0.0665184,0.665184,1.0,read_1,19.3427,380.437,19.3427,9456.39,155.341,0.051168,5.03952,0.0665184,0.665184,1.0,131.391,1299.86,1299.84,0.200658,55.6286,0.260856,2.60856,1.0,write_0,53.2214,1299.89,1299.98,0.194671,70.6776,0.253073,2.53073,1.0,write_1,131.391,0.260856,2.60856,hold_0,5.57548,0.0444135,43.6432,0.0567361,0.567361,1.0,hold_1,5.56672,0.24655,43.6227,0.0567095,0.567095,1.0
2,1,3,0.6,27,202.2,53.74,293.18,read_0,178.55,4.46552,4.46552,252.211,252.211,0.0282067,2.91576,0.016924,0.16924,1.0,read_1,4.46553,178.55,4.46553,252.211,252.211,0.0282067,2.91576,0.016924,0.16924,1.0,139.525,599.944,599.944,0.0463923,11.8633,0.0278354,0.278354,1.0,write_0,68.5329,599.955,599.996,0.0509548,12.0629,0.0305729,0.305729,1.0,write_1,139.525,0.0305729,0.305729,hold_0,7.38314,0.0114661,12.2421,0.00734524,0.0734524,1.0,hold_1,7.40365,0.0112513,12.0866,0.00725196,0.0725196,1.0
2,1,3,0.7,27,230.49,59.21,348.12,read_0,218.341,7.18549,7.18549,412.211,3889.33,0.0331576,3.41427,0.0232104,0.232104,1.0,read_1,7.1855,218.341,7.1855,3889.33,412.211,0.0331576,3.41427,0.0232104,0.232104,1.0,135.215,699.939,699.941,0.0587025999999999,16.2561,0.0410918,0.410918,1.0,write_0,61.3537,699.951,699.995,0.0640265,19.1859,0.0448185,0.448185,1.0,write_1,135.215,0.0448185,0.448185,hold_0,6.77785,0.0130013,15.2646,0.0106852,0.106852,1.0,hold_1,6.77108,0.0129149,15.2562,0.0106793,0.106793,1.0
2,1,3,0.8,27,258.43,63.19,413.22,read_0,260.341,11.0284,11.0284,201.492,201.492,0.0381326,3.90961,0.0305061,0.305061,1.0,read_1,11.0284,260.341,11.0284,201.492,201.492,0.0381326,3.90961,0.0305061,0.305061,1.0,131.748,799.932,799.934,0.0726253999999999,20.3595,0.0581003,0.5810029999999999,1.0,write_0,56.8589,799.947,799.9960000000001,0.0789411999999999,27.421,0.063153,0.63153,1.0,write_1,131.748,0.063153,0.63153,hold_0,6.48457,0.0137901,18.943,0.0151544,0.151544,1.0,hold_1,6.48911,0.0144395,18.7871,0.0150297,0.150297,1.0
2,1,3,0.9,27,286.11,66.18,478.18,read_0,304.39,16.011,16.011,4769.04,197.846,0.0431346,4.40032,0.0388211,0.388211,1.0,read_1,16.0111,304.39,16.0111,197.846,4769.04,0.0431346,4.40032,0.0388211,0.388211,1.0,128.865,899.922,899.923,0.0880568,24.8336,0.0792511,0.792511,1.0,write_0,53.7849,899.939,899.9939999999999,0.0959221,36.1273,0.0863299,0.8632989999999999,1.0,write_1,128.865,0.0863299,0.8632989999999999,hold_0,6.3658,0.0167758,23.211,0.0208899,0.208899,1.0,hold_1,6.36436,0.0160846,22.7671,0.0204904,0.204904,1.0
2,1,3,1.0,27,313.57,68.23,548.15,read_0,350.331,22.1364,22.1364,3869.55,180.147,0.0481886,4.89903,0.0481886,0.481886,1.0,read_1,22.1365,350.331,22.1365,180.147,3869.55,0.0481886,4.89903,0.0481886,0.481886,1.0,126.395,999.91,999.908,0.104938,29.7894,0.104938,1.04938,1.0,write_0,51.401,999.931,999.988,0.1155369999999999,44.0578,0.1155369999999999,1.15537,1.0,write_1,126.395,0.1155369999999999,1.15537,hold_0,6.38519,0.0217949,28.026,0.028026,0.28026,1.0,hold_1,6.38803,0.0220619,27.8077,0.0278077,0.278077,1.0
2,1,3,1.1,27,340.85,69.48,623.15,read_0,398.004,29.3803,29.3803,3943.97,188.204,0.0534292,5.40136,0.0587722,0.587722,1.0,read_1,29.3803,398.004,29.3803,188.204,3943.97,0.0534292,5.40136,0.0587722,0.587722,1.0,124.208,1099.89,1099.9,0.123323,35.3264,0.135655,1.35655,1.0,write_0,49.4023,1099.92,1099.99,0.1320049999999999,53.1574,0.145206,1.45206,1.0,write_1,124.208,0.145206,1.45206,hold_0,6.51292,0.026619,33.6059,0.0369665,0.369665,1.0,hold_1,6.51712,0.0270018,33.9769,0.0373746,0.373746,1.0
2,1,3,1.2,27,367.9,69.97,698.05,read_0,447.258,37.7182,37.7182,771.45,190.265,0.0585767,5.89871,0.0702921,0.702921,1.0,read_1,37.7182,447.258,37.7182,190.265,771.45,0.0585767,5.89871,0.0702921,0.702921,1.0,122.194,1199.88,1199.87,0.1431349999999999,40.8481,0.171763,1.71763,1.0,write_0,47.8272,1199.9,1199.98,0.152861,61.7575,0.1834329999999999,1.83433,1.0,write_1,122.194,0.1834329999999999,1.83433,hold_0,6.73518,0.0684744,39.9844,0.0479812,0.479812,1.0,hold_1,6.73311,0.0645336,39.7823,0.0477388,0.477388,1.0
2,1,3,1.3,27,394.74,69.75,783.14,read_0,497.947,47.1203,47.1203,278.422,192.152,0.0637411,6.40267,0.0828635,0.828635,1.0,read_1,47.1203,497.947,47.1203,192.152,278.422,0.0637411,6.40267,0.0828635,0.828635,1.0,120.388,1299.85,1299.84,0.16484,46.7592,0.214292,2.14292,1.0,write_0,46.4052,1299.89,1299.98,0.175196,70.0649,0.227755,2.27755,1.0,write_1,120.388,0.227755,2.27755,hold_0,7.05922,0.0408843,47.4422,0.0616748,0.616748,1.0,hold_1,7.04877,0.140272,47.8596,0.0622175,0.622175,1.0
2,1,4,0.6,27,202.19,37.13,328.06,read_0,203.773,8.18647,8.18647,466.583,466.583,0.0333255,3.52115,0.0199953,0.199953,1.0,read_1,8.18648,203.773,8.18648,466.583,466.583,0.0333255,3.52115,0.0199953,0.199953,1.0,134.475,599.944,599.944,0.0412865,11.2353,0.0247719,0.247719,1.0,write_0,62.9666,599.952,599.996,0.047333,13.6537,0.0283998,0.283998,1.0,write_1,134.475,0.0283998,0.283998,hold_0,8.87286,0.0132871,13.8587,0.00831521,0.0831521,1.0,hold_1,8.88174,0.0116181,13.9409,0.00836454,0.0836454,1.0
2,1,4,0.7,27,230.49,38.94,393.07,read_0,249.909,13.2593,13.2593,254.814,254.814,0.0396685,4.12097,0.027768,0.27768,1.0,read_1,13.2593,249.909,13.2593,254.814,254.814,0.0396685,4.12097,0.027768,0.27768,1.0,129.968,699.94,699.94,0.0520964,14.6566,0.0364675,0.364675,1.0,write_0,56.827,699.951,699.9939999999999,0.0596366,21.1224,0.0417455999999999,0.417456,1.0,write_1,129.968,0.0417455999999999,0.417456,hold_0,8.16772,0.0126637,17.3573,0.0121501,0.121501,1.0,hold_1,8.14223,0.0127677,17.0775,0.0119543,0.119543,1.0
2,1,4,0.8,27,258.42,39.28,468.19,read_0,298.91,20.2822,20.2822,353.72,353.72,0.0455661,4.71594,0.0364529,0.364529,1.0,read_1,20.2823,298.91,20.2823,353.72,353.72,0.0455661,4.71594,0.0364529,0.364529,1.0,126.432,799.934,799.935,0.0643379,18.1901,0.0514703,0.514703,1.0,write_0,52.8193,799.949,799.995,0.0736083,27.7135,0.0588866,0.588866,1.0,write_1,126.432,0.0588866,0.588866,hold_0,7.84605,0.0127826,21.2025,0.016962,0.16962,1.0,hold_1,7.84197,0.0126545,20.5302,0.0164242,0.164242,1.0
2,1,4,0.9,27,286.11,38.4,543.15,read_0,350.499,29.3289,29.3289,236.504,236.504,0.0515021,5.31878,0.0463519,0.463519,1.0,read_1,29.3289,350.499,29.3289,236.504,236.504,0.0515021,5.31878,0.0463519,0.463519,1.0,123.53,899.923,899.923,0.0780158,22.1712,0.0702143,0.7021430000000001,1.0,write_0,49.8813,899.939,899.99,0.0895476,35.1607,0.0805928,0.805928,1.0,write_1,123.53,0.0805928,0.805928,hold_0,7.69486,0.0156282,25.6673,0.0231005,0.231005,1.0,hold_1,7.69905,0.0166561,25.5459,0.0229913,0.229913,1.0
2,1,4,1.0,27,313.57,36.6,623.1,read_0,404.415,40.4201,40.4201,1702.76,232.656,0.0574727,5.92953,0.0574727,0.574727,1.0,read_1,40.4201,404.415,40.4201,232.656,1702.76,0.0574727,5.92953,0.0574727,0.574727,1.0,120.936,999.909,999.915,0.0932728,26.5921,0.0932728,0.932728,1.0,write_0,47.5489,999.93,999.989,0.1082099999999999,43.9889,0.1082099999999999,1.0821,1.0,write_1,120.936,0.1082099999999999,1.0821,hold_0,7.72631,0.0214045,30.803,0.030803,0.30803,1.0,hold_1,7.72622,0.0214212,30.6835,0.0306835,0.306835,1.0
2,1,4,1.1,27,340.84,33.88,708.05,read_0,460.42,53.5928,53.5928,6957.99,347.297,0.0634667,6.53487,0.0698134,0.698134,1.0,read_1,53.5929,460.42,53.5929,347.297,6957.99,0.0634667,6.53487,0.0698134,0.698134,1.0,118.78,1099.89,1099.89,0.110339,31.2773,0.121372,1.21372,1.0,write_0,45.6499,1099.92,1099.99,0.124392,52.8558,0.136831,1.36831,1.0,write_1,118.78,0.136831,1.36831,hold_0,7.88269,0.0262997,36.7165,0.0403881,0.403881,1.0,hold_1,7.88387,0.0263,36.947,0.0406417,0.406417,1.0
2,1,4,1.2,27,367.89,39.73,798.0,read_0,518.341,68.9435,68.9435,239.602,239.602,0.0694812,7.13275,0.0833774,0.833774,1.0,read_1,68.9435,518.341,68.9435,239.602,239.602,0.0694812,7.13275,0.0833774,0.833774,1.0,116.913,1199.87,1199.87,0.129576,36.7845,0.155491,1.55491,1.0,write_0,44.0607,1199.91,1199.98,0.144221,61.9127,0.173065,1.73065,1.0,write_1,116.913,0.173065,1.73065,hold_0,8.15777,0.0322872,43.5045,0.0522054,0.522054,1.0,hold_1,8.14251,0.032316,42.81,0.0513721,0.513721,1.0
2,1,4,1.3,27,394.74,48.99,1300.0,read_0,578.063,86.6988,86.6988,5720.41,241.14,0.0758443,7.75288,0.0985976,0.985976,1.0,read_1,86.6989,578.063,86.6989,241.14,5720.41,0.0758443,7.75288,0.0985976,0.985976,1.0,115.328,1299.85,1299.85,0.151285,42.4703,0.196671,1.96671,1.0,write_0,42.646,1299.88,1299.98,0.165553,71.5509,0.215219,2.15219,1.0,write_1,115.328,0.215219,2.15219,hold_0,8.54224,0.0396415,51.3928,0.0668106,0.668106,1.0,hold_1,8.54133,0.0395994,51.0426,0.0663554,0.663554,1.0
2,1,5,0.6,27,202.19,25.04,,read_0,223.292,13.0534,13.0534,1410.99,432.794,0.0387827,4.12076,0.0232696,0.232696,1.0,read_1,13.0534,223.292,13.0534,432.794,1410.99,0.0387827,4.12076,0.0232696,0.232696,1.0,131.13299999999998,599.943,599.945,0.0379212,10.7441,0.0227527,0.227527,1.0,write_0,59.666,599.957,599.995,0.045147,14.7579,0.0270882,0.270882,1.0,write_1,131.13299999999998,0.0270882,0.270882,hold_0,10.3003,0.0135172,15.4227,0.0092536,0.092536,1.0,hold_1,10.2855,0.0136663,15.2693,0.00916158,0.0916158,1.0
2,1,5,0.7,27,230.48,24.44,432.79,read_0,274.159,21.1332,21.1332,488.733,488.733,0.0459313,4.81967,0.0321519,0.321519,1.0,read_1,21.1332,274.159,21.1332,488.733,488.733,0.0459313,4.81967,0.0321519,0.321519,1.0,126.64,699.94,699.939,0.0475517,13.7517,0.0332861999999999,0.332862,1.0,write_0,54.0262,699.95,699.995,0.0568406999999999,20.3176,0.0397885,0.397885,1.0,write_1,126.64,0.0397885,0.397885,hold_0,9.62953,0.01202,18.8999,0.0132299,0.132299,1.0,hold_1,9.524,0.0111595,19.1521,0.0134065,0.134065,1.0
2,1,5,0.8,27,258.42,22.39,800.0,read_0,328.361,32.3991,32.3991,483.676,483.676,0.0527311,5.51842,0.0421849,0.421849,1.0,read_1,32.3991,328.361,32.3991,483.676,483.676,0.0527311,5.51842,0.0421849,0.421849,1.0,123.072,799.931,799.937,0.0590101,16.9058,0.0472080999999999,0.472081,1.0,write_0,50.2103,799.945,799.993,0.0703243,27.6238,0.0562594,0.5625939999999999,1.0,write_1,123.072,0.0562594,0.5625939999999999,hold_0,9.19509,0.013443,23.1287,0.0185029,0.185029,1.0,hold_1,9.17261,0.0163409,23.3984,0.0187187,0.187187,1.0
2,1,5,0.9,27,286.11,26.88,900.0,read_0,385.637,47.2691,47.2691,468.162,468.162,0.0595906,6.23693,0.0536316,0.536316,1.0,read_1,47.2691,385.637,47.2691,468.162,468.162,0.0595906,6.23693,0.0536316,0.536316,1.0,120.193,899.922,899.922,0.0718447,20.4726,0.0646602,0.646602,1.0,write_0,47.3534,899.941,899.9910000000001,0.0856821,35.0844,0.0771138999999999,0.771139,1.0,write_1,120.193,0.0771138999999999,0.771139,hold_0,9.01635,0.0164282,28.0278,0.025225,0.25225,1.0,hold_1,9.02789,0.0169015,27.7636,0.0249873,0.249873,1.0
2,1,5,1.0,27,313.57,36.26,692.79,read_0,445.869,66.5145,66.5145,3002.58,402.816,0.0655801,6.9513,0.0655801,0.655801,1.0,read_1,66.5145,445.869,66.5145,402.816,3002.58,0.0655801,6.9513,0.0655801,0.655801,1.0,117.592,999.907,999.916,0.0864023,24.5593,0.0864023,0.864023,1.0,write_0,45.1098,999.928,999.991,0.103905,44.1561,0.103905,1.03905,1.0,write_1,117.592,0.103905,1.03905,hold_0,9.0617,0.0207723,33.6133,0.0336133,0.336133,1.0,hold_1,9.06061,0.0208658,33.3545,0.0333545,0.333545,1.0
2,1,5,1.1,27,340.84,46.34,1100.0,read_0,509.306,91.9536,91.9536,2882.77,882.771,0.072381,7.65806,0.0796191,0.796191,1.0,read_1,91.9537,509.306,91.9537,882.771,2882.77,0.072381,7.65806,0.0796191,0.796191,1.0,115.608,1099.89,1099.9,0.103514,29.2491,0.113865,1.13865,1.0,write_0,43.1539,1099.92,1099.99,0.1195339999999999,52.5592,0.131487,1.31487,1.0,write_1,115.608,0.131487,1.31487,hold_0,9.25581,0.0260655,39.847,0.0438317,0.438317,1.0,hold_1,9.24827,0.0272886,39.3496,0.0432846,0.432846,1.0
2,1,5,1.2,27,367.89,59.79,1200.0,read_0,577.651,130.057,130.057,709.936,709.936,0.0807995,8.3547,0.0969594,0.969594,1.0,read_1,130.057,577.651,130.057,709.936,709.936,0.0807995,8.3547,0.0969594,0.969594,1.0,113.77,1199.88,1199.88,0.123234,34.4199,0.1478809999999999,1.47881,1.0,write_0,41.5557,1199.9,1199.98,0.138797,61.3441,0.1665559999999999,1.66556,1.0,write_1,113.77,0.1665559999999999,1.66556,hold_0,9.58694,0.0322675,47.1612,0.0565935,0.565935,1.0,hold_1,9.57743,0.0322678,46.5296,0.0558355,0.558355,1.0
2,1,5,1.3,27,394.73,73.4,,read_0,808.766,491.449,491.449,2749.87,1549.87,0.0906492,9.08892,0.117844,1.17844,0.0,read_1,491.449,808.766,491.449,1549.87,2749.87,0.0906492,9.08892,0.117844,1.17844,0.0,112.267,1299.84,1299.85,0.146376,40.2198,0.190289,1.90289,1.0,write_0,40.1434,1299.89,1299.98,0.163258,72.2361,0.2122349999999999,2.12235,1.0,write_1,112.267,0.2122349999999999,2.12235,hold_0,10.0347,0.0450886,55.2926,0.0718804,0.718804,1.0,hold_1,10.0394,0.0393949,55.6519,0.0723475,0.723475,1.0
2,2,1,0.6,27,186.7,130.21,68.21,read_0,56.0937,0.378366,0.378366,6096.73,147.996,0.0171925,1.69107,0.0103155,0.103155,1.0,read_1,0.378376,56.0937,0.378376,147.996,6096.73,0.0171925,1.69107,0.0103155,0.103155,1.0,221.251,599.8969999999999,599.899,0.128318,8.18367,0.0769906,0.7699060000000001,1.0,write_0,170.255,599.904,599.996,0.12725,7.996339999999999,0.0763501,0.763501,1.0,write_1,221.251,0.0769906,0.7699060000000001,hold_0,4.235,0.148436,14.2574,0.00855441,0.0855441,1.0,hold_1,4.25126,0.259468,14.3046,0.00858277,0.0858277,1.0
2,2,1,0.7,27,219.17,153.43,73.3,read_0,66.8984,0.454855,0.454855,4575.16,145.974,0.0202483,1.98079,0.0141738,0.141738,1.0,read_1,0.454868,66.8984,0.454868,145.974,4575.16,0.0202483,1.98079,0.0141738,0.141738,1.0,214.115,699.8919999999999,699.8910000000001,0.1744109999999999,12.8088,0.122088,1.22088,1.0,write_0,150.93200000000002,699.904,699.9939999999999,0.1712,13.0823,0.11984,1.1984,1.0,write_1,214.115,0.122088,1.22088,hold_0,3.92489,0.348362,18.6359,0.0130452,0.130452,1.0,hold_1,3.92499,0.340058,18.5276,0.0129693,0.129693,1.0
2,2,1,0.8,27,250.89,176.41,73.29,read_0,77.5571,0.567559,0.567559,9392.62,143.913,0.023413,2.27397,0.0187304,0.187304,1.0,read_1,0.567577,77.5571,0.567577,143.913,9392.62,0.023413,2.27397,0.0187304,0.187304,1.0,210.173,799.878,799.88,0.2285449999999999,18.5729,0.182836,1.82836,1.0,write_0,140.17,799.8939999999999,799.9910000000001,0.220811,19.1256,0.176649,1.76649,1.0,write_1,210.173,0.182836,1.82836,hold_0,3.7598,0.396552,23.7343,0.0189874,0.189874,1.0,hold_1,3.75965,0.395404,23.9599,0.0191679,0.191679,1.0
2,2,1,0.9,27,281.88,199.37,73.27,read_0,88.0894,0.724252,0.724252,150.067,222.391,0.0266447,2.56669,0.0239803,0.239803,1.0,read_1,0.724276,88.0894,0.724276,222.391,150.067,0.0266447,2.56669,0.0239803,0.239803,1.0,208.054,899.8660000000001,899.862,0.290835,25.9395,0.261751,2.61751,1.0,write_0,133.32399999999998,899.875,899.99,0.279547,25.5777,0.251592,2.51592,1.0,write_1,208.054,0.261751,2.61751,hold_0,3.70902,0.419411,29.6294,0.0266664,0.266664,1.0,hold_1,3.70915,0.361256,29.7406,0.0267665,0.267665,1.0
2,2,1,1.0,27,312.21,222.12,73.25,read_0,98.5374,0.935924,0.935924,90.1602,113.644,0.0299509,2.85904,0.0299509,0.299509,1.0,read_1,0.935955,98.5374,0.935955,113.644,90.1602,0.0299509,2.85904,0.0299509,0.299509,1.0,206.501,999.847,999.833,0.359991,34.0161,0.359991,3.59991,1.0,write_0,128.891,999.857,999.987,0.343316,33.833,0.343316,3.43316,1.0,write_1,206.501,0.359991,3.59991,hold_0,3.73735,0.397894,36.8683,0.0368683,0.368683,1.0,hold_1,3.73605,0.434494,37.7095,0.0377095,0.377095,1.0
2,2,1,1.1,27,341.9,244.6,78.29,read_0,108.949,1.21998,1.21998,89.9414,77.6007,0.0333475,3.15147,0.0366822,0.366822,1.0,read_1,1.22002,108.949,1.22002,77.6007,89.9414,0.0333475,3.15147,0.0366822,0.366822,1.0,205.361,1099.82,1099.8,0.433614,43.0549,0.476976,4.76976,1.0,write_0,125.026,1099.83,1099.99,0.4097149999999999,42.717,0.450687,4.506869999999999,1.0,write_1,205.361,0.476976,4.76976,hold_0,3.83692,0.432832,47.1476,0.0518624,0.518624,1.0,hold_1,3.83592,0.432059,46.4825,0.0511308,0.511308,1.0
2,2,1,1.2,27,371.1,266.72,78.24,read_0,119.372,1.58458,1.58458,89.7666,77.4921,0.0368476,3.44488,0.0442172,0.442172,1.0,read_1,1.58463,119.372,1.58463,77.4921,89.7666,0.0368476,3.44488,0.0442172,0.442172,1.0,203.739,1199.79,1199.76,0.510228,51.7,0.612273,6.122730000000001,1.0,write_0,121.795,1199.8,1199.99,0.479142,51.152,0.574971,5.749709999999999,1.0,write_1,203.739,0.612273,6.122730000000001,hold_0,3.97591,0.465456,56.1228,0.0673473,0.673473,1.0,hold_1,3.98757,0.457874,57.0982,0.0685178,0.685178,1.0
2,2,1,1.3,27,399.82,288.39,83.24,read_0,129.859,2.04418,2.04418,89.6068,77.3856,0.0404669,3.74145,0.0526069,0.526069,1.0,read_1,2.04424,129.859,2.04424,77.3856,89.6068,0.0404669,3.74145,0.0526069,0.526069,1.0,200.929,1299.75,1299.71,0.587336,61.3623,0.763536,7.63536,1.0,write_0,118.527,1299.76,1299.98,0.548558,61.8178,0.713126,7.13126,1.0,write_1,200.929,0.763536,7.63536,hold_0,4.19264,0.492211,69.6524,0.0905481,0.905481,1.0,hold_1,4.1863,0.486361,68.9629,0.0896518,0.896518,1.0
2,2,2,0.6,27,186.67,98.65,193.16,read_0,93.7233,1.01215,1.01215,314.538,4517.71,0.0229973,2.32339,0.0137984,0.137984,1.0,read_1,1.01216,93.7233,1.01216,4517.71,314.538,0.0229973,2.32339,0.0137984,0.137984,1.0,153.929,599.896,599.8969999999999,0.0764081,10.4361,0.0458449,0.458449,1.0,write_0,88.8737,599.908,599.997,0.0768227,10.5053,0.0460936,0.4609359999999999,1.0,write_1,153.929,0.0460936,0.4609359999999999,hold_0,5.72658,0.165897,15.8981,0.00953889,0.0953889,1.0,hold_1,5.75486,0.201578,15.6438,0.00938627,0.0938627,1.0
2,2,2,0.7,27,219.14,114.57,228.2,read_0,112.557,1.38452,1.38452,145.378,145.378,0.027732,2.72889,0.0194124,0.194124,1.0,read_1,1.38453,112.557,1.38453,145.378,145.378,0.027732,2.72889,0.0194124,0.194124,1.0,150.009,699.89,699.893,0.0990071,16.4342,0.0693049999999999,0.69305,1.0,write_0,77.9283,699.9019999999999,699.995,0.0979389,16.547,0.0685572,0.6855720000000001,1.0,write_1,150.009,0.0693049999999999,0.69305,hold_0,5.33831,0.370338,20.1925,0.0141347,0.141347,1.0,hold_1,5.318,0.214931,20.5377,0.0143764,0.143764,1.0
2,2,2,0.8,27,250.86,130.13,263.14,read_0,131.43,1.92519,1.92519,143.756,143.756,0.0320879,3.13472,0.0256703,0.256703,1.0,read_1,1.92521,131.43,1.92521,143.756,143.756,0.0320879,3.13472,0.0256703,0.256703,1.0,147.233,799.878,799.878,0.124996,23.9182,0.0999967,0.999967,1.0,write_0,71.2383,799.8919999999999,799.995,0.119147,23.7913,0.0953173,0.953173,1.0,write_1,147.233,0.0999967,0.999967,hold_0,5.11911,0.479855,25.9873,0.0207899,0.207899,1.0,hold_1,5.11069,0.348205,25.7599,0.0206079,0.206079,1.0
2,2,2,0.9,27,281.85,145.46,303.17,read_0,150.292,2.66826,2.66826,140.953,3747.45,0.0365637,3.53935,0.0329073,0.329073,1.0,read_1,2.66829,150.292,2.66829,3747.45,140.953,0.0365637,3.53935,0.0329073,0.329073,1.0,144.967,899.8639999999999,899.8660000000001,0.154033,32.2517,0.13863,1.3863,1.0,write_0,66.8708,899.877,899.993,0.1443839999999999,31.9767,0.129946,1.29946,1.0,write_1,144.967,0.13863,1.3863,hold_0,5.04137,0.521726,32.2183,0.0289965,0.289965,1.0,hold_1,5.04,0.440344,32.26,0.029034,0.29034,1.0
2,2,2,1.0,27,312.18,160.45,343.12,read_0,169.151,3.64138,3.64138,141.001,2161.24,0.0411689,3.94307,0.0411689,0.411689,1.0,read_1,3.64141,169.151,3.64141,2161.24,141.001,0.0411689,3.94307,0.0411689,0.411689,1.0,143.003,999.844,999.833,0.186444,41.5737,0.186444,1.86444,1.0,write_0,63.7033,999.854,999.99,0.171948,41.7805,0.171948,1.71948,1.0,write_1,143.003,0.186444,1.86444,hold_0,5.07862,0.508722,40.333,0.040333,0.40333,1.0,hold_1,5.07064,0.551505,39.9476,0.0399476,0.399476,1.0
2,2,2,1.1,27,341.87,175.25,388.15,read_0,188.039,4.87321,4.87321,141.822,578.474,0.0459115,4.34653,0.0505026,0.505026,1.0,read_1,4.87325,188.039,4.87325,578.474,141.822,0.0459115,4.34653,0.0505026,0.505026,1.0,141.35,1099.82,1099.81,0.221703,51.1391,0.2438739999999999,2.43874,1.0,write_0,61.3315,1099.84,1099.99,0.201714,50.7932,0.221885,2.21885,1.0,write_1,141.35,0.2438739999999999,2.43874,hold_0,5.20068,0.536139,48.8926,0.0537819,0.537819,1.0,hold_1,5.19831,0.53021,49.5325,0.0544858,0.544858,1.0
2,2,2,1.2,27,371.07,189.64,433.12,read_0,207.002,6.40757,6.40757,141.973,77.1894,0.0508535,4.75064,0.0610242,0.610242,1.0,read_1,6.40762,207.002,6.40762,77.1894,141.973,0.0508535,4.75064,0.0610242,0.610242,1.0,139.759,1199.79,1199.76,0.259716,58.1086,0.311659,3.11659,1.0,write_0,59.4192,1199.81,1199.98,0.233713,62.4139,0.280456,2.80456,1.0,write_1,139.759,0.311659,3.11659,hold_0,5.40466,0.579185,59.841,0.0718092,0.718092,1.0,hold_1,5.40699,0.582941,60.3267,0.072392,0.72392,1.0
2,2,2,1.3,27,399.78,203.67,483.13,read_0,226.083,8.24926,8.24926,117.912,163.642,0.0549018,5.15569,0.0713723,0.713723,1.0,read_1,8.24932,226.083,8.24932,163.642,117.912,0.0549018,5.15569,0.0713723,0.713723,1.0,138.088,1299.74,1299.72,0.300109,68.3447,0.3901409999999999,3.90141,1.0,write_0,57.8746,1299.77,1299.97,0.268256,73.6521,0.348732,3.4873199999999995,1.0,write_1,138.088,0.3901409999999999,3.90141,hold_0,5.67162,0.642222,72.6571,0.0944543,0.944543,1.0,hold_1,5.67802,0.619262,72.2481,0.0939225,0.939225,1.0
2,2,3,0.6,27,186.63,75.73,253.19,read_0,122.002,2.13542,2.13542,290.927,3583.45,0.0293947,2.94978,0.0176368,0.176368,1.0,read_1,2.13543,122.002,2.13543,3583.45,290.927,0.0293947,2.94978,0.0176368,0.176368,1.0,143.442,599.895,599.898,0.064363,12.0957,0.0386178,0.386178,1.0,write_0,73.818,599.904,599.998,0.0668353,11.9421,0.0401012,0.401012,1.0,write_1,143.442,0.0401012,0.401012,hold_0,7.19693,0.155038,17.5116,0.0105069,0.105069,1.0,hold_1,7.23878,0.3856,17.1947,0.0103168,0.103168,1.0
2,2,3,0.7,27,219.11,85.93,298.07,read_0,147.44,3.16361,3.16361,274.465,2772.24,0.0344524,3.46414,0.0241167,0.241167,1.0,read_1,3.16362,147.44,3.16362,2772.24,274.465,0.0344524,3.46414,0.0241167,0.241167,1.0,139.215,699.8889999999999,699.8919999999999,0.0829623999999999,18.5554,0.0580737,0.580737,1.0,write_0,65.6316,699.9010000000001,699.993,0.0850695,18.9656,0.0595486,0.595486,1.0,write_1,139.215,0.0595486,0.595486,hold_0,6.72194,0.540879,22.3532,0.0156473,0.156473,1.0,hold_1,6.73565,0.361906,21.9017,0.0153312,0.153312,1.0
2,2,3,0.8,27,250.83,95.22,353.18,read_0,173.392,4.66541,4.66541,142.939,142.939,0.0403796,3.97838,0.0323037,0.323037,1.0,read_1,4.66543,173.392,4.66543,142.939,142.939,0.0403796,3.97838,0.0323037,0.323037,1.0,136.011,799.8760000000001,799.8839999999999,0.104012,24.109,0.0832092,0.832092,1.0,write_0,60.603,799.8910000000001,799.992,0.103879,27.4047,0.0831035,0.8310350000000001,1.0,write_1,136.011,0.0832092,0.832092,hold_0,6.43804,0.395768,27.8712,0.022297,0.22297,1.0,hold_1,6.47393,0.530938,27.6452,0.0221161,0.221161,1.0
2,2,3,0.9,27,281.82,103.68,408.15,read_0,199.764,6.68924,6.68924,210.99,3368.94,0.0451266,4.49038,0.040614,0.40614,1.0,read_1,6.68927,199.764,6.68927,3368.94,210.99,0.0451266,4.49038,0.040614,0.40614,1.0,133.358,899.8580000000001,899.8589999999999,0.127657,29.6731,0.114892,1.1489200000000002,1.0,write_0,57.1795,899.877,899.995,0.125801,36.6289,0.113221,1.13221,1.0,write_1,133.358,0.114892,1.1489200000000002,hold_0,6.37129,0.44372,34.8708,0.0313837,0.313837,1.0,hold_1,6.37122,0.443157,34.6583,0.0311925,0.311925,1.0
2,2,3,1.0,27,312.15,111.44,468.16,read_0,226.525,9.26891,9.26891,217.314,151.703,0.0507466,5.001,0.0507466,0.507466,1.0,read_1,9.26894,226.525,9.26894,151.703,217.314,0.0507466,5.001,0.0507466,0.507466,1.0,131.04,999.838,999.838,0.153843,35.919000000000004,0.153843,1.53843,1.0,write_0,54.7156,999.856,999.994,0.150416,47.2079,0.150416,1.50416,1.0,write_1,131.04,0.153843,1.53843,hold_0,6.41428,0.649543,43.0173,0.0430173,0.430173,1.0,hold_1,6.41119,0.580861,43.3565,0.0433565,0.433565,1.0
2,2,3,1.1,27,341.84,118.44,528.1,read_0,253.678,12.4299,12.4299,222.654,3446.53,0.0565511,5.51073,0.0622062,0.622062,1.0,read_1,12.43,253.678,12.43,3446.53,222.654,0.0565511,5.51073,0.0622062,0.622062,1.0,128.797,1099.81,1099.8,0.182492,42.7726,0.200741,2.00741,1.0,write_0,52.8075,1099.83,1099.99,0.177244,57.0438,0.194968,1.94968,1.0,write_1,128.797,0.200741,2.00741,hold_0,6.56342,0.693587,52.256,0.0574816,0.574816,1.0,hold_1,6.56904,0.631579,52.3371,0.0575708,0.575708,1.0
2,2,3,1.2,27,371.04,124.81,593.08,read_0,281.238,16.216,16.216,114.446,1865.23,0.0625,6.0211,0.075,0.75,1.0,read_1,16.216,281.238,16.216,1865.23,114.446,0.0625,6.0211,0.075,0.75,1.0,126.759,1199.78,1199.77,0.213177,49.5717,0.255812,2.55812,1.0,write_0,51.1323,1199.8,1199.98,0.2067369999999999,66.1739,0.248085,2.48085,1.0,write_1,126.759,0.255812,2.55812,hold_0,6.8135,0.738603,63.3489,0.0760187,0.760187,1.0,hold_1,6.82214,0.688823,62.8677,0.0754413,0.754413,1.0
2,2,3,1.3,27,399.75,130.41,663.1,read_0,309.245,20.688,20.688,117.87,1939.74,0.0687032,6.53264,0.0893142,0.893142,1.0,read_1,20.6881,309.245,20.6881,1939.74,117.87,0.0687032,6.53264,0.0893142,0.893142,1.0,125.271,1299.74,1299.72,0.2469869999999999,57.5301,0.321083,3.21083,1.0,write_0,49.8125,1299.77,1299.98,0.23861,77.6353,0.310193,3.10193,1.0,write_1,125.271,0.321083,3.21083,hold_0,7.16607,0.744746,76.5634,0.0995324,0.995324,1.0,hold_1,7.16232,0.735971,77.0495,0.100164,1.00164,1.0
2,2,4,0.6,27,186.59,58.2,288.07,read_0,144.831,3.86154,3.86154,401.364,3049.97,0.0353005,3.56971,0.0211803,0.211803,1.0,read_1,3.86155,144.831,3.86155,3049.97,401.364,0.0353005,3.56971,0.0211803,0.211803,1.0,137.579,599.894,599.8969999999999,0.0575799999999999,12.4286,0.034548,0.34548,1.0,write_0,66.9396,599.903,599.995,0.0618562999999999,13.3449,0.0371138,0.371138,1.0,write_1,137.579,0.0371138,0.371138,hold_0,8.66521,0.201842,19.0586,0.0114351,0.114351,1.0,hold_1,8.72213,0.304633,18.6655,0.0111993,0.111993,1.0
2,2,4,0.7,27,219.07,63.99,348.18,read_0,176.078,6.01874,6.01874,285.186,285.186,0.041641,4.19019,0.0291487,0.291487,1.0,read_1,6.01875,176.078,6.01875,285.186,285.186,0.041641,4.19019,0.0291487,0.291487,1.0,133.265,699.887,699.893,0.0735808999999999,16.8341,0.0515066,0.515066,1.0,write_0,60.0635,699.8989999999999,699.998,0.0787183,20.9486,0.0551028,0.551028,1.0,write_1,133.265,0.0551028,0.551028,hold_0,8.02401,0.200995,23.905,0.0167335,0.167335,1.0,hold_1,8.06041,0.197265,23.9732,0.0167812,0.167812,1.0
2,2,4,0.8,27,250.8,68.24,408.12,read_0,208.573,9.16151,9.16151,202.197,202.197,0.0480928,4.80982,0.0384743,0.384743,1.0,read_1,9.16153,208.573,9.16153,202.197,202.197,0.0480928,4.80982,0.0384743,0.384743,1.0,129.826,799.875,799.8839999999999,0.0919807,21.2815,0.0735846,0.735846,1.0,write_0,55.7685,799.8889999999999,799.995,0.0984456,29.6662,0.0787563999999999,0.787564,1.0,write_1,129.826,0.0787563999999999,0.787564,hold_0,7.77256,0.324889,30.0045,0.0240036,0.240036,1.0,hold_1,7.78433,0.28668,30.0421,0.0240337,0.240337,1.0
2,2,4,0.9,27,281.79,71.29,473.07,read_0,242.238,13.3736,13.3736,291.992,291.992,0.0539113,5.42602,0.0485202,0.485202,1.0,read_1,13.3736,242.238,13.3736,291.992,291.992,0.0539113,5.42602,0.0485202,0.485202,1.0,126.922,899.8589999999999,899.8610000000001,0.1127369999999999,26.1529,0.101463,1.01463,1.0,write_0,52.7053,899.8739999999999,899.99,0.117432,37.1948,0.105689,1.05689,1.0,write_1,126.922,0.105689,1.05689,hold_0,7.68762,0.469963,37.3769,0.0336392,0.336392,1.0,hold_1,7.68332,0.487635,36.7537,0.0330783,0.330783,1.0
2,2,4,1.0,27,312.12,73.29,543.05,read_0,277.051,18.7103,18.7103,490.681,294.31,0.0605223,6.03955,0.0605223,0.605223,1.0,read_1,18.7103,277.051,18.7103,294.31,490.681,0.0605223,6.03955,0.0605223,0.605223,1.0,124.351,999.836,999.837,0.135754,31.5529,0.135754,1.35754,1.0,write_0,50.3483,999.855,999.989,0.140574,46.6235,0.140574,1.40574,1.0,write_1,124.351,0.140574,1.40574,hold_0,7.74312,0.605883,45.8733,0.0458733,0.458733,1.0,hold_1,7.75291,0.720214,45.9888,0.0459888,0.459888,1.0
2,2,4,1.1,27,341.81,74.15,618.06,read_0,313.023,25.2413,25.2413,145.72,145.72,0.0672278,6.65216,0.0739506,0.739506,1.0,read_1,25.2413,313.023,25.2413,145.72,145.72,0.0672278,6.65216,0.0739506,0.739506,1.0,121.989,1099.81,1099.81,0.160859,37.3285,0.176945,1.76945,1.0,write_0,48.5364,1099.83,1099.99,0.166249,56.1464,0.182874,1.82874,1.0,write_1,121.989,0.182874,1.82874,hold_0,7.93305,0.786944,55.3947,0.0609341,0.609341,1.0,hold_1,7.93346,0.673851,55.3721,0.0609093,0.609093,1.0
2,2,4,1.2,27,371.01,74.04,698.08,read_0,350.187,33.053,33.053,4494.88,143.636,0.0741116,7.26599,0.0889339,0.889339,1.0,read_1,33.053,350.187,33.053,143.636,4494.88,0.0741116,7.26599,0.0889339,0.889339,1.0,119.944,1199.77,1199.77,0.188822,43.7199,0.226586,2.26586,1.0,write_0,46.9316,1199.8,1199.98,0.193922,65.765,0.232706,2.32706,1.0,write_1,119.944,0.232706,2.32706,hold_0,8.22619,0.851605,66.8496,0.0802195,0.802195,1.0,hold_1,8.2299,0.848041,67.1199,0.0805438,0.805438,1.0
2,2,4,1.3,27,399.72,72.95,778.03,read_0,388.596,42.2664,42.2664,4517.33,146.878,0.0815056,7.88009,0.105957,1.05957,1.0,read_1,42.2665,388.596,42.2665,146.878,4517.33,0.0815056,7.88009,0.105957,1.05957,1.0,118.139,1299.76,1299.73,0.219517,50.6148,0.285372,2.85372,1.0,write_0,45.4836,1299.77,1299.98,0.223605,76.9335,0.290687,2.90687,1.0,write_1,118.139,0.290687,2.90687,hold_0,8.64466,0.834654,80.3984,0.104518,1.04518,1.0,hold_1,8.64516,0.842515,80.597,0.104776,1.04776,1.0
2,2,5,0.6,27,186.56,44.45,318.11,read_0,163.967,6.27742,6.27742,365.845,365.845,0.0410798,4.18463,0.0246479,0.246479,1.0,read_1,6.27743,163.967,6.27743,365.845,365.845,0.0410798,4.18463,0.0246479,0.246479,1.0,133.751,599.894,599.896,0.0530048,11.8057,0.0318029,0.318029,1.0,write_0,62.9367,599.906,600.0,0.0588573,14.3749,0.0353144,0.353144,1.0,write_1,133.751,0.0353144,0.353144,hold_0,10.0801,0.230364,20.645,0.012387,0.12387,1.0,hold_1,10.0796,0.231068,20.5617,0.012337,0.12337,1.0
2,2,5,0.7,27,219.04,46.89,383.14,read_0,200.379,10.1015,10.1015,389.625,4631.76,0.0484425,4.90926,0.0339098,0.339098,1.0,read_1,10.1015,200.379,10.1015,4631.76,389.625,0.0484425,4.90926,0.0339098,0.339098,1.0,129.361,699.887,699.89,0.0673778,15.5692,0.0471644,0.471644,1.0,write_0,56.7479,699.899,699.994,0.0747163,21.9408,0.0523014,0.523014,1.0,write_1,129.361,0.0523014,0.523014,hold_0,9.38917,0.196371,25.8667,0.0181067,0.181067,1.0,hold_1,9.39337,0.19485,25.9911,0.0181938,0.181938,1.0
2,2,5,0.8,27,250.77,47.48,453.14,read_0,238.841,15.6798,15.6798,399.695,3868.49,0.0558823,5.63192,0.0447059,0.447059,1.0,read_1,15.6799,238.841,15.6799,3868.49,399.695,0.0558823,5.63192,0.0447059,0.447059,1.0,125.776,799.874,799.877,0.0841709,19.5192,0.0673367,0.673367,1.0,write_0,52.7494,799.89,799.993,0.0934725,28.8155,0.074778,0.74778,1.0,write_1,125.776,0.074778,0.74778,hold_0,9.06689,0.275053,32.2958,0.0258367,0.258367,1.0,hold_1,9.11018,0.202866,31.7332,0.0253865,0.253865,1.0
2,2,5,0.9,27,281.76,46.62,528.12,read_0,279.318,23.1944,23.1944,388.466,3855.54,0.0634132,6.3498,0.0570719,0.570719,1.0,read_1,23.1944,279.318,23.1944,3855.54,388.466,0.0634132,6.3498,0.0570719,0.570719,1.0,122.776,899.856,899.863,0.103251,23.8596,0.0929256,0.929256,1.0,write_0,49.7741,899.876,899.991,0.11222,37.0854,0.100998,1.00998,1.0,write_1,122.776,0.100998,1.00998,hold_0,9.01788,0.352218,39.5667,0.03561,0.3561,1.0,hold_1,9.01304,0.37776,39.8208,0.0358387,0.358387,1.0
2,2,5,1.0,27,312.09,44.53,602.95,read_0,321.807,32.8316,32.8316,3365.42,231.469,0.0709832,7.06402,0.0709832,0.709832,1.0,read_1,32.8316,321.807,32.8316,231.469,3365.42,0.0709832,7.06402,0.0709832,0.709832,1.0,120.077,999.833,999.838,0.124399,28.6808,0.124399,1.24399,1.0,write_0,47.5721,999.859,999.989,0.134634,46.456,0.134634,1.34634,1.0,write_1,120.077,0.134634,1.34634,hold_0,9.06159,0.62561,48.5247,0.0485247,0.485247,1.0,hold_1,9.08383,0.518231,48.1354,0.0481354,0.481354,1.0
2,2,5,1.1,27,341.78,41.13,693.06,read_0,366.338,44.8182,44.8182,3354.19,228.311,0.0787587,7.77679,0.0866346,0.866346,1.0,read_1,44.8182,366.338,44.8182,228.311,3354.19,0.0787587,7.77679,0.0866346,0.866346,1.0,117.771,1099.8,1099.82,0.148335,34.0748,0.163168,1.63168,1.0,write_0,45.7008,1099.83,1099.99,0.159244,56.0593,0.175168,1.75168,1.0,write_1,117.771,0.175168,1.75168,hold_0,9.29222,0.714044,58.5786,0.0644364,0.644364,1.0,hold_1,9.29543,0.693663,58.8184,0.0647002,0.647002,1.0
2,2,5,1.2,27,370.98,36.7,1200.0,read_0,412.966,59.4776,59.4776,360.35,6199.78,0.0869058,8.4911,0.104287,1.04287,1.0,read_1,59.4776,412.966,59.4776,6199.78,360.35,0.0869058,8.4911,0.104287,1.04287,1.0,115.841,1199.78,1199.78,0.17537,40.0738,0.210443,2.10443,1.0,write_0,44.111,1199.81,1199.98,0.185945,66.053,0.223134,2.23134,1.0,write_1,115.841,0.223134,2.23134,hold_0,9.64675,0.802287,70.5516,0.0846619,0.846619,1.0,hold_1,9.646,0.80922,70.6988,0.0848386,0.848386,1.0
2,2,5,1.3,27,399.68,43.16,877.94,read_0,461.816,77.321,77.321,1425.97,375.592,0.0948716,9.20556,0.123333,1.23333,1.0,read_1,77.3211,461.816,77.3211,375.592,1425.97,0.0948716,9.20556,0.123333,1.23333,1.0,114.127,1299.73,1299.73,0.205744,46.6173,0.267467,2.67467,1.0,write_0,42.6415,1299.76,1299.98,0.214842,76.3554,0.279294,2.79294,1.0,write_1,114.127,0.279294,2.79294,hold_0,10.1323,0.876311,84.2075,0.10947,1.0947,1.0,hold_1,10.1309,0.859645,83.6672,0.108767,1.08767,1.0
2,3,1,0.6,27,176.54,132.87,48.32,read_0,40.2747,0.377307,0.377307,9804.74,267.776,0.016976,1.70286,0.0101856,0.101856,1.0,read_1,0.377322,40.2747,0.377322,267.776,9804.74,0.016976,1.70286,0.0101856,0.101856,1.0,258.478,599.847,599.851,0.17917,8.70051,0.107502,1.07502,1.0,write_0,215.566,599.857,599.997,0.177473,8.70711,0.106484,1.06484,1.0,write_1,258.478,0.107502,1.07502,hold_0,4.12665,0.375437,19.5752,0.0117451,0.117451,1.0,hold_1,4.14352,0.358687,19.588,0.0117528,0.117528,1.0
2,3,1,0.7,27,206.26,155.97,43.31,read_0,47.9272,0.432626,0.432626,9412.32,117.258,0.0204934,2.00015,0.0143454,0.143454,1.0,read_1,0.432647,47.9272,0.432647,117.258,9412.32,0.0204934,2.00015,0.0143454,0.143454,1.0,255.89,699.839,699.839,0.255976,13.8322,0.179183,1.79183,1.0,write_0,199.76,699.848,699.994,0.251364,13.9503,0.175955,1.75955,1.0,write_1,255.89,0.179183,1.79183,hold_0,3.90165,0.433134,25.6495,0.0179547,0.179547,1.0,hold_1,3.87792,0.410537,25.6701,0.0179691,0.179691,1.0
2,3,1,0.8,27,234.77,178.57,38.31,read_0,55.4536,0.517469,0.517469,150.794,116.154,0.0236982,2.29834,0.0189585,0.189585,1.0,read_1,0.517496,55.4536,0.517496,116.154,150.794,0.0236982,2.29834,0.0189585,0.189585,1.0,258.096,799.825,799.823,0.354796,20.5853,0.283837,2.83837,1.0,write_0,194.778,799.835,799.991,0.346757,20.3675,0.277405,2.77405,1.0,write_1,258.096,0.283837,2.83837,hold_0,3.7664,0.415747,32.6684,0.0261347,0.261347,1.0,hold_1,3.76288,0.416496,32.4644,0.0259715,0.259715,1.0
2,3,1,0.9,27,262.41,200.66,33.31,read_0,62.8779,0.635433,0.635433,90.3192,115.189,0.0269847,2.59696,0.0242863,0.242863,1.0,read_1,0.635468,62.8779,0.635468,115.189,90.3192,0.0269847,2.59696,0.0242863,0.242863,1.0,267.271,899.804,899.791,0.485635,28.2464,0.437071,4.37071,1.0,write_0,198.858,899.813,899.99,0.473301,27.5832,0.425971,4.25971,1.0,write_1,267.271,0.437071,4.37071,hold_0,3.74476,0.414073,41.0617,0.0369556,0.369556,1.0,hold_1,3.74501,0.409509,42.0106,0.0378095,0.378095,1.0
2,3,1,1.0,27,289.2,222.27,28.3,read_0,70.235,0.79203,0.79203,89.9318,114.72,0.0303612,2.89583,0.0303612,0.303612,1.0,read_1,0.792075,70.235,0.792075,114.72,89.9318,0.0303612,2.89583,0.0303612,0.303612,1.0,277.608,999.778,999.756,0.649272,36.7614,0.649272,6.49272,1.0,write_0,205.952,999.786,999.987,0.629025,36.8191,0.629025,6.29025,1.0,write_1,277.608,0.649272,6.49272,hold_0,3.79093,0.421847,52.99,0.05299,0.5299,1.0,hold_1,3.78971,0.417507,52.189,0.052189,0.52189,1.0
2,3,1,1.1,27,315.26,243.34,23.28,read_0,77.5665,1.00357,1.00357,89.6514,76.9173,0.0338397,3.19511,0.0372237,0.372237,1.0,read_1,1.00362,77.5665,1.00362,76.9173,89.6514,0.0338397,3.19511,0.0372237,0.372237,1.0,291.96,1099.74,1099.71,0.854026,45.861,0.939429,9.39429,1.0,write_0,213.332,1099.74,1099.98,0.811663,46.2318,0.892829,8.92829,1.0,write_1,291.96,0.939429,9.39429,hold_0,3.90364,0.403127,66.0549,0.0726604,0.726604,1.0,hold_1,3.904,0.400671,65.2531,0.0717785,0.717785,1.0
2,3,1,1.2,27,340.51,263.79,23.33,read_0,84.9143,1.27527,1.27527,89.4182,76.761,0.0374362,3.495,0.0449234,0.449234,1.0,read_1,1.27534,84.9143,1.27534,76.761,89.4182,0.0374362,3.495,0.0449234,0.449234,1.0,302.437,1199.7,1199.65,1.08073,56.2419,1.29688,12.9688,1.0,write_0,226.109,1199.7,1199.99,1.04611,55.6589,1.25533,12.5533,1.0,write_1,302.437,1.29688,12.9688,hold_0,4.07536,0.414887,80.0367,0.0960441,0.960441,1.0,hold_1,4.08077,0.43091,79.9074,0.0958889,0.958889,1.0
2,3,1,1.3,27,365.15,283.63,23.35,read_0,92.3162,1.61859,1.61859,89.1946,76.603,0.0411655,3.7955,0.0535151,0.535151,1.0,read_1,1.61867,92.3162,1.61867,76.603,89.1946,0.0411655,3.7955,0.0535151,0.535151,1.0,310.504,1299.64,1299.58,1.31884,66.7119,1.71449,17.1449,1.0,write_0,231.58,1299.65,1299.98,1.27256,65.8466,1.65433,16.5433,1.0,write_1,310.504,1.71449,17.1449,hold_0,4.3159,0.438398,96.4261,0.125354,1.25354,1.0,hold_1,4.30889,0.418763,98.0612,0.12748,1.2748,1.0
2,3,2,0.6,27,176.52,106.59,173.26,read_0,70.2537,0.816492,0.816492,191.602,191.602,0.0235321,2.34405,0.0141192,0.141192,1.0,read_1,0.816507,70.2537,0.816507,191.602,191.602,0.0235321,2.34405,0.0141192,0.141192,1.0,158.179,599.847,599.85,0.0951263,10.5756,0.0570758,0.570758,1.0,write_0,96.8535,599.856,599.996,0.0939753,10.5707,0.0563852,0.563852,1.0,write_1,158.179,0.0570758,0.570758,hold_0,5.59619,0.436902,21.0789,0.0126474,0.126474,1.0,hold_1,5.64864,0.505844,21.1341,0.0126805,0.126805,1.0
2,3,2,0.7,27,206.23,124.13,198.13,read_0,84.0496,1.03428,1.03428,142.463,142.463,0.0282419,2.74648,0.0197694,0.197694,1.0,read_1,1.0343,84.0496,1.0343,142.463,142.463,0.0282419,2.74648,0.0197694,0.197694,1.0,153.8,699.84,699.839,0.1239,16.8133,0.08673,0.8673,1.0,write_0,84.5896,699.849,699.994,0.119108,16.7491,0.0833755,0.833755,1.0,write_1,153.8,0.08673,0.8673,hold_0,5.24147,0.509182,27.0933,0.0189653,0.189653,1.0,hold_1,5.2405,0.50709,27.1394,0.0189975,0.189975,1.0
2,3,2,0.8,27,234.75,141.11,233.26,read_0,97.7492,1.35153,1.35153,139.24,534.312,0.0327325,3.15877,0.026186,0.26186,1.0,read_1,1.35156,97.7492,1.35156,534.312,139.24,0.0327325,3.15877,0.026186,0.26186,1.0,150.87,799.824,799.822,0.156759,24.3272,0.125408,1.25408,1.0,write_0,76.996,799.835,799.992,0.147781,24.4053,0.118225,1.18225,1.0,write_1,150.87,0.125408,1.25408,hold_0,5.09181,0.529993,34.5323,0.0276259,0.276259,1.0,hold_1,5.11117,0.549966,34.5596,0.0276477,0.276477,1.0
2,3,2,0.9,27,262.39,157.76,263.19,read_0,111.351,1.79128,1.79128,144.326,206.85,0.0373775,3.57073,0.0336397,0.336397,1.0,read_1,1.79132,111.351,1.79132,206.85,144.326,0.0373775,3.57073,0.0336397,0.336397,1.0,148.557,899.805,899.792,0.19388,33.0724,0.174492,1.74492,1.0,write_0,71.9943,899.815,899.991,0.179333,32.9845,0.161399,1.61399,1.0,write_1,148.557,0.174492,1.74492,hold_0,5.05912,0.539185,44.2238,0.0398014,0.398014,1.0,hold_1,5.05516,0.53969,44.0148,0.0396134,0.396134,1.0
2,3,2,1.0,27,289.18,173.96,298.19,read_0,124.885,2.37817,2.37817,90.8914,113.314,0.0422096,3.98197,0.0422096,0.422096,1.0,read_1,2.37821,124.885,2.37821,113.314,90.8914,0.0422096,3.98197,0.0422096,0.422096,1.0,147.006,999.772,999.75,0.235585,42.7894,0.235585,2.35585,1.0,write_0,68.3479,999.782,999.988,0.213953,42.4862,0.213953,2.13953,1.0,write_1,147.006,0.235585,2.35585,hold_0,5.11881,0.533829,54.9801,0.0549801,0.549801,1.0,hold_1,5.11972,0.542695,54.9672,0.0549672,0.549672,1.0
2,3,2,1.1,27,315.24,189.75,333.13,read_0,138.404,3.1452,3.1452,90.548,113.817,0.0471736,4.39789,0.0518909,0.518909,1.0,read_1,3.14526,138.404,3.14526,113.817,90.548,0.0471736,4.39789,0.0518909,0.518909,1.0,145.001,1099.74,1099.71,0.27997,52.717,0.307967,3.07967,1.0,write_0,65.7096,1099.75,1099.98,0.251703,53.2872,0.276873,2.76873,1.0,write_1,145.001,0.307967,3.07967,hold_0,5.26231,0.560926,68.2725,0.0750997,0.750997,1.0,hold_1,5.26156,0.537109,68.3659,0.0752025,0.752025,1.0
2,3,2,1.2,27,340.49,205.14,373.17,read_0,151.956,4.1309,4.1309,90.2524,78.3754,0.05232,4.81569,0.0627839,0.627839,1.0,read_1,4.13097,151.956,4.13097,78.3754,90.2524,0.05232,4.81569,0.0627839,0.627839,1.0,143.891,1199.69,1199.65,0.329067,64.5202,0.394881,3.94881,1.0,write_0,63.5646,1199.7,1199.98,0.292617,64.4705,0.351141,3.51141,1.0,write_1,143.891,0.394881,3.94881,hold_0,5.48145,0.555697,83.0669,0.0996802,0.996802,1.0,hold_1,5.48272,0.547022,83.2312,0.0998775,0.998775,1.0
2,3,2,1.3,27,365.13,219.92,413.15,read_0,165.59,5.37138,5.37138,86.4611,108.494,0.0576555,5.23625,0.0749521,0.749521,1.0,read_1,5.37147,165.59,5.37147,108.494,86.4611,0.0576555,5.23625,0.0749521,0.749521,1.0,142.59,1299.63,1299.58,0.381979,76.1464,0.496573,4.96573,1.0,write_0,61.8835,1299.64,1299.97,0.337168,75.6357,0.438319,4.38319,1.0,write_1,142.59,0.496573,4.96573,hold_0,5.78487,0.588503,102.076,0.132699,1.32699,1.0,hold_1,5.78336,0.594322,101.303,0.131694,1.31694,1.0
2,3,3,0.6,27,176.49,86.89,228.1,read_0,93.9715,1.5285,1.5285,208.709,208.709,0.0300098,2.97156,0.0180059,0.180059,1.0,read_1,1.52852,93.9715,1.52852,208.709,208.709,0.0300098,2.97156,0.0180059,0.180059,1.0,146.067,599.848,599.848,0.0808452,12.1192,0.0485071,0.485071,1.0,write_0,78.6323,599.856,599.999,0.0823872,12.012,0.0494323,0.494323,1.0,write_1,146.067,0.0494323,0.494323,hold_0,7.05828,0.388173,22.6939,0.0136163,0.136163,1.0,hold_1,7.07077,0.389708,22.1316,0.013279,0.13279,1.0
2,3,3,0.7,27,206.21,99.75,273.19,read_0,112.921,2.09246,2.09246,273.839,4379.65,0.0352682,3.49054,0.0246878,0.246878,1.0,read_1,2.09248,112.921,2.09248,4379.65,273.839,0.0352682,3.49054,0.0246878,0.246878,1.0,142.276,699.838,699.843,0.104654,19.0651,0.0732578,0.732578,1.0,write_0,69.6341,699.853,699.995,0.102753,19.1606,0.0719273,0.719273,1.0,write_1,142.276,0.0732578,0.732578,hold_0,6.64099,0.535621,29.237,0.0204659,0.204659,1.0,hold_1,6.58019,0.579485,28.86,0.020202,0.20202,1.0
2,3,3,0.8,27,234.73,111.84,318.15,read_0,131.938,2.92027,2.92027,139.752,3699.61,0.0414272,4.0161,0.0331418,0.331418,1.0,read_1,2.9203,131.938,2.9203,3699.61,139.752,0.0414272,4.0161,0.0331418,0.331418,1.0,139.087,799.824,799.821,0.132113,26.7418,0.105691,1.05691,1.0,write_0,63.9935,799.832,799.994,0.127485,27.5209,0.101988,1.01988,1.0,write_1,139.087,0.105691,1.05691,hold_0,6.42665,0.610371,36.9371,0.0295497,0.295497,1.0,hold_1,6.44456,0.661051,36.6477,0.0293182,0.293182,1.0
2,3,3,0.9,27,262.37,123.34,368.17,read_0,150.975,4.05874,4.05874,295.675,189.366,0.0473038,4.53992,0.0425734,0.425734,1.0,read_1,4.05878,150.975,4.05878,189.366,295.675,0.0473038,4.53992,0.0425734,0.425734,1.0,136.613,899.798,899.792,0.163004,33.3484,0.146704,1.46704,1.0,write_0,60.2379,899.813,899.99,0.154989,36.9096,0.13949,1.3949,1.0,write_1,136.613,0.146704,1.46704,hold_0,6.37125,0.645377,46.4318,0.0417886,0.417886,1.0,hold_1,6.36679,0.645844,46.4075,0.0417667,0.417667,1.0
2,3,3,1.0,27,289.16,134.35,418.12,read_0,170.037,5.55138,5.55138,135.474,509.87,0.0533892,5.06255,0.0533892,0.533892,1.0,read_1,5.55142,170.037,5.55142,509.87,135.474,0.0533892,5.06255,0.0533892,0.533892,1.0,134.464,999.769,999.756,0.197424,40.4628,0.197424,1.97424,1.0,write_0,57.5288,999.784,999.991,0.185615,47.3712,0.185615,1.85615,1.0,write_1,134.464,0.197424,1.97424,hold_0,6.45175,0.670209,57.6931,0.0576931,0.576931,1.0,hold_1,6.43193,0.664734,58.2375,0.0582375,0.582375,1.0
2,3,3,1.1,27,315.22,144.94,473.13,read_0,189.153,7.44755,7.44755,134.726,189.036,0.059676,5.58511,0.0656436,0.656436,1.0,read_1,7.44761,189.153,7.44761,189.036,134.726,0.059676,5.58511,0.0656436,0.656436,1.0,132.306,1099.73,1099.71,0.234982,48.2172,0.25848,2.5848,1.0,write_0,55.4839,1099.75,1100.0,0.219353,58.9916,0.241288,2.41288,1.0,write_1,132.306,0.25848,2.5848,hold_0,6.62053,0.684787,71.2995,0.0784295,0.784295,1.0,hold_1,6.61701,0.683013,71.5158,0.0786674,0.786674,1.0
2,3,3,1.2,27,340.46,154.91,528.08,read_0,208.369,9.80256,9.80256,135.346,191.275,0.0661938,6.10882,0.0794326,0.794326,1.0,read_1,9.80263,208.369,9.80263,191.275,135.346,0.0661938,6.10882,0.0794326,0.794326,1.0,130.699,1199.68,1199.66,0.276415,56.3307,0.331698,3.31698,1.0,write_0,53.856,1199.7,1199.99,0.256254,70.4344,0.307504,3.07504,1.0,write_1,130.699,0.331698,3.31698,hold_0,6.89306,0.674843,87.0353,0.104442,1.04442,1.0,hold_1,6.88957,0.701942,87.1959,0.104635,1.04635,1.0
2,3,3,1.3,27,365.1,164.3,588.09,read_0,227.729,12.6824,12.6824,115.67,157.74,0.0717143,6.63416,0.0932286,0.932286,1.0,read_1,12.6825,227.729,12.6825,157.74,115.67,0.0717143,6.63416,0.0932286,0.932286,1.0,129.06,1299.62,1299.59,0.321533,64.4117,0.417992,4.17992,1.0,write_0,52.4412,1299.64,1299.98,0.296248,81.626,0.385122,3.85122,1.0,write_1,129.06,0.417992,4.17992,hold_0,7.25636,0.696466,104.979,0.136473,1.36473,1.0,hold_1,7.25709,0.732694,106.388,0.138305,1.38305,1.0
2,3,4,0.6,27,176.46,70.83,268.17,read_0,113.663,2.57367,2.57367,282.401,5918.13,0.0361496,3.59195,0.0216897,0.216897,1.0,read_1,2.57368,113.663,2.57368,5918.13,282.401,0.0361496,3.59195,0.0216897,0.216897,1.0,140.063,599.847,599.847,0.0727514,13.0502,0.0436508,0.436508,1.0,write_0,70.6601,599.857,599.996,0.0759775,13.255,0.0455865,0.455865,1.0,write_1,140.063,0.0455865,0.455865,hold_0,8.56176,0.447239,24.2282,0.0145369,0.145369,1.0,hold_1,8.56388,0.446894,24.4852,0.0146911,0.146911,1.0
2,3,4,0.7,27,206.19,79.68,318.12,read_0,137.169,3.74076,3.74076,1495.73,186.7,0.0424359,4.22649,0.0297051,0.297051,1.0,read_1,3.74078,137.169,3.74078,186.7,1495.73,0.0424359,4.22649,0.0297051,0.297051,1.0,135.824,699.837,699.839,0.0936445,18.6388,0.0655512,0.655512,1.0,write_0,63.0859,699.848,699.997,0.0953861,20.933,0.0667703,0.667703,1.0,write_1,135.824,0.0667703,0.667703,hold_0,7.90572,0.628897,31.0823,0.0217576,0.217576,1.0,hold_1,7.9967,0.552819,30.7611,0.0215327,0.215327,1.0
2,3,4,0.8,27,234.71,87.4,373.09,read_0,161.05,5.44707,5.44707,272.255,3587.91,0.0492014,4.86157,0.0393611,0.393611,1.0,read_1,5.4471,161.05,5.4471,3587.91,272.255,0.0492014,4.86157,0.0393611,0.393611,1.0,132.533,799.819,799.826,0.117712,23.8256,0.0941697,0.941697,1.0,write_0,58.3379,799.834,799.997,0.118168,29.9199,0.0945343,0.945343,1.0,write_1,132.533,0.0945343,0.945343,hold_0,7.70865,0.700541,39.0407,0.0312325,0.312325,1.0,hold_1,7.72693,0.687385,38.7344,0.0309875,0.309875,1.0
2,3,4,0.9,27,262.34,94.26,433.11,read_0,185.226,7.7705,7.7705,136.571,3683.62,0.0567962,5.49418,0.0511166,0.511166,1.0,read_1,7.77054,185.226,7.77054,3683.62,136.571,0.0567962,5.49418,0.0511166,0.511166,1.0,129.771,899.795,899.794,0.144978,29.461,0.13048,1.3048,1.0,write_0,55.1162,899.813,899.995,0.144106,39.4904,0.129696,1.29696,1.0,write_1,129.771,0.13048,1.3048,hold_0,7.67368,0.736181,49.0245,0.044122,0.44122,1.0,hold_1,7.71528,0.699056,48.9216,0.0440294,0.440294,1.0
2,3,4,1.0,27,289.14,100.3,498.15,read_0,209.666,10.7655,10.7655,202.39,146.119,0.0629578,6.12504,0.0629578,0.629578,1.0,read_1,10.7655,209.666,10.7655,146.119,202.39,0.0629578,6.12504,0.0629578,0.629578,1.0,127.316,999.765,999.761,0.175401,35.7996,0.175401,1.75401,1.0,write_0,52.6577,999.782,999.99,0.172792,48.166,0.172792,1.72792,1.0,write_1,127.316,0.175401,1.75401,hold_0,7.76429,0.767075,60.8521,0.0608521,0.608521,1.0,hold_1,7.77283,0.75719,60.0896,0.0600896,0.600896,1.0
2,3,4,1.1,27,315.19,105.57,563.11,read_0,234.387,14.4814,14.4814,203.806,144.833,0.0703102,6.75538,0.0773412,0.773412,1.0,read_1,14.4815,234.387,14.4815,144.833,203.806,0.0703102,6.75538,0.0773412,0.773412,1.0,124.994,1099.73,1099.72,0.208923,42.5288,0.229816,2.29816,1.0,write_0,50.7301,1099.74,1099.99,0.204625,58.7006,0.225087,2.25087,1.0,write_1,124.994,0.229816,2.29816,hold_0,7.97591,0.792575,74.2545,0.08168,0.8168,1.0,hold_1,7.9795,0.790791,75.0459,0.0825505,0.825505,1.0
2,3,4,1.2,27,340.44,110.04,628.01,read_0,259.419,18.9886,18.9886,212.818,1803.82,0.0779035,7.38693,0.0934842,0.934842,1.0,read_1,18.9887,259.419,18.9887,1803.82,212.818,0.0779035,7.38693,0.0934842,0.934842,1.0,122.961,1199.68,1199.66,0.24554,49.6505,0.294648,2.94648,1.0,write_0,49.1373,1199.7,1199.98,0.24014,69.6108,0.288168,2.88168,1.0,write_1,122.961,0.294648,2.94648,hold_0,8.3007,0.809448,90.422,0.108506,1.08506,1.0,hold_1,8.30165,0.815189,90.171,0.108205,1.08205,1.0
2,3,4,1.3,27,365.08,113.67,703.07,read_0,284.796,24.3834,24.3834,116.025,96.3382,0.0858438,8.02031,0.111597,1.11597,1.0,read_1,24.3835,284.796,24.3835,96.3382,116.025,0.0858438,8.02031,0.111597,1.11597,1.0,121.166,1299.62,1299.59,0.285883,57.3394,0.371648,3.71648,1.0,write_0,47.7906,1299.64,1299.98,0.278472,80.7061,0.362014,3.62014,1.0,write_1,121.166,0.371648,3.71648,hold_0,8.72662,0.854101,109.282,0.142066,1.42066,1.0,hold_1,8.72795,0.857112,109.261,0.14204,1.4204,1.0
2,3,5,0.6,27,176.44,57.59,293.03,read_0,130.614,4.01892,4.01892,273.957,273.957,0.0421592,4.21338,0.0252955,0.252955,1.0,read_1,4.01894,130.614,4.01894,273.957,273.957,0.0421592,4.21338,0.0252955,0.252955,1.0,135.999,599.845,599.846,0.0671193,12.647,0.0402716,0.402716,1.0,write_0,65.9984,599.855,599.997,0.0720245,14.2319,0.0432147,0.432147,1.0,write_1,135.999,0.0432147,0.432147,hold_0,10.116,0.496121,25.7185,0.0154311,0.154311,1.0,hold_1,10.0825,0.772917,25.3288,0.0151973,0.151973,1.0
2,3,5,0.7,27,206.17,62.98,353.12,read_0,158.321,6.09826,6.09826,370.108,370.108,0.0494216,4.95558,0.0345951,0.345951,1.0,read_1,6.09828,158.321,6.09828,370.108,370.108,0.0494216,4.95558,0.0345951,0.345951,1.0,131.628,699.836,699.84,0.0860534,17.0953,0.0602373,0.602373,1.0,write_0,59.232,699.847,699.998,0.0920817,22.3594,0.0644572,0.644572,1.0,write_1,131.628,0.0644572,0.644572,hold_0,9.36064,0.839654,32.7738,0.0229417,0.229417,1.0,hold_1,9.4401,0.840647,32.9034,0.0230324,0.230324,1.0
2,3,5,0.8,27,234.69,67.0,418.16,read_0,186.869,9.15688,9.15688,1477.92,181.744,0.0573318,5.69784,0.0458655,0.458655,1.0,read_1,9.15691,186.869,9.15691,181.744,1477.92,0.0573318,5.69784,0.0458655,0.458655,1.0,128.172,799.82,799.829,0.10809,21.7199,0.0864717,0.864717,1.0,write_0,55.0537,799.832,799.993,0.112813,30.2345,0.0902507,0.902507,1.0,write_1,128.172,0.0902507,0.902507,hold_0,9.0312,0.728378,41.2695,0.0330156,0.330156,1.0,hold_1,9.00911,0.746469,41.1711,0.0329369,0.329369,1.0
2,3,5,0.9,27,262.32,69.63,483.09,read_0,216.184,13.2928,13.2928,192.023,1626.12,0.0657739,6.43674,0.0591965,0.591965,1.0,read_1,13.2929,216.184,13.2929,1626.12,192.023,0.0657739,6.43674,0.0591965,0.591965,1.0,125.225,899.794,899.799,0.133085,26.8581,0.119776,1.19776,1.0,write_0,51.9373,899.813,899.99,0.137358,38.4483,0.123622,1.23622,1.0,write_1,125.225,0.123622,1.23622,hold_0,9.02244,0.863992,51.5372,0.0463835,0.463835,1.0,hold_1,9.02878,0.784002,51.872,0.0466848,0.466848,1.0
2,3,5,1.0,27,289.12,71.26,553.04,read_0,246.242,18.5944,18.5944,471.972,284.802,0.0740496,7.17286,0.0740496,0.740496,1.0,read_1,18.5945,246.242,18.5945,284.802,471.972,0.0740496,7.17286,0.0740496,0.740496,1.0,122.603,999.761,999.764,0.161133,32.5054,0.161133,1.61133,1.0,write_0,49.5299,999.781,999.989,0.165503,48.0004,0.165503,1.65503,1.0,write_1,122.603,0.165503,1.65503,hold_0,9.07844,0.850154,63.3626,0.0633626,0.633626,1.0,hold_1,9.09938,0.88868,63.0113,0.0630113,0.630113,1.0
2,3,5,1.1,27,315.17,71.77,628.02,read_0,277.067,25.143,25.143,187.995,4827.27,0.0825647,7.90885,0.0908212,0.908212,1.0,read_1,25.1431,277.067,25.1431,4827.27,187.995,0.0825647,7.90885,0.0908212,0.908212,1.0,120.228,1099.72,1099.72,0.192029,38.4725,0.211232,2.11232,1.0,write_0,47.7507,1099.75,1099.99,0.196014,57.8957,0.215615,2.15615,1.0,write_1,120.228,0.215615,2.15615,hold_0,9.34431,0.888844,77.2004,0.0849205,0.849205,1.0,hold_1,9.30385,0.896403,77.5692,0.0853261,0.853261,1.0
2,3,5,1.2,27,340.42,71.25,708.02,read_0,308.72,33.0763,33.0763,494.716,143.532,0.0900562,8.64552,0.108067,1.08067,1.0,read_1,33.0764,308.72,33.0764,143.532,494.716,0.0900562,8.64552,0.108067,1.08067,1.0,118.234,1199.68,1199.66,0.226963,45.1978,0.272356,2.72356,1.0,write_0,46.0464,1199.71,1199.98,0.229727,68.5607,0.275673,2.75673,1.0,write_1,118.234,0.275673,2.75673,hold_0,9.69678,0.933305,93.8479,0.112617,1.12617,1.0,hold_1,9.70486,0.931771,94.2495,0.113099,1.13099,1.0
2,3,5,1.3,27,365.05,69.59,787.93,read_0,341.289,42.553,42.553,200.435,2524.46,0.0989873,9.38419,0.128683,1.28683,1.0,read_1,42.5531,341.289,42.5531,2524.46,200.435,0.0989873,9.38419,0.128683,1.28683,1.0,116.391,1299.62,1299.59,0.265437,52.5017,0.345068,3.45068,1.0,write_0,44.6665,1299.65,1299.98,0.266638,79.3962,0.346629,3.46629,1.0,write_1,116.391,0.346629,3.46629,hold_0,10.1999,0.979736,113.239,0.147211,1.47211,1.0,hold_1,10.2132,0.962115,112.553,0.146318,1.46318,1.0
2,4,1,0.6,27,169.39,133.07,33.34,read_0,31.4581,0.403953,0.403953,9274.3,148.968,0.017461,1.71622,0.0104766,0.104766,1.0,read_1,0.403974,31.4581,0.403974,148.968,9274.3,0.017461,1.71622,0.0104766,0.104766,1.0,307.697,599.799,599.801,0.243587,9.09452,0.146152,1.46152,1.0,write_0,276.031,599.807,599.997,0.241316,9.06801,0.14479,1.4479,1.0,write_1,307.697,0.146152,1.46152,hold_0,4.15646,0.433044,24.4716,0.0146829,0.146829,1.0,hold_1,4.16184,0.396881,24.6932,0.0148159,0.148159,1.0
2,4,1,0.7,27,197.12,155.76,23.28,read_0,37.3977,0.455312,0.455312,147.966,115.684,0.0206125,2.01623,0.0144287,0.144287,1.0,read_1,0.455339,37.3977,0.455339,115.684,147.966,0.0206125,2.01623,0.0144287,0.144287,1.0,320.068,699.792,699.786,0.375622,14.735,0.262935,2.62935,1.0,write_0,274.383,699.797,699.996,0.370783,14.1303,0.259548,2.59548,1.0,write_1,320.068,0.262935,2.62935,hold_0,3.89361,0.412891,32.6566,0.0228596,0.228596,1.0,hold_1,3.86564,0.407944,32.355,0.0226485,0.226485,1.0
2,4,1,0.8,27,223.6,177.74,18.35,read_0,43.2314,0.530787,0.530787,147.611,114.328,0.0238474,2.31742,0.0190779,0.190779,1.0,read_1,0.530823,43.2314,0.530823,114.328,147.611,0.0238474,2.31742,0.0190779,0.190779,1.0,359.033,799.772,799.758,0.594228,21.3822,0.475383,4.75383,1.0,write_0,308.047,799.776,799.993,0.594561,20.9965,0.475649,4.75649,1.0,write_1,359.033,0.475649,4.75649,hold_0,3.80448,0.384925,42.3695,0.0338956,0.338956,1.0,hold_1,3.76917,0.397618,41.5279,0.0332223,0.332223,1.0
2,4,1,0.9,27,248.98,198.96,8.31,read_0,48.9852,0.635542,0.635542,90.2443,115.909,0.027178,2.61875,0.0244602,0.244602,1.0,read_1,0.635589,48.9852,0.635589,115.909,90.2443,0.027178,2.61875,0.0244602,0.244602,1.0,463.617,899.746,899.725,1.06784,29.7673,0.961056,9.61056,1.0,write_0,399.284,899.746,899.989,1.04359,29.2369,0.939231,9.39231,1.0,write_1,463.617,0.961056,9.61056,hold_0,3.77246,0.389447,52.8435,0.0475592,0.475592,1.0,hold_1,3.76974,0.388065,53.1771,0.0478594,0.478594,1.0
2,4,1,1.0,27,273.42,219.43,3.37,read_0,54.6858,0.775419,0.775419,89.8085,115.318,0.0305961,2.92005,0.0305961,0.305961,1.0,read_1,0.775479,54.6858,0.775479,115.318,89.8085,0.0305961,2.92005,0.0305961,0.305961,1.0,1180.74,999.708,999.679,3.86469,38.1478,3.86469,38.6469,1.0,write_0,1126.39,999.71,999.988,3.87942,37.9961,3.87942,38.7942,1.0,write_1,1180.74,3.87942,38.7942,hold_0,3.84392,0.351718,67.6948,0.0676948,0.676948,1.0,hold_1,3.84117,0.347683,67.3438,0.0673438,0.673438,1.0
2,4,1,1.1,27,296.93,239.18,,read_0,60.369,0.95807,0.95807,89.4876,114.978,0.0341231,3.2216,0.0375354,0.375354,1.0,read_1,0.958145,60.369,0.958145,114.978,89.4876,0.0341231,3.2216,0.0375354,0.375354,1.0,-1.0,348.921,101.26,40.7369,41.5412,44.8106,448.106,0.0,write_0,-1.0,101.304,349.246,41.1052,41.5617,45.2157,452.157,0.0,write_1,-1.0,45.2157,452.157,hold_0,1101.19,1099.61,680.379,0.748417,7.48417,0.0,hold_1,3.97025,0.375504,83.9062,0.0922968,0.922968,1.0
2,4,1,1.2,27,319.57,258.25,,read_0,66.087,1.21288,1.21288,70.1449,84.0771,0.037218,3.53636,0.0446616,0.446616,1.0,read_1,1.21297,66.087,1.21297,84.0771,70.1449,0.037218,3.53636,0.0446616,0.446616,1.0,-1.0,367.332,105.773,48.2706,49.2082,57.9248,579.248,0.0,write_0,-1.0,105.821,367.722,48.7056,49.2293,58.4467,584.467,0.0,write_1,-1.0,58.4467,584.467,hold_0,4.16944,0.344834,103.665,0.124398,1.24398,1.0,hold_1,1201.2,1199.55,808.909,0.970691,9.70691,0.0
2,4,1,1.3,27,341.46,276.66,,read_0,71.8155,1.50569,1.50569,88.9429,75.9681,0.041561,3.82623,0.0540294,0.540294,1.0,read_1,1.50581,71.8155,1.50581,75.9681,88.9429,0.041561,3.82623,0.0540294,0.540294,1.0,-1.0,394.306,112.768,56.4678,57.5548,73.4081,734.081,0.0,write_0,-1.0,112.832,394.766,56.9756,57.5761,74.0683,740.683,0.0,write_1,-1.0,74.0683,740.683,hold_0,4.42432,0.351456,126.938,0.16502,1.6502,1.0,hold_1,1301.2,1299.46,951.281,1.23667,12.3667,0.0
2,4,2,0.6,27,169.37,110.47,158.27,read_0,56.3572,0.75753,0.75753,189.123,189.123,0.0237431,2.36046,0.0142459,0.142459,1.0,read_1,0.75755,56.3572,0.75755,189.123,189.123,0.0237431,2.36046,0.0142459,0.142459,1.0,162.255,599.8,599.801,0.113123,10.694,0.0678739,0.678739,1.0,write_0,104.755,599.809,599.998,0.111649,10.6788,0.0669895,0.669895,1.0,write_1,162.255,0.0678739,0.678739,hold_0,5.62782,0.498254,26.3167,0.01579,0.1579,1.0,hold_1,5.62285,0.48296,26.2509,0.0157505,0.157505,1.0
2,4,2,0.7,27,197.1,128.46,183.25,read_0,67.2889,0.915741,0.915741,139.541,139.541,0.0281286,2.77548,0.01969,0.1969,1.0,read_1,0.915769,67.2889,0.915769,139.541,139.541,0.0281286,2.77548,0.01969,0.1969,1.0,157.201,699.789,699.789,0.147388,17.0958,0.103172,1.03172,1.0,write_0,90.8439,699.798,699.994,0.142542,17.0255,0.0997794,0.997794,1.0,write_1,157.201,0.103172,1.03172,hold_0,5.24541,0.538706,34.4491,0.0241143,0.241143,1.0,hold_1,5.28503,0.536733,33.9711,0.0237798,0.237798,1.0
2,4,2,0.8,27,223.59,145.91,213.3,read_0,78.1037,1.15014,1.15014,143.882,203.659,0.0331348,3.19604,0.0265078,0.265078,1.0,read_1,1.15018,78.1037,1.15018,203.659,143.882,0.0331348,3.19604,0.0265078,0.265078,1.0,153.881,799.771,799.759,0.186623,24.8314,0.149298,1.49298,1.0,write_0,82.4226,799.782,799.993,0.175547,24.8766,0.140438,1.40438,1.0,write_1,153.881,0.149298,1.49298,hold_0,5.10447,0.511856,44.1818,0.0353455,0.353455,1.0,hold_1,5.06479,0.519964,44.0839,0.0352671,0.352671,1.0
2,4,2,0.9,27,248.96,162.64,238.18,read_0,88.8133,1.47306,1.47306,145.075,113.67,0.0379035,3.61687,0.0341132,0.341132,1.0,read_1,1.4731,88.8133,1.4731,113.67,145.075,0.0379035,3.61687,0.0341132,0.341132,1.0,151.541,899.743,899.723,0.230842,33.7885,0.207757,2.07757,1.0,write_0,77.0028,899.749,899.99,0.213888,33.6977,0.192499,1.92499,1.0,write_1,151.541,0.207757,2.07757,hold_0,5.06005,0.508142,56.0568,0.0504511,0.504511,1.0,hold_1,5.07695,0.514957,56.2835,0.0506552,0.506552,1.0
2,4,2,1.0,27,273.41,178.95,273.28,read_0,99.4566,1.90428,1.90428,90.5936,113.771,0.0428141,4.03825,0.0428141,0.428141,1.0,read_1,1.90434,99.4566,1.90434,113.771,90.5936,0.0428141,4.03825,0.0428141,0.428141,1.0,149.754,999.705,999.673,0.280113,43.594,0.280113,2.80113,1.0,write_0,73.0071,999.71,999.987,0.255809,43.7892,0.255809,2.55809,1.0,write_1,149.754,0.280113,2.80113,hold_0,5.15552,0.509412,70.5239,0.0705239,0.705239,1.0,hold_1,5.15847,0.471238,70.0123,0.0700123,0.700123,1.0
2,4,2,1.1,27,296.91,194.66,303.22,read_0,110.081,2.47262,2.47262,90.2071,114.067,0.0479051,4.46065,0.0526956,0.526956,1.0,read_1,2.4727,110.081,2.4727,114.067,90.2071,0.0479051,4.46065,0.0526956,0.526956,1.0,148.054,1099.66,1099.62,0.333944,54.4772,0.367339,3.67339,1.0,write_0,69.9982,1099.66,1099.99,0.301562,54.0384,0.331718,3.31718,1.0,write_1,148.054,0.367339,3.67339,hold_0,5.32463,0.467168,86.7246,0.095397,0.95397,1.0,hold_1,5.32537,0.473114,86.5737,0.0952311,0.952311,1.0
2,4,2,1.2,27,319.55,209.76,338.22,read_0,120.734,3.21296,3.21296,89.8583,114.356,0.0531984,4.88448,0.0638381,0.638381,1.0,read_1,3.21306,120.734,3.21306,114.356,89.8583,0.0531984,4.88448,0.0638381,0.638381,1.0,146.941,1199.6,1199.54,0.393502,66.0388,0.472202,4.72202,1.0,write_0,67.5941,1199.6,1199.98,0.351653,66.0248,0.421983,4.21983,1.0,write_1,146.941,0.472202,4.72202,hold_0,5.56694,0.469072,106.512,0.127814,1.27814,1.0,hold_1,5.56711,0.4605,107.446,0.128935,1.28935,1.0
2,4,2,1.3,27,341.44,224.28,378.27,read_0,131.463,4.17791,4.17791,89.4943,77.3893,0.0587206,5.30971,0.0763368,0.763368,1.0,read_1,4.17802,131.463,4.17802,77.3893,89.4943,0.0587206,5.30971,0.0763368,0.763368,1.0,145.594,1299.52,1299.45,0.456471,78.1788,0.593413,5.93413,1.0,write_0,65.6821,1299.52,1299.98,0.406622,77.5613,0.528609,5.28609,1.0,write_1,145.594,0.593413,5.93413,hold_0,5.8867,0.475566,130.385,0.1695,1.695,1.0,hold_1,5.8777,0.506643,132.162,0.171811,1.71811,1.0
2,4,3,0.6,27,169.35,93.09,213.07,read_0,76.8179,1.29568,1.29568,660.539,188.731,0.0301571,2.99617,0.0180942,0.180942,1.0,read_1,1.2957,76.8179,1.2957,188.731,660.539,0.0301571,2.99617,0.0180942,0.180942,1.0,148.545,599.798,599.8,0.096186,12.0976,0.0577116,0.577116,1.0,write_0,83.5923,599.806,599.996,0.0955505,12.0413,0.0573303,0.573303,1.0,write_1,148.545,0.0577116,0.577116,hold_0,7.10673,0.569493,27.8904,0.0167343,0.167343,1.0,hold_1,7.10714,0.570722,27.73,0.016638,0.16638,1.0
2,4,3,0.7,27,197.08,107.18,253.11,read_0,92.0472,1.67613,1.67613,266.408,3547.71,0.0357519,3.51408,0.0250264,0.250264,1.0,read_1,1.67616,92.0472,1.67616,3547.71,266.408,0.0357519,3.51408,0.0250264,0.250264,1.0,144.707,699.787,699.789,0.12474,19.2154,0.0873182,0.873182,1.0,write_0,73.5082,699.797,699.994,0.121215,19.1946,0.0848504,0.848504,1.0,write_1,144.707,0.0873182,0.873182,hold_0,6.57278,0.611296,35.9098,0.0251369,0.251369,1.0,hold_1,6.51158,0.629757,36.1621,0.0253135,0.253135,1.0
2,4,3,0.8,27,223.57,120.51,298.21,read_0,107.227,2.23736,2.23736,136.871,2042.27,0.0415406,4.04208,0.0332325,0.332325,1.0,read_1,2.2374,107.227,2.2374,2042.27,136.871,0.0415406,4.04208,0.0332325,0.332325,1.0,141.543,799.769,799.759,0.157875,27.4882,0.1263,1.263,1.0,write_0,67.3428,799.778,799.993,0.150418,27.6739,0.120335,1.20335,1.0,write_1,141.543,0.1263,1.263,hold_0,6.42832,0.635156,46.09,0.036872,0.36872,1.0,hold_1,6.36987,0.632507,46.1862,0.036949,0.36949,1.0
2,4,3,0.9,27,248.94,133.25,343.21,read_0,122.342,3.01374,3.01374,139.817,195.813,0.0481463,4.57431,0.0433317,0.433317,1.0,read_1,3.01379,122.342,3.01379,195.813,139.817,0.0481463,4.57431,0.0433317,0.433317,1.0,139.065,899.743,899.728,0.195393,36.4061,0.175853,1.75853,1.0,write_0,63.1563,899.751,899.993,0.182991,37.2997,0.164692,1.64692,1.0,write_1,139.065,0.175853,1.75853,hold_0,6.35953,0.627945,58.4301,0.0525871,0.525871,1.0,hold_1,6.36279,0.629021,58.1475,0.0523327,0.523327,1.0
2,4,3,1.0,27,273.39,145.52,388.14,read_0,137.419,4.04967,4.04967,140.724,111.483,0.0544216,5.10996,0.0544216,0.544216,1.0,read_1,4.04973,137.419,4.04973,111.483,140.724,0.0544216,5.10996,0.0544216,0.544216,1.0,137.002,999.701,999.676,0.237101,44.2566,0.237101,2.37101,1.0,write_0,60.1823,999.71,999.988,0.219252,47.9432,0.219252,2.19252,1.0,write_1,137.002,0.237101,2.37101,hold_0,6.46726,0.628649,72.8547,0.0728547,0.728547,1.0,hold_1,6.45,0.620422,73.2773,0.0732773,0.732773,1.0
2,4,3,1.1,27,296.89,157.25,438.14,read_0,152.499,5.39749,5.39749,141.887,111.326,0.0609282,5.64744,0.067021,0.67021,1.0,read_1,5.39756,152.499,5.39756,111.326,141.887,0.0609282,5.64744,0.067021,0.67021,1.0,134.749,1099.65,1099.62,0.283132,52.4115,0.311445,3.11445,1.0,write_0,57.9254,1099.66,1099.99,0.259337,59.1983,0.285271,2.85271,1.0,write_1,134.749,0.311445,3.11445,hold_0,6.67143,0.584942,90.2927,0.099322,0.99322,1.0,hold_1,6.6597,0.627194,89.9913,0.0989904,0.989904,1.0
2,4,3,1.2,27,319.54,168.44,493.19,read_0,167.64,7.1198,7.1198,90.1407,111.226,0.0677472,6.18769,0.0812966,0.812966,1.0,read_1,7.1199,167.64,7.1199,111.226,90.1407,0.0677472,6.18769,0.0812966,0.812966,1.0,132.934,1199.58,1199.55,0.333428,61.6125,0.400113,4.00113,1.0,write_0,56.1501,1199.6,1199.99,0.303599,71.5843,0.364319,3.64319,1.0,write_1,132.934,0.400113,4.00113,hold_0,6.96852,0.599788,110.451,0.132542,1.32542,1.0,hold_1,6.96561,0.594448,110.287,0.132344,1.32344,1.0
2,4,3,1.3,27,341.43,178.92,543.1,read_0,182.885,9.29017,9.29017,87.5896,107.908,0.0747469,6.73201,0.097171,0.97171,1.0,read_1,9.29029,182.885,9.29029,107.908,87.5896,0.0747469,6.73201,0.097171,0.97171,1.0,131.786,1299.5,1299.46,0.388214,70.7159,0.504679,5.04679,1.0,write_0,54.6892,1299.52,1299.98,0.352052,84.3965,0.457668,4.57668,1.0,write_1,131.786,0.504679,5.04679,hold_0,7.34954,0.592379,134.593,0.174971,1.74971,1.0,hold_1,7.35154,0.609564,134.79,0.175227,1.75227,1.0
2,4,4,0.6,27,169.33,78.58,253.17,read_0,94.1847,2.05027,2.05027,206.817,206.817,0.0366947,3.62274,0.0220168,0.220168,1.0,read_1,2.05029,94.1847,2.05029,206.817,206.817,0.0366947,3.62274,0.0220168,0.220168,1.0,142.246,599.799,599.802,0.0871167,13.154,0.05227,0.5227,1.0,write_0,74.3393,599.808,599.997,0.0884631,13.2779,0.0530779,0.530779,1.0,write_1,142.246,0.0530779,0.530779,hold_0,8.61663,0.63364,29.3471,0.0176082,0.176082,1.0,hold_1,8.60915,0.601345,29.7731,0.0178639,0.178639,1.0
2,4,4,0.7,27,197.07,89.3,303.23,read_0,113.226,2.81339,2.81339,682.543,184.65,0.0431516,4.25168,0.0302061,0.302061,1.0,read_1,2.81341,113.226,2.81341,184.65,682.543,0.0431516,4.25168,0.0302061,0.302061,1.0,137.941,699.787,699.791,0.112564,19.8487,0.078795,0.78795,1.0,write_0,65.9682,699.798,699.997,0.112005,20.8094,0.0784032,0.784032,1.0,write_1,137.941,0.078795,0.78795,hold_0,7.95491,0.733593,37.9536,0.0265675,0.265675,1.0,hold_1,7.8493,0.717374,37.6545,0.0263582,0.263582,1.0
2,4,4,0.8,27,223.55,98.99,353.18,read_0,132.364,3.93184,3.93184,263.067,2748.16,0.0501086,4.8972,0.0400868,0.400868,1.0,read_1,3.93188,132.364,3.93188,2748.16,263.067,0.0501086,4.8972,0.0400868,0.400868,1.0,134.678,799.765,799.765,0.141989,25.9741,0.113591,1.13591,1.0,write_0,60.8193,799.778,800.0,0.1391,29.6327,0.11128,1.1128,1.0,write_1,134.678,0.113591,1.13591,hold_0,7.64986,0.733711,48.2957,0.0386366,0.386366,1.0,hold_1,7.72426,0.743015,47.9531,0.0383625,0.383625,1.0
2,4,4,0.9,27,248.93,108.01,408.17,read_0,151.547,5.47496,5.47496,133.864,181.037,0.0573077,5.54042,0.0515769,0.515769,1.0,read_1,5.47501,151.547,5.47501,181.037,133.864,0.0573077,5.54042,0.0515769,0.515769,1.0,132.021,899.735,899.73,0.175286,32.1771,0.157757,1.57757,1.0,write_0,57.2877,899.747,899.993,0.169695,40.1325,0.152726,1.52726,1.0,write_1,132.021,0.157757,1.57757,hold_0,7.68703,0.725688,60.6078,0.0545471,0.545471,1.0,hold_1,7.66753,0.735986,60.279,0.0542511,0.542511,1.0
2,4,4,1.0,27,273.37,116.35,463.09,read_0,170.78,7.50557,7.50557,132.331,182.13,0.0655983,6.18198,0.0655983,0.655983,1.0,read_1,7.50563,170.78,7.50563,182.13,132.331,0.0655983,6.18198,0.0655983,0.655983,1.0,129.691,999.695,999.678,0.21251,39.2406,0.21251,2.1251,1.0,write_0,54.6977,999.708,999.99,0.204199,50.4929,0.204199,2.04199,1.0,write_1,129.691,0.21251,2.1251,hold_0,7.75977,0.73653,75.7831,0.0757831,0.757831,1.0,hold_1,7.80788,0.707617,75.9046,0.0759046,0.759046,1.0
2,4,4,1.1,27,296.88,124.11,523.08,read_0,190.093,10.0922,10.0922,130.638,180.356,0.0734205,6.82357,0.0807625,0.807625,1.0,read_1,10.0922,190.093,10.0922,180.356,130.638,0.0734205,6.82357,0.0807625,0.807625,1.0,127.33,1099.64,1099.62,0.253806,46.5348,0.279187,2.79187,1.0,write_0,52.7286,1099.66,1099.99,0.242114,60.2785,0.266326,2.66326,1.0,write_1,127.33,0.279187,2.79187,hold_0,8.02195,0.709708,93.5087,0.10286,1.0286,1.0,hold_1,8.01972,0.707476,92.51,0.101761,1.01761,1.0
2,4,4,1.2,27,319.52,131.11,588.11,read_0,209.527,13.3157,13.3157,132.8,184.185,0.0814967,7.46682,0.097796,0.97796,1.0,read_1,13.3158,209.527,13.3158,184.185,132.8,0.0814967,7.46682,0.097796,0.97796,1.0,125.667,1199.59,1199.54,0.299848,54.5168,0.359817,3.59817,1.0,write_0,51.0605,1199.6,1199.98,0.283856,71.5065,0.340627,3.40627,1.0,write_1,125.667,0.359817,3.59817,hold_0,8.36789,0.716621,113.757,0.136508,1.36508,1.0,hold_1,8.35794,0.767353,115.128,0.138154,1.38154,1.0
2,4,4,1.3,27,341.41,137.45,653.09,read_0,229.129,17.2776,17.2776,113.663,152.174,0.088492,8.11233,0.11504,1.1504,1.0,read_1,17.2778,229.129,17.2778,152.174,113.663,0.088492,8.11233,0.11504,1.1504,1.0,123.722,1299.46,1299.53,0.348349,63.0062,0.452854,4.52854,1.0,write_0,49.6969,1299.52,1299.98,0.330111,83.2999,0.429144,4.29144,1.0,write_1,123.722,0.452854,4.52854,hold_0,8.82086,0.709823,138.385,0.179901,1.79901,1.0,hold_1,8.81607,0.721548,137.954,0.17934,1.7934,1.0
2,4,5,0.6,27,169.31,66.27,278.05,read_0,109.326,3.06224,3.06224,402.838,402.838,0.0428698,4.24143,0.0257219,0.257219,1.0,read_1,3.06226,109.326,3.06226,402.838,402.838,0.0428698,4.24143,0.0257219,0.257219,1.0,137.892,599.796,599.803,0.0808769,13.3146,0.0485261,0.485261,1.0,write_0,68.9549,599.807,599.997,0.0852329,14.0278,0.0511397,0.511397,1.0,write_1,137.892,0.0511397,0.511397,hold_0,10.1589,0.663543,30.8883,0.018533,0.18533,1.0,hold_1,10.1552,0.622284,31.1201,0.0186721,0.186721,1.0
2,4,5,0.7,27,197.05,73.91,333.09,read_0,131.863,4.40254,4.40254,4631.86,375.704,0.0503806,4.98739,0.0352664,0.352664,1.0,read_1,4.40257,131.863,4.40257,375.704,4631.86,0.0503806,4.98739,0.0352664,0.352664,1.0,133.57,699.787,699.788,0.103923,18.5346,0.0727463,0.727463,1.0,write_0,61.679,699.799,700.004,0.106781,22.071,0.0747468,0.747468,1.0,write_1,133.57,0.0747468,0.747468,hold_0,9.23304,0.842167,39.5856,0.0277099,0.277099,1.0,hold_1,9.20014,0.742913,39.4842,0.0276389,0.276389,1.0
2,4,5,0.8,27,223.53,80.34,393.13,read_0,154.726,6.37056,6.37056,251.104,179.624,0.0585295,5.7432,0.0468236,0.468236,1.0,read_1,6.3706,154.726,6.3706,179.624,251.104,0.0585295,5.7432,0.0468236,0.468236,1.0,130.193,799.761,799.768,0.130887,23.5902,0.104709,1.04709,1.0,write_0,57.0448,799.775,799.995,0.132525,31.286,0.10602,1.0602,1.0,write_1,130.193,0.10602,1.0602,hold_0,8.90942,0.823096,50.2252,0.0401801,0.401801,1.0,hold_1,8.95033,0.814398,50.6307,0.0405046,0.405046,1.0
2,4,5,0.9,27,248.91,85.77,453.06,read_0,177.845,9.06296,9.06296,258.767,2739.8,0.0668934,6.49598,0.0602041,0.602041,1.0,read_1,9.06301,177.845,9.06301,2739.8,258.767,0.0668934,6.49598,0.0602041,0.602041,1.0,127.329,899.733,899.735,0.161529,29.3423,0.145377,1.45377,1.0,write_0,53.8038,899.748,899.992,0.161799,39.527,0.145619,1.45619,1.0,write_1,127.329,0.145619,1.45619,hold_0,8.94076,0.832594,62.9326,0.0566393,0.566393,1.0,hold_1,8.91824,0.834415,63.266,0.0569394,0.569394,1.0
2,4,5,1.0,27,273.36,90.31,518.02,read_0,201.198,12.5604,12.5604,190.479,866.815,0.0750233,7.24651,0.0750233,0.750233,1.0,read_1,12.5605,201.198,12.5605,866.815,190.479,0.0750233,7.24651,0.0750233,0.750233,1.0,124.684,999.691,999.687,0.195967,35.6728,0.195967,1.95967,1.0,write_0,51.3962,999.707,999.987,0.194741,49.5676,0.194741,1.94741,1.0,write_1,124.684,0.195967,1.95967,hold_0,9.08086,0.845791,78.4936,0.0784936,0.784936,1.0,hold_1,9.03939,0.839987,78.1933,0.0781933,0.781933,1.0
2,4,5,1.1,27,296.86,94.08,588.05,read_0,224.802,16.9421,16.9421,189.0,879.148,0.0838813,7.99668,0.0922694,0.922694,1.0,read_1,16.9422,224.802,16.9422,879.148,189.0,0.0838813,7.99668,0.0922694,0.922694,1.0,122.401,1099.64,1099.63,0.234125,42.3306,0.257537,2.57537,1.0,write_0,49.4127,1099.66,1099.99,0.231373,59.7079,0.25451,2.5451,1.0,write_1,122.401,0.257537,2.57537,hold_0,9.37735,0.830702,96.0919,0.105701,1.05701,1.0,hold_1,9.36556,0.820376,95.7981,0.105378,1.05378,1.0
2,4,5,1.2,27,319.5,96.92,657.99,read_0,248.693,22.3107,22.3107,112.383,143.438,0.0931774,8.74853,0.111813,1.11813,1.0,read_1,22.3108,248.693,22.3108,143.438,112.383,0.0931774,8.74853,0.111813,1.11813,1.0,120.462,1199.54,1199.62,0.276937,49.5994,0.332324,3.32324,1.0,write_0,47.8377,1199.6,1199.98,0.272486,71.003,0.326983,3.26983,1.0,write_1,120.462,0.332324,3.32324,hold_0,9.75263,0.822773,117.471,0.140965,1.40965,1.0,hold_1,9.76612,0.838095,117.593,0.141111,1.41111,1.0
2,4,5,1.3,27,341.39,98.88,732.99,read_0,272.922,28.7945,28.7945,211.279,8183.54,0.102742,9.50287,0.133564,1.33564,1.0,read_1,28.7946,272.922,28.7946,8183.54,211.279,0.102742,9.50287,0.133564,1.33564,1.0,118.624,1299.47,1299.53,0.323595,57.6196,0.420673,4.20673,1.0,write_0,46.4498,1299.52,1299.98,0.317318,82.4045,0.412513,4.12513,1.0,write_1,118.624,0.420673,4.20673,hold_0,10.2643,0.898521,142.292,0.184979,1.84979,1.0,hold_1,10.2726,0.839606,142.85,0.185705,1.85705,1.0
2,5,1,0.6,27,163.95,132.63,23.36,read_0,25.8258,0.440334,0.440334,299.612,299.612,0.0175278,1.72642,0.0105167,0.105167,1.0,read_1,0.44036,25.8258,0.44036,299.612,299.612,0.0175278,1.72642,0.0105167,0.105167,1.0,374.236,599.75,599.752,0.329026,9.52451,0.197416,1.97416,1.0,write_0,355.655,599.757,599.995,0.327299,9.47997,0.196379,1.96379,1.0,write_1,374.236,0.197416,1.97416,hold_0,4.21158,0.397737,29.7189,0.0178313,0.178313,1.0,hold_1,4.19535,0.409496,29.6073,0.0177644,0.177644,1.0
2,5,1,0.7,27,190.19,154.76,13.36,read_0,30.6861,0.49178,0.49178,149.668,116.819,0.0206738,2.02711,0.0144716,0.144716,1.0,read_1,0.491814,30.6861,0.491814,116.819,149.668,0.0206738,2.02711,0.0144716,0.144716,1.0,457.082,699.738,699.737,0.603636,15.3908,0.422545,4.22545,1.0,write_0,423.302,699.748,699.993,0.602316,15.4043,0.421621,4.21621,1.0,write_1,457.082,0.422545,4.22545,hold_0,3.86214,0.374562,39.0684,0.0273479,0.273479,1.0,hold_1,3.90624,0.376028,38.9434,0.0272604,0.272604,1.0
2,5,1,0.8,27,215.13,176.06,3.36,read_0,35.4565,0.564807,0.564807,148.09,114.725,0.0239488,2.33025,0.0191591,0.191591,1.0,read_1,0.564853,35.4565,0.564853,114.725,148.09,0.0239488,2.33025,0.0191591,0.191591,1.0,963.716,799.715,799.699,1.8998,22.4691,1.51984,15.1984,1.0,write_0,930.38,799.722,799.996,1.9132,22.3068,1.53056,15.3056,1.0,write_1,963.716,1.53056,15.3056,hold_0,3.82064,0.345747,50.6162,0.040493,0.40493,1.0,hold_1,3.78313,0.368335,50.4282,0.0403426,0.403426,1.0
2,5,1,0.9,27,238.82,196.4,,read_0,40.1702,0.682913,0.682913,109.022,90.4517,0.0271433,2.64396,0.024429,0.24429,1.0,read_1,0.682972,40.1702,0.682972,90.4517,109.022,0.0271433,2.64396,0.024429,0.24429,1.0,-1.0,279.859,68.5584,26.172,26.7039,23.5548,235.548,0.0,write_0,-1.0,68.5863,280.168,26.409,26.7136,23.7681,237.681,0.0,write_1,-1.0,23.7681,237.681,hold_0,900.931,899.647,454.273,0.408846,4.08846,0.0,hold_1,3.79548,0.352683,65.1404,0.0586263,0.586263,1.0
2,5,1,1.0,27,261.4,215.92,,read_0,44.8306,0.821856,0.821856,107.305,89.1502,0.0305234,2.94825,0.0305234,0.305234,1.0,read_1,0.821931,44.8306,0.821931,89.1502,107.305,0.0305234,2.94825,0.0305234,0.305234,1.0,-1.0,291.292,70.7694,32.6359,33.2835,32.6359,326.359,0.0,write_0,-1.0,70.8058,291.646,32.9311,33.2958,32.9311,329.311,0.0,write_1,-1.0,32.9311,329.311,hold_0,1000.96,999.599,563.125,0.563125,5.63125,0.0,hold_1,3.89416,0.311994,81.9698,0.0819698,0.819698,1.0
2,5,1,1.1,27,283.12,234.6,,read_0,49.48,0.997873,0.997873,106.479,88.5075,0.0340339,3.25237,0.0374373,0.374373,1.0,read_1,0.997968,49.48,0.997968,88.5075,106.479,0.0340339,3.25237,0.0374373,0.374373,1.0,-1.0,310.366,74.9992,39.6511,40.4275,43.6162,436.162,0.0,write_0,-1.0,75.0411,310.785,40.0084,40.4397,44.0093,440.093,0.0,write_1,-1.0,44.0093,440.093,hold_0,1100.96,1099.53,684.93,0.753423,7.53423,0.0,hold_1,4.03732,0.297329,102.858,0.113144,1.13144,1.0
2,5,1,1.2,27,303.88,252.59,,read_0,54.1472,1.22357,1.22357,71.953,87.9963,0.0376743,3.55673,0.0452092,0.452092,1.0,read_1,1.22369,54.1472,1.22369,87.9963,71.953,0.0376743,3.55673,0.0452092,0.452092,1.0,-1.0,334.474,80.3068,47.1853,48.092,56.6224,566.224,0.0,write_0,-1.0,80.3588,334.966,47.6101,48.112,57.1321,571.321,0.0,write_1,-1.0,57.1321,571.321,hold_0,4.25686,0.304654,127.383,0.15286,1.5286,1.0,hold_1,1200.95,1199.45,819.456,0.983347,9.83347,0.0
2,5,1,1.3,27,323.85,269.85,,read_0,58.8451,1.49578,1.49578,88.615,114.543,0.0418162,3.84621,0.0543611,0.543611,1.0,read_1,1.49593,58.8451,1.49593,114.543,88.615,0.0418162,3.84621,0.0543611,0.543611,1.0,-1.0,363.129,86.4903,55.2593,56.3136,71.8371,718.371,0.0,write_0,-1.0,86.5539,363.717,55.7562,56.334,72.483,724.83,0.0,write_1,-1.0,72.483,724.83,hold_0,1300.95,1299.34,966.67,1.25667,12.5667,0.0,hold_1,4.53485,0.301662,156.571,0.203543,2.03543,1.0
2,5,2,0.6,27,163.93,112.6,148.29,read_0,47.1046,0.74696,0.74696,672.816,185.854,0.0238577,2.37922,0.0143146,0.143146,1.0,read_1,0.746986,47.1046,0.746986,185.854,672.816,0.0238577,2.37922,0.0143146,0.143146,1.0,166.197,599.752,599.752,0.131086,10.8316,0.0786518,0.786518,1.0,write_0,112.571,599.758,599.997,0.128801,10.8222,0.0772804,0.772804,1.0,write_1,166.197,0.0786518,0.786518,hold_0,5.67697,0.509979,31.1406,0.0186843,0.186843,1.0,hold_1,5.68005,0.514119,31.3403,0.0188042,0.188042,1.0
2,5,2,0.7,27,190.17,130.69,173.33,read_0,56.1725,0.875908,0.875908,145.746,492.836,0.028776,2.80145,0.0201432,0.201432,1.0,read_1,0.875943,56.1725,0.875943,492.836,145.746,0.028776,2.80145,0.0201432,0.201432,1.0,160.342,699.744,699.728,0.170166,17.3798,0.119116,1.19116,1.0,write_0,97.2298,699.746,699.996,0.164647,17.3475,0.115253,1.15253,1.0,write_1,160.342,0.119116,1.19116,hold_0,5.19197,0.497341,40.7394,0.0285176,0.285176,1.0,hold_1,5.19697,0.49827,40.7477,0.0285234,0.285234,1.0
2,5,2,0.8,27,215.11,148.11,198.32,read_0,65.1239,1.07208,1.07208,144.99,114.714,0.0334012,3.22632,0.0267209,0.267209,1.0,read_1,1.07213,65.1239,1.07213,114.714,144.99,0.0334012,3.22632,0.0267209,0.267209,1.0,156.521,799.716,799.701,0.215068,25.1479,0.172054,1.72054,1.0,write_0,87.9841,799.721,799.994,0.203624,25.1791,0.162899,1.62899,1.0,write_1,156.521,0.172054,1.72054,hold_0,5.05807,0.484223,52.9301,0.0423441,0.423441,1.0,hold_1,5.05495,0.484107,52.7021,0.0421616,0.421616,1.0
2,5,2,0.9,27,238.81,164.78,223.27,read_0,73.9776,1.33987,1.33987,145.623,114.178,0.038237,3.65163,0.0344133,0.344133,1.0,read_1,1.33992,73.9776,1.33992,114.178,145.623,0.038237,3.65163,0.0344133,0.344133,1.0,154.04,899.68,899.654,0.266342,34.2164,0.239708,2.39708,1.0,write_0,81.8287,899.685,899.989,0.247999,34.2656,0.223199,2.23199,1.0,write_1,154.04,0.239708,2.39708,hold_0,5.12338,0.433748,67.9957,0.0611961,0.611961,1.0,hold_1,5.08496,0.47207,67.4942,0.0607448,0.607448,1.0
2,5,2,1.0,27,261.39,180.75,253.3,read_0,82.7722,1.69585,1.69585,90.3935,114.08,0.0432217,4.07721,0.0432217,0.432217,1.0,read_1,1.69592,82.7722,1.69592,114.08,90.3935,0.0432217,4.07721,0.0432217,0.432217,1.0,152.056,999.635,999.594,0.323089,44.6684,0.323089,3.23089,1.0,write_0,77.4181,999.638,999.987,0.297519,44.5711,0.297519,2.97519,1.0,write_1,152.056,0.323089,3.23089,hold_0,5.17464,0.452422,84.8594,0.0848594,0.848594,1.0,hold_1,5.19832,0.41863,85.3069,0.0853069,0.853069,1.0
2,5,2,1.1,27,283.11,196.13,283.29,read_0,91.552,2.16572,2.16572,89.971,114.171,0.0483986,4.50354,0.0532385,0.532385,1.0,read_1,2.16581,91.552,2.16581,114.171,89.971,0.0483986,4.50354,0.0532385,0.532385,1.0,150.461,1099.57,1099.52,0.385209,55.6028,0.42373,4.2373,1.0,write_0,74.1395,1099.58,1099.99,0.351213,55.741,0.386334,3.86334,1.0,write_1,150.461,0.42373,4.2373,hold_0,5.37715,0.405082,105.467,0.116014,1.16014,1.0,hold_1,5.3902,0.403931,106.182,0.116801,1.16801,1.0
2,5,2,1.2,27,303.87,210.83,318.33,read_0,100.358,2.78133,2.78133,89.5826,114.271,0.0537914,4.93112,0.0645497,0.645497,1.0,read_1,2.78145,100.358,2.78145,114.271,89.5826,0.0537914,4.93112,0.0645497,0.645497,1.0,148.948,1199.5,1199.44,0.452614,66.9081,0.543137,5.43137,1.0,write_0,71.5445,1199.49,1199.98,0.410277,67.2791,0.492333,4.92333,1.0,write_1,148.948,0.543137,5.43137,hold_0,5.6459,0.411256,129.668,0.155601,1.55601,1.0,hold_1,5.63612,0.399448,130.68,0.156816,1.56816,1.0
2,5,2,1.3,27,323.84,224.94,348.24,read_0,109.232,3.58387,3.58387,89.1737,114.131,0.0594284,5.36007,0.0772569,0.772569,1.0,read_1,3.58401,109.232,3.58401,114.131,89.1737,0.0594284,5.36007,0.0772569,0.772569,1.0,147.837,1299.4,1299.33,0.527837,79.5757,0.686189,6.86189,1.0,write_0,69.4484,1299.4,1299.98,0.476084,79.344,0.618909,6.18909,1.0,write_1,147.837,0.686189,6.86189,hold_0,5.98868,0.417593,159.353,0.207159,2.07159,1.0,hold_1,5.98694,0.41512,160.082,0.208107,2.08107,1.0
2,5,3,0.6,27,163.92,96.75,203.12,read_0,65.0921,1.18997,1.18997,646.448,187.786,0.0304081,3.01501,0.0182449,0.182449,1.0,read_1,1.19,65.0921,1.19,187.786,646.448,0.0304081,3.01501,0.0182449,0.182449,1.0,150.665,599.751,599.751,0.111123,12.1698,0.0666736,0.666736,1.0,write_0,88.3761,599.759,599.997,0.109914,12.2261,0.0659487,0.659487,1.0,write_1,150.665,0.0666736,0.666736,hold_0,7.1526,0.598165,32.9211,0.0197527,0.197527,1.0,hold_1,7.14928,0.589014,33.071,0.0198426,0.198426,1.0
2,5,3,0.7,27,190.15,111.63,243.24,read_0,77.8588,1.48141,1.48141,257.334,182.925,0.036072,3.5477,0.0252504,0.252504,1.0,read_1,1.48144,77.8588,1.48144,182.925,257.334,0.036072,3.5477,0.0252504,0.252504,1.0,146.327,699.737,699.737,0.144314,19.2347,0.101019,1.01019,1.0,write_0,77.2966,699.746,699.993,0.139385,19.2945,0.0975695,0.975695,1.0,write_1,146.327,0.101019,1.01019,hold_0,6.50594,0.556601,43.2523,0.0302766,0.302766,1.0,hold_1,6.51252,0.555875,42.9218,0.0300452,0.300452,1.0
2,5,3,0.8,27,215.1,125.53,283.24,read_0,90.5401,1.91024,1.91024,140.807,489.376,0.0425589,4.08915,0.0340471,0.340471,1.0,read_1,1.91028,90.5401,1.91028,489.376,140.807,0.0425589,4.08915,0.0340471,0.340471,1.0,143.565,799.717,799.701,0.182273,27.7466,0.145818,1.45818,1.0,write_0,70.516,799.721,799.992,0.172867,27.8844,0.138294,1.38294,1.0,write_1,143.565,0.145818,1.45818,hold_0,6.43038,0.574855,55.4266,0.0443413,0.443413,1.0,hold_1,6.39519,0.579911,55.2247,0.0441797,0.441797,1.0
2,5,3,0.9,27,238.79,138.85,323.14,read_0,103.133,2.50477,2.50477,140.672,197.253,0.0487232,4.63126,0.0438508,0.438508,1.0,read_1,2.50483,103.133,2.50483,197.253,140.672,0.0487232,4.63126,0.0438508,0.438508,1.0,141.097,899.678,899.656,0.22579,37.3659,0.203211,2.03211,1.0,write_0,66.0375,899.686,899.992,0.21072,37.6032,0.189648,1.89648,1.0,write_1,141.097,0.203211,2.03211,hold_0,6.42442,0.545106,70.1998,0.0631798,0.631798,1.0,hold_1,6.36627,0.585373,69.6465,0.0626819,0.626819,1.0
2,5,3,1.0,27,261.37,151.49,368.17,read_0,115.674,3.30285,3.30285,141.226,111.922,0.055131,5.17433,0.055131,0.55131,1.0,read_1,3.30292,115.674,3.30292,111.922,141.226,0.055131,5.17433,0.055131,0.55131,1.0,138.885,999.633,999.598,0.274361,47.3526,0.274361,2.74361,1.0,write_0,62.7845,999.636,999.99,0.252713,48.1035,0.252713,2.52713,1.0,write_1,138.885,0.274361,2.74361,hold_0,6.47306,0.56766,88.4126,0.0884126,0.884126,1.0,hold_1,6.48903,0.577905,87.6932,0.0876932,0.876932,1.0
2,5,3,1.1,27,283.1,163.62,418.25,read_0,128.208,4.35246,4.35246,142.032,111.674,0.0617917,5.71909,0.0679708,0.679708,1.0,read_1,4.35256,128.208,4.35256,111.674,142.032,0.0617917,5.71909,0.0679708,0.679708,1.0,137.052,1099.52,1099.6,0.328752,56.4573,0.361627,3.61627,1.0,write_0,60.3362,1099.57,1099.99,0.299278,59.862,0.329206,3.29206,1.0,write_1,137.052,0.361627,3.61627,hold_0,6.71073,0.511286,108.77,0.119647,1.19647,1.0,hold_1,6.73227,0.512597,108.788,0.119667,1.19667,1.0
2,5,3,1.2,27,303.85,175.07,463.13,read_0,140.791,5.71655,5.71655,89.8957,111.454,0.0687342,6.26606,0.082481,0.82481,1.0,read_1,5.71667,140.791,5.71667,111.454,89.8957,0.0687342,6.26606,0.082481,0.82481,1.0,135.363,1199.43,1199.53,0.387729,65.757,0.465275,4.65275,1.0,write_0,58.4179,1199.49,1199.98,0.351102,72.3626,0.421323,4.21323,1.0,write_1,135.363,0.465275,4.65275,hold_0,7.0359,0.521087,134.542,0.161451,1.61451,1.0,hold_1,7.03415,0.521513,134.015,0.160818,1.60818,1.0
2,5,3,1.3,27,323.82,185.89,518.23,read_0,153.468,7.4724,7.4724,89.4519,111.161,0.0760599,6.81571,0.0988778,0.988778,1.0,read_1,7.47254,153.468,7.47254,111.161,89.4519,0.0760599,6.81571,0.0988778,0.988778,1.0,133.717,1299.34,1299.41,0.452315,75.3218,0.58801,5.8801,1.0,write_0,56.8543,1299.4,1299.99,0.40846,84.7612,0.530998,5.30998,1.0,write_1,133.717,0.58801,5.8801,hold_0,7.43987,0.520307,163.874,0.213036,2.13036,1.0,hold_1,7.44196,0.526194,163.919,0.213095,2.13095,1.0
2,5,4,0.6,27,163.9,83.64,243.21,read_0,80.6488,1.78838,1.78838,249.453,3395.14,0.036775,3.64749,0.022065,0.22065,1.0,read_1,1.78841,80.6488,1.78841,3395.14,249.453,0.036775,3.64749,0.022065,0.22065,1.0,144.091,599.754,599.748,0.101075,13.1436,0.0606449,0.606449,1.0,write_0,77.877,599.759,599.997,0.101469,13.2498,0.0608813,0.608813,1.0,write_1,144.091,0.0608813,0.608813,hold_0,8.65653,0.68918,34.4547,0.0206728,0.206728,1.0,hold_1,8.65674,0.688663,34.3985,0.0206391,0.206391,1.0
2,5,4,0.7,27,190.14,95.36,288.19,read_0,96.7321,2.35256,2.35256,251.387,182.883,0.0436461,4.28096,0.0305523,0.305523,1.0,read_1,2.3526,96.7321,2.3526,182.883,251.387,0.0436461,4.28096,0.0305523,0.305523,1.0,139.695,699.737,699.736,0.131116,20.4919,0.0917809,0.917809,1.0,write_0,68.8285,699.747,699.996,0.1285,20.8297,0.0899503,0.899503,1.0,write_1,139.695,0.0917809,0.917809,hold_0,7.88467,0.704417,44.613,0.0312291,0.312291,1.0,hold_1,7.86429,0.67176,45.2637,0.0316846,0.316846,1.0
2,5,4,0.8,27,215.09,106.22,338.22,read_0,112.805,3.17503,3.17503,136.013,178.546,0.0507292,4.92551,0.0405834,0.405834,1.0,read_1,3.17508,112.805,3.17508,178.546,136.013,0.0507292,4.92551,0.0405834,0.405834,1.0,136.576,799.71,799.706,0.165144,27.7895,0.132116,1.32116,1.0,write_0,63.1846,799.721,799.995,0.159818,29.8055,0.127855,1.27855,1.0,write_1,136.576,0.132116,1.32116,hold_0,7.71585,0.697254,57.1956,0.0457565,0.457565,1.0,hold_1,7.61081,0.70076,57.391,0.0459128,0.459128,1.0
2,5,4,0.9,27,238.78,116.41,388.17,read_0,128.848,4.31561,4.31561,137.616,484.774,0.0589141,5.58208,0.0530227,0.530227,1.0,read_1,4.31567,128.848,4.31567,484.774,137.616,0.0589141,5.58208,0.0530227,0.530227,1.0,133.893,899.674,899.657,0.204168,34.6519,0.183752,1.83752,1.0,write_0,59.4225,899.684,899.996,0.195227,39.8888,0.175704,1.75704,1.0,write_1,133.893,0.183752,1.83752,hold_0,7.65274,0.693745,72.7025,0.0654323,0.654323,1.0,hold_1,7.67529,0.660707,72.1826,0.0649643,0.649643,1.0
2,5,4,1.0,27,261.36,125.9,443.18,read_0,144.876,5.83835,5.83835,137.499,191.007,0.066662,6.23854,0.066662,0.66662,1.0,read_1,5.83843,144.876,5.83843,191.007,137.499,0.066662,6.23854,0.066662,0.66662,1.0,131.461,999.626,999.602,0.247794,42.1656,0.247794,2.47794,1.0,write_0,56.7104,999.636,999.998,0.234884,51.4191,0.234884,2.34884,1.0,write_1,131.461,0.247794,2.47794,hold_0,7.77497,0.682252,90.5802,0.0905802,0.905802,1.0,hold_1,7.81039,0.643749,90.9492,0.0909492,0.909492,1.0
2,5,4,1.1,27,283.08,134.8,498.12,read_0,160.932,7.81763,7.81763,137.682,110.236,0.0746802,6.89748,0.0821483,0.821483,1.0,read_1,7.81773,160.932,7.81773,110.236,137.682,0.0746802,6.89748,0.0821483,0.821483,1.0,129.347,1099.56,1099.53,0.29629,50.2076,0.325919,3.25919,1.0,write_0,54.5475,1099.57,1099.99,0.278536,62.5772,0.306389,3.06389,1.0,write_1,129.347,0.325919,3.25919,hold_0,8.01962,0.672782,112.175,0.123393,1.23393,1.0,hold_1,8.05362,0.629576,111.911,0.123102,1.23102,1.0
2,5,4,1.2,27,303.84,143.02,558.13,read_0,177.067,10.3424,10.3424,137.861,109.791,0.083074,7.56029,0.0996888,0.996888,1.0,read_1,10.3425,177.067,10.3425,109.791,137.861,0.083074,7.56029,0.0996888,0.996888,1.0,127.386,1199.43,1199.53,0.349494,58.5494,0.419393,4.19393,1.0,write_0,52.9397,1199.5,1199.99,0.327759,73.3735,0.39331,3.9331,1.0,write_1,127.386,0.419393,4.19393,hold_0,8.42808,0.636259,137.694,0.165232,1.65232,1.0,hold_1,8.40553,0.61894,137.442,0.164931,1.64931,1.0
2,5,4,1.3,27,323.81,150.51,618.08,read_0,193.331,13.5182,13.5182,134.118,107.425,0.0918286,8.22874,0.119377,1.19377,1.0,read_1,13.5183,193.331,13.5183,107.425,134.118,0.0918286,8.22874,0.119377,1.19377,1.0,125.747,1299.33,1299.41,0.408524,67.2398,0.531081,5.31081,1.0,write_0,51.448,1299.4,1299.98,0.381622,85.2364,0.496109,4.96109,1.0,write_1,125.747,0.531081,5.31081,hold_0,8.89146,0.630921,168.024,0.218431,2.18431,1.0,hold_1,8.89361,0.633199,169.346,0.22015,2.2015,1.0
2,5,5,0.6,27,163.88,72.33,268.11,read_0,94.3733,2.57478,2.57478,405.973,405.973,0.0433818,4.27317,0.0260291,0.260291,1.0,read_1,2.57481,94.3733,2.57481,405.973,405.973,0.0433818,4.27317,0.0260291,0.260291,1.0,139.564,599.748,599.751,0.0942905,13.7086,0.0565743,0.565743,1.0,write_0,71.9223,599.758,599.997,0.0964347,13.9135,0.0578608,0.578608,1.0,write_1,139.564,0.0578608,0.578608,hold_0,10.1863,0.689748,35.8289,0.0214974,0.214974,1.0,hold_1,10.185,0.744912,35.601,0.0213606,0.213606,1.0
2,5,5,0.7,27,190.12,81.33,323.21,read_0,113.495,3.54084,3.54084,3023.2,371.232,0.0510485,5.01441,0.035734,0.35734,1.0,read_1,3.54087,113.495,3.54087,371.232,3023.2,0.0510485,5.01441,0.035734,0.35734,1.0,135.399,699.734,699.737,0.121377,19.7281,0.0849638,0.849638,1.0,write_0,63.9679,699.746,699.998,0.122251,21.9894,0.0855758,0.855758,1.0,write_1,135.399,0.0855758,0.855758,hold_0,9.27193,0.786671,46.6812,0.0326768,0.326768,1.0,hold_1,9.22633,0.785127,46.5096,0.0325567,0.325567,1.0
2,5,5,0.8,27,215.07,89.35,378.19,read_0,132.734,4.95811,4.95811,246.303,177.658,0.0593113,5.77772,0.047449,0.47449,1.0,read_1,4.95816,132.734,4.95816,177.658,246.303,0.0593113,5.77772,0.047449,0.47449,1.0,131.843,799.707,799.709,0.152982,25.2888,0.122386,1.22386,1.0,write_0,58.9928,799.72,799.998,0.15198,31.5351,0.121584,1.21584,1.0,write_1,131.843,0.122386,1.22386,hold_0,8.97534,0.714066,59.3768,0.0475014,0.475014,1.0,hold_1,8.84475,0.795626,59.4989,0.0475991,0.475991,1.0
2,5,5,0.9,27,238.77,96.41,433.08,read_0,152.046,6.91464,6.91464,132.647,174.328,0.0678655,6.5404,0.061079,0.61079,1.0,read_1,6.9147,152.046,6.9147,174.328,132.647,0.0678655,6.5404,0.061079,0.61079,1.0,129.101,899.672,899.667,0.188991,31.5897,0.170092,1.70092,1.0,write_0,55.6638,899.683,899.994,0.185888,41.1222,0.167299,1.67299,1.0,write_1,129.101,0.170092,1.70092,hold_0,8.8927,0.790421,74.7836,0.0673052,0.673052,1.0,hold_1,8.9539,0.657358,75.5152,0.0679637,0.679637,1.0
2,5,5,1.0,27,261.35,102.84,498.15,read_0,171.43,9.49571,9.49571,130.365,419.325,0.0768365,7.3009,0.0768365,0.768365,1.0,read_1,9.49579,171.43,9.49579,419.325,130.365,0.0768365,7.3009,0.0768365,0.768365,1.0,126.497,999.62,999.603,0.229504,38.4138,0.229504,2.29504,1.0,write_0,53.032,999.635,999.99,0.224011,50.7343,0.224011,2.24011,1.0,write_1,126.497,0.229504,2.29504,hold_0,9.02372,0.776688,93.5341,0.0935341,0.935341,1.0,hold_1,9.04085,0.7812,92.8273,0.0928273,0.928273,1.0
2,5,5,1.1,27,283.07,108.49,563.14,read_0,190.916,12.7979,12.7979,128.046,173.819,0.0860768,8.06149,0.0946844,0.946844,1.0,read_1,12.7979,190.916,12.7979,173.819,128.046,0.0860768,8.06149,0.0946844,0.946844,1.0,124.244,1099.56,1099.54,0.274845,45.5745,0.302329,3.02329,1.0,write_0,51.0849,1099.57,1099.98,0.26649,61.4769,0.293139,2.93139,1.0,write_1,124.244,0.302329,3.02329,hold_0,9.38429,0.734432,115.414,0.126955,1.26955,1.0,hold_1,9.37421,0.729066,115.701,0.127271,1.27271,1.0
2,5,5,1.2,27,303.82,113.35,628.09,read_0,210.552,16.9282,16.9282,130.752,178.67,0.0958261,8.82419,0.114991,1.14991,1.0,read_1,16.9283,210.552,16.9283,178.67,130.752,0.0958261,8.82419,0.114991,1.14991,1.0,122.302,1199.44,1199.51,0.324707,53.2046,0.389649,3.89649,1.0,write_0,49.4139,1199.5,1199.98,0.313577,72.712,0.376293,3.76293,1.0,write_1,122.302,0.389649,3.89649,hold_0,9.81408,0.740732,140.92,0.169103,1.69103,1.0,hold_1,9.78575,0.802725,140.735,0.168882,1.68882,1.0
2,5,5,1.3,27,323.79,117.43,698.08,read_0,230.376,22.0237,22.0237,206.322,2568.46,0.105289,9.60386,0.136876,1.36876,1.0,read_1,22.0239,230.376,22.0239,2568.46,206.322,0.105289,9.60386,0.136876,1.36876,1.0,120.524,1299.34,1299.42,0.380429,61.7702,0.494558,4.94558,1.0,write_0,48.0359,1299.4,1299.98,0.366007,84.1828,0.475809,4.75809,1.0,write_1,120.524,0.494558,4.94558,hold_0,10.3387,0.736799,171.77,0.223301,2.23301,1.0,hold_1,10.3319,0.816932,171.776,0.223309,2.23309,1.0
2,6,1,0.6,27,159.44,131.68,13.33,read_0,21.9123,0.479611,0.479611,301.596,208.687,0.0175747,1.73544,0.0105448,0.105448,1.0,read_1,0.479642,21.9123,0.479642,208.687,301.596,0.0175747,1.73544,0.0105448,0.105448,1.0,490.572,599.702,599.702,0.46204,9.78313,0.277224,2.77224,1.0,write_0,481.737,599.709,599.995,0.456874,9.79357,0.274125,2.74125,1.0,write_1,490.572,0.277224,2.77224,hold_0,4.24325,0.380648,34.6675,0.0208005,0.208005,1.0,hold_1,4.24303,0.380318,34.8153,0.0208892,0.208892,1.0
2,6,1,0.7,27,184.65,153.39,3.36,read_0,26.0277,0.533134,0.533134,150.235,116.996,0.0207397,2.03628,0.0145178,0.145178,1.0,read_1,0.533175,26.0277,0.533175,116.996,150.235,0.0207397,2.03628,0.0145178,0.145178,1.0,1019.91,699.689,699.682,1.48406,15.7906,1.03884,10.3884,1.0,write_0,979.627,699.694,699.993,1.448,15.5626,1.0136,10.136,1.0,write_1,1019.91,1.03884,10.3884,hold_0,3.90209,0.34811,46.0999,0.0322699,0.322699,1.0,hold_1,3.91726,0.355373,46.2028,0.0323419,0.323419,1.0
2,6,1,0.8,27,208.32,174.02,,read_0,30.0661,0.607486,0.607486,148.852,115.224,0.0240204,2.33931,0.0192163,0.192163,1.0,read_1,0.60754,30.0661,0.60754,115.224,148.852,0.0240204,2.33931,0.0192163,0.192163,1.0,-1.0,247.281,52.5303,19.8799,20.2908,15.9039,159.039,0.0,write_0,-1.0,52.5562,247.613,20.0608,20.298,16.0487,160.487,0.0,write_1,-1.0,16.0487,160.487,hold_0,800.755,799.626,360.726,0.288581,2.88581,0.0,hold_1,3.78347,0.337382,60.2413,0.0481931,0.481931,1.0
2,6,1,0.9,27,230.63,193.67,,read_0,34.0575,0.716273,0.716273,109.378,90.1075,0.0272443,2.65565,0.0245199,0.245199,1.0,read_1,0.716344,34.0575,0.716344,90.1075,109.378,0.0272443,2.65565,0.0245199,0.245199,1.0,-1.0,256.934,54.0346,25.8173,26.3375,23.2356,232.356,0.0,write_0,-1.0,54.0655,257.305,26.0512,26.3459,23.4461,234.461,0.0,write_1,-1.0,23.4461,234.461,hold_0,900.764,899.587,461.422,0.41528,4.1528,0.0,hold_1,3.81934,0.321779,76.2381,0.0686143,0.686143,1.0
2,6,1,1.0,27,251.94,212.34,,read_0,38.0039,0.863337,0.863337,107.521,88.7835,0.0306205,2.96067,0.0306205,0.306205,1.0,read_1,0.863427,38.0039,0.863427,88.7835,107.521,0.0306205,2.96067,0.0306205,0.306205,1.0,-1.0,273.708,57.256,32.3027,32.9404,32.3027,323.027,0.0,write_0,-1.0,57.2922,274.136,32.5948,32.9529,32.5948,325.948,0.0,write_1,-1.0,32.5948,325.948,hold_0,1000.75,999.523,574.869,0.574869,5.74869,0.0,hold_1,3.93967,0.279533,97.2658,0.0972658,0.972658,1.0
2,6,1,1.1,27,272.2,230.21,,read_0,41.9424,1.04404,1.04404,106.655,88.1342,0.0341535,3.26546,0.0375688,0.375688,1.0,read_1,1.04416,41.9424,1.04416,88.1342,106.655,0.0341535,3.26546,0.0375688,0.375688,1.0,-1.0,294.838,61.3085,39.2873,40.0541,43.216,432.16,0.0,write_0,-1.0,61.3516,295.342,39.6415,40.0663,43.6056,436.056,0.0,write_1,-1.0,43.6056,436.056,hold_0,1100.75,1099.44,700.804,0.770885,7.70885,0.0,hold_1,4.09957,0.267372,122.171,0.134389,1.34389,1.0
2,6,1,1.2,27,291.53,247.31,,read_0,45.8965,1.27359,1.27359,105.986,87.6157,0.0378169,3.57046,0.0453803,0.453803,1.0,read_1,1.27374,45.8965,1.27374,87.6157,105.986,0.0378169,3.57046,0.0453803,0.453803,1.0,-1.0,319.824,65.9923,46.7665,47.6715,56.1198,561.198,0.0,write_0,-1.0,66.0427,320.416,47.1871,47.6824,56.6245,566.245,0.0,write_1,-1.0,56.6245,566.245,hold_0,4.34037,0.272871,151.186,0.181423,1.81423,1.0,hold_1,1200.75,1199.34,839.716,1.00766,10.0766,0.0
2,6,1,1.3,27,309.99,263.7,,read_0,49.8878,1.56887,1.56887,105.383,87.1487,0.0416276,3.87574,0.0541159,0.541159,1.0,read_1,1.56905,49.8878,1.56905,87.1487,105.383,0.0416276,3.87574,0.0541159,0.541159,1.0,-1.0,348.701,71.2721,54.7641,55.8159,71.1933,711.933,0.0,write_0,-1.0,71.3312,349.411,55.2562,55.8264,71.8331,718.331,0.0,write_1,-1.0,71.8331,718.331,hold_0,1300.74,1299.22,992.486,1.29023,12.9023,0.0,hold_1,4.62379,0.310533,185.908,0.241681,2.41681,1.0
2,6,2,0.6,27,159.43,113.64,138.24,read_0,40.4848,0.758116,0.758116,276.833,198.828,0.02403,2.39413,0.014418,0.14418,1.0,read_1,0.758147,40.4848,0.758147,198.828,276.833,0.02403,2.39413,0.014418,0.14418,1.0,169.76,599.704,599.704,0.148332,10.9935,0.0889992,0.889992,1.0,write_0,120.589,599.71,599.994,0.145983,10.9693,0.08759,0.8759,1.0,write_1,169.76,0.0889992,0.889992,hold_0,5.69235,0.500954,36.2947,0.0217768,0.217768,1.0,hold_1,5.72077,0.484407,36.3848,0.0218309,0.218309,1.0
2,6,2,0.7,27,184.64,131.77,163.34,read_0,48.2375,0.871101,0.871101,294.109,6063.73,0.0289347,2.82068,0.0202543,0.202543,1.0,read_1,0.871143,48.2375,0.871143,6063.73,294.109,0.0289347,2.82068,0.0202543,0.202543,1.0,163.461,699.688,699.683,0.192822,17.4673,0.134975,1.34975,1.0,write_0,103.68,699.696,699.994,0.186837,17.6498,0.130786,1.30786,1.0,write_1,163.461,0.134975,1.34975,hold_0,5.21535,0.462888,47.7705,0.0334393,0.334393,1.0,hold_1,5.21757,0.457117,47.5324,0.0332727,0.332727,1.0
2,6,2,0.8,27,208.3,149.02,188.36,read_0,55.881,1.04716,1.04716,146.125,115.437,0.0335998,3.24887,0.0268799,0.268799,1.0,read_1,1.04721,55.881,1.04721,115.437,146.125,0.0335998,3.24887,0.0268799,0.268799,1.0,159.238,799.661,799.64,0.243596,25.7571,0.194877,1.94877,1.0,write_0,93.4135,799.667,799.996,0.232774,25.6676,0.186219,1.86219,1.0,write_1,159.238,0.194877,1.94877,hold_0,5.10413,0.426365,61.9905,0.0495924,0.495924,1.0,hold_1,5.12502,0.419491,62.4467,0.0499574,0.499574,1.0
2,6,2,0.9,27,230.62,165.46,213.35,read_0,63.4362,1.28641,1.28641,146.244,114.691,0.0384772,3.67738,0.0346295,0.346295,1.0,read_1,1.28648,63.4362,1.28648,114.691,146.244,0.0384772,3.67738,0.0346295,0.346295,1.0,156.314,899.618,899.588,0.300991,34.768,0.270892,2.70892,1.0,write_0,86.7544,899.621,899.992,0.283013,34.8072,0.254712,2.54712,1.0,write_1,156.314,0.270892,2.70892,hold_0,5.13686,0.404306,79.6917,0.0717226,0.717226,1.0,hold_1,5.11614,0.395398,79.1646,0.0712482,0.712482,1.0
2,6,2,1.0,27,251.93,181.16,238.3,read_0,70.9388,1.60242,1.60242,90.268,114.398,0.0435156,4.10585,0.0435156,0.435156,1.0,read_1,1.60251,70.9388,1.60251,114.398,90.268,0.0435156,4.10585,0.0435156,0.435156,1.0,154.243,999.562,999.521,0.365146,45.4003,0.365146,3.65146,1.0,write_0,81.8773,999.564,999.987,0.338989,45.3995,0.338989,3.38989,1.0,write_1,154.243,0.365146,3.65146,hold_0,5.20443,0.413552,99.5168,0.0995168,0.995168,1.0,hold_1,5.22113,0.371267,100.018,0.100018,1.00018,1.0
2,6,2,1.1,27,272.19,196.12,268.33,read_0,78.4314,2.01921,2.01921,89.8179,114.298,0.0487547,4.53488,0.0536302,0.536302,1.0,read_1,2.01932,78.4314,2.01932,114.298,89.8179,0.0487547,4.53488,0.0536302,0.536302,1.0,152.397,1099.49,1099.44,0.435478,56.6057,0.479025,4.79025,1.0,write_0,78.2656,1099.49,1099.99,0.400448,56.51,0.440493,4.40493,1.0,write_1,152.397,0.479025,4.79025,hold_0,5.42052,0.358093,124.532,0.136985,1.36985,1.0,hold_1,5.42793,0.363613,124.888,0.137376,1.37376,1.0
2,6,2,1.2,27,291.51,210.44,298.32,read_0,85.9489,2.56635,2.56635,89.3982,114.202,0.0542197,4.96506,0.0650636,0.650636,1.0,read_1,2.5665,85.9489,2.5665,114.202,89.3982,0.0542197,4.96506,0.0650636,0.650636,1.0,150.926,1199.4,1199.33,0.51169,68.4474,0.614028,6.14028,1.0,write_0,75.4154,1199.39,1199.98,0.468421,68.6798,0.562106,5.62106,1.0,write_1,150.926,0.614028,6.14028,hold_0,5.71734,0.364762,153.224,0.183869,1.83869,1.0,hold_1,5.72583,0.37619,153.38,0.184056,1.84056,1.0
2,6,2,1.3,27,309.98,224.17,333.37,read_0,93.5283,3.28276,3.28276,88.9509,113.963,0.0599407,5.39652,0.0779229,0.779229,1.0,read_1,3.28293,93.5283,3.28293,113.963,88.9509,0.0599407,5.39652,0.0779229,0.779229,1.0,149.532,1299.27,1299.2,0.594206,81.4902,0.772468,7.72468,1.0,write_0,73.0835,1299.27,1299.98,0.53575,81.3166,0.696475,6.96475,1.0,write_1,149.532,0.772468,7.72468,hold_0,6.07976,0.365758,189.406,0.246228,2.46228,1.0,hold_1,6.08309,0.369333,189.848,0.246802,2.46802,1.0
2,6,3,0.6,27,159.41,99.11,198.26,read_0,56.5246,1.13871,1.13871,1035.46,251.224,0.0305819,3.0362,0.0183492,0.183492,1.0,read_1,1.13874,56.5246,1.13874,251.224,1035.46,0.0305819,3.0362,0.0183492,0.183492,1.0,152.586,599.702,599.706,0.125853,12.219,0.075512,0.75512,1.0,write_0,93.0724,599.711,599.998,0.125008,12.2466,0.075005,0.75005,1.0,write_1,152.586,0.075512,0.75512,hold_0,7.18267,0.614388,37.8206,0.0226923,0.226923,1.0,hold_1,7.19779,0.583719,37.9469,0.0227681,0.227681,1.0
2,6,3,0.7,27,184.62,114.3,233.24,read_0,67.5287,1.38272,1.38272,250.531,180.631,0.0363007,3.58032,0.0254105,0.254105,1.0,read_1,1.38276,67.5287,1.38276,180.631,250.531,0.0363007,3.58032,0.0254105,0.254105,1.0,148.25,699.688,699.682,0.162925,19.3359,0.114047,1.14047,1.0,write_0,81.0963,699.697,699.995,0.157527,19.4097,0.110269,1.10269,1.0,write_1,148.25,0.114047,1.14047,hold_0,6.58194,0.577341,50.1457,0.035102,0.35102,1.0,hold_1,6.57188,0.501993,50.2567,0.0351797,0.351797,1.0
2,6,3,0.8,27,208.29,128.56,273.29,read_0,78.4347,1.73754,1.73754,142.006,479.646,0.0429107,4.12644,0.0343286,0.343286,1.0,read_1,1.73759,78.4347,1.73759,479.646,142.006,0.0429107,4.12644,0.0343286,0.343286,1.0,145.087,799.66,799.643,0.206186,28.001,0.164949,1.64949,1.0,write_0,73.7121,799.663,799.992,0.195428,28.0113,0.156343,1.56343,1.0,write_1,145.087,0.164949,1.64949,hold_0,6.33925,0.523165,64.3602,0.0514882,0.514882,1.0,hold_1,6.37545,0.531424,64.2653,0.0514122,0.514122,1.0
2,6,3,0.9,27,230.61,142.14,313.28,read_0,89.2487,2.22955,2.22955,141.504,112.939,0.0491489,4.67425,0.044234,0.44234,1.0,read_1,2.22962,89.2487,2.22962,112.939,141.504,0.0491489,4.67425,0.044234,0.44234,1.0,142.835,899.621,899.586,0.255418,37.7732,0.229876,2.29876,1.0,write_0,68.7737,899.622,899.989,0.238146,37.88,0.214331,2.14331,1.0,write_1,142.835,0.229876,2.29876,hold_0,6.37294,0.491503,82.2032,0.0739829,0.739829,1.0,hold_1,6.35195,0.537239,81.8967,0.073707,0.73707,1.0
2,6,3,1.0,27,251.92,154.94,353.17,read_0,100.008,2.89101,2.89101,141.715,112.357,0.055655,5.22266,0.055655,0.55655,1.0,read_1,2.89111,100.008,2.89111,112.357,141.715,0.055655,5.22266,0.055655,0.55655,1.0,140.539,999.562,999.519,0.30987,48.5599,0.30987,3.0987,1.0,write_0,65.2831,999.562,999.99,0.285875,48.3727,0.285875,2.85875,1.0,write_1,140.539,0.30987,3.0987,hold_0,6.47705,0.514851,102.895,0.102895,1.02895,1.0,hold_1,6.52838,0.479409,103.28,0.10328,1.0328,1.0
2,6,3,1.1,27,272.18,167.09,398.19,read_0,110.76,3.76386,3.76386,142.18,111.99,0.0624296,5.77246,0.0686725,0.686725,1.0,read_1,3.76398,110.76,3.76398,111.99,142.18,0.0624296,5.77246,0.0686725,0.686725,1.0,138.793,1099.49,1099.44,0.371096,59.5779,0.408205,4.08205,1.0,write_0,62.7285,1099.49,1099.99,0.339551,60.1993,0.373506,3.73506,1.0,write_1,138.793,0.408205,4.08205,hold_0,6.76396,0.466358,128.546,0.141401,1.41401,1.0,hold_1,6.74821,0.459198,128.471,0.141318,1.41318,1.0
2,6,3,1.2,27,291.5,178.62,448.28,read_0,121.554,4.90887,4.90887,89.7356,111.676,0.0695053,6.32439,0.0834063,0.834063,1.0,read_1,4.90901,121.554,4.90901,111.676,89.7356,0.0695053,6.32439,0.0834063,0.834063,1.0,137.106,1199.39,1199.33,0.438564,68.9537,0.526277,5.26277,1.0,write_0,60.6582,1199.39,1199.98,0.399298,72.8891,0.479157,4.79157,1.0,write_1,137.106,0.526277,5.26277,hold_0,7.07055,0.514757,157.998,0.189598,1.89598,1.0,hold_1,7.09655,0.465237,158.285,0.189942,1.89942,1.0
2,6,3,1.3,27,309.97,189.53,498.3,read_0,132.433,6.4012,6.4012,89.2587,111.247,0.0769208,6.87857,0.099997,0.99997,1.0,read_1,6.40137,132.433,6.40137,111.247,89.2587,0.0769208,6.87857,0.099997,0.99997,1.0,135.558,1299.21,1299.29,0.512857,79.9849,0.666714,6.66714,1.0,write_0,58.9311,1299.27,1299.98,0.464346,86.057,0.60365,6.0365,1.0,write_1,135.558,0.666714,6.66714,hold_0,7.5271,0.466403,193.959,0.252146,2.52146,1.0,hold_1,7.50659,0.45408,194.008,0.252211,2.52211,1.0
2,6,4,0.6,27,159.4,87.07,233.16,read_0,70.6146,1.64676,1.64676,248.571,248.571,0.0370496,3.66773,0.0222298,0.222298,1.0,read_1,1.6468,70.6146,1.6468,248.571,248.571,0.0370496,3.66773,0.0222298,0.222298,1.0,145.514,599.705,599.704,0.114807,13.1568,0.0688839,0.688839,1.0,write_0,81.4729,599.711,599.995,0.114386,13.1111,0.0686317,0.686317,1.0,write_1,145.514,0.0688839,0.688839,hold_0,8.69009,0.714248,39.261,0.0235566,0.235566,1.0,hold_1,8.69292,0.701177,39.3021,0.0235813,0.235813,1.0
2,6,4,0.7,27,184.61,99.58,278.21,read_0,84.566,2.09582,2.09582,247.239,181.485,0.0440074,4.31902,0.0308052,0.308052,1.0,read_1,2.09586,84.566,2.09586,181.485,247.239,0.0440074,4.31902,0.0308052,0.308052,1.0,141.417,699.689,699.683,0.148808,20.6377,0.104166,1.04166,1.0,write_0,71.6457,699.697,699.998,0.14524,20.8946,0.101668,1.01668,1.0,write_1,141.417,0.104166,1.04166,hold_0,7.95088,0.674175,51.3063,0.0359144,0.359144,1.0,hold_1,7.93909,0.612322,51.5709,0.0360996,0.360996,1.0
2,6,4,0.8,27,208.28,111.08,323.11,read_0,98.4603,2.7491,2.7491,134.538,175.199,0.0511811,4.97882,0.0409449,0.409449,1.0,read_1,2.74915,98.4603,2.74915,175.199,134.538,0.0511811,4.97882,0.0409449,0.409449,1.0,138.098,799.657,799.643,0.18774,29.0785,0.150192,1.50192,1.0,write_0,65.5544,799.665,799.997,0.180299,29.8865,0.144239,1.44239,1.0,write_1,138.098,0.150192,1.50192,hold_0,7.6525,0.637055,66.7241,0.0533793,0.533793,1.0,hold_1,7.64256,0.634944,66.0555,0.0528444,0.528444,1.0
2,6,4,0.9,27,230.6,121.85,373.15,read_0,112.293,3.65512,3.65512,138.565,188.829,0.0595536,5.64312,0.0535983,0.535983,1.0,read_1,3.65519,112.293,3.65519,188.829,138.565,0.0595536,5.64312,0.0535983,0.535983,1.0,135.577,899.614,899.593,0.231933,36.4414,0.20874,2.0874,1.0,write_0,61.4676,899.62,899.994,0.220054,40.2419,0.198049,1.98049,1.0,write_1,135.577,0.20874,2.0874,hold_0,7.69119,0.609939,84.4132,0.0759719,0.759719,1.0,hold_1,7.66769,0.603393,84.0304,0.0756274,0.756274,1.0
2,6,4,1.0,27,251.91,131.92,428.23,read_0,126.09,4.87383,4.87383,138.225,192.247,0.0674372,6.30758,0.0674372,0.674372,1.0,read_1,4.87392,126.09,4.87392,192.247,138.225,0.0674372,6.30758,0.0674372,0.674372,1.0,132.97,999.556,999.521,0.281738,44.5518,0.281738,2.81738,1.0,write_0,58.5589,999.563,999.996,0.264817,51.412,0.264817,2.64817,1.0,write_1,132.97,0.281738,2.81738,hold_0,7.77773,0.627399,105.9,0.1059,1.059,1.0,hold_1,7.73531,0.614469,105.427,0.105427,1.05427,1.0
2,6,4,1.1,27,272.17,141.36,483.23,read_0,139.898,6.47855,6.47855,138.228,110.655,0.0756686,6.97451,0.0832354,0.832354,1.0,read_1,6.47867,139.898,6.47867,110.655,138.228,0.0756686,6.97451,0.0832354,0.832354,1.0,130.903,1099.44,1099.5,0.336695,53.2444,0.370364,3.70364,1.0,write_0,56.33,1099.49,1099.99,0.314875,63.7094,0.346363,3.46363,1.0,write_1,130.903,0.370364,3.70364,hold_0,8.06,0.623845,131.354,0.14449,1.4449,1.0,hold_1,8.07867,0.562776,131.597,0.144757,1.44757,1.0
2,6,4,1.2,27,291.49,150.15,538.19,read_0,153.768,8.55731,8.55731,138.166,110.107,0.0842602,7.64452,0.101112,1.01112,1.0,read_1,8.55745,153.768,8.55745,110.107,138.166,0.0842602,7.64452,0.101112,1.01112,1.0,129.318,1199.33,1199.41,0.398417,61.9823,0.478101,4.78101,1.0,write_0,54.5512,1199.39,1199.99,0.370785,75.4983,0.444942,4.44942,1.0,write_1,129.318,0.478101,4.78101,hold_0,8.42836,0.613104,161.63,0.193956,1.93956,1.0,hold_1,8.42755,0.614973,161.37,0.193644,1.93644,1.0
2,6,4,1.3,27,309.95,158.22,598.2,read_0,167.75,11.2243,11.2243,130.724,105.079,0.0932206,8.32495,0.121187,1.21187,1.0,read_1,11.2245,167.75,11.2245,105.079,130.724,0.0932206,8.32495,0.121187,1.21187,1.0,127.522,1299.2,1299.3,0.46768,71.5222,0.607984,6.07984,1.0,write_0,53.0949,1299.28,1299.99,0.433133,87.1099,0.563073,5.63073,1.0,write_1,127.522,0.607984,6.07984,hold_0,8.96971,0.566618,197.738,0.257059,2.57059,1.0,hold_1,8.96012,0.562666,197.368,0.256578,2.56578,1.0
2,6,5,0.6,27,159.38,76.48,263.23,read_0,83.1831,2.29641,2.29641,246.218,246.218,0.043416,4.29797,0.0260496,0.260496,1.0,read_1,2.29644,83.1831,2.29644,246.218,246.218,0.043416,4.29797,0.0260496,0.260496,1.0,141.124,599.699,599.705,0.107279,13.7789,0.0643673,0.643673,1.0,write_0,74.8612,599.709,599.996,0.108638,13.9613,0.065183,0.65183,1.0,write_1,141.124,0.065183,0.65183,hold_0,10.2178,0.806364,40.8739,0.0245243,0.245243,1.0,hold_1,10.2181,0.802961,40.8835,0.0245301,0.245301,1.0
2,6,5,0.7,27,184.6,86.55,313.24,read_0,99.8426,3.04393,3.04393,243.02,181.474,0.0515476,5.04712,0.0360833,0.360833,1.0,read_1,3.04398,99.8426,3.04398,181.474,243.02,0.0515476,5.04712,0.0360833,0.360833,1.0,136.916,699.684,699.69,0.138366,20.6071,0.0968563,0.968563,1.0,write_0,66.2695,699.696,699.996,0.137735,21.885,0.0964142,0.964142,1.0,write_1,136.916,0.0968563,0.968563,hold_0,9.33444,0.762388,53.4728,0.037431,0.37431,1.0,hold_1,9.30394,0.720185,53.0185,0.0371129,0.371129,1.0
2,6,5,0.8,27,208.27,95.54,363.15,read_0,116.525,4.14565,4.14565,240.765,175.317,0.0599458,5.81272,0.0479567,0.479567,1.0,read_1,4.1457,116.525,4.1457,175.317,240.765,0.0599458,5.81272,0.0479567,0.479567,1.0,133.332,799.645,799.662,0.174449,26.9036,0.139559,1.39559,1.0,write_0,60.9416,799.667,800.004,0.171636,31.3106,0.137309,1.37309,1.0,write_1,133.332,0.139559,1.39559,hold_0,8.89388,0.644423,68.6364,0.0549092,0.549092,1.0,hold_1,8.88209,0.749155,68.594,0.0548752,0.548752,1.0
2,6,5,0.9,27,230.59,103.67,418.09,read_0,133.204,5.66795,5.66795,136.563,421.881,0.0687799,6.5898,0.0619019,0.619019,1.0,read_1,5.66803,133.204,5.66803,421.881,136.563,0.0687799,6.5898,0.0619019,0.619019,1.0,130.431,899.609,899.596,0.215478,33.5788,0.19393,1.9393,1.0,write_0,57.3187,899.62,899.998,0.209834,41.9442,0.188851,1.88851,1.0,write_1,130.431,0.19393,1.9393,hold_0,8.8119,0.730344,86.786,0.0781074,0.781074,1.0,hold_1,8.82959,0.734127,86.7735,0.0780961,0.780961,1.0
2,6,5,1.0,27,251.89,111.12,478.13,read_0,149.895,7.70377,7.70377,135.707,464.27,0.0779952,7.36717,0.0779952,0.779952,1.0,read_1,7.70386,149.895,7.70386,464.27,135.707,0.0779952,7.36717,0.0779952,0.779952,1.0,128.106,999.55,999.529,0.261982,40.6628,0.261982,2.61982,1.0,write_0,54.6276,999.56,999.99,0.252486,51.9364,0.252486,2.52486,1.0,write_1,128.106,0.261982,2.61982,hold_0,9.04743,0.726483,108.288,0.108288,1.08288,1.0,hold_1,9.06078,0.731989,108.201,0.108201,1.08201,1.0
2,6,5,1.1,27,272.15,117.88,543.18,read_0,166.638,10.3488,10.3488,135.245,186.252,0.0884437,8.14773,0.097288,0.97288,1.0,read_1,10.3489,166.638,10.3489,186.252,135.245,0.0884437,8.14773,0.097288,0.97288,1.0,125.805,1099.44,1099.5,0.313512,48.3868,0.344864,3.44864,1.0,write_0,52.5851,1099.49,1099.99,0.300569,62.4784,0.330626,3.30626,1.0,write_1,125.805,0.344864,3.44864,hold_0,9.40458,0.662262,134.171,0.147588,1.47588,1.0,hold_1,9.30866,0.700675,133.62,0.146982,1.46982,1.0
2,6,5,1.2,27,291.48,123.9,603.09,read_0,183.482,13.7226,13.7226,134.812,186.324,0.0984591,8.93341,0.118151,1.18151,1.0,read_1,13.7227,183.482,13.7227,186.324,134.812,0.0984591,8.93341,0.118151,1.18151,1.0,123.879,1199.33,1199.41,0.371494,56.583,0.445792,4.45792,1.0,write_0,50.9246,1199.39,1199.98,0.354463,73.9364,0.425355,4.25355,1.0,write_1,123.879,0.445792,4.45792,hold_0,9.84887,0.663796,165.042,0.19805,1.9805,1.0,hold_1,9.80354,0.723655,165.901,0.199081,1.99081,1.0
2,6,5,1.3,27,309.94,129.14,673.14,read_0,200.478,17.9719,17.9719,131.756,181.19,0.108915,9.72638,0.14159,1.4159,1.0,read_1,17.9721,200.478,17.9721,181.19,131.756,0.108915,9.72638,0.14159,1.4159,1.0,122.154,1299.21,1299.29,0.436085,65.3135,0.566911,5.66911,1.0,write_0,49.4592,1299.27,1299.98,0.414425,85.739,0.538753,5.38753,1.0,write_1,122.154,0.566911,5.66911,hold_0,10.4001,0.662738,201.163,0.261512,2.61512,1.0,hold_1,10.4123,0.66984,200.491,0.260639,2.60639,1.0
3,1,1,0.6,27,192.62,129.97,63.28,read_0,93.3825,0.337642,0.337642,295.279,479.565,0.0166887,1.68048,0.0100132,0.100132,1.0,read_1,0.337647,93.3825,0.337647,479.565,295.279,0.0166887,1.68048,0.0100132,0.100132,1.0,249.762,599.964,599.967,0.146315,9.11866,0.0877888,0.877888,1.0,write_0,188.791,599.968,599.995,0.147366,9.22516,0.0884194,0.884194,1.0,write_1,249.762,0.0884194,0.884194,hold_0,2.9824,0.0135391,9.34266,0.0056056,0.056056,1.0,hold_1,3.0096,0.0150736,9.36967,0.0056218,0.056218,1.0
3,1,1,0.7,27,217.99,154.8,58.28,read_0,112.056,0.458159,0.458159,9758.75,212.791,0.0192724,1.96979,0.0134907,0.134907,1.0,read_1,0.458166,112.056,0.458166,212.791,9758.75,0.0192724,1.96979,0.0134907,0.134907,1.0,245.693,699.956,699.96,0.206205,14.2316,0.144343,1.44343,1.0,write_0,173.737,699.975,699.992,0.205337,14.4744,0.143736,1.43736,1.0,write_1,245.693,0.144343,1.44343,hold_0,2.71097,0.0143053,12.2337,0.00856358,0.0856358,1.0,hold_1,2.68313,0.0146183,11.7221,0.00820546,0.0820546,1.0
3,1,1,0.8,27,242.86,179.82,53.29,read_0,130.727,0.637495,0.637495,4539.16,140.962,0.0227863,2.25831,0.018229,0.18229,1.0,read_1,0.637504,130.727,0.637504,140.962,4539.16,0.0227863,2.25831,0.018229,0.18229,1.0,246.394,799.953,799.953,0.282357,20.8788,0.225886,2.25886,1.0,write_0,167.48,799.971,799.997,0.27867,20.6767,0.222936,2.22936,1.0,write_1,246.394,0.225886,2.25886,hold_0,2.55367,0.0184028,15.304,0.0122432,0.122432,1.0,hold_1,2.54392,0.0168814,15.4318,0.0123454,0.123454,1.0
3,1,1,0.9,27,267.23,205.56,48.3,read_0,149.347,0.880421,0.880421,577.681,142.36,0.0258545,2.5448,0.0232691,0.232691,1.0,read_1,0.880433,149.347,0.880433,142.36,577.681,0.0258545,2.5448,0.0232691,0.232691,1.0,250.174,899.951,899.944,0.377433,28.7472,0.33969,3.3969,1.0,write_0,167.059,899.96,899.989,0.369781,27.8581,0.332803,3.32803,1.0,write_1,250.174,0.33969,3.3969,hold_0,2.48312,0.0233053,18.4199,0.0165779,0.165779,1.0,hold_1,2.48274,0.0232531,18.1105,0.0162995,0.162995,1.0
3,1,1,1.0,27,291.09,231.69,43.3,read_0,167.925,1.19457,1.19457,9409.39,143.455,0.0290224,2.83004,0.0290224,0.290224,1.0,read_1,1.19458,167.925,1.19458,143.455,9409.39,0.0290224,2.83004,0.0290224,0.290224,1.0,257.328,999.947,999.936,0.494283,37.0689,0.494283,4.94283,1.0,write_0,172.083,999.961,999.991,0.486048,37.1608,0.486048,4.86048,1.0,write_1,257.328,0.494283,4.94283,hold_0,2.46222,0.0398282,22.8214,0.0228214,0.228214,1.0,hold_1,2.46618,0.0413646,22.1873,0.0221873,0.221873,1.0
3,1,1,1.1,27,314.48,253.47,38.29,read_0,186.497,1.59329,1.59329,143.041,108.416,0.032228,3.11469,0.0354508,0.354508,1.0,read_1,1.59331,186.497,1.59331,108.416,143.041,0.032228,3.11469,0.0354508,0.354508,1.0,265.984,1099.93,1099.92,0.639058,46.5232,0.702964,7.02964,1.0,write_0,176.938,1099.95,1099.98,0.616448,45.6167,0.678093,6.78093,1.0,write_1,265.984,0.702964,7.02964,hold_0,2.51239,0.0670348,28.6295,0.0314925,0.314925,1.0,hold_1,2.52296,0.0381502,27.7511,0.0305262,0.305262,1.0
3,1,1,1.2,27,337.46,268.85,33.27,read_0,205.116,2.09053,2.09053,142.427,106.766,0.0355099,3.39929,0.0426118,0.426118,1.0,read_1,2.09055,205.116,2.09055,106.766,142.427,0.0355099,3.39929,0.0426118,0.426118,1.0,272.963,1199.92,1199.9,0.793707,55.1819,0.952449,9.52449,1.0,write_0,183.724,1199.94,1199.98,0.770135,56.2343,0.924162,9.24162,1.0,write_1,272.963,0.952449,9.52449,hold_0,2.6008,0.0965318,33.6912,0.0404294,0.404294,1.0,hold_1,2.59639,0.0889409,34.1042,0.040925,0.40925,1.0
3,1,1,1.3,27,360.1,283.54,33.28,read_0,223.838,2.69297,2.69297,143.292,106.623,0.0388821,3.68408,0.0505467,0.505467,1.0,read_1,2.693,223.838,2.693,106.623,143.292,0.0388821,3.68408,0.0505467,0.505467,1.0,275.27,1299.91,1299.87,0.94572,65.9313,1.22944,12.2944,1.0,write_0,181.67,1299.92,1299.98,0.896113,65.9444,1.16495,11.6495,1.0,write_1,275.27,1.22944,12.2944,hold_0,2.71941,0.113002,42.3294,0.0550282,0.550282,1.0,hold_1,2.72345,0.118577,41.1945,0.0535529,0.535529,1.0
3,1,2,0.6,27,192.62,90.3,198.11,read_0,143.895,1.25427,1.25427,283.203,4362.41,0.0225511,2.30565,0.0135306,0.135306,1.0,read_1,1.25427,143.895,1.25427,4362.41,283.203,0.0225511,2.30565,0.0135306,0.135306,1.0,155.577,599.961,599.962,0.0748609,12.7839,0.0449165,0.449165,1.0,write_0,87.0875,599.97,599.996,0.0779365,12.7455,0.0467619,0.467619,1.0,write_1,155.577,0.0467619,0.467619,hold_0,4.03008,0.0142082,10.7155,0.00642931,0.0642931,1.0,hold_1,4.03306,0.0111369,10.7424,0.00644547,0.0644547,1.0
3,1,2,0.7,27,217.99,104.76,238.29,read_0,174.649,1.94045,1.94045,303.844,6092.7,0.02609,2.70327,0.018263,0.18263,1.0,read_1,1.94046,174.649,1.94046,6092.7,303.844,0.02609,2.70327,0.018263,0.18263,1.0,151.555,699.959,699.954,0.0962988,20.1551,0.0674091,0.674091,1.0,write_0,76.5623,699.968,699.996,0.0984818,20.1715,0.0689373,0.689373,1.0,write_1,151.555,0.0689373,0.689373,hold_0,3.65597,0.0162985,13.6424,0.00954969,0.0954969,1.0,hold_1,3.65078,0.0120625,13.4104,0.00938729,0.0938729,1.0
3,1,2,0.8,27,242.86,118.79,273.2,read_0,206.426,2.92773,2.92773,139.61,139.61,0.0302927,3.09825,0.0242341,0.242341,1.0,read_1,2.92774,206.426,2.92774,139.61,139.61,0.0302927,3.09825,0.0242341,0.242341,1.0,148.517,799.953,799.948,0.120387,28.8912,0.0963096,0.963096,1.0,write_0,70.3114,799.966,799.995,0.120885,29.0254,0.0967079,0.967079,1.0,write_1,148.517,0.0967079,0.967079,hold_0,3.46573,0.0157557,17.2496,0.0137997,0.137997,1.0,hold_1,3.46112,0.0150725,16.89,0.013512,0.13512,1.0
3,1,2,0.9,27,267.23,132.45,318.29,read_0,239.122,4.22927,4.22927,4180.04,214.773,0.0341429,3.48971,0.0307286,0.307286,1.0,read_1,4.22929,239.122,4.22929,214.773,4180.04,0.0341429,3.48971,0.0307286,0.307286,1.0,146.463,899.946,899.938,0.147253,39.1226,0.132528,1.32528,1.0,write_0,65.9877,899.965,899.992,0.145802,39.1558,0.131222,1.31222,1.0,write_1,146.463,0.132528,1.32528,hold_0,3.35504,0.0310161,20.8519,0.0187667,0.187667,1.0,hold_1,3.36546,0.0298189,20.4544,0.018409,0.18409,1.0
3,1,2,1.0,27,291.09,145.72,358.18,read_0,272.686,5.85173,5.85173,1789.61,214.167,0.0381846,3.87839,0.0381846,0.381846,1.0,read_1,5.85174,272.686,5.85174,214.167,1789.61,0.0381846,3.87839,0.0381846,0.381846,1.0,144.41,999.942,999.928,0.176272,50.274,0.176272,1.76272,1.0,write_0,62.8004,999.956,999.986,0.173549,49.7453,0.173549,1.73549,1.0,write_1,144.41,0.176272,1.76272,hold_0,3.35408,0.0419766,25.6955,0.0256955,0.256955,1.0,hold_1,3.35706,0.0371575,25.8587,0.0258587,0.258587,1.0
3,1,2,1.1,27,314.48,158.74,408.25,read_0,307.085,7.79731,7.79731,145.467,557.674,0.0423219,4.26552,0.0465541,0.465541,1.0,read_1,7.79733,307.085,7.79733,557.674,145.467,0.0423219,4.26552,0.0465541,0.465541,1.0,142.884,1099.93,1099.92,0.209492,61.8397,0.230441,2.30441,1.0,write_0,60.5636,1099.94,1099.98,0.1991,62.1812,0.219011,2.19011,1.0,write_1,142.884,0.230441,2.30441,hold_0,3.43507,0.0372603,31.0402,0.0341442,0.341442,1.0,hold_1,3.43762,0.0377834,31.1434,0.0342578,0.342578,1.0
3,1,2,1.2,27,337.46,171.34,458.24,read_0,342.303,10.0747,10.0747,144.382,562.52,0.046541,4.65381,0.0558492,0.558492,1.0,read_1,10.0747,342.303,10.0747,562.52,144.382,0.046541,4.65381,0.0558492,0.558492,1.0,141.325,1199.93,1199.89,0.24333,70.7669,0.291995,2.91995,1.0,write_0,58.5685,1199.94,1199.98,0.228443,74.3728,0.274131,2.74131,1.0,write_1,141.325,0.291995,2.91995,hold_0,3.5458,0.0908992,37.923,0.0455076,0.455076,1.0,hold_1,3.54613,0.0913998,38.1844,0.0458212,0.458212,1.0
3,1,2,1.3,27,360.1,183.68,508.18,read_0,378.329,12.6942,12.6942,150.383,630.896,0.0511356,5.04609,0.0664763,0.664763,1.0,read_1,12.6942,378.329,12.6942,630.896,150.383,0.0511356,5.04609,0.0664763,0.664763,1.0,139.876,1299.9,1299.87,0.278901,82.0025,0.362572,3.62572,1.0,write_0,57.0924,1299.92,1299.98,0.259709,87.7362,0.337621,3.37621,1.0,write_1,139.876,0.362572,3.62572,hold_0,3.71375,0.12289,44.5802,0.0579543,0.579543,1.0,hold_1,3.72843,0.0599585,44.6715,0.0580729,0.580729,1.0
3,1,3,0.6,27,192.61,65.54,263.23,read_0,178.042,2.93172,2.93172,365.553,3788.51,0.0282103,2.92038,0.0169262,0.169262,1.0,read_1,2.93173,178.042,2.93173,3788.51,365.553,0.0282103,2.92038,0.0169262,0.169262,1.0,143.946,599.959,599.957,0.0611593,15.411,0.0366956,0.366956,1.0,write_0,71.4806,599.969,599.996,0.0663017,15.4278,0.039781,0.39781,1.0,write_1,143.946,0.039781,0.39781,hold_0,5.06317,0.0118787,12.2468,0.0073481,0.073481,1.0,hold_1,5.06414,0.0117052,12.1322,0.0072793,0.072793,1.0
3,1,3,0.7,27,217.99,74.06,313.25,read_0,217.517,4.70162,4.70162,198.644,198.644,0.0331393,3.42226,0.0231975,0.231975,1.0,read_1,4.70162,217.517,4.70162,198.644,198.644,0.0331393,3.42226,0.0231975,0.231975,1.0,139.79,699.959,699.96,0.0781094,23.549,0.0546766,0.546766,1.0,write_0,63.9691,699.968,699.997,0.0835352,24.4324,0.0584747,0.584747,1.0,write_1,139.79,0.0584747,0.584747,hold_0,4.60805,0.0136549,15.5204,0.0108643,0.108643,1.0,hold_1,4.60685,0.0139159,15.8555,0.0110989,0.110989,1.0
3,1,3,0.8,27,242.86,81.63,368.29,read_0,259.064,7.16881,7.16881,288.667,288.667,0.0380973,3.91991,0.0304779,0.304779,1.0,read_1,7.16882,259.064,7.16882,288.667,288.667,0.0380973,3.91991,0.0304779,0.304779,1.0,136.555,799.953,799.952,0.0972753,30.1337,0.0778202,0.778202,1.0,write_0,59.231,799.971,799.993,0.102818,34.8171,0.0822544,0.822544,1.0,write_1,136.555,0.0822544,0.822544,hold_0,4.37629,0.0161187,19.4326,0.015546,0.15546,1.0,hold_1,4.35822,0.0204724,18.9328,0.0151462,0.151462,1.0
3,1,3,0.9,27,267.23,88.51,423.2,read_0,302.502,10.3414,10.3414,293.989,293.989,0.0424111,4.41235,0.03817,0.3817,1.0,read_1,10.3414,302.502,10.3414,293.989,293.989,0.0424111,4.41235,0.03817,0.3817,1.0,133.832,899.945,899.943,0.118193,36.9924,0.106374,1.06374,1.0,write_0,56.0438,899.961,899.99,0.124426,46.8539,0.111983,1.11983,1.0,write_1,133.832,0.111983,1.11983,hold_0,4.27835,0.020802,23.4145,0.021073,0.21073,1.0,hold_1,4.26517,0.0274097,23.5119,0.0211607,0.211607,1.0
3,1,3,1.0,27,291.09,94.61,488.28,read_0,347.665,14.1976,14.1976,145.479,6857.22,0.0473375,4.90132,0.0473375,0.473375,1.0,read_1,14.1976,347.665,14.1976,6857.22,145.479,0.0473375,4.90132,0.0473375,0.473375,1.0,131.491,999.938,999.931,0.140922,43.7391,0.140922,1.40922,1.0,write_0,53.7135,999.961,999.991,0.149151,59.8098,0.149151,1.49151,1.0,write_1,131.491,0.149151,1.49151,hold_0,4.26929,0.0277971,28.4274,0.0284274,0.284274,1.0,hold_1,4.27046,0.0280308,28.5553,0.0285553,0.285553,1.0
3,1,3,1.1,27,314.48,100.2,548.12,read_0,394.4,18.7077,18.7077,145.775,145.775,0.0525815,5.40582,0.0578397,0.578397,1.0,read_1,18.7077,394.4,18.7077,145.775,145.775,0.0525815,5.40582,0.0578397,0.578397,1.0,129.429,1099.93,1099.92,0.165271,51.4507,0.181798,1.81798,1.0,write_0,51.8351,1099.95,1099.99,0.173077,73.6802,0.190384,1.90384,1.0,write_1,129.429,0.190384,1.90384,hold_0,4.3427,0.0470519,34.1305,0.0375435,0.375435,1.0,hold_1,4.35827,0.0365028,33.9593,0.0373552,0.373552,1.0
3,1,3,1.2,27,337.46,105.32,618.2,read_0,442.545,23.8288,23.8288,140.306,2824.46,0.0584981,5.90534,0.0701977,0.701977,1.0,read_1,23.8288,442.545,23.8288,2824.46,140.306,0.0584981,5.90534,0.0701977,0.701977,1.0,127.6,1199.92,1199.89,0.191192,60.7463,0.22943,2.2943,1.0,write_0,50.3381,1199.94,1199.99,0.199246,86.6715,0.239095,2.39095,1.0,write_1,127.6,0.239095,2.39095,hold_0,4.53397,0.0470339,40.931,0.0491172,0.491172,1.0,hold_1,4.50378,0.0448074,40.8162,0.0489794,0.489794,1.0
3,1,3,1.3,27,360.1,109.96,688.17,read_0,491.968,29.5304,29.5304,188.064,1640.79,0.0636785,6.40475,0.082782,0.82782,1.0,read_1,29.5304,491.968,29.5304,1640.79,188.064,0.0636785,6.40475,0.082782,0.82782,1.0,125.926,1299.9,1299.87,0.218967,69.3154,0.284657,2.84657,1.0,write_0,48.9182,1299.93,1299.98,0.228778,98.2342,0.297411,2.97411,1.0,write_1,125.926,0.297411,2.97411,hold_0,4.7256,0.0555434,48.5202,0.0630763,0.630763,1.0,hold_1,4.70532,0.103254,48.1305,0.0625697,0.625697,1.0
3,1,4,0.6,27,192.61,48.85,298.05,read_0,202.786,5.29186,5.29186,253.301,253.301,0.0337668,3.52732,0.0202601,0.202601,1.0,read_1,5.29186,202.786,5.29186,253.301,253.301,0.0337668,3.52732,0.0202601,0.202601,1.0,137.755,599.961,599.957,0.0540608,16.2048,0.0324365,0.324365,1.0,write_0,64.6861,599.97,599.996,0.0608033,17.4105,0.036482,0.36482,1.0,write_1,137.755,0.036482,0.36482,hold_0,6.07249,0.011086,13.9229,0.00835373,0.0835373,1.0,hold_1,6.07085,0.0110932,13.5885,0.0081531,0.081531,1.0
3,1,4,0.7,27,217.99,53.77,358.17,read_0,248.318,8.47506,8.47506,392.637,4648.04,0.0396443,4.13096,0.027751,0.27751,1.0,read_1,8.47507,248.318,8.47507,4648.04,392.637,0.0396443,4.13096,0.027751,0.27751,1.0,133.541,699.957,699.954,0.0684791,21.377,0.0479353,0.479353,1.0,write_0,58.4294,699.969,699.997,0.076806,27.1908,0.0537642,0.537642,1.0,write_1,133.541,0.0537642,0.537642,hold_0,5.5647,0.0133679,17.4712,0.0122298,0.122298,1.0,hold_1,5.56425,0.0136414,17.1942,0.012036,0.12036,1.0
3,1,4,0.8,27,242.86,57.71,423.25,read_0,296.457,12.8098,12.8098,195.003,195.003,0.0455234,4.72875,0.0364187,0.364187,1.0,read_1,12.8098,296.457,12.8098,195.003,195.003,0.0455234,4.72875,0.0364187,0.364187,1.0,130.183,799.953,799.95,0.0848888,26.7478,0.067911,0.67911,1.0,write_0,54.4696,799.965,799.992,0.0949986,39.1922,0.0759989,0.759989,1.0,write_1,130.183,0.0759989,0.759989,hold_0,5.28248,0.0151487,21.3846,0.0171077,0.171077,1.0,hold_1,5.27904,0.0154078,21.1923,0.0169538,0.169538,1.0
3,1,4,0.9,27,267.23,60.58,488.19,read_0,346.911,18.2474,18.2474,2242.97,179.843,0.0514215,5.31948,0.0462793,0.462793,1.0,read_1,18.2474,346.911,18.2474,179.843,2242.97,0.0514215,5.31948,0.0462793,0.462793,1.0,127.367,899.946,899.942,0.103197,32.9082,0.0928775,0.928775,1.0,write_0,51.6168,899.963,899.99,0.115412,49.9749,0.10387,1.0387,1.0,write_1,127.367,0.10387,1.0387,hold_0,5.17587,0.0187351,25.8416,0.0232574,0.232574,1.0,hold_1,5.17829,0.0185361,25.9098,0.0233188,0.233188,1.0
3,1,4,1.0,27,291.09,62.83,558.14,read_0,399.392,24.7131,24.7131,256.855,256.855,0.0573755,5.9318,0.0573755,0.573755,1.0,read_1,24.7131,399.392,24.7131,256.855,256.855,0.0573755,5.9318,0.0573755,0.573755,1.0,125.025,999.936,999.932,0.123065,39.4602,0.123065,1.23065,1.0,write_0,49.3615,999.953,999.986,0.138294,61.1054,0.138294,1.38294,1.0,write_1,125.025,0.138294,1.38294,hold_0,5.18365,0.0271796,31.1671,0.0311671,0.311671,1.0,hold_1,5.17754,0.0257515,31.7383,0.0317383,0.317383,1.0
3,1,4,1.1,27,314.48,64.4,633.16,read_0,453.641,32.1291,32.1291,270.425,5957.85,0.0633588,6.53976,0.0696947,0.696947,1.0,read_1,32.1291,453.641,32.1291,5957.85,270.425,0.0633588,6.53976,0.0696947,0.696947,1.0,122.958,1099.93,1099.91,0.14486,47.0233,0.159346,1.59346,1.0,write_0,47.5495,1099.94,1099.99,0.160958,73.2997,0.177054,1.77054,1.0,write_1,122.958,0.177054,1.77054,hold_0,5.27396,0.0344505,37.0937,0.040803,0.40803,1.0,hold_1,5.27453,0.0345379,36.8964,0.040586,0.40586,1.0
3,1,4,1.2,27,337.46,65.44,713.21,read_0,509.423,40.3934,40.3934,284.16,5219.47,0.0693544,7.14036,0.0832252,0.832252,1.0,read_1,40.3935,509.423,40.3935,5219.47,284.16,0.0693544,7.14036,0.0832252,0.832252,1.0,121.055,1199.91,1199.9,0.168665,54.6251,0.202397,2.02397,1.0,write_0,45.8979,1199.94,1199.98,0.186179,85.4009,0.223415,2.23415,1.0,write_1,121.055,0.223415,2.23415,hold_0,5.47832,0.0437077,44.1885,0.0530263,0.530263,1.0,hold_1,5.46305,0.0433043,44.6349,0.0535618,0.535618,1.0
3,1,4,1.3,27,360.09,65.94,793.18,read_0,566.544,49.419,49.419,147.898,2846.24,0.0753392,7.75879,0.0979409,0.979409,1.0,read_1,49.4191,566.544,49.4191,2846.24,147.898,0.0753392,7.75879,0.0979409,0.979409,1.0,119.442,1299.89,1299.88,0.194999,62.8445,0.253499,2.53499,1.0,write_0,44.6817,1299.92,1299.98,0.213534,100.507,0.277595,2.77595,1.0,write_1,119.442,0.277595,2.77595,hold_0,5.7575,0.0545436,52.5916,0.068369,0.68369,1.0,hold_1,5.76107,0.0548011,52.8633,0.0687223,0.687223,1.0
3,1,5,0.6,27,192.61,36.69,328.1,read_0,221.672,8.22092,8.22092,485.403,485.403,0.0387844,4.12814,0.0232706,0.232706,1.0,read_1,8.22093,221.672,8.22093,485.403,485.403,0.0387844,4.12814,0.0232706,0.232706,1.0,133.874,599.96,599.958,0.0493439,15.301,0.0296063,0.296063,1.0,write_0,60.8245,599.97,599.997,0.057548,18.9746,0.0345288,0.345288,1.0,write_1,133.874,0.0345288,0.345288,hold_0,7.11662,0.0132413,15.3208,0.00919249,0.0919249,1.0,hold_1,7.14225,0.0132153,15.4196,0.00925175,0.0925175,1.0
3,1,5,0.7,27,217.99,39.2,393.16,read_0,271.543,13.055,13.055,383.355,383.355,0.0451989,4.83168,0.0316392,0.316392,1.0,read_1,13.055,271.543,13.055,383.355,383.355,0.0451989,4.83168,0.0316392,0.316392,1.0,129.582,699.957,699.956,0.0624457,19.711,0.043712,0.43712,1.0,write_0,55.2508,699.97,699.996,0.0728589,29.5334,0.0510012,0.510012,1.0,write_1,129.582,0.0510012,0.510012,hold_0,6.50985,0.0137932,19.143,0.0134001,0.134001,1.0,hold_1,6.51582,0.0131668,19.3177,0.0135224,0.135224,1.0
3,1,5,0.8,27,242.86,40.73,463.2,read_0,324.306,19.5021,19.5021,396.671,396.671,0.0518666,5.52783,0.0414933,0.414933,1.0,read_1,19.5021,324.306,19.5021,396.671,396.671,0.0518666,5.52783,0.0414933,0.414933,1.0,126.156,799.952,799.949,0.0772698,24.7236,0.0618159,0.618159,1.0,write_0,51.5327,799.968,799.993,0.0903151,38.6056,0.072252,0.72252,1.0,write_1,126.156,0.072252,0.72252,hold_0,6.20052,0.0204688,23.2786,0.0186229,0.186229,1.0,hold_1,6.20373,0.0197381,23.6453,0.0189162,0.189162,1.0
3,1,5,0.9,27,267.22,41.09,538.23,read_0,379.575,27.5014,27.5014,361.948,361.948,0.0597411,6.23688,0.053767,0.53767,1.0,read_1,27.5014,379.575,27.5014,361.948,361.948,0.0597411,6.23688,0.053767,0.53767,1.0,123.405,899.944,899.947,0.0939541,30.3358,0.0845587,0.845587,1.0,write_0,48.7846,899.965,899.992,0.109999,49.1634,0.098999,0.98999,1.0,write_1,123.405,0.098999,0.98999,hold_0,6.07515,0.0195517,28.2988,0.0254689,0.254689,1.0,hold_1,6.0785,0.0193527,28.9507,0.0260557,0.260557,1.0
3,1,5,1.0,27,291.09,40.74,613.14,read_0,437.005,36.9554,36.9554,374.996,9429.42,0.0666086,6.95355,0.0666086,0.666086,1.0,read_1,36.9554,437.005,36.9554,9429.42,374.996,0.0666086,6.95355,0.0666086,0.666086,1.0,121.03,999.935,999.931,0.112925,36.4239,0.112925,1.12925,1.0,write_0,46.5652,999.958,999.988,0.132011,61.9594,0.132011,1.32011,1.0,write_1,121.03,0.132011,1.32011,hold_0,6.07235,0.0308252,33.7336,0.0337336,0.337336,1.0,hold_1,6.09051,0.023641,33.8984,0.0338984,0.338984,1.0
3,1,5,1.1,27,314.48,39.8,698.2,read_0,496.293,47.7514,47.7514,9741.01,374.458,0.0734591,7.66309,0.080805,0.80805,1.0,read_1,47.7514,496.293,47.7514,374.458,9741.01,0.0734591,7.66309,0.080805,0.80805,1.0,118.922,1099.92,1099.92,0.133688,43.1411,0.147057,1.47057,1.0,write_0,44.7453,1099.95,1099.99,0.154092,73.7337,0.169501,1.69501,1.0,write_1,118.922,0.169501,1.69501,hold_0,6.19376,0.0307287,40.102,0.0441122,0.441122,1.0,hold_1,6.23661,0.0346553,40.6718,0.0447389,0.447389,1.0
3,1,5,1.2,27,337.46,38.28,783.17,read_0,557.19,59.7868,59.7868,250.755,2653.82,0.0803759,8.36285,0.0964511,0.964511,1.0,read_1,59.7868,557.19,59.7868,2653.82,250.755,0.0803759,8.36285,0.0964511,0.964511,1.0,117.187,1199.91,1199.9,0.157415,50.9226,0.188899,1.88899,1.0,write_0,43.2031,1199.94,1199.98,0.178286,86.9419,0.213943,2.13943,1.0,write_1,117.187,0.213943,2.13943,hold_0,6.39299,0.0488762,47.3327,0.0567992,0.567992,1.0,hold_1,6.39858,0.0505065,47.2635,0.0567162,0.567162,1.0
3,1,5,1.3,27,360.09,43.44,868.07,read_0,619.505,73.0086,73.0086,249.491,249.491,0.0873669,9.10028,0.113577,1.13577,1.0,read_1,73.0086,619.505,73.0086,249.491,249.491,0.0873669,9.10028,0.113577,1.13577,1.0,115.693,1299.89,1299.88,0.18426,58.7805,0.239538,2.39538,1.0,write_0,41.8143,1299.93,1299.98,0.204304,101.413,0.265595,2.65595,1.0,write_1,115.693,0.265595,2.65595,hold_0,6.71569,0.0510097,55.8996,0.0726695,0.726695,1.0,hold_1,6.68173,0.0665994,56.8036,0.0738446,0.738446,1.0
3,2,1,0.6,27,196.89,141.66,3.27,read_0,56.0841,0.253795,0.253795,208.093,2565.44,0.0171759,1.69285,0.0103056,0.103056,1.0,read_1,0.253805,56.0841,0.253805,2565.44,208.093,0.0171759,1.69285,0.0103056,0.103056,1.0,910.921,599.931,599.936,0.808885,10.3673,0.485331,4.85331,1.0,write_0,877.307,599.941,599.996,0.828101,10.2818,0.49686,4.9686,1.0,write_1,910.921,0.49686,4.9686,hold_0,2.91532,0.0113967,14.18,0.008508,0.08508,1.0,hold_1,2.91405,0.00921683,14.4054,0.00864327,0.0864327,1.0
3,2,1,0.7,27,232.2,167.95,,read_0,66.8819,0.305528,0.305528,632.707,147.409,0.0202622,1.98374,0.0141836,0.141836,1.0,read_1,0.305541,66.8819,0.305541,147.409,632.707,0.0202622,1.98374,0.0141836,0.141836,1.0,-1.0,137.696,90.7711,14.1561,14.4401,9.90925,99.0925,0.0,write_0,-1.0,90.7807,137.764,14.2866,14.4544,10.0006,100.006,0.0,write_1,-1.0,10.0006,100.006,hold_0,702.515,699.96,225.487,0.157841,1.57841,0.0,hold_1,2.67396,0.0110632,18.6954,0.0130868,0.130868,1.0
3,2,1,0.8,27,267.02,194.41,,read_0,77.5384,0.381198,0.381198,9452.66,146.57,0.023407,2.27726,0.0187256,0.187256,1.0,read_1,0.381216,77.5384,0.381216,146.57,9452.66,0.023407,2.27726,0.0187256,0.187256,1.0,-1.0,140.655,98.9009,19.3971,19.7792,15.5177,155.177,0.0,write_0,-1.0,98.9156,140.731,19.5735,19.7948,15.6588,156.588,0.0,write_1,-1.0,15.6588,156.588,hold_0,802.581,800.149,303.891,0.243113,2.43113,0.0,hold_1,2.54098,0.0817304,24.6385,0.0197108,0.197108,1.0
3,2,1,0.9,27,299.86,221.02,,read_0,88.0673,0.486619,0.486619,90.3074,113.027,0.0266299,2.57008,0.0239669,0.239669,1.0,read_1,0.486643,88.0673,0.486643,113.027,90.3074,0.0266299,2.57008,0.0239669,0.239669,1.0,-1.0,147.749,108.325,25.1317,25.6201,22.6185,226.185,0.0,write_0,-1.0,108.345,147.835,25.3599,25.6382,22.8239,228.239,0.0,write_1,-1.0,22.8239,228.239,hold_0,902.548,900.15,391.646,0.352481,3.52481,0.0,hold_1,2.48703,0.231042,30.6384,0.0275745,0.275745,1.0
3,2,1,1.0,27,329.92,247.65,,read_0,98.5121,0.637461,0.637461,90.1432,77.4015,0.0299286,2.86239,0.0299286,0.299286,1.0,read_1,0.637491,98.5121,0.637491,77.4015,90.1432,0.0299286,2.86239,0.0299286,0.299286,1.0,-1.0,156.977,118.284,31.2743,31.8771,31.2743,312.743,0.0,write_0,-1.0,118.314,157.065,31.557,31.899,31.557,315.57,0.0,write_1,-1.0,31.557,315.57,hold_0,1002.48,1000.16,487.833,0.487833,4.87833,0.0,hold_1,2.51264,0.213422,37.708,0.037708,0.37708,1.0
3,2,1,1.1,27,359.96,274.18,,read_0,108.914,0.830926,0.830926,90.0466,77.3223,0.0333205,3.15474,0.0366525,0.366525,1.0,read_1,0.830964,108.914,0.830964,77.3223,90.0466,0.0333205,3.15474,0.0366525,0.366525,1.0,-1.0,167.887,128.642,37.7696,38.4831,41.5466,415.466,0.0,write_0,-1.0,128.679,167.992,38.1095,38.5126,41.9204,419.204,0.0,write_1,-1.0,41.9204,419.204,hold_0,1102.56,1100.17,590.996,0.650096,6.50096,0.0,hold_1,2.57396,0.253183,47.0948,0.0518043,0.518043,1.0
3,2,1,1.2,27,390.04,300.54,,read_0,119.333,1.07478,1.07478,89.968,77.2473,0.0368288,3.44758,0.0441946,0.441946,1.0,read_1,1.07482,119.333,1.07482,77.2473,89.968,0.0368288,3.44758,0.0441946,0.441946,1.0,-1.0,180.458,139.396,44.5877,45.4214,53.5053,535.053,0.0,write_0,-1.0,139.446,180.581,44.985,45.4507,53.982,539.82,0.0,write_1,-1.0,53.982,539.82,hold_0,1202.56,1200.15,701.526,0.841831,8.41831,0.0,hold_1,2.66777,0.277567,57.5981,0.0691177,0.691177,1.0
3,2,1,1.3,27,420.07,326.64,,read_0,129.814,1.38409,1.38409,89.8445,77.1368,0.0404564,3.7421,0.0525933,0.525933,1.0,read_1,1.38415,129.814,1.38415,77.1368,89.8445,0.0404564,3.7421,0.0525933,0.525933,1.0,-1.0,194.774,150.621,51.7211,52.6798,67.2375,672.375,0.0,write_0,-1.0,150.68,194.926,52.1822,52.715,67.8369,678.369,0.0,write_1,-1.0,67.8369,678.369,hold_0,1302.6,1300.12,819.362,1.06517,10.6517,0.0,hold_1,2.79011,0.348303,69.9891,0.0909858,0.909858,1.0
3,2,2,0.6,27,196.86,110.3,153.23,read_0,93.6564,0.676014,0.676014,161.558,161.558,0.0229797,2.32741,0.0137878,0.137878,1.0,read_1,0.676025,93.6564,0.676025,161.558,161.558,0.0229797,2.32741,0.0137878,0.137878,1.0,163.887,599.929,599.931,0.102945,13.0882,0.0617667,0.617667,1.0,write_0,97.7272,599.94,599.999,0.102405,13.0951,0.061443,0.61443,1.0,write_1,163.887,0.0617667,0.617667,hold_0,3.95953,0.0087198,16.0236,0.00961414,0.0961414,1.0,hold_1,3.95892,0.0087207,15.943,0.0095658,0.095658,1.0
3,2,2,0.7,27,232.17,129.46,173.15,read_0,112.472,0.924246,0.924246,147.756,147.756,0.0277078,2.73412,0.0193955,0.193955,1.0,read_1,0.92426,112.472,0.92426,147.756,147.756,0.0277078,2.73412,0.0193955,0.193955,1.0,159.13,699.925,699.923,0.134677,20.7607,0.0942737,0.942737,1.0,write_0,85.8094,699.938,699.993,0.131556,20.7793,0.0920889,0.920889,1.0,write_1,159.13,0.0942737,0.942737,hold_0,3.62821,0.0107199,20.4518,0.0143162,0.143162,1.0,hold_1,3.62524,0.0107284,20.8706,0.0146094,0.146094,1.0
3,2,2,0.8,27,267.0,148.55,198.16,read_0,131.317,1.28583,1.28583,148.328,148.328,0.0320978,3.14063,0.0256782,0.256782,1.0,read_1,1.28585,131.317,1.28585,148.328,148.328,0.0320978,3.14063,0.0256782,0.256782,1.0,156.415,799.916,799.916,0.17202,30.112,0.137616,1.37616,1.0,write_0,78.6419,799.927,799.992,0.162153,29.9711,0.129723,1.29723,1.0,write_1,156.415,0.137616,1.37616,hold_0,3.45225,0.198953,25.8065,0.0206452,0.206452,1.0,hold_1,3.4613,0.0740593,25.7906,0.0206325,0.206325,1.0
3,2,2,0.9,27,299.86,167.67,228.24,read_0,150.146,1.78237,1.78237,147.47,3025.32,0.0365768,3.54563,0.0329191,0.329191,1.0,read_1,1.7824,150.146,1.7824,3025.32,147.47,0.0365768,3.54563,0.0329191,0.329191,1.0,154.283,899.907,899.902,0.21329,40.8287,0.191961,1.91961,1.0,write_0,73.7694,899.924,899.992,0.196336,41.0679,0.176702,1.76702,1.0,write_1,154.283,0.191961,1.91961,hold_0,3.38494,0.268215,32.206,0.0289854,0.289854,1.0,hold_1,3.39262,0.144495,33.0053,0.0297048,0.297048,1.0
3,2,2,1.0,27,329.92,186.75,253.17,read_0,168.96,2.43745,2.43745,143.585,77.1303,0.0411755,3.94922,0.0411755,0.411755,1.0,read_1,2.43748,168.96,2.43748,77.1303,143.585,0.0411755,3.94922,0.0411755,0.411755,1.0,152.643,999.896,999.883,0.258879,53.0068,0.258879,2.58879,1.0,write_0,70.1545,999.905,999.994,0.234286,52.3304,0.234286,2.34286,1.0,write_1,152.643,0.258879,2.58879,hold_0,3.3975,0.320638,40.4866,0.0404866,0.404866,1.0,hold_1,3.38793,0.322479,40.2028,0.0402028,0.402028,1.0
3,2,2,1.1,27,359.96,205.78,283.17,read_0,187.797,3.28547,3.28547,144.806,76.7831,0.0459236,4.35257,0.050516,0.50516,1.0,read_1,3.28551,187.797,3.28551,76.7831,144.806,0.0459236,4.35257,0.050516,0.50516,1.0,151.443,1099.88,1099.86,0.308337,65.7808,0.33917,3.3917,1.0,write_0,67.6127,1099.89,1099.99,0.274408,65.7624,0.301848,3.01848,1.0,write_1,151.443,0.33917,3.3917,hold_0,3.48904,0.293397,49.8992,0.0548891,0.548891,1.0,hold_1,3.47962,0.266321,49.5291,0.054482,0.54482,1.0
3,2,2,1.2,27,390.04,224.76,318.2,read_0,206.7,4.31551,4.31551,87.3825,76.2695,0.0508218,4.75657,0.0609861,0.609861,1.0,read_1,4.31556,206.7,4.31556,76.2695,87.3825,0.0508218,4.75657,0.0609861,0.609861,1.0,150.244,1199.86,1199.82,0.361017,80.0229,0.433221,4.33221,1.0,write_0,65.5314,1199.87,1199.98,0.317163,80.2086,0.380595,3.80595,1.0,write_1,150.244,0.433221,4.33221,hold_0,3.60901,0.40656,61.3128,0.0735754,0.735754,1.0,hold_1,3.59614,0.404496,61.7686,0.0741223,0.741223,1.0
3,2,2,1.3,27,420.07,243.47,348.11,read_0,225.726,5.56964,5.56964,88.255,77.0035,0.0558931,5.16152,0.072661,0.72661,1.0,read_1,5.56969,225.726,5.56969,77.0035,88.255,0.0558931,5.16152,0.072661,0.72661,1.0,149.214,1299.84,1299.79,0.418253,94.9081,0.543728,5.43728,1.0,write_0,63.7388,1299.85,1299.98,0.362557,94.205,0.471324,4.71324,1.0,write_1,149.214,0.543728,5.43728,hold_0,3.7951,0.372494,73.9741,0.0961664,0.961664,1.0,hold_1,3.79929,0.380693,73.2595,0.0952373,0.952373,1.0
3,2,3,0.6,27,196.82,87.54,218.17,read_0,121.822,1.42089,1.42089,160.774,160.774,0.0289799,2.95509,0.0173879,0.173879,1.0,read_1,1.42091,121.822,1.42091,160.774,160.774,0.0289799,2.95509,0.0173879,0.173879,1.0,148.054,599.929,599.929,0.0836154,15.5236,0.0501693,0.501693,1.0,write_0,77.1146,599.936,599.997,0.0855535,15.4509,0.0513321,0.513321,1.0,write_1,148.054,0.0513321,0.513321,hold_0,4.97898,0.00857672,17.2444,0.0103466,0.103466,1.0,hold_1,4.97986,0.00859164,17.1266,0.0102759,0.102759,1.0
3,2,3,0.7,27,232.14,100.95,258.17,read_0,147.183,2.10102,2.10102,225.666,3413.39,0.0342377,3.47113,0.0239664,0.239664,1.0,read_1,2.10103,147.183,2.10103,3413.39,225.666,0.0342377,3.47113,0.0239664,0.239664,1.0,144.633,699.922,699.926,0.108529,24.392,0.0759706,0.759706,1.0,write_0,68.7249,699.935,699.997,0.108736,24.6059,0.0761154,0.761154,1.0,write_1,144.633,0.0761154,0.761154,hold_0,4.5824,0.0113518,22.2206,0.0155544,0.155544,1.0,hold_1,4.58107,0.0103692,22.6281,0.0158397,0.158397,1.0
3,2,3,0.8,27,266.97,113.83,303.21,read_0,173.018,3.09546,3.09546,146.446,146.446,0.0403538,3.98645,0.032283,0.32283,1.0,read_1,3.09548,173.018,3.09548,146.446,146.446,0.0403538,3.98645,0.032283,0.32283,1.0,141.601,799.915,799.916,0.137346,35.0316,0.109877,1.09877,1.0,write_0,63.4624,799.932,799.992,0.136013,34.8734,0.108811,1.08811,1.0,write_1,141.601,0.109877,1.09877,hold_0,4.36664,0.163703,28.0666,0.0224533,0.224533,1.0,hold_1,4.36263,0.13629,28.5283,0.0228227,0.228227,1.0
3,2,3,0.9,27,299.86,126.18,348.16,read_0,199.234,4.43314,4.43314,120.824,120.824,0.0451248,4.49906,0.0406123,0.406123,1.0,read_1,4.43316,199.234,4.43316,120.824,120.824,0.0451248,4.49906,0.0406123,0.406123,1.0,139.159,899.906,899.904,0.169412,44.3054,0.152471,1.52471,1.0,write_0,59.9925,899.919,899.989,0.162486,47.6563,0.146238,1.46238,1.0,write_1,139.159,0.152471,1.52471,hold_0,4.28244,0.269911,35.1436,0.0316293,0.316293,1.0,hold_1,4.28515,0.277678,34.952,0.0314568,0.314568,1.0
3,2,3,1.0,27,329.92,137.99,398.17,read_0,225.795,6.13182,6.13182,118.117,118.117,0.0507478,5.00983,0.0507478,0.507478,1.0,read_1,6.13185,225.795,6.13185,118.117,118.117,0.0507478,5.00983,0.0507478,0.507478,1.0,137.498,999.893,999.885,0.20572,54.058,0.20572,2.0572,1.0,write_0,57.5014,999.905,999.987,0.194142,60.9673,0.194142,1.94142,1.0,write_1,137.498,0.20572,2.0572,hold_0,4.30108,0.357256,43.4475,0.0434475,0.434475,1.0,hold_1,4.30925,0.20866,43.5857,0.0435857,0.435857,1.0
3,2,3,1.1,27,359.96,149.51,448.07,read_0,252.695,8.21029,8.21029,117.47,117.47,0.0565594,5.5195,0.0622153,0.622153,1.0,read_1,8.21033,252.695,8.21033,117.47,117.47,0.0565594,5.5195,0.0622153,0.622153,1.0,135.659,1099.87,1099.86,0.244264,64.1374,0.26869,2.6869,1.0,write_0,55.6063,1099.89,1099.98,0.22844,75.9869,0.251284,2.51284,1.0,write_1,135.659,0.26869,2.6869,hold_0,4.40363,0.286009,52.6542,0.0579196,0.579196,1.0,hold_1,4.38819,0.403966,52.4852,0.0577338,0.577338,1.0
3,2,3,1.2,27,390.04,160.46,503.06,read_0,279.951,10.694,10.694,117.041,2786.46,0.0625254,6.02978,0.0750304,0.750304,1.0,read_1,10.694,279.951,10.694,2786.46,117.041,0.0625254,6.02978,0.0750304,0.750304,1.0,133.939,1199.85,1199.83,0.285488,74.6058,0.342586,3.42586,1.0,write_0,54.0601,1199.87,1199.98,0.265369,91.0552,0.318443,3.18443,1.0,write_1,133.939,0.342586,3.42586,hold_0,4.57095,0.370516,64.4718,0.0773662,0.773662,1.0,hold_1,4.56581,0.353768,63.833,0.0765996,0.765996,1.0
3,2,3,1.3,27,420.07,170.96,563.12,read_0,307.593,13.6206,13.6206,119.658,167.158,0.0687303,6.5412,0.0893494,0.893494,1.0,read_1,13.6207,307.593,13.6207,167.158,119.658,0.0687303,6.5412,0.0893494,0.893494,1.0,132.356,1299.83,1299.79,0.329484,86.4341,0.42833,4.2833,1.0,write_0,52.8077,1299.85,1299.98,0.305355,107.929,0.396961,3.96961,1.0,write_1,132.356,0.42833,4.2833,hold_0,4.77229,0.528526,77.4661,0.100706,1.00706,1.0,hold_1,4.78967,0.413381,77.3041,0.100495,1.00495,1.0
3,2,4,0.6,27,196.79,70.05,258.1,read_0,144.446,2.54839,2.54839,295.437,4415.69,0.0352536,3.57619,0.0211522,0.211522,1.0,read_1,2.5484,144.446,2.5484,4415.69,295.437,0.0352536,3.57619,0.0211522,0.211522,1.0,141.32,599.929,599.928,0.0738073,17.2421,0.0442844,0.442844,1.0,write_0,68.8011,599.939,599.997,0.0777029,17.506,0.0466217,0.466217,1.0,write_1,141.32,0.0466217,0.466217,hold_0,6.02505,0.00845074,19.146,0.0114876,0.114876,1.0,hold_1,5.9995,0.00883652,18.518,0.0111108,0.111108,1.0
3,2,4,0.7,27,232.11,79.09,308.11,read_0,175.482,3.96238,3.96238,159.082,159.082,0.0410801,4.19877,0.028756,0.28756,1.0,read_1,3.96239,175.482,3.96239,159.082,159.082,0.0410801,4.19877,0.028756,0.28756,1.0,137.27,699.922,699.923,0.0952234,24.8511,0.0666564,0.666564,1.0,write_0,61.8052,699.937,699.994,0.0990285,27.292,0.0693199,0.693199,1.0,write_1,137.27,0.0693199,0.693199,hold_0,5.53812,0.0103658,23.8122,0.0166686,0.166686,1.0,hold_1,5.53854,0.0102754,24.1456,0.0169019,0.169019,1.0
3,2,4,0.8,27,266.94,86.96,363.15,read_0,207.651,6.00187,6.00187,220.824,4194.19,0.0474508,4.8201,0.0379606,0.379606,1.0,read_1,6.00189,207.651,6.00189,4194.19,220.824,0.0474508,4.8201,0.0379606,0.379606,1.0,134.105,799.914,799.914,0.119664,31.4608,0.0957311,0.957311,1.0,write_0,57.4882,799.927,799.998,0.124107,38.9194,0.0992853,0.992853,1.0,write_1,134.105,0.0992853,0.992853,hold_0,5.28047,0.14376,29.794,0.0238352,0.238352,1.0,hold_1,5.28691,0.0124272,30.5887,0.0244709,0.244709,1.0
3,2,4,0.9,27,299.86,93.81,423.19,read_0,240.857,8.71697,8.71697,221.144,221.144,0.0539169,5.43711,0.0485252,0.485252,1.0,read_1,8.717,240.857,8.717,221.144,221.144,0.0539169,5.43711,0.0485252,0.485252,1.0,131.425,899.902,899.903,0.147125,39.1614,0.132412,1.32412,1.0,write_0,54.5016,899.922,899.99,0.148846,52.8459,0.133961,1.33961,1.0,write_1,131.425,0.133961,1.33961,hold_0,5.1935,0.0384044,37.7913,0.0340122,0.340122,1.0,hold_1,5.19695,0.0872563,38.1356,0.034322,0.34322,1.0
3,2,4,1.0,27,329.91,99.95,483.13,read_0,275.056,12.127,12.127,223.576,5845.79,0.0605039,6.05093,0.0605039,0.605039,1.0,read_1,12.127,275.056,12.127,5845.79,223.576,0.0605039,6.05093,0.0605039,0.605039,1.0,129.084,999.889,999.884,0.177082,47.2597,0.177082,1.77082,1.0,write_0,52.3106,999.909,999.992,0.178148,65.9689,0.178148,1.78148,1.0,write_1,129.084,0.178148,1.78148,hold_0,5.2198,0.216141,46.2943,0.0462943,0.462943,1.0,hold_1,5.21466,0.178083,46.3551,0.0463551,0.463551,1.0
3,2,4,1.1,27,359.96,105.25,548.12,read_0,310.223,16.2527,16.2527,226.308,116.346,0.0672432,6.66439,0.0739675,0.739675,1.0,read_1,16.2527,310.223,16.2527,116.346,226.308,0.0672432,6.66439,0.0739675,0.739675,1.0,126.941,1099.87,1099.86,0.209608,56.5387,0.230569,2.30569,1.0,write_0,50.4611,1099.89,1099.99,0.210072,78.612,0.231079,2.31079,1.0,write_1,126.941,0.231079,2.31079,hold_0,5.33464,0.314954,56.0975,0.0617073,0.617073,1.0,hold_1,5.32636,0.270157,56.7174,0.0623892,0.623892,1.0
3,2,4,1.2,27,390.04,109.85,618.14,read_0,346.367,21.1279,21.1279,115.912,115.912,0.074134,7.27748,0.0889609,0.889609,1.0,read_1,21.128,346.367,21.128,115.912,115.912,0.074134,7.27748,0.0889609,0.889609,1.0,124.872,1199.85,1199.83,0.244691,65.2416,0.293629,2.93629,1.0,write_0,48.9254,1199.87,1199.98,0.244709,93.5321,0.29365,2.9365,1.0,write_1,124.872,0.29365,2.9365,hold_0,5.51037,0.525754,67.5337,0.0810404,0.810404,1.0,hold_1,5.52448,0.37644,68.2796,0.0819356,0.819356,1.0
3,2,4,1.3,27,420.06,113.63,688.09,read_0,383.493,26.798,26.798,121.467,8367.25,0.0816362,7.89179,0.106127,1.06127,1.0,read_1,26.7981,383.493,26.7981,8367.25,121.467,0.0816362,7.89179,0.106127,1.06127,1.0,123.051,1299.82,1299.8,0.282439,75.2439,0.367171,3.67171,1.0,write_0,47.7515,1299.84,1299.98,0.282565,108.199,0.367334,3.67334,1.0,write_1,123.051,0.367334,3.67334,hold_0,5.78817,0.434702,81.2766,0.10566,1.0566,1.0,hold_1,5.79173,0.447756,80.7183,0.104934,1.04934,1.0
3,2,5,0.6,27,196.75,56.3,288.1,read_0,163.268,4.10145,4.10145,203.544,203.544,0.0410502,4.19235,0.0246301,0.246301,1.0,read_1,4.10146,163.268,4.10146,203.544,203.544,0.0410502,4.19235,0.0246301,0.246301,1.0,136.803,599.93,599.929,0.0673844,17.076,0.0404306,0.404306,1.0,write_0,64.094,599.935,599.996,0.0731,18.816,0.04386,0.4386,1.0,write_1,136.803,0.04386,0.4386,hold_0,6.99339,0.00943844,20.738,0.0124428,0.124428,1.0,hold_1,6.98488,0.00968364,20.9108,0.0125465,0.125465,1.0
3,2,5,0.7,27,232.08,61.99,348.21,read_0,199.237,6.54861,6.54861,295.92,295.92,0.0483594,4.91955,0.0338516,0.338516,1.0,read_1,6.54863,199.237,6.54863,295.92,295.92,0.0483594,4.91955,0.0338516,0.338516,1.0,132.653,699.924,699.922,0.0864129,22.638,0.060489,0.60489,1.0,write_0,57.9764,699.939,699.998,0.093385,29.7331,0.0653695,0.653695,1.0,write_1,132.653,0.0653695,0.653695,hold_0,6.47682,0.0103371,25.9257,0.018148,0.18148,1.0,hold_1,6.48958,0.0103283,25.8065,0.0180646,0.180646,1.0
3,2,5,0.8,27,266.91,66.2,408.16,read_0,237.012,10.066,10.066,310.212,310.212,0.0550572,5.64413,0.0440458,0.440458,1.0,read_1,10.066,237.012,10.066,310.212,310.212,0.0550572,5.64413,0.0440458,0.440458,1.0,129.292,799.913,799.916,0.108354,28.7781,0.0866834,0.866834,1.0,write_0,54.1337,799.926,799.996,0.117188,41.4838,0.0937501,0.937501,1.0,write_1,129.292,0.0937501,0.937501,hold_0,6.19895,0.0189297,32.5027,0.0260022,0.260022,1.0,hold_1,6.19852,0.0126338,32.1064,0.0256851,0.256851,1.0
3,2,5,0.9,27,299.86,69.16,473.12,read_0,276.495,14.7146,14.7146,150.677,150.677,0.0624198,6.36321,0.0561778,0.561778,1.0,read_1,14.7146,276.495,14.7146,150.677,150.677,0.0624198,6.36321,0.0561778,0.561778,1.0,126.462,899.901,899.901,0.132859,35.5509,0.119573,1.19573,1.0,write_0,51.2705,899.917,899.99,0.144842,52.8514,0.130357,1.30357,1.0,write_1,126.462,0.130357,1.30357,hold_0,6.08098,0.252191,39.7945,0.0358151,0.358151,1.0,hold_1,6.08992,0.0152547,40.0416,0.0360375,0.360375,1.0
3,2,5,1.0,27,329.91,71.15,543.1,read_0,317.616,20.5212,20.5212,147.671,147.671,0.0699046,7.07793,0.0699046,0.699046,1.0,read_1,20.5212,317.616,20.5212,147.671,147.671,0.0699046,7.07793,0.0699046,0.699046,1.0,123.984,999.886,999.89,0.159968,43.0984,0.159968,1.59968,1.0,write_0,49.0792,999.907,999.987,0.169235,65.5762,0.169235,1.69235,1.0,write_1,123.984,0.169235,1.69235,hold_0,6.11808,0.101671,48.8483,0.0488483,0.488483,1.0,hold_1,6.1214,0.136203,49.3339,0.0493339,0.493339,1.0
3,2,5,1.1,27,359.96,72.22,618.11,read_0,360.309,27.5233,27.5233,145.859,145.859,0.0775084,7.79102,0.0852592,0.852592,1.0,read_1,27.5234,360.309,27.5234,145.859,145.859,0.0775084,7.79102,0.0852592,0.852592,1.0,121.706,1099.87,1099.86,0.18957,51.0875,0.208527,2.08527,1.0,write_0,47.3291,1099.89,1099.98,0.200102,78.7052,0.220112,2.20112,1.0,write_1,121.706,0.220112,2.20112,hold_0,6.24837,0.215581,59.1575,0.0650732,0.650732,1.0,hold_1,6.25349,0.253811,58.9854,0.064884,0.64884,1.0
3,2,5,1.2,27,390.04,72.37,698.13,read_0,404.514,35.7607,35.7607,143.067,143.067,0.0855117,8.50545,0.102614,1.02614,1.0,read_1,35.7607,404.514,35.7607,143.067,143.067,0.0855117,8.50545,0.102614,1.02614,1.0,119.711,1199.85,1199.83,0.222412,59.8039,0.266894,2.66894,1.0,write_0,45.7996,1199.87,1199.98,0.233266,91.9613,0.27992,2.7992,1.0,write_1,119.711,0.27992,2.7992,hold_0,6.47349,0.321968,71.1121,0.0853345,0.853345,1.0,hold_1,6.47966,0.356996,71.5764,0.0858917,0.858917,1.0
3,2,5,1.3,27,420.06,71.74,778.08,read_0,450.174,45.2765,45.2765,151.551,151.551,0.0935341,9.2199,0.121594,1.21594,1.0,read_1,45.2765,450.174,45.2765,151.551,151.551,0.0935341,9.2199,0.121594,1.21594,1.0,117.982,1299.82,1299.8,0.258585,69.2997,0.336161,3.36161,1.0,write_0,44.4256,1299.84,1299.98,0.269018,106.778,0.349723,3.49723,1.0,write_1,117.982,0.349723,3.49723,hold_0,6.78339,0.409128,85.0713,0.110593,1.10593,1.0,hold_1,6.77173,0.633405,84.5525,0.109918,1.09918,1.0
3,3,1,0.6,27,186.71,144.15,,read_0,40.2639,0.252881,0.252881,118.475,153.366,0.0173612,1.70462,0.0104167,0.104167,1.0,read_1,0.252896,40.2639,0.252896,153.366,118.475,0.0173612,1.70462,0.0104167,0.104167,1.0,-1.0,108.941,54.874,9.54937,9.74023,5.72962,57.2962,0.0,write_0,-1.0,54.8815,109.043,9.63707,9.75597,5.78224,57.8224,0.0,write_1,-1.0,5.78224,57.8224,hold_0,601.781,599.877,159.438,0.0956626,0.956626,0.0,hold_1,2.89214,0.246691,19.5236,0.0117142,0.117142,1.0
3,3,1,0.7,27,219.17,170.33,,read_0,47.9157,0.289962,0.289962,9473.03,153.439,0.0204858,2.00145,0.0143401,0.143401,1.0,read_1,0.289983,47.9157,0.289983,153.439,9473.03,0.0204858,2.00145,0.0143401,0.143401,1.0,-1.0,114.623,61.2922,14.1613,14.4431,9.9129,99.129,0.0,write_0,-1.0,61.3033,114.725,14.2911,14.4572,10.0038,100.038,0.0,write_1,-1.0,10.0038,100.038,hold_0,701.707,699.873,229.286,0.1605,1.605,0.0,hold_1,2.66665,0.285404,25.3826,0.0177678,0.177678,1.0
3,3,1,0.8,27,250.89,196.28,,read_0,55.4414,0.348467,0.348467,90.5138,115.089,0.0236842,2.29979,0.0189474,0.189474,1.0,read_1,0.348494,55.4414,0.348494,115.089,90.5138,0.0236842,2.29979,0.0189474,0.189474,1.0,-1.0,122.791,68.2156,19.3826,19.7678,15.5061,155.061,0.0,write_0,-1.0,68.2309,122.904,19.5588,19.7794,15.6471,156.471,0.0,write_1,-1.0,15.6471,156.471,hold_0,801.7,799.882,311.099,0.248879,2.48879,0.0,hold_1,2.55495,0.295284,33.3898,0.0267119,0.267119,1.0
3,3,1,0.9,27,281.87,221.88,,read_0,62.8634,0.431272,0.431272,90.0884,77.0214,0.0269618,2.59808,0.0242656,0.242656,1.0,read_1,0.431308,62.8634,0.431308,77.0214,90.0884,0.0269618,2.59808,0.0242656,0.242656,1.0,-1.0,132.279,75.3108,25.0899,25.5767,22.5809,225.809,0.0,write_0,-1.0,75.3357,132.404,25.317,25.5962,22.7853,227.853,0.0,write_1,-1.0,22.7853,227.853,hold_0,901.689,899.919,401.601,0.361441,3.61441,0.0,hold_1,2.51481,0.296373,42.237,0.0380133,0.380133,1.0
3,3,1,1.0,27,312.18,247.17,,read_0,70.2174,0.547663,0.547663,89.8421,76.8481,0.0303279,2.89676,0.0303279,0.303279,1.0,read_1,0.547708,70.2174,0.547708,76.8481,89.8421,0.0303279,2.89676,0.0303279,0.303279,1.0,-1.0,142.918,82.5403,31.1955,31.7912,31.1955,311.955,0.0,write_0,-1.0,82.5718,143.055,31.4768,31.8119,31.4768,314.768,0.0,write_1,-1.0,31.4768,314.768,hold_0,1001.69,999.927,500.33,0.50033,5.0033,0.0,hold_1,2.55536,0.297108,52.7688,0.0527688,0.527688,1.0
3,3,1,1.1,27,341.85,272.07,,read_0,77.5464,0.689007,0.689007,89.6753,76.7097,0.0338017,3.19586,0.0371819,0.371819,1.0,read_1,0.689064,77.5464,0.689064,76.7097,89.6753,0.0338017,3.19586,0.0371819,0.371819,1.0,-1.0,154.78,89.9343,37.6433,38.3559,41.4077,414.077,0.0,write_0,-1.0,89.9734,154.944,37.98,38.3805,41.7781,417.781,0.0,write_1,-1.0,41.7781,417.781,hold_0,2.61944,0.305175,65.6547,0.0722202,0.722202,1.0,hold_1,1101.7,1099.91,606.674,0.667341,6.67341,0.0
3,3,1,1.2,27,371.02,296.46,,read_0,84.8915,0.868177,0.868177,89.5316,76.5816,0.0374057,3.49554,0.0448869,0.448869,1.0,read_1,0.868248,84.8915,0.868248,76.5816,89.5316,0.0374057,3.49554,0.0448869,0.448869,1.0,-1.0,168.037,97.5455,44.4022,45.2277,53.2827,532.827,0.0,write_0,-1.0,97.5973,168.229,44.7991,45.2599,53.7589,537.589,0.0,write_1,-1.0,53.7589,537.589,hold_0,2.73328,0.31392,80.8176,0.0969811,0.969811,1.0,hold_1,1201.9,1199.97,722.829,0.867395,8.67395,0.0
3,3,1,1.3,27,399.68,320.38,,read_0,92.2945,1.09778,1.09778,65.3448,76.4459,0.0411378,3.79584,0.0534791,0.534791,1.0,read_1,1.09786,92.2945,1.09786,76.4459,65.3448,0.0411378,3.79584,0.0534791,0.534791,1.0,-1.0,182.872,105.451,51.4638,52.4128,66.9029,669.029,0.0,write_0,-1.0,105.512,183.101,51.922,52.4486,67.4986,674.986,0.0,write_1,-1.0,67.4986,674.986,hold_0,1301.9,1299.91,845.393,1.09901,10.9901,0.0,hold_1,2.87938,0.336976,99.0143,0.128719,1.28719,1.0
3,3,2,0.6,27,186.69,118.13,128.27,read_0,70.213,0.544861,0.544861,198.568,8913.79,0.0238598,2.34699,0.0143159,0.143159,1.0,read_1,0.544877,70.213,0.544877,8913.79,198.568,0.0238598,2.34699,0.0143159,0.143159,1.0,171.301,599.895,599.899,0.128428,13.3741,0.077057,0.77057,1.0,write_0,108.104,599.904,599.996,0.126716,13.3996,0.0760295,0.760295,1.0,write_1,171.301,0.077057,0.77057,hold_0,3.91714,0.145766,21.0641,0.0126384,0.126384,1.0,hold_1,3.92687,0.291237,20.8638,0.0125183,0.125183,1.0
3,3,2,0.7,27,219.15,138.77,143.24,read_0,84.0001,0.691445,0.691445,9380.93,144.996,0.0282159,2.75046,0.0197511,0.197511,1.0,read_1,0.691466,84.0001,0.691466,144.996,9380.93,0.0282159,2.75046,0.0197511,0.197511,1.0,165.854,699.89,699.891,0.169195,21.441,0.118436,1.18436,1.0,write_0,94.6986,699.902,699.995,0.162211,21.3098,0.113548,1.13548,1.0,write_1,165.854,0.118436,1.18436,hold_0,3.61834,0.3553,27.3621,0.0191535,0.191535,1.0,hold_1,3.61775,0.354002,27.5739,0.0193017,0.193017,1.0
3,3,2,0.8,27,250.87,159.15,158.15,read_0,97.6895,0.903945,0.903945,144.606,144.606,0.0327407,3.16366,0.0261925,0.261925,1.0,read_1,0.903973,97.6895,0.903973,144.606,144.606,0.0327407,3.16366,0.0261925,0.261925,1.0,162.452,799.887,799.866,0.215664,31.2085,0.172532,1.72532,1.0,write_0,86.6154,799.891,799.996,0.20263,31.1257,0.162104,1.62104,1.0,write_1,162.452,0.172532,1.72532,hold_0,3.46454,0.375364,34.5995,0.0276796,0.276796,1.0,hold_1,3.46947,0.330814,34.9674,0.0279739,0.279739,1.0
3,3,2,0.9,27,281.85,179.35,178.2,read_0,111.278,1.19889,1.19889,153.446,230.284,0.0373873,3.57565,0.0336486,0.336486,1.0,read_1,1.19893,111.278,1.19893,230.284,153.446,0.0373873,3.57565,0.0336486,0.336486,1.0,160.436,899.868,899.85,0.269959,42.4759,0.242963,2.42963,1.0,write_0,80.9847,899.88,899.99,0.24723,41.7962,0.222507,2.22507,1.0,write_1,160.436,0.242963,2.42963,hold_0,3.41771,0.387124,44.3552,0.0399197,0.399197,1.0,hold_1,3.41584,0.386876,44.2882,0.0398594,0.398594,1.0
3,3,2,1.0,27,312.16,199.44,198.2,read_0,124.798,1.59529,1.59529,90.6225,115.15,0.0421693,3.98683,0.0421693,0.421693,1.0,read_1,1.59534,124.798,1.59534,115.15,90.6225,0.0421693,3.98683,0.0421693,0.421693,1.0,158.758,999.85,999.828,0.328292,55.0489,0.328292,3.28292,1.0,write_0,77.1911,999.856,999.987,0.295697,55.1079,0.295697,2.95697,1.0,write_1,158.758,0.328292,3.28292,hold_0,3.44455,0.393717,55.6263,0.0556263,0.556263,1.0,hold_1,3.44431,0.393399,55.7899,0.0557899,0.557899,1.0
3,3,2,1.1,27,341.83,219.24,223.25,read_0,138.298,2.11241,2.11241,90.4084,78.2676,0.0471092,4.39878,0.0518201,0.518201,1.0,read_1,2.11246,138.298,2.11246,78.2676,90.4084,0.0471092,4.39878,0.0518201,0.518201,1.0,157.191,1099.83,1099.79,0.391581,69.251,0.430739,4.30739,1.0,write_0,74.2905,1099.83,1099.98,0.347906,69.2289,0.382697,3.82697,1.0,write_1,157.191,0.430739,4.30739,hold_0,3.52853,0.406036,69.2813,0.0762095,0.762095,1.0,hold_1,3.53441,0.401449,68.726,0.0755986,0.755986,1.0
3,3,2,1.2,27,371.0,238.78,243.19,read_0,151.826,2.77463,2.77463,90.2131,78.1525,0.0522484,4.81616,0.0626981,0.626981,1.0,read_1,2.7747,151.826,2.7747,78.1525,90.2131,0.0522484,4.81616,0.0626981,0.626981,1.0,155.859,1199.79,1199.75,0.459204,83.4235,0.551044,5.51044,1.0,write_0,72.0515,1199.8,1199.98,0.405117,84.0896,0.48614,4.8614,1.0,write_1,155.859,0.551044,5.51044,hold_0,3.67793,0.41458,84.4418,0.10133,1.0133,1.0,hold_1,3.67072,0.421568,84.528,0.101434,1.01434,1.0
3,3,2,1.3,27,399.65,257.92,268.18,read_0,165.439,3.61328,3.61328,89.9857,78.0049,0.0576158,5.23523,0.0749005,0.749005,1.0,read_1,3.61337,165.439,3.61337,78.0049,89.9857,0.0576158,5.23523,0.0749005,0.749005,1.0,154.798,1299.76,1299.7,0.532528,98.1152,0.692287,6.92287,1.0,write_0,70.0144,1299.76,1299.98,0.464201,98.9174,0.603461,6.03461,1.0,write_1,154.798,0.692287,6.92287,hold_0,3.88603,0.439449,101.825,0.132373,1.32373,1.0,hold_1,3.88442,0.440387,102.513,0.133266,1.33266,1.0
3,3,3,0.6,27,186.66,98.58,193.16,read_0,93.8703,1.01785,1.01785,215.198,215.198,0.0295989,2.9758,0.0177594,0.177594,1.0,read_1,1.01787,93.8703,1.01787,215.198,215.198,0.0295989,2.9758,0.0177594,0.177594,1.0,151.462,599.896,599.897,0.10351,15.7025,0.0621063,0.621063,1.0,write_0,82.4573,599.906,599.995,0.103556,15.731,0.0621335,0.621335,1.0,write_1,151.462,0.0621335,0.621335,hold_0,4.93779,0.30249,22.3208,0.0133925,0.133925,1.0,hold_1,4.94642,0.284879,22.1051,0.0132631,0.132631,1.0
3,3,3,0.7,27,219.13,114.44,228.19,read_0,112.79,1.39572,1.39572,144.368,144.368,0.0356972,3.49709,0.0249881,0.249881,1.0,read_1,1.39574,112.79,1.39574,144.368,144.368,0.0356972,3.49709,0.0249881,0.249881,1.0,147.922,699.889,699.892,0.1353,24.7189,0.09471,0.9471,1.0,write_0,73.1305,699.9,699.994,0.130544,24.7996,0.0913811,0.913811,1.0,write_1,147.922,0.09471,0.9471,hold_0,4.56453,0.287772,28.7149,0.0201005,0.201005,1.0,hold_1,4.56655,0.260266,28.7675,0.0201373,0.201373,1.0
3,3,3,0.8,27,250.85,129.95,263.14,read_0,131.766,1.94706,1.94706,143.423,143.423,0.0414022,4.02301,0.0331217,0.331217,1.0,read_1,1.94708,131.766,1.94708,143.423,143.423,0.0414022,4.02301,0.0331217,0.331217,1.0,145.261,799.879,799.883,0.17184,35.7565,0.137472,1.37472,1.0,write_0,67.3925,799.891,799.993,0.162454,35.7321,0.129963,1.29963,1.0,write_1,145.261,0.137472,1.37472,hold_0,4.3795,0.382138,37.2969,0.0298375,0.298375,1.0,hold_1,4.3786,0.371498,36.9902,0.0295921,0.295921,1.0
3,3,3,0.9,27,281.83,145.23,303.16,read_0,150.75,2.70567,2.70567,140.177,5360.62,0.0472709,4.54694,0.0425438,0.425438,1.0,read_1,2.70571,150.75,2.70571,5360.62,140.177,0.0472709,4.54694,0.0425438,0.425438,1.0,142.998,899.868,899.854,0.213408,48.2198,0.192067,1.92067,1.0,write_0,63.4885,899.878,899.989,0.197597,48.2779,0.177838,1.77838,1.0,write_1,142.998,0.192067,1.92067,hold_0,4.31252,0.468258,46.3047,0.0416742,0.416742,1.0,hold_1,4.30806,0.46673,46.55,0.041895,0.41895,1.0
3,3,3,1.0,27,312.14,160.14,343.11,read_0,169.745,3.70175,3.70175,140.721,2980.01,0.053331,5.06971,0.053331,0.53331,1.0,read_1,3.7018,169.745,3.7018,2980.01,140.721,0.053331,5.06971,0.053331,0.53331,1.0,141.16,999.852,999.826,0.259496,61.2158,0.259496,2.59496,1.0,write_0,60.7642,999.857,999.988,0.236891,61.4927,0.236891,2.36891,1.0,write_1,141.16,0.259496,2.59496,hold_0,4.33961,0.484574,57.263,0.057263,0.57263,1.0,hold_1,4.35164,0.458727,58.6421,0.0586421,0.586421,1.0
3,3,3,1.1,27,341.81,174.85,388.14,read_0,188.781,4.98212,4.98212,141.77,76.4421,0.0596542,5.59221,0.0656197,0.656197,1.0,read_1,4.98218,188.781,4.98218,76.4421,141.77,0.0596542,5.59221,0.0656197,0.656197,1.0,139.536,1099.82,1099.79,0.30955,72.8204,0.340505,3.40505,1.0,write_0,58.6164,1099.83,1099.98,0.279227,77.4712,0.30715,3.0715,1.0,write_1,139.536,0.340505,3.40505,hold_0,4.44171,0.496086,71.9346,0.0791281,0.791281,1.0,hold_1,4.4532,0.479079,71.4696,0.0786165,0.786165,1.0
3,3,3,1.2,27,370.98,189.13,433.11,read_0,207.897,6.53279,6.53279,120.397,463.525,0.0660928,6.11587,0.0793113,0.793113,1.0,read_1,6.53286,207.897,6.53286,463.525,120.397,0.0660928,6.11587,0.0793113,0.793113,1.0,137.898,1199.79,1199.76,0.364788,84.7055,0.437745,4.37745,1.0,write_0,56.9636,1199.8,1199.98,0.32521,92.895,0.390252,3.90252,1.0,write_1,137.898,0.437745,4.37745,hold_0,4.62539,0.517168,87.3332,0.1048,1.048,1.0,hold_1,4.62213,0.518392,87.9462,0.105535,1.05535,1.0
3,3,3,1.3,27,399.63,203.01,483.12,read_0,227.156,8.45438,8.45438,119.103,167.7,0.0717305,6.64116,0.0932497,0.932497,1.0,read_1,8.45447,227.156,8.45447,167.7,119.103,0.0717305,6.64116,0.0932497,0.932497,1.0,136.52,1299.75,1299.7,0.422258,97.8593,0.548936,5.48936,1.0,write_0,55.5858,1299.76,1299.97,0.374858,110.526,0.487316,4.87316,1.0,write_1,136.52,0.548936,5.48936,hold_0,4.86768,0.536051,106.155,0.138001,1.38001,1.0,hold_1,4.86765,0.535566,106.751,0.138776,1.38776,1.0
3,3,4,0.6,27,186.64,82.6,238.23,read_0,113.462,1.70934,1.70934,310.169,6106.88,0.0356455,3.5994,0.0213873,0.213873,1.0,read_1,1.70935,113.462,1.70935,6106.88,310.169,0.0356455,3.5994,0.0213873,0.213873,1.0,144.136,599.898,599.898,0.0916999,17.2853,0.05502,0.5502,1.0,write_0,72.4926,599.906,599.997,0.0942226,17.5162,0.0565335,0.565335,1.0,write_1,144.136,0.0565335,0.565335,hold_0,5.9659,0.253704,24.1745,0.0145047,0.145047,1.0,hold_1,5.90805,0.170929,23.8285,0.0142971,0.142971,1.0
3,3,4,0.7,27,219.11,94.56,278.06,read_0,136.887,2.48148,2.48148,144.148,144.148,0.0429664,4.23476,0.0300765,0.300765,1.0,read_1,2.4815,136.887,2.4815,144.148,144.148,0.0429664,4.23476,0.0300765,0.300765,1.0,140.12,699.89,699.89,0.119497,26.9372,0.0836481,0.836481,1.0,write_0,64.9354,699.901,699.996,0.120529,27.5155,0.0843705,0.843705,1.0,write_1,140.12,0.0843705,0.843705,hold_0,5.51572,0.429948,30.8296,0.0215807,0.215807,1.0,hold_1,5.51307,0.425708,30.4121,0.0212884,0.212884,1.0
3,3,4,0.8,27,250.83,105.69,328.16,read_0,160.649,3.61075,3.61075,142.58,142.58,0.0498135,4.87057,0.0398508,0.398508,1.0,read_1,3.61077,160.649,3.61077,142.58,142.58,0.0498135,4.87057,0.0398508,0.398508,1.0,137.152,799.877,799.876,0.151128,35.2801,0.120902,1.20902,1.0,write_0,60.1958,799.893,799.992,0.147327,39.3305,0.117861,1.17861,1.0,write_1,137.152,0.120902,1.20902,hold_0,5.29046,0.499136,39.1185,0.0312948,0.312948,1.0,hold_1,5.28587,0.396118,39.09,0.031272,0.31272,1.0
3,3,4,0.9,27,281.81,116.32,378.12,read_0,184.667,5.14431,5.14431,139.211,6131.55,0.0568427,5.50344,0.0511584,0.511584,1.0,read_1,5.14435,184.667,5.14435,6131.55,139.211,0.0568427,5.50344,0.0511584,0.511584,1.0,134.687,899.86,899.863,0.186865,44.1784,0.168179,1.68179,1.0,write_0,56.9691,899.875,899.997,0.179624,52.4604,0.161662,1.61662,1.0,write_1,134.687,0.168179,1.68179,hold_0,5.20812,0.533981,48.5573,0.0437016,0.437016,1.0,hold_1,5.20964,0.536161,48.9472,0.0440525,0.440525,1.0
3,3,4,1.0,27,312.12,126.26,433.13,read_0,208.907,7.11511,7.11511,115.234,3502.33,0.0629282,6.13446,0.0629282,0.629282,1.0,read_1,7.11516,208.907,7.11516,3502.33,115.234,0.0629282,6.13446,0.0629282,0.629282,1.0,132.479,999.841,999.831,0.226368,53.56,0.226368,2.26368,1.0,write_0,54.6532,999.856,999.997,0.216448,68.226,0.216448,2.16448,1.0,write_1,132.479,0.226368,2.26368,hold_0,5.24105,0.56449,60.8742,0.0608742,0.608742,1.0,hold_1,5.25255,0.526949,61.4154,0.0614154,0.614154,1.0
3,3,4,1.1,27,341.79,135.75,488.05,read_0,233.379,9.55669,9.55669,114.15,1127.62,0.070277,6.7648,0.0773047,0.773047,1.0,read_1,9.55675,233.379,9.55675,1127.62,114.15,0.070277,6.7648,0.0773047,0.773047,1.0,130.621,1099.82,1099.8,0.270606,64.4981,0.297667,2.97667,1.0,write_0,52.8753,1099.83,1099.99,0.256172,83.5579,0.281789,2.81789,1.0,write_1,130.621,0.297667,2.97667,hold_0,5.36843,0.585698,74.3624,0.0817987,0.817987,1.0,hold_1,5.3737,0.547791,74.8661,0.0823527,0.823527,1.0
3,3,4,1.2,27,370.96,144.59,548.05,read_0,258.108,12.5113,12.5113,114.055,155.497,0.0778751,7.39633,0.0934501,0.934501,1.0,read_1,12.5113,258.108,12.5113,155.497,114.055,0.0778751,7.39633,0.0934501,0.934501,1.0,128.802,1199.78,1199.76,0.317585,75.5247,0.381101,3.81101,1.0,write_0,51.3843,1199.8,1199.99,0.299421,98.4438,0.359306,3.59306,1.0,write_1,128.802,0.381101,3.81101,hold_0,5.57606,0.611212,91.0077,0.109209,1.09209,1.0,hold_1,5.58637,0.58866,90.3772,0.108453,1.08453,1.0
3,3,4,1.3,27,399.61,152.79,613.1,read_0,283.133,16.0395,16.0395,258.912,166.028,0.0858978,8.0297,0.111667,1.11667,1.0,read_1,16.0396,283.133,16.0396,166.028,258.912,0.0858978,8.0297,0.111667,1.11667,1.0,127.08,1299.74,1299.71,0.368163,86.5634,0.478612,4.78612,1.0,write_0,50.117,1299.76,1299.98,0.346323,111.096,0.45022,4.5022,1.0,write_1,127.08,0.478612,4.78612,hold_0,5.87293,0.627914,110.352,0.143458,1.43458,1.0,hold_1,5.87072,0.627568,111.781,0.145315,1.45315,1.0
3,3,5,0.6,27,186.61,69.3,268.21,read_0,130.249,2.65472,2.65472,207.24,207.24,0.0420991,4.22253,0.0252595,0.252595,1.0,read_1,2.65474,130.249,2.65474,207.24,207.24,0.0420991,4.22253,0.0252595,0.252595,1.0,139.211,599.895,599.896,0.0840985,18.1608,0.0504591,0.504591,1.0,write_0,67.1283,599.903,599.995,0.0881566,18.7209,0.052894,0.52894,1.0,write_1,139.211,0.052894,0.52894,hold_0,6.97165,0.438741,25.7755,0.0154653,0.154653,1.0,hold_1,6.99938,0.450936,25.3571,0.0152142,0.152142,1.0
3,3,5,0.7,27,219.09,77.89,318.17,read_0,157.778,4.01684,4.01684,144.127,6828.81,0.049469,4.96573,0.0346283,0.346283,1.0,read_1,4.01686,157.778,4.01686,6828.81,144.127,0.049469,4.96573,0.0346283,0.346283,1.0,135.188,699.889,699.89,0.108792,25.1873,0.0761546,0.761546,1.0,write_0,60.4546,699.9,699.998,0.113237,29.4875,0.0792657,0.792657,1.0,write_1,135.188,0.0792657,0.792657,hold_0,6.45147,0.203092,32.4967,0.0227477,0.227477,1.0,hold_1,6.43736,0.253373,32.8078,0.0229654,0.229654,1.0
3,3,5,0.8,27,250.81,85.3,373.14,read_0,186.054,6.01062,6.01062,141.782,141.782,0.057886,5.70879,0.0463088,0.463088,1.0,read_1,6.01064,186.054,6.01064,141.782,141.782,0.057886,5.70879,0.0463088,0.463088,1.0,131.978,799.875,799.879,0.137172,32.2205,0.109738,1.09738,1.0,write_0,56.2547,799.893,799.994,0.139238,42.4548,0.11139,1.1139,1.0,write_1,131.978,0.11139,1.1139,hold_0,6.20046,0.535905,41.0606,0.0328485,0.328485,1.0,hold_1,6.1963,0.376149,41.5741,0.0332592,0.332592,1.0
3,3,5,0.9,27,281.79,91.7,433.14,read_0,214.982,8.69075,8.69075,211.741,150.435,0.0649211,6.44812,0.058429,0.58429,1.0,read_1,8.69079,214.982,8.69079,150.435,211.741,0.0649211,6.44812,0.058429,0.58429,1.0,129.256,899.859,899.858,0.169246,40.0599,0.152321,1.52321,1.0,write_0,53.4119,899.872,899.994,0.1702,55.2014,0.15318,1.5318,1.0,write_1,129.256,0.15318,1.5318,hold_0,6.10893,0.4842,51.7341,0.0465607,0.465607,1.0,hold_1,6.1087,0.466437,51.3252,0.0461927,0.461927,1.0
3,3,5,1.0,27,312.1,97.33,498.16,read_0,244.533,12.094,12.094,217.773,3419.98,0.0730505,7.18506,0.0730505,0.730505,1.0,read_1,12.0941,244.533,12.0941,3419.98,217.773,0.0730505,7.18506,0.0730505,0.730505,1.0,126.814,999.839,999.833,0.204698,48.6331,0.204698,2.04698,1.0,write_0,51.1207,999.853,999.988,0.204566,67.9062,0.204566,2.04566,1.0,write_1,126.814,0.204698,2.04698,hold_0,6.15135,0.563215,63.7651,0.0637651,0.637651,1.0,hold_1,6.14428,0.631246,64.2528,0.0642528,0.642528,1.0
3,3,5,1.1,27,341.77,102.0,563.11,read_0,274.693,16.2612,16.2612,114.256,2647.02,0.0814218,7.92064,0.089564,0.89564,1.0,read_1,16.2612,274.693,16.2612,2647.02,114.256,0.0814218,7.92064,0.089564,0.89564,1.0,124.534,1099.81,1099.8,0.243642,57.9286,0.268006,2.68006,1.0,write_0,49.3131,1099.83,1099.98,0.242248,82.5241,0.266473,2.66473,1.0,write_1,124.534,0.268006,2.68006,hold_0,6.30006,0.61554,78.0133,0.0858147,0.858147,1.0,hold_1,6.30075,0.617547,78.4833,0.0863316,0.863316,1.0
3,3,5,1.2,27,370.94,105.85,633.1,read_0,305.49,21.2518,21.2518,114.533,3496.33,0.0900561,8.65736,0.108067,1.08067,1.0,read_1,21.2518,305.49,21.2518,3496.33,114.533,0.0900561,8.65736,0.108067,1.08067,1.0,122.536,1199.78,1199.76,0.285975,67.8511,0.34317,3.4317,1.0,write_0,47.8069,1199.8,1199.98,0.283686,97.232,0.340424,3.40424,1.0,write_1,122.536,0.34317,3.4317,hold_0,6.51872,0.697806,94.349,0.113219,1.13219,1.0,hold_1,6.52425,0.701067,94.9432,0.113932,1.13932,1.0
3,3,5,1.3,27,399.59,108.84,703.01,read_0,336.965,27.1458,27.1458,117.482,4331.47,0.0990129,9.39607,0.128717,1.28717,1.0,read_1,27.1459,336.965,27.1459,4331.47,117.482,0.0990129,9.39607,0.128717,1.28717,1.0,120.738,1299.74,1299.71,0.332491,78.1515,0.432238,4.32238,1.0,write_0,46.4945,1299.77,1299.98,0.328377,111.883,0.42689,4.2689,1.0,write_1,120.738,0.432238,4.32238,hold_0,6.86768,0.706801,114.237,0.148509,1.48509,1.0,hold_1,6.8665,0.705908,114.5,0.14885,1.4885,1.0
3,4,1,0.6,27,179.5,144.26,,read_0,31.4505,0.270801,0.270801,214.625,4200.09,0.0174522,1.7174,0.0104713,0.104713,1.0,read_1,0.270821,31.4505,0.270821,4200.09,214.625,0.0174522,1.7174,0.0104713,0.104713,1.0,-1.0,98.7906,41.58,9.56377,9.75521,5.73826,57.3826,0.0,write_0,-1.0,41.5861,98.9203,9.65206,9.76902,5.79124,57.9124,0.0,write_1,-1.0,5.79124,57.9124,hold_0,601.345,599.846,164.537,0.0987221,0.987221,0.0,hold_1,2.88204,0.308305,24.6243,0.0147746,0.147746,1.0
3,4,1,0.7,27,209.99,169.91,,read_0,37.3868,0.302174,0.302174,9450.94,9750.47,0.0206037,2.0175,0.0144226,0.144226,1.0,read_1,0.302201,37.3868,0.302201,9750.47,9450.94,0.0206037,2.0175,0.0144226,0.144226,1.0,-1.0,106.666,46.9841,14.1709,14.4481,9.91963,99.1963,0.0,write_0,-1.0,46.9965,106.806,14.3002,14.4653,10.0102,100.102,0.0,write_1,-1.0,10.0102,100.102,hold_0,701.361,699.841,235.72,0.165004,1.65004,0.0,hold_1,2.67649,0.306809,32.1114,0.022478,0.22478,1.0
3,4,1,0.8,27,239.41,195.08,,read_0,43.2223,0.354315,0.354315,88.6563,113.258,0.0238351,2.31861,0.0190681,0.190681,1.0,read_1,0.354352,43.2223,0.354352,113.258,88.6563,0.0238351,2.31861,0.0190681,0.190681,1.0,-1.0,115.864,52.5198,19.3855,19.7678,15.5084,155.084,0.0,write_0,-1.0,52.5391,116.01,19.5616,19.7805,15.6493,156.493,0.0,write_1,-1.0,15.6493,156.493,hold_0,801.235,799.824,318.723,0.254979,2.54979,0.0,hold_1,2.57973,0.299577,42.1671,0.0337337,0.337337,1.0
3,4,1,0.9,27,268.04,219.57,,read_0,48.973,0.428723,0.428723,88.1874,112.601,0.0271505,2.61963,0.0244355,0.244355,1.0,read_1,0.42877,48.973,0.42877,112.601,88.1874,0.0271505,2.61963,0.0244355,0.244355,1.0,-1.0,125.971,58.1023,25.0838,25.5743,22.5754,225.754,0.0,write_0,-1.0,58.129,126.136,25.3099,25.591,22.7789,227.789,0.0,write_1,-1.0,22.7789,227.789,hold_0,901.257,899.806,413.209,0.371888,3.71888,0.0,hold_1,2.56163,0.292414,53.9865,0.0485878,0.485878,1.0
3,4,1,1.0,27,295.79,243.58,,read_0,54.6715,0.536231,0.536231,89.6157,76.3337,0.0305593,2.92076,0.0305593,0.305593,1.0,read_1,0.536291,54.6715,0.536291,76.3337,89.6157,0.0305593,2.92076,0.0305593,0.305593,1.0,-1.0,137.045,63.7497,31.1775,31.7704,31.1775,311.775,0.0,write_0,-1.0,63.7841,137.237,31.4571,31.7927,31.4571,314.571,0.0,write_1,-1.0,31.4571,314.571,hold_0,1001.38,999.878,515.757,0.515757,5.15757,0.0,hold_1,2.59038,0.283645,68.0397,0.0680397,0.680397,1.0
3,4,1,1.1,27,322.84,266.98,,read_0,60.388,0.66124,0.66124,70.1758,83.9412,0.0336342,3.23294,0.0369977,0.369977,1.0,read_1,0.661316,60.388,0.661316,83.9412,70.1758,0.0336342,3.23294,0.0369977,0.369977,1.0,-1.0,149.258,69.5038,37.6088,38.3184,41.3697,413.697,0.0,write_0,-1.0,69.5477,149.478,37.9461,38.3402,41.7408,417.408,0.0,write_1,-1.0,41.7408,417.408,hold_0,1101.38,1099.85,626.053,0.688659,6.88659,0.0,hold_1,2.67081,0.286276,84.7578,0.0932335,0.932335,1.0
3,4,1,1.2,27,349.23,289.74,,read_0,66.0905,0.820102,0.820102,70.0091,83.5536,0.0372197,3.53619,0.0446637,0.446637,1.0,read_1,0.820196,66.0905,0.820196,83.5536,70.0091,0.0372197,3.53619,0.0446637,0.446637,1.0,-1.0,162.804,75.4202,44.348,45.1706,53.2176,532.176,0.0,write_0,-1.0,75.4731,163.065,44.7439,45.2005,53.6927,536.927,0.0,write_1,-1.0,53.6927,536.927,hold_0,2.80251,0.278865,104.403,0.125283,1.25283,1.0,hold_1,1201.39,1199.8,745.564,0.894676,8.94676,0.0
3,4,1,1.3,27,374.93,311.88,,read_0,71.7974,1.02697,1.02697,64.9714,75.8382,0.0415247,3.82642,0.0539821,0.539821,1.0,read_1,1.02708,71.7974,1.02708,75.8382,64.9714,0.0415247,3.82642,0.0539821,0.539821,1.0,-1.0,177.894,81.5551,51.3854,52.3301,66.801,668.01,0.0,write_0,-1.0,81.6196,178.2,51.8431,52.3566,67.396,673.96,0.0,write_1,-1.0,67.396,673.96,hold_0,1301.39,1299.75,873.453,1.13549,11.3549,0.0,hold_1,2.97253,0.282443,128.332,0.166831,1.66831,1.0
3,4,2,0.6,27,179.48,121.95,108.21,read_0,56.3256,0.506864,0.506864,9298.21,143.878,0.0240954,2.36333,0.0144572,0.144572,1.0,read_1,0.506885,56.3256,0.506885,143.878,9298.21,0.0240954,2.36333,0.0144572,0.144572,1.0,178.258,599.864,599.865,0.153584,13.6822,0.0921501,0.921501,1.0,write_0,118.51,599.874,599.995,0.150238,13.681,0.0901428,0.901428,1.0,write_1,178.258,0.0921501,0.921501,hold_0,3.89252,0.389938,26.2529,0.0157517,0.157517,1.0,hold_1,3.89032,0.388765,26.1675,0.0157005,0.157005,1.0
3,4,2,0.7,27,209.98,142.84,123.27,read_0,67.2526,0.611879,0.611879,141.074,141.074,0.0285233,2.7775,0.0199663,0.199663,1.0,read_1,0.611907,67.2526,0.611907,141.074,141.074,0.0285233,2.7775,0.0199663,0.199663,1.0,172.224,699.857,699.855,0.202903,22.0533,0.142032,1.42032,1.0,write_0,103.803,699.867,699.994,0.195137,21.9681,0.136596,1.36596,1.0,write_1,172.224,0.142032,1.42032,hold_0,3.60632,0.377139,34.2713,0.0239899,0.239899,1.0,hold_1,3.61018,0.371236,33.8416,0.0236891,0.236891,1.0
3,4,2,0.8,27,239.39,163.54,138.29,read_0,78.0623,0.768972,0.768972,149.328,1434.45,0.0331457,3.19801,0.0265165,0.265165,1.0,read_1,0.769009,78.0623,0.769009,1434.45,149.328,0.0331457,3.19801,0.0265165,0.265165,1.0,168.42,799.845,799.833,0.259578,32.2114,0.207662,2.07662,1.0,write_0,94.6345,799.85,799.994,0.245716,32.1274,0.196573,1.96573,1.0,write_1,168.42,0.207662,2.07662,hold_0,3.48545,0.387324,43.6065,0.0348852,0.348852,1.0,hold_1,3.48475,0.386536,43.9117,0.0351294,0.351294,1.0
3,4,2,0.9,27,268.02,183.75,153.3,read_0,88.7664,0.986851,0.986851,90.5592,230.271,0.0378812,3.61844,0.034093,0.34093,1.0,read_1,0.986898,88.7664,0.986898,230.271,90.5592,0.0378812,3.61844,0.034093,0.34093,1.0,165.649,899.83,899.805,0.323374,44.0164,0.291036,2.91036,1.0,write_0,88.871,899.836,899.99,0.300402,44.1019,0.270362,2.70362,1.0,write_1,165.649,0.291036,2.91036,hold_0,3.44861,0.377017,55.7104,0.0501394,0.501394,1.0,hold_1,3.44876,0.375355,55.9454,0.0503509,0.503509,1.0
3,4,2,1.0,27,295.78,203.65,168.28,read_0,99.4009,1.28289,1.28289,90.2335,77.7172,0.0427762,4.0394,0.0427762,0.427762,1.0,read_1,1.28295,99.4009,1.28295,77.7172,90.2335,0.0427762,4.0394,0.0427762,0.427762,1.0,163.685,999.802,999.774,0.393982,57.2693,0.393982,3.93982,1.0,write_0,84.4234,999.806,999.99,0.360563,56.5766,0.360563,3.60563,1.0,write_1,163.685,0.393982,3.93982,hold_0,3.48776,0.366825,70.5283,0.0705283,0.705283,1.0,hold_1,3.48538,0.370754,71.3023,0.0713023,0.713023,1.0
3,4,2,1.1,27,322.82,223.13,183.25,read_0,110.015,1.67375,1.67375,89.9708,77.5793,0.0478475,4.46137,0.0526323,0.526323,1.0,read_1,1.67383,110.015,1.67383,77.5793,89.9708,0.0478475,4.46137,0.0526323,0.526323,1.0,162.072,1099.77,1099.73,0.469823,70.5056,0.516806,5.16806,1.0,write_0,81.1887,1099.78,1099.99,0.425019,71.4005,0.467521,4.67521,1.0,write_1,162.072,0.516806,5.16806,hold_0,3.59428,0.384975,86.9899,0.0956889,0.956889,1.0,hold_1,3.5822,0.377137,88.6836,0.0975519,0.975519,1.0
3,4,2,1.2,27,349.21,242.12,203.27,read_0,120.654,2.17477,2.17477,89.7188,77.4217,0.0531212,4.88475,0.0637454,0.637454,1.0,read_1,2.17487,120.654,2.17487,77.4217,89.7188,0.0531212,4.88475,0.0637454,0.637454,1.0,160.812,1199.73,1199.68,0.552367,86.2492,0.66284,6.6284,1.0,write_0,78.5865,1199.73,1199.98,0.493973,87.2567,0.592768,5.92768,1.0,write_1,160.812,0.66284,6.6284,hold_0,3.74354,0.372678,107.482,0.128978,1.28978,1.0,hold_1,3.74952,0.39972,107.491,0.128989,1.28989,1.0
3,4,2,1.3,27,374.91,260.59,223.26,read_0,131.368,2.81969,2.81969,89.4266,77.2187,0.058642,5.30953,0.0762346,0.762346,1.0,read_1,2.81981,131.368,2.81981,77.2187,89.4266,0.058642,5.30953,0.0762346,0.762346,1.0,159.104,1299.68,1299.61,0.637283,103.604,0.828468,8.28468,1.0,write_0,76.3432,1299.68,1299.97,0.567739,103.186,0.738061,7.38061,1.0,write_1,159.104,0.828468,8.28468,hold_0,3.95777,0.377849,130.513,0.169667,1.69667,1.0,hold_1,3.95589,0.381247,130.194,0.169253,1.69253,1.0
3,4,3,0.6,27,179.46,104.6,178.22,read_0,76.7468,0.864386,0.864386,281.894,281.894,0.0301735,3.00029,0.0181041,0.181041,1.0,read_1,0.864407,76.7468,0.864407,281.894,281.894,0.0301735,3.00029,0.0181041,0.181041,1.0,154.319,599.862,599.865,0.122072,15.7758,0.0732429,0.732429,1.0,write_0,87.7522,599.873,599.995,0.119817,15.816,0.0718901,0.718901,1.0,write_1,154.319,0.0732429,0.732429,hold_0,4.89364,0.454285,27.6365,0.0165819,0.165819,1.0,hold_1,4.86133,0.368418,27.9563,0.0167738,0.167738,1.0
3,4,3,0.7,27,209.96,121.63,208.21,read_0,91.9607,1.11903,1.11903,142.295,142.295,0.0362089,3.51775,0.0253462,0.253462,1.0,read_1,1.11906,91.9607,1.11906,142.295,142.295,0.0362089,3.51775,0.0253462,0.253462,1.0,150.549,699.855,699.858,0.159836,24.9885,0.111885,1.11885,1.0,write_0,77.386,699.865,699.994,0.152469,24.8341,0.106728,1.06728,1.0,write_1,150.549,0.111885,1.11885,hold_0,4.56297,0.477969,35.4536,0.0248175,0.248175,1.0,hold_1,4.54845,0.430892,35.3327,0.0247329,0.247329,1.0
3,4,3,0.8,27,239.38,138.29,243.26,read_0,107.119,1.49422,1.49422,140.123,553.243,0.0420522,4.04824,0.0336418,0.336418,1.0,read_1,1.49426,107.119,1.49426,553.243,140.123,0.0420522,4.04824,0.0336418,0.336418,1.0,147.683,799.844,799.838,0.203585,36.1902,0.162868,1.62868,1.0,write_0,71.0492,799.85,799.993,0.190163,36.2852,0.152131,1.52131,1.0,write_1,147.683,0.162868,1.62868,hold_0,4.38127,0.462861,46.2039,0.0369631,0.369631,1.0,hold_1,4.38829,0.451976,45.9748,0.0367799,0.367799,1.0
3,4,3,0.9,27,268.01,154.55,273.14,read_0,122.208,2.01436,2.01436,146.169,213.354,0.0481456,4.57953,0.043331,0.43331,1.0,read_1,2.01441,122.208,2.01441,213.354,146.169,0.0481456,4.57953,0.043331,0.43331,1.0,145.979,899.826,899.812,0.25339,49.1379,0.228051,2.28051,1.0,write_0,66.7906,899.833,899.992,0.231853,49.0033,0.208667,2.08667,1.0,write_1,145.979,0.228051,2.28051,hold_0,4.3384,0.464572,58.119,0.0523071,0.523071,1.0,hold_1,4.34051,0.46712,58.963,0.0530667,0.530667,1.0
3,4,3,1.0,27,295.76,170.53,313.22,read_0,137.253,2.72703,2.72703,90.499,78.5426,0.0544195,5.1114,0.0544195,0.544195,1.0,read_1,2.72709,137.253,2.72709,78.5426,90.499,0.0544195,5.1114,0.0544195,0.544195,1.0,144.012,999.806,999.775,0.307953,63.4898,0.307953,3.07953,1.0,write_0,63.7235,999.805,999.991,0.277755,63.3582,0.277755,2.77755,1.0,write_1,144.012,0.307953,3.07953,hold_0,4.38024,0.468247,72.822,0.072822,0.72822,1.0,hold_1,4.38183,0.463765,73.0887,0.0730887,0.730887,1.0
3,4,3,1.1,27,322.81,186.13,348.14,read_0,152.294,3.65001,3.65001,90.1954,78.4243,0.0609253,5.64832,0.0670179,0.670179,1.0,read_1,3.65009,152.294,3.65009,78.4243,90.1954,0.0609253,5.64832,0.0670179,0.670179,1.0,142.509,1099.78,1099.73,0.369895,78.7855,0.406885,4.06885,1.0,write_0,61.4019,1099.77,1099.99,0.327768,78.4867,0.360545,3.60545,1.0,write_1,142.509,0.406885,4.06885,hold_0,4.50054,0.464749,89.7985,0.0987784,0.987784,1.0,hold_1,4.50493,0.457103,90.393,0.0994323,0.994323,1.0
3,4,3,1.2,27,349.2,201.3,388.1,read_0,167.388,4.76926,4.76926,89.9251,113.222,0.0676634,6.18742,0.0811961,0.811961,1.0,read_1,4.76935,167.388,4.76935,113.222,89.9251,0.0676634,6.18742,0.0811961,0.811961,1.0,141.445,1199.73,1199.68,0.437406,93.6018,0.524887,5.24887,1.0,write_0,59.8068,1199.73,1199.98,0.384086,94.5029,0.460903,4.60903,1.0,write_1,141.445,0.524887,5.24887,hold_0,4.68397,0.461346,109.543,0.131451,1.31451,1.0,hold_1,4.6972,0.494977,111.216,0.133459,1.33459,1.0
3,4,3,1.3,27,374.89,215.96,433.16,read_0,182.578,6.22726,6.22726,86.7246,75.8141,0.0747105,6.73026,0.0971236,0.971236,1.0,read_1,6.22738,182.578,6.22738,75.8141,86.7246,0.0747105,6.73026,0.0971236,0.971236,1.0,139.91,1299.6,1299.7,0.509288,107.423,0.662074,6.62074,1.0,write_0,58.3102,1299.68,1299.98,0.443588,112.398,0.576664,5.76664,1.0,write_1,139.91,0.662074,6.62074,hold_0,4.95793,0.504437,135.065,0.175584,1.75584,1.0,hold_1,4.95656,0.507594,135.61,0.176293,1.76293,1.0
3,4,4,0.6,27,179.44,90.22,218.1,read_0,94.0483,1.36235,1.36235,313.091,210.015,0.036185,3.6283,0.021711,0.21711,1.0,read_1,1.36237,94.0483,1.36237,210.015,313.091,0.036185,3.6283,0.021711,0.21711,1.0,146.346,599.861,599.864,0.108659,17.387,0.0651957,0.651957,1.0,write_0,76.2842,599.872,599.996,0.10825,17.366,0.0649497,0.649497,1.0,write_1,146.346,0.0651957,0.651957,hold_0,5.91537,0.482579,29.0893,0.0174536,0.174536,1.0,hold_1,5.91675,0.480473,28.862,0.0173172,0.173172,1.0
3,4,4,0.7,27,209.94,103.85,263.25,read_0,113.051,1.87239,1.87239,142.412,142.412,0.0436904,4.25964,0.0305833,0.305833,1.0,read_1,1.87242,113.051,1.87242,142.412,142.412,0.0436904,4.25964,0.0305833,0.305833,1.0,142.54,699.855,699.855,0.141725,27.4304,0.0992077,0.992077,1.0,write_0,67.9482,699.867,699.998,0.138023,27.6696,0.0966164,0.966164,1.0,write_1,142.54,0.0992077,0.992077,hold_0,5.50678,0.543112,37.8206,0.0264744,0.264744,1.0,hold_1,5.49929,0.543036,37.9323,0.0265526,0.265526,1.0
3,4,4,0.8,27,239.36,116.86,303.15,read_0,132.131,2.61717,2.61717,139.822,5327.4,0.0507393,4.90532,0.0405914,0.405914,1.0,read_1,2.61721,132.131,2.61721,5327.4,139.822,0.0507393,4.90532,0.0405914,0.405914,1.0,139.547,799.844,799.838,0.180248,38.5505,0.144198,1.44198,1.0,write_0,62.7417,799.852,799.995,0.171752,39.6529,0.137401,1.37401,1.0,write_1,139.547,0.144198,1.44198,hold_0,5.29075,0.517122,48.431,0.0387448,0.387448,1.0,hold_1,5.29199,0.509606,48.0481,0.0384385,0.384385,1.0
3,4,4,0.9,27,267.99,129.42,353.22,read_0,151.24,3.64372,3.64372,135.952,2920.05,0.0580127,5.54859,0.0522114,0.522114,1.0,read_1,3.64377,151.24,3.64377,2920.05,135.952,0.0580127,5.54859,0.0522114,0.522114,1.0,137.241,899.822,899.808,0.223515,48.4096,0.201164,2.01164,1.0,write_0,59.2517,899.83,899.99,0.209805,53.498,0.188824,1.88824,1.0,write_1,137.241,0.201164,2.01164,hold_0,5.23314,0.540925,61.0038,0.0549034,0.549034,1.0,hold_1,5.23131,0.541666,61.3374,0.0552037,0.552037,1.0
3,4,4,1.0,27,295.74,141.52,398.12,read_0,170.381,4.99428,4.99428,136.068,2134.38,0.0655492,6.19022,0.0655492,0.655492,1.0,read_1,4.99434,170.381,4.99434,2134.38,136.068,0.0655492,6.19022,0.0655492,0.655492,1.0,135.119,999.796,999.78,0.271684,58.3722,0.271684,2.71684,1.0,write_0,56.7642,999.806,999.99,0.252145,68.5854,0.252145,2.52145,1.0,write_1,135.119,0.271684,2.71684,hold_0,5.28309,0.554402,76.5063,0.0765063,0.765063,1.0,hold_1,5.28196,0.556224,76.3601,0.0763601,0.763601,1.0
3,4,4,1.1,27,322.79,153.21,453.18,read_0,189.584,6.74863,6.74863,90.3747,79.0534,0.073367,6.83185,0.0807037,0.807037,1.0,read_1,6.74871,189.584,6.74871,79.0534,90.3747,0.073367,6.83185,0.0807037,0.807037,1.0,133.336,1099.76,1099.74,0.325661,70.4995,0.358227,3.58227,1.0,write_0,54.859,1099.77,1100.0,0.298844,85.1912,0.328728,3.28728,1.0,write_1,133.336,0.358227,3.58227,hold_0,5.42281,0.572267,93.8623,0.103249,1.03249,1.0,hold_1,5.41583,0.560325,93.3635,0.1027,1.027,1.0
3,4,4,1.2,27,349.18,164.34,503.09,read_0,208.886,8.87615,8.87615,139.066,76.54,0.0814624,7.47513,0.0977549,0.977549,1.0,read_1,8.87625,208.886,8.87625,76.54,139.066,0.0814624,7.47513,0.0977549,0.977549,1.0,131.611,1199.72,1199.69,0.383043,82.4917,0.459651,4.59651,1.0,write_0,53.3348,1199.73,1199.99,0.349987,102.084,0.419984,4.19984,1.0,write_1,131.611,0.459651,4.59651,hold_0,5.64756,0.586522,115.158,0.13819,1.3819,1.0,hold_1,5.64132,0.56189,115.047,0.138057,1.38057,1.0
3,4,4,1.3,27,374.87,174.85,563.14,read_0,228.338,11.4878,11.4878,116.647,161.59,0.0884877,8.1207,0.115034,1.15034,1.0,read_1,11.4879,228.338,11.4879,161.59,116.647,0.0884877,8.1207,0.115034,1.15034,1.0,130.039,1299.67,1299.61,0.446217,95.6844,0.580083,5.80083,1.0,write_0,52.0333,1299.68,1299.99,0.405872,118.728,0.527634,5.27634,1.0,write_1,130.039,0.580083,5.80083,hold_0,5.95112,0.602444,139.376,0.181188,1.81188,1.0,hold_1,5.94853,0.606521,139.426,0.181253,1.81253,1.0
3,4,5,0.6,27,179.42,77.88,248.06,read_0,109.093,2.03246,2.03246,207.461,207.461,0.0428035,4.24845,0.0256821,0.256821,1.0,read_1,2.03248,109.093,2.03248,207.461,207.461,0.0428035,4.24845,0.0256821,0.256821,1.0,141.184,599.865,599.864,0.100095,18.5284,0.0600572,0.600572,1.0,write_0,70.067,599.871,599.997,0.102936,18.841,0.0617615,0.617615,1.0,write_1,141.184,0.0617615,0.617615,hold_0,6.83539,0.35933,30.9282,0.0185569,0.185569,1.0,hold_1,6.89954,0.619045,30.2163,0.0181298,0.181298,1.0
3,4,5,0.7,27,209.93,88.6,298.17,read_0,131.543,2.91695,2.91695,142.703,142.703,0.0504293,4.99738,0.0353005,0.353005,1.0,read_1,2.91697,131.543,2.91697,142.703,142.703,0.0504293,4.99738,0.0353005,0.353005,1.0,137.256,699.855,699.857,0.129792,27.2938,0.0908541,0.908541,1.0,write_0,62.8323,699.868,699.995,0.129646,29.4878,0.0907523,0.907523,1.0,write_1,137.256,0.0908541,0.908541,hold_0,6.40091,0.512469,39.581,0.0277067,0.277067,1.0,hold_1,6.39896,0.508016,39.795,0.0278565,0.278565,1.0
3,4,5,0.8,27,239.35,98.27,348.12,read_0,154.279,4.21709,4.21709,139.688,5310.63,0.0592119,5.75336,0.0473696,0.473696,1.0,read_1,4.21713,154.279,4.21713,5310.63,139.688,0.0592119,5.75336,0.0473696,0.473696,1.0,134.184,799.84,799.844,0.164421,35.1165,0.131537,1.31537,1.0,write_0,58.3318,799.855,800.004,0.161693,42.1937,0.129354,1.29354,1.0,write_1,134.184,0.131537,1.31537,hold_0,6.19458,0.558531,50.258,0.0402064,0.402064,1.0,hold_1,6.18764,0.565759,50.1477,0.0401181,0.401181,1.0
3,4,5,0.9,27,267.98,107.3,403.12,read_0,177.224,5.99077,5.99077,136.503,5305.51,0.0675651,6.50624,0.0608086,0.608086,1.0,read_1,5.99081,177.224,5.99081,5305.51,136.503,0.0675651,6.50624,0.0608086,0.608086,1.0,131.575,899.818,899.812,0.203441,43.8744,0.183097,1.83097,1.0,write_0,55.2425,899.833,899.998,0.197815,56.8775,0.178034,1.78034,1.0,write_1,131.575,0.183097,1.83097,hold_0,6.12188,0.608303,63.4314,0.0570883,0.570883,1.0,hold_1,6.11564,0.613217,63.8405,0.0574564,0.574564,1.0
3,4,5,1.0,27,295.73,115.59,463.15,read_0,200.361,8.29068,8.29068,136.312,3716.09,0.0762891,7.2569,0.0762891,0.762891,1.0,read_1,8.29074,200.361,8.29074,3716.09,136.312,0.0762891,7.2569,0.0762891,0.762891,1.0,129.199,999.793,999.78,0.24713,53.4192,0.24713,2.4713,1.0,write_0,52.9842,999.809,999.993,0.238277,70.9311,0.238277,2.38277,1.0,write_1,129.199,0.24713,2.4713,hold_0,6.17641,0.633717,78.2903,0.0782903,0.782903,1.0,hold_1,6.17932,0.637272,78.355,0.078355,0.78355,1.0
3,4,5,1.1,27,322.78,123.26,523.12,read_0,223.696,11.1623,11.1623,135.778,2122.93,0.0853048,8.00715,0.0938353,0.938353,1.0,read_1,11.1624,223.696,11.1624,2122.93,135.778,0.0853048,8.00715,0.0938353,0.938353,1.0,126.985,1099.76,1099.74,0.294681,63.7959,0.324149,3.24149,1.0,write_0,51.0969,1099.77,1099.99,0.283234,83.8162,0.311557,3.11557,1.0,write_1,126.985,0.324149,3.24149,hold_0,6.33793,0.645307,96.6791,0.106347,1.06347,1.0,hold_1,6.33348,0.638995,97.8146,0.107596,1.07596,1.0
3,4,5,1.2,27,349.16,130.26,588.13,read_0,247.258,14.668,14.668,113.259,153.105,0.0931329,8.75911,0.111759,1.11759,1.0,read_1,14.6681,247.258,14.6681,153.105,113.259,0.0931329,8.75911,0.111759,1.11759,1.0,125.052,1199.72,1199.68,0.346783,74.5235,0.416139,4.16139,1.0,write_0,49.5995,1199.73,1199.98,0.332197,101.293,0.398636,3.98636,1.0,write_1,125.052,0.416139,4.16139,hold_0,6.59129,0.65427,118.259,0.14191,1.4191,1.0,hold_1,6.59836,0.669685,118.565,0.142278,1.42278,1.0
3,4,5,1.3,27,374.86,136.5,653.09,read_0,271.097,18.8963,18.8963,117.152,160.439,0.102817,9.51358,0.133662,1.33662,1.0,read_1,18.8964,271.097,18.8964,160.439,117.152,0.102817,9.51358,0.133662,1.33662,1.0,123.344,1299.66,1299.63,0.404051,86.9118,0.525266,5.25266,1.0,write_0,48.2995,1299.68,1299.98,0.385608,117.481,0.50129,5.0129,1.0,write_1,123.344,0.525266,5.25266,hold_0,6.94819,0.685542,143.636,0.186727,1.86727,1.0,hold_1,6.94442,0.694895,142.796,0.185635,1.85635,1.0
3,5,1,0.6,27,173.94,143.73,,read_0,25.8161,0.296439,0.296439,117.248,117.248,0.0175144,1.72726,0.0105086,0.105086,1.0,read_1,0.296464,25.8161,0.296464,117.248,117.248,0.0175144,1.72726,0.0105086,0.105086,1.0,-1.0,93.8057,33.6562,9.57302,9.76469,5.74381,57.4381,0.0,write_0,-1.0,33.6633,93.9684,9.6612,9.7807,5.79672,57.9672,0.0,write_1,-1.0,5.79672,57.9672,hold_0,601.123,599.815,169.763,0.101858,1.01858,0.0,hold_1,2.85219,0.296297,29.8878,0.0179327,0.179327,1.0
3,5,1,0.7,27,202.89,168.64,,read_0,30.6748,0.325665,0.325665,150.997,115.198,0.0206848,2.02826,0.0144794,0.144794,1.0,read_1,0.325699,30.6748,0.325699,115.198,150.997,0.0206848,2.02826,0.0144794,0.144794,1.0,-1.0,102.473,38.2035,14.1785,14.4614,9.92498,99.2498,0.0,write_0,-1.0,38.2148,102.647,14.3077,14.4727,10.0154,100.154,0.0,write_1,-1.0,10.0154,100.154,hold_0,701.097,699.808,242.953,0.170067,1.70067,0.0,hold_1,2.69309,0.294579,38.908,0.0272356,0.272356,1.0
3,5,1,0.8,27,230.66,192.98,,read_0,35.447,0.376243,0.376243,88.4312,226.118,0.023937,2.33128,0.0191496,0.191496,1.0,read_1,0.376289,35.447,0.376289,226.118,88.4312,0.023937,2.33128,0.0191496,0.191496,1.0,-1.0,112.098,42.7847,19.3908,19.7726,15.5126,155.126,0.0,write_0,-1.0,42.8063,112.278,19.5665,19.7853,15.6532,156.532,0.0,write_1,-1.0,15.6532,156.532,hold_0,801.121,799.807,328.342,0.262674,2.62674,0.0,hold_1,2.60565,0.276056,51.7805,0.0414244,0.414244,1.0
3,5,1,0.9,27,257.48,216.53,,read_0,40.162,0.45994,0.45994,73.1272,90.2175,0.0271317,2.64421,0.0244185,0.244185,1.0,read_1,0.459999,40.162,0.459999,90.2175,73.1272,0.0271317,2.64421,0.0244185,0.244185,1.0,-1.0,122.493,47.3792,25.0856,25.5716,22.577,225.77,0.0,write_0,-1.0,47.4088,122.698,25.3118,25.5879,22.7806,227.806,0.0,write_1,-1.0,22.7806,227.806,hold_0,901.061,899.794,425.713,0.383142,3.83142,0.0,hold_1,2.59421,0.26291,65.6499,0.0590849,0.590849,1.0
3,5,1,1.0,27,283.33,239.37,,read_0,44.8307,0.550704,0.550704,72.4035,88.9378,0.0305009,2.94834,0.0305009,0.305009,1.0,read_1,0.550779,44.8307,0.550779,88.9378,72.4035,0.0305009,2.94834,0.0305009,0.305009,1.0,-1.0,133.787,52.0162,31.174,31.765,31.174,311.74,0.0,write_0,-1.0,52.0523,134.023,31.4546,31.788,31.4546,314.546,0.0,write_1,-1.0,31.4546,314.546,hold_0,1001.06,999.762,531.109,0.531109,5.31109,0.0,hold_1,2.6384,0.253827,82.6428,0.0826428,0.826428,1.0
3,5,1,1.1,27,308.39,261.53,,read_0,49.4841,0.669288,0.669288,72.0949,88.2116,0.0340079,3.2523,0.0374087,0.374087,1.0,read_1,0.669383,49.4841,0.669383,88.2116,72.0949,0.0340079,3.2523,0.0374087,0.374087,1.0,-1.0,146.184,56.7398,37.5989,38.305,41.3587,413.587,0.0,write_0,-1.0,56.7789,146.462,37.936,38.3327,41.7296,417.296,0.0,write_1,-1.0,41.7296,417.296,hold_0,1101.06,1099.72,645.582,0.710141,7.10141,0.0,hold_1,2.73554,0.268831,103.819,0.114201,1.14201,1.0
3,5,1,1.2,27,332.63,282.91,,read_0,54.1505,0.82252,0.82252,71.8444,87.6533,0.0376439,3.55654,0.0451727,0.451727,1.0,read_1,0.822639,54.1505,0.822639,87.6533,71.8444,0.0376439,3.55654,0.0451727,0.451727,1.0,-1.0,159.899,61.5859,44.3289,45.1513,53.1947,531.947,0.0,write_0,-1.0,61.6349,160.225,44.7254,45.1732,53.6705,536.705,0.0,write_1,-1.0,53.6705,536.705,hold_0,1201.07,1199.67,769.339,0.923207,9.23207,0.0,hold_1,2.87195,0.244079,127.907,0.153488,1.53488,1.0
3,5,1,1.3,27,356.17,303.63,,read_0,58.8279,1.02826,1.02826,88.4837,75.137,0.0417732,3.84635,0.0543051,0.543051,1.0,read_1,1.02841,58.8279,1.02841,75.137,88.4837,0.0417732,3.84635,0.0543051,0.543051,1.0,-1.0,175.148,66.6179,51.3571,52.3027,66.7643,667.643,0.0,write_0,-1.0,66.6731,175.533,51.8155,52.3263,67.3601,673.601,0.0,write_1,-1.0,67.3601,673.601,hold_0,1301.08,1299.6,902.916,1.17379,11.7379,0.0,hold_1,3.05046,0.246981,157.741,0.205063,2.05063,1.0
3,5,2,0.6,27,173.92,123.86,98.28,read_0,47.0783,0.499658,0.499658,9839.04,140.711,0.0238771,2.38125,0.0143262,0.143262,1.0,read_1,0.499684,47.0783,0.499684,140.711,9839.04,0.0238771,2.38125,0.0143262,0.143262,1.0,184.96,599.832,599.832,0.178267,14.0385,0.10696,1.0696,1.0,write_0,129.549,599.839,599.996,0.174638,14.1431,0.104783,1.04783,1.0,write_1,184.96,0.10696,1.0696,hold_0,3.86835,0.40839,31.1445,0.0186867,0.186867,1.0,hold_1,3.87077,0.407083,31.1141,0.0186684,0.186684,1.0
3,5,2,0.7,27,202.88,144.8,108.28,read_0,56.1427,0.585798,0.585798,147.545,212.034,0.0287669,2.80356,0.0201369,0.201369,1.0,read_1,0.585833,56.1427,0.585833,212.034,147.545,0.0287669,2.80356,0.0201369,0.201369,1.0,178.329,699.827,699.811,0.236825,22.7149,0.165778,1.65778,1.0,write_0,113.251,699.833,699.993,0.227918,22.6732,0.159543,1.59543,1.0,write_1,178.329,0.165778,1.65778,hold_0,3.62448,0.392668,41.2728,0.0288909,0.288909,1.0,hold_1,3.60481,0.384606,40.6837,0.0284786,0.284786,1.0
3,5,2,0.8,27,230.65,165.34,118.26,read_0,65.0912,0.716448,0.716448,149.685,218.863,0.0334142,3.22818,0.0267314,0.267314,1.0,read_1,0.716493,65.0912,0.716493,218.863,149.685,0.0334142,3.22818,0.0267314,0.267314,1.0,174.183,799.811,799.794,0.303542,33.1202,0.242833,2.42833,1.0,write_0,102.987,799.814,799.993,0.288163,32.3886,0.23053,2.3053,1.0,write_1,174.183,0.242833,2.42833,hold_0,3.50119,0.363533,52.744,0.0421952,0.421952,1.0,hold_1,3.50429,0.369814,52.5021,0.0420017,0.420017,1.0
3,5,2,0.9,27,257.47,185.32,133.32,read_0,73.9428,0.897325,0.897325,90.3024,228.634,0.0382154,3.6531,0.0343938,0.343938,1.0,read_1,0.897384,73.9428,0.897384,228.634,90.3024,0.0382154,3.6531,0.0343938,0.343938,1.0,171.166,899.786,899.764,0.378385,45.3979,0.340546,3.40546,1.0,write_0,96.5806,899.792,899.99,0.35484,45.208,0.319356,3.19356,1.0,write_1,171.166,0.340546,3.40546,hold_0,3.47964,0.347251,67.7381,0.0609643,0.609643,1.0,hold_1,3.47642,0.365563,67.5381,0.0607843,0.607843,1.0
3,5,2,1.0,27,283.32,204.83,143.27,read_0,82.7317,1.13993,1.13993,89.93,77.1339,0.0431867,4.07823,0.0431867,0.431867,1.0,read_1,1.14,82.7317,1.14,77.1339,89.93,0.0431867,4.07823,0.0431867,0.431867,1.0,168.927,999.757,999.72,0.460754,58.2203,0.460754,4.60754,1.0,write_0,91.8115,999.756,999.987,0.426129,57.918,0.426129,4.26129,1.0,write_1,168.927,0.460754,4.60754,hold_0,3.52864,0.336921,86.0118,0.0860118,0.860118,1.0,hold_1,3.52916,0.331162,85.4265,0.0854265,0.854265,1.0
3,5,2,1.1,27,308.38,223.74,158.29,read_0,91.5023,1.46947,1.46947,89.6258,76.9677,0.0483481,4.50415,0.0531829,0.531829,1.0,read_1,1.46956,91.5023,1.46956,76.9677,89.6258,0.0483481,4.50415,0.0531829,0.531829,1.0,166.984,1099.71,1099.67,0.550099,73.6568,0.605109,6.05109,1.0,write_0,88.2365,1099.72,1099.98,0.503691,73.694,0.55406,5.5406,1.0,write_1,166.984,0.605109,6.05109,hold_0,3.64252,0.324562,107.618,0.11838,1.1838,1.0,hold_1,3.64205,0.325497,106.926,0.117619,1.17619,1.0
3,5,2,1.2,27,332.62,242.05,173.28,read_0,100.299,1.88944,1.88944,89.3293,76.7786,0.0537246,4.93133,0.0644695,0.644695,1.0,read_1,1.88956,100.299,1.88956,76.7786,89.3293,0.0537246,4.93133,0.0644695,0.644695,1.0,165.311,1199.66,1199.61,0.645686,89.982,0.774823,7.74823,1.0,write_0,85.3169,1199.66,1199.98,0.586911,90.0563,0.704294,7.04294,1.0,write_1,165.311,0.774823,7.74823,hold_0,3.81533,0.365047,131.168,0.157402,1.57402,1.0,hold_1,3.81697,0.354983,131.578,0.157894,1.57894,1.0
3,5,2,1.3,27,356.16,259.73,193.32,read_0,109.163,2.43257,2.43257,88.9895,76.5428,0.0593467,5.35981,0.0771507,0.771507,1.0,read_1,2.43272,109.163,2.43272,76.5428,88.9895,0.0593467,5.35981,0.0771507,0.771507,1.0,163.694,1299.59,1299.53,0.746611,106.839,0.970594,9.70594,1.0,write_0,82.6513,1299.6,1299.98,0.677222,106.681,0.880389,8.80389,1.0,write_1,163.694,0.970594,9.70594,hold_0,4.04558,0.364254,160.947,0.209231,2.09231,1.0,hold_1,4.04348,0.372099,160.439,0.208571,2.08571,1.0
3,5,3,0.6,27,173.9,108.21,168.28,read_0,65.0362,0.791749,0.791749,274.988,190.021,0.0304212,3.01909,0.0182527,0.182527,1.0,read_1,0.791775,65.0362,0.791775,190.021,274.988,0.0304212,3.01909,0.0182527,0.182527,1.0,157.011,599.83,599.832,0.140026,15.8066,0.0840158,0.840158,1.0,write_0,92.8788,599.841,599.996,0.137686,15.8765,0.0826119,0.826119,1.0,write_1,157.011,0.0840158,0.840158,hold_0,4.82745,0.432539,32.7174,0.0196304,0.196304,1.0,hold_1,4.85708,0.487109,32.5985,0.0195591,0.195591,1.0
3,5,3,0.7,27,202.87,125.88,193.21,read_0,77.7937,0.988489,0.988489,139.836,139.836,0.0365682,3.55054,0.0255977,0.255977,1.0,read_1,0.988523,77.7937,0.988523,139.836,139.836,0.0365682,3.55054,0.0255977,0.255977,1.0,152.845,699.822,699.821,0.183403,25.1404,0.128382,1.28382,1.0,write_0,81.6413,699.834,699.994,0.174749,25.1234,0.122325,1.22325,1.0,write_1,152.845,0.128382,1.28382,hold_0,4.54339,0.477181,42.2957,0.029607,0.29607,1.0,hold_1,4.51925,0.466505,42.7116,0.0298981,0.298981,1.0
3,5,3,0.8,27,230.63,142.98,223.22,read_0,90.4611,1.27716,1.27716,143.779,205.548,0.0425195,4.09172,0.0340156,0.340156,1.0,read_1,1.27721,90.4611,1.27721,205.548,143.779,0.0425195,4.09172,0.0340156,0.340156,1.0,150.145,799.808,799.797,0.233478,36.4687,0.186783,1.86783,1.0,write_0,74.7037,799.814,799.992,0.217856,36.7436,0.174285,1.74285,1.0,write_1,150.145,0.186783,1.86783,hold_0,4.39883,0.453368,54.8872,0.0439097,0.439097,1.0,hold_1,4.40388,0.458528,54.4917,0.0435933,0.435933,1.0
3,5,3,0.9,27,257.45,159.61,253.16,read_0,103.039,1.67581,1.67581,146.336,213.107,0.0487252,4.63319,0.0438527,0.438527,1.0,read_1,1.67587,103.039,1.67587,213.107,146.336,0.0487252,4.63319,0.0438527,0.438527,1.0,147.844,899.783,899.763,0.290302,49.8629,0.261272,2.61272,1.0,write_0,70.1041,899.792,899.991,0.265894,49.7588,0.239305,2.39305,1.0,write_1,147.844,0.261272,2.61272,hold_0,4.36697,0.436121,70.2967,0.063267,0.63267,1.0,hold_1,4.3613,0.454611,70.6976,0.0636279,0.636279,1.0
3,5,3,1.0,27,283.3,175.83,288.21,read_0,115.562,2.21217,2.21217,90.2571,113.44,0.0551276,5.17567,0.0551276,0.551276,1.0,read_1,2.21224,115.562,2.21224,113.44,90.2571,0.0551276,5.17567,0.0551276,0.551276,1.0,146.476,999.752,999.721,0.35434,64.3235,0.35434,3.5434,1.0,write_0,66.7753,999.758,999.988,0.319007,64.086,0.319007,3.19007,1.0,write_1,146.476,0.35434,3.5434,hold_0,4.42129,0.426308,88.1039,0.0881039,0.881039,1.0,hold_1,4.41898,0.418117,88.4014,0.0884014,0.884014,1.0
3,5,3,1.1,27,308.37,191.58,323.2,read_0,128.073,2.91868,2.91868,89.9091,77.858,0.0617807,5.71969,0.0679587,0.679587,1.0,read_1,2.91877,128.073,2.91877,77.858,89.9091,0.0617807,5.71969,0.0679587,0.679587,1.0,144.639,1099.71,1099.67,0.424253,79.9237,0.466678,4.66678,1.0,write_0,64.3497,1099.71,1099.98,0.377359,80.316,0.415094,4.15094,1.0,write_1,144.639,0.466678,4.66678,hold_0,4.55514,0.408471,109.522,0.120475,1.20475,1.0,hold_1,4.55504,0.443313,109.453,0.120398,1.20398,1.0
3,5,3,1.2,27,332.61,206.78,363.24,read_0,140.624,3.8447,3.8447,89.5793,77.6782,0.0687163,6.2658,0.0824596,0.824596,1.0,read_1,3.84482,140.624,3.84482,77.6782,89.5793,0.0687163,6.2658,0.0824596,0.824596,1.0,143.501,1199.67,1199.6,0.500754,97.2177,0.600904,6.00904,1.0,write_0,62.2073,1199.66,1199.98,0.440784,96.4857,0.528941,5.28941,1.0,write_1,143.501,0.600904,6.00904,hold_0,4.75912,0.407509,134.696,0.161635,1.61635,1.0,hold_1,4.75857,0.459351,134.924,0.161908,1.61908,1.0
3,5,3,1.3,27,356.14,221.39,398.15,read_0,153.268,5.02931,5.02931,89.214,77.4544,0.0759682,6.81445,0.0987587,0.987587,1.0,read_1,5.02945,153.268,5.02945,77.4544,89.214,0.0759682,6.81445,0.0987587,0.987587,1.0,141.995,1299.6,1299.53,0.581806,114.724,0.756348,7.56348,1.0,write_0,60.8375,1299.6,1299.97,0.512432,115.041,0.666162,6.66162,1.0,write_1,141.995,0.756348,7.56348,hold_0,5.03089,0.413988,166.212,0.216075,2.16075,1.0,hold_1,5.03149,0.465673,165.043,0.214556,2.14556,1.0
3,5,4,0.6,27,173.89,95.03,208.18,read_0,80.5446,1.19305,1.19305,729.431,189.05,0.0367838,3.65309,0.0220703,0.220703,1.0,read_1,1.19308,80.5446,1.19308,189.05,729.431,0.0367838,3.65309,0.0220703,0.220703,1.0,148.076,599.832,599.832,0.12482,17.4398,0.0748921,0.748921,1.0,write_0,79.9318,599.839,599.996,0.122954,17.4057,0.0737726,0.737726,1.0,write_1,148.076,0.0748921,0.748921,hold_0,5.79515,0.480893,34.8451,0.0209071,0.209071,1.0,hold_1,5.79916,0.478001,34.4481,0.0206689,0.206689,1.0
3,5,4,0.7,27,202.85,109.7,248.25,read_0,96.6064,1.56738,1.56738,140.931,140.931,0.0442053,4.28603,0.0309437,0.309437,1.0,read_1,1.56741,96.6064,1.56741,140.931,140.931,0.0442053,4.28603,0.0309437,0.309437,1.0,144.517,699.822,699.82,0.162847,27.6219,0.113993,1.13993,1.0,write_0,70.8674,699.83,699.994,0.156934,27.5789,0.109854,1.09854,1.0,write_1,144.517,0.113993,1.13993,hold_0,5.43418,0.538613,44.3593,0.0310515,0.310515,1.0,hold_1,5.44904,0.53217,44.7422,0.0313195,0.313195,1.0
3,5,4,0.8,27,230.62,123.78,288.23,read_0,112.647,2.11752,2.11752,137.5,521.355,0.0513907,4.93187,0.0411126,0.411126,1.0,read_1,2.11756,112.647,2.11756,521.355,137.5,0.0513907,4.93187,0.0411126,0.411126,1.0,141.574,799.807,799.8,0.207318,39.6029,0.165854,1.65854,1.0,write_0,65.2978,799.816,799.994,0.195697,39.7496,0.156557,1.56557,1.0,write_1,141.574,0.165854,1.65854,hold_0,5.28815,0.539749,57.0881,0.0456705,0.456705,1.0,hold_1,5.28783,0.538898,57.1001,0.0456801,0.456801,1.0
3,5,4,0.9,27,257.44,137.33,328.13,read_0,128.645,2.88051,2.88051,141.774,202.365,0.0588609,5.58447,0.0529748,0.529748,1.0,read_1,2.88057,128.645,2.88057,202.365,141.774,0.0588609,5.58447,0.0529748,0.529748,1.0,139.21,899.787,899.764,0.257729,52.0183,0.231956,2.31956,1.0,write_0,61.5131,899.793,899.992,0.239075,53.7938,0.215167,2.15167,1.0,write_1,139.21,0.231956,2.31956,hold_0,5.25185,0.51809,72.0425,0.0648382,0.648382,1.0,hold_1,5.2501,0.540501,73.1095,0.0657985,0.657985,1.0
3,5,4,1.0,27,283.29,150.36,373.1,read_0,144.619,3.89721,3.89721,143.485,206.65,0.0666496,6.23993,0.0666496,0.666496,1.0,read_1,3.89729,144.619,3.89729,206.65,143.485,0.0666496,6.23993,0.0666496,0.666496,1.0,136.958,999.751,999.723,0.31396,63.4176,0.31396,3.1396,1.0,write_0,58.8114,999.76,999.987,0.287378,69.2017,0.287378,2.87378,1.0,write_1,136.958,0.31396,3.1396,hold_0,5.31494,0.503216,90.7736,0.0907736,0.907736,1.0,hold_1,5.30883,0.529291,91.4157,0.0914157,0.914157,1.0
3,5,4,1.1,27,308.35,162.97,423.17,read_0,160.612,5.24023,5.24023,90.137,78.5245,0.0747034,6.89767,0.0821737,0.821737,1.0,read_1,5.24033,160.612,5.24033,78.5245,90.137,0.0747034,6.89767,0.0821737,0.821737,1.0,135.01,1099.71,1099.67,0.375583,75.6555,0.413141,4.13141,1.0,write_0,56.796,1099.72,1099.99,0.341049,85.8517,0.375154,3.75154,1.0,write_1,135.01,0.413141,4.13141,hold_0,5.46754,0.529838,113.256,0.124581,1.24581,1.0,hold_1,5.46723,0.497765,112.52,0.123772,1.23772,1.0
3,5,4,1.2,27,332.59,175.0,473.16,read_0,176.674,6.94987,6.94987,89.7468,78.36,0.0830388,7.55906,0.0996465,0.996465,1.0,read_1,6.94999,176.674,6.94999,78.36,89.7468,0.0830388,7.55906,0.0996465,0.996465,1.0,133.799,1199.65,1199.6,0.444658,88.8553,0.53359,5.3359,1.0,write_0,55.0957,1199.66,1199.99,0.399394,103.449,0.479272,4.79272,1.0,write_1,133.799,0.53359,5.3359,hold_0,5.70404,0.498787,138.683,0.16642,1.6642,1.0,hold_1,5.69674,0.497922,138.671,0.166405,1.66405,1.0
3,5,4,1.3,27,356.13,186.42,523.1,read_0,192.855,9.0346,9.0346,87.4165,109.047,0.0918035,8.22528,0.119345,1.19345,1.0,read_1,9.03475,192.855,9.03475,109.047,87.4165,0.0918035,8.22528,0.119345,1.19345,1.0,132.151,1299.59,1299.52,0.517897,102.119,0.673266,6.73266,1.0,write_0,53.7736,1299.6,1299.99,0.464383,121.595,0.603697,6.03697,1.0,write_1,132.151,0.673266,6.73266,hold_0,6.01185,0.50483,169.043,0.219756,2.19756,1.0,hold_1,6.02306,0.546453,168.821,0.219468,2.19468,1.0
3,5,5,0.6,27,173.87,83.78,238.15,read_0,94.2032,1.71192,1.71192,206.761,206.761,0.0433097,4.28027,0.0259858,0.259858,1.0,read_1,1.71194,94.2032,1.71194,206.761,206.761,0.0433097,4.28027,0.0259858,0.259858,1.0,143.085,599.83,599.832,0.115324,18.6283,0.0691941,0.691941,1.0,write_0,73.0105,599.838,599.996,0.115489,18.812,0.0692935,0.692935,1.0,write_1,143.085,0.0692935,0.692935,hold_0,6.79656,0.650797,35.8069,0.0214841,0.214841,1.0,hold_1,6.8171,0.651497,35.3835,0.0212301,0.212301,1.0
3,5,5,0.7,27,202.84,95.79,283.16,read_0,113.275,2.35254,2.35254,141.442,2011.28,0.0510809,5.02179,0.0357566,0.357566,1.0,read_1,2.35257,113.275,2.35257,2011.28,141.442,0.0510809,5.02179,0.0357566,0.357566,1.0,139.012,699.821,699.822,0.150139,28.6867,0.105097,1.05097,1.0,write_0,65.1323,699.829,699.995,0.147093,29.3772,0.102965,1.02965,1.0,write_1,139.012,0.105097,1.05097,hold_0,6.41615,0.632558,46.7053,0.0326937,0.326937,1.0,hold_1,6.39918,0.63077,46.7657,0.032736,0.32736,1.0
3,5,5,0.8,27,230.61,106.92,333.2,read_0,132.441,3.29476,3.29476,137.88,505.369,0.0600745,5.78744,0.0480596,0.480596,1.0,read_1,3.29481,132.441,3.29481,505.369,137.88,0.0600745,5.78744,0.0480596,0.480596,1.0,135.964,799.802,799.803,0.190252,37.7612,0.152201,1.52201,1.0,write_0,60.3005,799.817,799.995,0.183577,42.4848,0.146861,1.46861,1.0,write_1,135.964,0.152201,1.52201,hold_0,6.1721,0.611266,59.1007,0.0472805,0.472805,1.0,hold_1,6.17161,0.609872,59.2695,0.0474156,0.474156,1.0
3,5,5,0.9,27,257.43,117.41,383.17,read_0,151.657,4.59379,4.59379,133.665,1294.27,0.0687527,6.54995,0.0618774,0.618774,1.0,read_1,4.59385,151.657,4.59385,1294.27,133.665,0.0687527,6.54995,0.0618774,0.618774,1.0,133.468,899.779,899.765,0.235856,47.1244,0.21227,2.1227,1.0,write_0,57.0111,899.794,900.001,0.225421,57.0284,0.202879,2.02879,1.0,write_1,133.468,0.21227,2.1227,hold_0,6.14488,0.61118,75.1027,0.0675924,0.675924,1.0,hold_1,6.13926,0.605579,75.5773,0.0680196,0.680196,1.0
3,5,5,1.0,27,283.28,127.37,438.17,read_0,170.922,6.30696,6.30696,132.843,500.475,0.0777597,7.31051,0.0777597,0.777597,1.0,read_1,6.30704,170.922,6.30704,500.475,132.843,0.0777597,7.31051,0.0777597,0.777597,1.0,131.202,999.745,999.723,0.286856,57.611,0.286856,2.86856,1.0,write_0,54.5675,999.756,999.991,0.271299,72.8908,0.271299,2.71299,1.0,write_1,131.202,0.286856,2.86856,hold_0,6.20574,0.619702,93.802,0.093802,0.93802,1.0,hold_1,6.20873,0.600604,93.987,0.093987,0.93987,1.0
3,5,5,1.1,27,308.34,136.75,493.12,read_0,190.266,8.49538,8.49538,140.739,200.822,0.0870568,8.0712,0.0957625,0.957625,1.0,read_1,8.49548,190.266,8.49548,200.822,140.739,0.0870568,8.0712,0.0957625,0.957625,1.0,128.936,1099.7,1099.68,0.343141,68.6556,0.377455,3.77455,1.0,write_0,52.6805,1099.71,1099.99,0.322226,87.9529,0.354448,3.54448,1.0,write_1,128.936,0.377455,3.77455,hold_0,6.38148,0.626787,116.013,0.127614,1.27614,1.0,hold_1,6.38013,0.628193,116.166,0.127783,1.27783,1.0
3,5,5,1.2,27,332.58,145.5,553.12,read_0,209.729,11.2299,11.2299,87.6432,193.689,0.0967474,8.83404,0.116097,1.16097,1.0,read_1,11.23,209.729,11.23,193.689,87.6432,0.0967474,8.83404,0.116097,1.16097,1.0,127.383,1199.65,1199.6,0.406029,80.1594,0.487235,4.87235,1.0,write_0,51.138,1199.66,1199.98,0.378519,103.372,0.454223,4.54223,1.0,write_1,127.383,0.487235,4.87235,hold_0,6.64882,0.595781,141.698,0.170038,1.70038,1.0,hold_1,6.65026,0.629375,141.704,0.170045,1.70045,1.0
3,5,5,1.3,27,356.11,153.55,613.08,read_0,229.356,14.6025,14.6025,114.555,156.341,0.105234,9.59982,0.136804,1.36804,1.0,read_1,14.6026,229.356,14.6026,156.341,114.555,0.105234,9.59982,0.136804,1.36804,1.0,125.836,1299.59,1299.52,0.474468,93.6481,0.616809,6.16809,1.0,write_0,49.7988,1299.6,1299.97,0.440171,120.833,0.572222,5.72222,1.0,write_1,125.836,0.616809,6.16809,hold_0,7.01011,0.595327,172.925,0.224803,2.24803,1.0,hold_1,7.01152,0.654675,173.898,0.226068,2.26068,1.0
3,6,1,0.6,27,169.39,142.69,,read_0,21.9028,0.325681,0.325681,153.165,118.191,0.0175593,1.7362,0.0105356,0.105356,1.0,read_1,0.325712,21.9028,0.325712,118.191,153.165,0.0175593,1.7362,0.0105356,0.105356,1.0,-1.0,90.7997,28.317,9.58003,9.77648,5.74802,57.4802,0.0,write_0,-1.0,28.3248,90.9935,9.66817,9.78711,5.8009,58.009,0.0,write_1,-1.0,5.8009,58.009,hold_0,600.918,599.784,175.321,0.105192,1.05192,0.0,hold_1,2.86337,0.306007,34.929,0.0209574,0.209574,1.0
3,6,1,0.7,27,197.11,167.15,,read_0,26.0185,0.353818,0.353818,151.369,115.549,0.0207415,2.03682,0.0145191,0.145191,1.0,read_1,0.35386,26.0185,0.35386,115.549,151.369,0.0207415,2.03682,0.0145191,0.145191,1.0,-1.0,99.8656,32.2218,14.1851,14.4679,9.92958,99.2958,0.0,write_0,-1.0,32.2332,100.07,14.315,14.4829,10.0205,100.205,0.0,write_1,-1.0,10.0205,100.205,hold_0,700.887,699.774,250.295,0.175206,1.75206,0.0,hold_1,2.70471,0.283452,45.8919,0.0321243,0.321243,1.0
3,6,1,0.8,27,223.58,190.7,,read_0,30.0574,0.404049,0.404049,88.3963,114.084,0.0240089,2.34016,0.0192071,0.192071,1.0,read_1,0.404103,30.0574,0.404103,114.084,88.3963,0.0240089,2.34016,0.0192071,0.192071,1.0,-1.0,109.722,36.1235,19.3966,19.778,15.5173,155.173,0.0,write_0,-1.0,36.1469,109.941,19.5727,19.7899,15.6582,156.582,0.0,write_1,-1.0,15.6582,156.582,hold_0,800.901,799.757,338.086,0.270469,2.70469,0.0,hold_1,2.62257,0.271387,60.511,0.0484088,0.484088,1.0
3,6,1,0.9,27,248.94,213.35,,read_0,34.0481,0.490481,0.490481,99.4645,82.6306,0.0269372,2.65581,0.0242435,0.242435,1.0,read_1,0.490551,34.0481,0.490551,82.6306,99.4645,0.0269372,2.65581,0.0242435,0.242435,1.0,-1.0,120.28,40.0284,25.09,25.5755,22.581,225.81,0.0,write_0,-1.0,40.0598,120.527,25.3166,25.5902,22.785,227.85,0.0,write_1,-1.0,22.785,227.85,hold_0,900.883,899.748,438.052,0.394246,3.94246,0.0,hold_1,2.62985,0.248558,77.0038,0.0693034,0.693034,1.0
3,6,1,1.0,27,273.37,235.21,,read_0,37.9997,0.58255,0.58255,72.1872,88.621,0.0306023,2.96067,0.0306023,0.306023,1.0,read_1,0.58264,37.9997,0.58264,88.621,72.1872,0.0306023,2.96067,0.0306023,0.306023,1.0,-1.0,131.707,43.9612,31.1763,31.7762,31.1763,311.763,0.0,write_0,-1.0,44.0016,131.991,31.4571,31.7884,31.4571,314.571,0.0,write_1,-1.0,31.4571,314.571,hold_0,1000.85,999.706,546.805,0.546805,5.46805,0.0,hold_1,2.68327,0.226492,97.7205,0.0977205,0.977205,1.0
3,6,1,1.1,27,296.85,256.29,,read_0,41.9426,0.701444,0.701444,71.8672,87.9845,0.0341286,3.26535,0.0375414,0.375414,1.0,read_1,0.701557,41.9426,0.701557,87.9845,71.8672,0.0341286,3.26535,0.0375414,0.375414,1.0,-1.0,144.22,47.9698,37.5982,38.3027,41.358,413.58,0.0,write_0,-1.0,48.011,144.553,37.9356,38.3286,41.7292,417.292,0.0,write_1,-1.0,41.7292,417.292,hold_0,1100.86,1099.66,665.354,0.731889,7.31889,0.0,hold_1,2.78581,0.21892,122.857,0.135143,1.35143,1.0
3,6,1,1.2,27,319.46,276.57,,read_0,45.8982,0.855339,0.855339,71.6045,87.4791,0.0377873,3.57025,0.0453447,0.453447,1.0,read_1,0.855481,45.8982,0.855481,87.4791,71.6045,0.0377873,3.57025,0.0453447,0.453447,1.0,-1.0,158.048,52.0801,44.3247,45.1459,53.1896,531.896,0.0,write_0,-1.0,52.1304,158.441,44.7217,45.1682,53.666,536.66,0.0,write_1,-1.0,53.666,536.66,hold_0,1200.86,1199.59,793.963,0.952755,9.52755,0.0,hold_1,2.94007,0.248607,152.463,0.182956,1.82956,1.0
3,6,1,1.3,27,341.3,296.12,,read_0,49.8895,1.05432,1.05432,71.3527,87.0236,0.0415939,3.87541,0.0540721,0.540721,1.0,read_1,1.0545,49.8895,1.0545,87.0236,71.3527,0.0415939,3.87541,0.0540721,0.540721,1.0,-1.0,173.403,56.3482,51.3492,52.2945,66.754,667.54,0.0,write_0,-1.0,56.4045,173.871,51.8084,52.3171,67.3509,673.509,0.0,write_1,-1.0,67.3509,673.509,hold_0,1300.87,1299.51,933.586,1.21366,12.1366,0.0,hold_1,3.13694,0.227837,187.355,0.243562,2.43562,1.0
3,6,2,0.6,27,169.38,124.8,88.27,read_0,40.4616,0.505754,0.505754,149.449,149.449,0.0243784,2.39614,0.014627,0.14627,1.0,read_1,0.505785,40.4616,0.505785,149.449,149.449,0.0243784,2.39614,0.014627,0.14627,1.0,191.884,599.798,599.798,0.203549,14.3607,0.12213,1.2213,1.0,write_0,140.497,599.806,599.996,0.199667,14.4357,0.1198,1.198,1.0,write_1,191.884,0.12213,1.2213,hold_0,3.81683,0.379574,36.4344,0.0218606,0.218606,1.0,hold_1,3.8604,0.400587,36.1146,0.0216688,0.216688,1.0
3,6,2,0.7,27,197.1,145.77,98.31,read_0,48.2114,0.583547,0.583547,148.456,115.901,0.02892,2.82241,0.020244,0.20244,1.0,read_1,0.583588,48.2114,0.583588,115.901,148.456,0.02892,2.82241,0.020244,0.20244,1.0,184.571,699.79,699.785,0.271151,23.2926,0.189806,1.89806,1.0,write_0,122.836,699.799,699.996,0.261797,23.3264,0.183258,1.83258,1.0,write_1,184.571,0.189806,1.89806,hold_0,3.58858,0.374818,47.7727,0.0334409,0.334409,1.0,hold_1,3.60348,0.375139,47.4777,0.0332344,0.332344,1.0
3,6,2,0.8,27,223.57,166.02,108.33,read_0,55.853,0.699625,0.699625,149.912,115.443,0.0336082,3.2506,0.0268865,0.268865,1.0,read_1,0.699679,55.853,0.699679,115.443,149.912,0.0336082,3.2506,0.0268865,0.268865,1.0,179.786,799.774,799.757,0.348378,34.0377,0.278702,2.78702,1.0,write_0,111.975,799.776,799.995,0.332205,33.8541,0.265764,2.65764,1.0,write_1,179.786,0.278702,2.78702,hold_0,3.51449,0.336351,61.9144,0.0495315,0.495315,1.0,hold_1,3.51816,0.340259,61.7687,0.049415,0.49415,1.0
3,6,2,0.9,27,248.93,185.6,118.34,read_0,63.4077,0.860792,0.860792,90.1058,226.899,0.038457,3.67875,0.0346113,0.346113,1.0,read_1,0.860863,63.4077,0.860863,226.899,90.1058,0.038457,3.67875,0.0346113,0.346113,1.0,176.824,899.747,899.719,0.435062,46.4971,0.391556,3.91556,1.0,write_0,104.774,899.749,899.989,0.410329,46.6111,0.369296,3.69296,1.0,write_1,176.824,0.391556,3.91556,hold_0,3.51001,0.322569,78.8088,0.0709279,0.709279,1.0,hold_1,3.50382,0.347224,79.5146,0.0715631,0.715631,1.0
3,6,2,1.0,27,273.36,204.57,128.33,read_0,70.9073,1.07586,1.07586,89.6975,115.875,0.0434832,4.10679,0.0434832,0.434832,1.0,read_1,1.07595,70.9073,1.07595,115.875,89.6975,0.0434832,4.10679,0.0434832,0.434832,1.0,174.101,999.709,999.669,0.530229,59.8175,0.530229,5.30229,1.0,write_0,99.4526,999.708,999.987,0.495328,59.4863,0.495328,4.95328,1.0,write_1,174.101,0.530229,5.30229,hold_0,3.56914,0.302561,100.476,0.100476,1.00476,1.0,hold_1,3.566,0.333929,100.24,0.10024,1.0024,1.0
3,6,2,1.1,27,296.84,222.92,138.29,read_0,78.4014,1.36781,1.36781,101.067,85.287,0.0482276,4.55628,0.0530504,0.530504,1.0,read_1,1.36793,78.4014,1.36793,85.287,101.067,0.0482276,4.55628,0.0530504,0.530504,1.0,171.867,1099.65,1099.61,0.632979,76.0955,0.696277,6.96277,1.0,write_0,95.4564,1099.66,1099.99,0.586846,75.3524,0.64553,6.4553,1.0,write_1,171.867,0.696277,6.96277,hold_0,3.69342,0.293883,125.332,0.137865,1.37865,1.0,hold_1,3.69313,0.292778,126.256,0.138882,1.38882,1.0
3,6,2,1.2,27,319.45,240.57,153.33,read_0,85.9035,1.74222,1.74222,89.0283,76.2144,0.0541594,4.96526,0.0649913,0.649913,1.0,read_1,1.74237,85.9035,1.74237,76.2144,89.0283,0.0541594,4.96526,0.0649913,0.649913,1.0,170.091,1199.6,1199.53,0.741391,91.403,0.889669,8.89669,1.0,write_0,92.2722,1199.6,1199.98,0.684454,92.3316,0.821345,8.21345,1.0,write_1,170.091,0.889669,8.89669,hold_0,3.8777,0.326269,156.849,0.188219,1.88219,1.0,hold_1,3.87734,0.325222,155.27,0.186324,1.86324,1.0
3,6,2,1.3,27,341.29,257.57,168.33,read_0,93.4749,2.22935,2.22935,88.6451,75.9492,0.0598675,5.39629,0.0778278,0.778278,1.0,read_1,2.22953,93.4749,2.22953,75.9492,88.6451,0.0598675,5.39629,0.0778278,0.778278,1.0,168.114,1299.51,1299.44,0.856471,109.348,1.11341,11.1341,1.0,write_0,89.4783,1299.52,1299.97,0.788952,109.932,1.02564,10.2564,1.0,write_1,168.114,1.11341,11.1341,hold_0,4.11925,0.298674,189.746,0.24667,2.4667,1.0,hold_1,4.12103,0.331064,192.789,0.250625,2.50625,1.0
3,6,3,0.6,27,169.36,110.4,158.27,read_0,56.4777,0.761101,0.761101,267.782,3549.27,0.0305935,3.03907,0.0183561,0.183561,1.0,read_1,0.761132,56.4777,0.761132,3549.27,267.782,0.0305935,3.03907,0.0183561,0.183561,1.0,159.497,599.8,599.801,0.157399,15.9398,0.0944396,0.944396,1.0,write_0,97.9442,599.807,599.995,0.154225,15.9317,0.092535,0.92535,1.0,write_1,159.497,0.0944396,0.944396,hold_0,4.85705,0.48653,37.9645,0.0227787,0.227787,1.0,hold_1,4.79042,0.447625,38.2496,0.0229498,0.229498,1.0
3,6,3,0.7,27,197.09,128.35,183.25,read_0,67.4754,0.922762,0.922762,137.681,2070.74,0.036835,3.5826,0.0257845,0.257845,1.0,read_1,0.922803,67.4754,0.922803,2070.74,137.681,0.036835,3.5826,0.0257845,0.257845,1.0,154.861,699.79,699.782,0.205916,25.4924,0.144142,1.44142,1.0,write_0,85.6477,699.797,699.993,0.197892,25.6209,0.138524,1.38524,1.0,write_1,154.861,0.144142,1.44142,hold_0,4.54039,0.458337,49.2997,0.0345098,0.345098,1.0,hold_1,4.50576,0.459091,49.3349,0.0345344,0.345344,1.0
3,6,3,0.8,27,223.56,145.75,213.3,read_0,78.3718,1.16262,1.16262,144.277,206.211,0.0428613,4.12895,0.034289,0.34289,1.0,read_1,1.16267,78.3718,1.16267,206.211,144.277,0.0428613,4.12895,0.034289,0.34289,1.0,152.07,799.771,799.753,0.262587,36.9791,0.21007,2.1007,1.0,write_0,78.1859,799.778,799.993,0.244917,37.1759,0.195933,1.95933,1.0,write_1,152.07,0.21007,2.1007,hold_0,4.3883,0.442555,64.8569,0.0518855,0.518855,1.0,hold_1,4.39832,0.446178,64.0796,0.0512637,0.512637,1.0
3,6,3,0.9,27,248.92,162.41,238.16,read_0,89.1752,1.49271,1.49271,146.296,113.221,0.0491534,4.67613,0.044238,0.44238,1.0,read_1,1.49278,89.1752,1.49278,113.221,146.296,0.0491534,4.67613,0.044238,0.44238,1.0,149.967,899.743,899.719,0.326263,50.1192,0.293637,2.93637,1.0,write_0,73.3621,899.747,899.99,0.299839,50.6171,0.269855,2.69855,1.0,write_1,149.967,0.293637,2.93637,hold_0,4.38121,0.429708,82.3007,0.0740706,0.740706,1.0,hold_1,4.38414,0.433953,82.4222,0.07418,0.7418,1.0
3,6,3,1.0,27,273.35,178.65,273.28,read_0,99.9241,1.93688,1.93688,90.0554,113.56,0.0556551,5.22393,0.0556551,0.556551,1.0,read_1,1.93697,99.9241,1.93697,113.56,90.0554,0.0556551,5.22393,0.0556551,0.556551,1.0,148.129,999.706,999.672,0.397793,65.2141,0.397793,3.97793,1.0,write_0,69.7638,999.705,999.989,0.360133,65.0381,0.360133,3.60133,1.0,write_1,148.129,0.397793,3.97793,hold_0,4.45448,0.422463,103.237,0.103237,1.03237,1.0,hold_1,4.44767,0.410751,103.586,0.103586,1.03586,1.0
3,6,3,1.1,27,296.83,194.26,303.21,read_0,110.66,2.52507,2.52507,89.6753,114.092,0.0624237,5.77304,0.0686661,0.686661,1.0,read_1,2.52518,110.66,2.52518,114.092,89.6753,0.0624237,5.77304,0.0686661,0.686661,1.0,146.524,1099.66,1099.61,0.476107,81.2558,0.523718,5.23718,1.0,write_0,67.0222,1099.66,1099.99,0.426685,81.5217,0.469353,4.69353,1.0,write_1,146.524,0.523718,5.23718,hold_0,4.60156,0.369524,128.059,0.140865,1.40865,1.0,hold_1,4.60117,0.371959,128.468,0.141315,1.41315,1.0
3,6,3,1.2,27,319.44,209.25,338.21,read_0,121.432,3.30541,3.30541,89.3135,77.1518,0.0694937,6.32422,0.0833925,0.833925,1.0,read_1,3.30556,121.432,3.30556,77.1518,89.3135,0.0694937,6.32422,0.0833925,0.833925,1.0,145.559,1199.6,1199.53,0.562269,98.8215,0.674723,6.74723,1.0,write_0,64.9266,1199.59,1199.98,0.499825,98.3712,0.59979,5.9979,1.0,write_1,145.559,0.674723,6.74723,hold_0,4.81759,0.37652,157.509,0.189011,1.89011,1.0,hold_1,4.81692,0.377544,157.517,0.18902,1.8902,1.0
3,6,3,1.3,27,341.28,223.63,378.27,read_0,132.287,4.31697,4.31697,88.9098,76.8954,0.0769026,6.8775,0.0999733,0.999733,1.0,read_1,4.31714,132.287,4.31714,76.8954,88.9098,0.0769026,6.8775,0.0999733,0.999733,1.0,144.051,1299.51,1299.44,0.65454,116.905,0.850902,8.50902,1.0,write_0,63.2189,1299.51,1299.98,0.579509,116.892,0.753361,7.53361,1.0,write_1,144.051,0.850902,8.50902,hold_0,5.10548,0.371286,195.603,0.254284,2.54284,1.0,hold_1,5.10524,0.422799,197.028,0.256137,2.56137,1.0
3,6,4,0.6,27,169.35,98.42,198.16,read_0,70.53,1.09954,1.09954,708.59,187.487,0.0370567,3.67343,0.022234,0.22234,1.0,read_1,1.09957,70.53,1.09957,187.487,708.59,0.0370567,3.67343,0.022234,0.22234,1.0,149.95,599.802,599.793,0.140347,17.5648,0.0842082,0.842082,1.0,write_0,83.5581,599.806,599.996,0.137638,17.4865,0.082583,0.82583,1.0,write_1,149.95,0.0842082,0.842082,hold_0,5.77288,0.513788,39.8467,0.023908,0.23908,1.0,hold_1,5.7697,0.552768,40.06,0.024036,0.24036,1.0
3,6,4,0.7,27,197.07,113.74,238.28,read_0,84.4669,1.39683,1.39683,139.341,139.341,0.0440472,4.32182,0.0308331,0.308331,1.0,read_1,1.39687,84.4669,1.39687,139.341,139.341,0.0440472,4.32182,0.0308331,0.308331,1.0,145.98,699.791,699.782,0.183357,27.7501,0.12835,1.2835,1.0,write_0,73.7243,699.797,699.994,0.175843,27.7395,0.12309,1.2309,1.0,write_1,145.98,0.12835,1.2835,hold_0,5.46038,0.542572,51.1864,0.0358304,0.358304,1.0,hold_1,5.44892,0.53997,51.9214,0.0363449,0.363449,1.0
3,6,4,0.8,27,223.55,128.21,273.19,read_0,98.3397,1.835,1.835,134.93,186.67,0.0518855,4.98159,0.0415084,0.415084,1.0,read_1,1.83505,98.3397,1.83505,186.67,134.93,0.0518855,4.98159,0.0415084,0.415084,1.0,143.278,799.774,799.753,0.23322,39.9292,0.186576,1.86576,1.0,write_0,67.6978,799.776,799.995,0.218964,39.9151,0.175171,1.75171,1.0,write_1,143.278,0.186576,1.86576,hold_0,5.26847,0.523791,66.4089,0.0531271,0.531271,1.0,hold_1,5.29867,0.510163,66.0404,0.0528324,0.528324,1.0
3,6,4,0.9,27,248.91,142.31,313.17,read_0,112.144,2.44312,2.44312,142.06,202.582,0.0594933,5.64549,0.053544,0.53544,1.0,read_1,2.44319,112.144,2.44319,202.582,142.06,0.0594933,5.64549,0.053544,0.53544,1.0,140.962,899.743,899.721,0.290149,53.7671,0.261134,2.61134,1.0,write_0,63.731,899.75,899.992,0.268029,53.9133,0.241226,2.41226,1.0,write_1,140.962,0.261134,2.61134,hold_0,5.26214,0.51449,84.4623,0.0760161,0.760161,1.0,hold_1,5.27099,0.484517,84.9363,0.0764427,0.764427,1.0
3,6,4,1.0,27,273.34,155.81,358.22,read_0,125.906,3.25982,3.25982,90.3523,111.769,0.0674251,6.309,0.0674251,0.674251,1.0,read_1,3.25991,125.906,3.25991,111.769,90.3523,0.0674251,6.309,0.0674251,0.674251,1.0,138.834,999.708,999.666,0.353664,67.0058,0.353664,3.53664,1.0,write_0,60.8108,999.706,999.987,0.322307,69.6092,0.322307,3.22307,1.0,write_1,138.834,0.353664,3.53664,hold_0,5.34809,0.469159,104.952,0.104952,1.04952,1.0,hold_1,5.33845,0.502858,105.864,0.105864,1.05864,1.0
3,6,4,1.1,27,296.82,168.76,403.2,read_0,139.674,4.33491,4.33491,89.9403,111.935,0.0756451,6.97478,0.0832096,0.832096,1.0,read_1,4.33502,139.674,4.33502,111.935,89.9403,0.0756451,6.97478,0.0832096,0.832096,1.0,136.886,1099.65,1099.61,0.423887,79.9871,0.466275,4.66275,1.0,write_0,58.6195,1099.65,1099.99,0.382537,86.179,0.420791,4.20791,1.0,write_1,136.886,0.466275,4.66275,hold_0,5.51114,0.451386,131.944,0.145139,1.45139,1.0,hold_1,5.51148,0.44996,132.988,0.146287,1.46287,1.0
3,6,4,1.2,27,319.43,181.07,448.14,read_0,153.496,5.72888,5.72888,89.5494,112.077,0.0842235,7.64347,0.101068,1.01068,1.0,read_1,5.72903,153.496,5.72903,112.077,89.5494,0.0842235,7.64347,0.101068,1.01068,1.0,135.534,1199.59,1199.53,0.500974,92.2626,0.601169,6.01169,1.0,write_0,56.881,1199.59,1199.98,0.44945,104.42,0.53934,5.3934,1.0,write_1,135.534,0.601169,6.01169,hold_0,5.75726,0.48875,162.799,0.195359,1.95359,1.0,hold_1,5.75855,0.464355,162.504,0.195004,1.95004,1.0
3,6,4,1.3,27,341.27,192.79,498.15,read_0,167.422,7.52201,7.52201,89.1259,77.6188,0.093204,8.31585,0.121165,1.21165,1.0,read_1,7.52219,167.422,7.52219,77.6188,89.1259,0.093204,8.31585,0.121165,1.21165,1.0,134.061,1299.5,1299.44,0.584691,107.268,0.760098,7.60098,1.0,write_0,55.4758,1299.51,1299.99,0.52308,122.685,0.680004,6.80004,1.0,write_1,134.061,0.760098,7.60098,hold_0,6.09062,0.46251,198.559,0.258126,2.58126,1.0,hold_1,6.09111,0.51428,198.539,0.258101,2.58101,1.0
3,6,5,0.6,27,169.33,87.91,228.13,read_0,83.0461,1.53061,1.53061,672.142,187.194,0.0434009,4.30527,0.0260406,0.260406,1.0,read_1,1.53064,83.0461,1.53064,187.194,672.142,0.0434009,4.30527,0.0260406,0.260406,1.0,144.67,599.798,599.8,0.129962,18.6993,0.0779772,0.779772,1.0,write_0,75.8189,599.806,599.996,0.129141,18.787,0.0774843,0.774843,1.0,write_1,144.67,0.0779772,0.779772,hold_0,6.76458,0.572793,41.1354,0.0246812,0.246812,1.0,hold_1,6.76173,0.566946,41.0917,0.024655,0.24655,1.0
3,6,5,0.7,27,197.06,100.7,273.21,read_0,99.6748,2.02709,2.02709,270.854,3579.33,0.0515663,5.05369,0.0360964,0.360964,1.0,read_1,2.02713,99.6748,2.02713,3579.33,270.854,0.0515663,5.05369,0.0360964,0.360964,1.0,140.614,699.788,699.786,0.169464,29.2452,0.118625,1.18625,1.0,write_0,67.3919,699.797,699.995,0.164761,29.465,0.115332,1.15332,1.0,write_1,140.614,0.118625,1.18625,hold_0,6.37171,0.620192,53.4777,0.0374344,0.374344,1.0,hold_1,6.3333,0.599976,52.6577,0.0368604,0.368604,1.0
3,6,5,0.8,27,223.54,112.83,318.18,read_0,116.312,2.76023,2.76023,135.995,2083.25,0.0607337,5.81623,0.0485869,0.485869,1.0,read_1,2.76028,116.312,2.76028,2083.25,135.995,0.0607337,5.81623,0.0485869,0.485869,1.0,137.532,799.769,799.759,0.215087,40.0018,0.17207,1.7207,1.0,write_0,62.1743,799.777,799.992,0.205363,42.5229,0.16429,1.6429,1.0,write_1,137.532,0.17207,1.7207,hold_0,6.15328,0.600836,68.5028,0.0548022,0.548022,1.0,hold_1,6.16709,0.600772,68.2616,0.0546093,0.546093,1.0
3,6,5,0.9,27,248.9,124.23,368.21,read_0,132.93,3.7774,3.7774,139.014,195.185,0.0696188,6.59251,0.0626569,0.626569,1.0,read_1,3.77747,132.93,3.77747,195.185,139.014,0.0696188,6.59251,0.0626569,0.626569,1.0,135.092,899.737,899.717,0.26709,50.1516,0.240381,2.40381,1.0,write_0,58.7004,899.748,899.991,0.251804,57.2479,0.226623,2.26623,1.0,write_1,135.092,0.240381,2.40381,hold_0,6.12864,0.58827,86.6871,0.0780184,0.780184,1.0,hold_1,6.15523,0.569083,87.3125,0.0785812,0.785812,1.0
3,6,5,1.0,27,273.33,135.11,418.17,read_0,149.544,5.13323,5.13323,139.871,197.799,0.0788386,7.36851,0.0788386,0.788386,1.0,read_1,5.13332,149.544,5.13332,197.799,139.871,0.0788386,7.36851,0.0788386,0.788386,1.0,132.682,999.699,999.675,0.325105,60.3578,0.325105,3.25105,1.0,write_0,56.1816,999.709,999.999,0.303687,73.4505,0.303687,3.03687,1.0,write_1,132.682,0.325105,3.25105,hold_0,6.23044,0.589925,108.466,0.108466,1.08466,1.0,hold_1,6.22867,0.590026,109.065,0.109065,1.09065,1.0
3,6,5,1.1,27,296.81,145.4,473.18,read_0,166.196,6.89576,6.89576,90.1177,201.661,0.0883573,8.14743,0.0971931,0.971931,1.0,read_1,6.89587,166.196,6.89587,201.661,90.1177,0.0883573,8.14743,0.0971931,0.971931,1.0,130.659,1099.65,1099.61,0.38924,72.7457,0.428163,4.28163,1.0,write_0,54.2462,1099.66,1099.99,0.361289,90.2098,0.397418,3.97418,1.0,write_1,130.659,0.428163,4.28163,hold_0,6.41132,0.571511,135.033,0.148536,1.48536,1.0,hold_1,6.42208,0.545091,134.443,0.147887,1.47887,1.0
3,6,5,1.2,27,319.41,155.01,528.15,read_0,182.933,9.15875,9.15875,89.707,78.423,0.0983389,8.93105,0.118007,1.18007,1.0,read_1,9.15889,182.933,9.15889,78.423,89.707,0.0983389,8.93105,0.118007,1.18007,1.0,128.82,1199.52,1199.62,0.459387,85.5567,0.551264,5.51264,1.0,write_0,52.5929,1199.59,1199.99,0.424427,106.585,0.509312,5.09312,1.0,write_1,128.82,0.551264,5.51264,hold_0,6.70187,0.588454,166.126,0.199352,1.99352,1.0,hold_1,6.69961,0.583704,165.532,0.198638,1.98638,1.0
3,6,5,1.3,27,341.25,164.01,588.16,read_0,199.804,11.9896,11.9896,87.8073,77.0048,0.108769,9.72094,0.1414,1.414,1.0,read_1,11.9897,199.804,11.9897,77.0048,87.8073,0.108769,9.72094,0.1414,1.414,1.0,127.182,1299.43,1299.55,0.536841,98.126,0.697893,6.97893,1.0,write_0,51.3137,1299.51,1299.98,0.495467,121.539,0.644107,6.44107,1.0,write_1,127.182,0.697893,6.97893,hold_0,7.07864,0.542194,202.115,0.262749,2.62749,1.0,hold_1,7.07436,0.535607,202.621,0.263407,2.63407,1.0
4,1,1,0.6,27,185.95,138.02,13.27,read_0,93.3629,0.253175,0.253175,8743.37,193.527,0.0167201,1.68195,0.0100321,0.100321,1.0,read_1,0.25318,93.3629,0.25318,193.527,8743.37,0.0167201,1.68195,0.0100321,0.100321,1.0,491.448,599.968,599.968,0.385488,10.495,0.231293,2.31293,1.0,write_0,426.045,599.977,599.996,0.38707,10.4799,0.232242,2.32242,1.0,write_1,491.448,0.232242,2.32242,hold_0,2.2771,0.0149912,9.20774,0.00552464,0.0552464,1.0,hold_1,2.28389,0.0162069,9.40451,0.0056427,0.056427,1.0
4,1,1,0.7,27,209.53,164.86,,read_0,112.035,0.345251,0.345251,9806.51,137.988,0.01939,1.97237,0.013573,0.13573,1.0,read_1,0.345258,112.035,0.345258,137.988,9806.51,0.01939,1.97237,0.013573,0.13573,1.0,-1.0,125.491,147.099,14.2122,14.5073,9.94854,99.4854,0.0,write_0,-1.0,147.109,125.515,14.3424,14.5238,10.0397,100.397,0.0,write_1,-1.0,10.0397,100.397,hold_0,703.786,700.302,222.796,0.155957,1.55957,0.0,hold_1,2.02335,0.0181449,11.6162,0.00813131,0.0813131,1.0
4,1,1,0.8,27,232.3,192.43,,read_0,130.7,0.481391,0.481391,2084.22,137.834,0.0228042,2.26159,0.0182433,0.182433,1.0,read_1,0.481401,130.7,0.481401,137.834,2084.22,0.0228042,2.26159,0.0182433,0.182433,1.0,-1.0,120.423,160.367,19.4789,19.8663,15.5831,155.831,0.0,write_0,-1.0,160.385,120.45,19.6562,19.896,15.7249,157.249,0.0,write_1,-1.0,15.7249,157.249,hold_0,803.816,800.308,299.44,0.239552,2.39552,0.0,hold_1,1.90486,0.0251865,15.6303,0.0125043,0.125043,1.0
4,1,1,0.9,27,254.45,217.92,,read_0,149.312,0.662676,0.662676,4536.54,139.008,0.0258745,2.54843,0.023287,0.23287,1.0,read_1,0.662688,149.312,0.662688,139.008,4536.54,0.0258745,2.54843,0.023287,0.23287,1.0,-1.0,123.277,177.412,25.2429,25.7341,22.7186,227.186,0.0,write_0,-1.0,177.438,123.31,25.4718,25.7586,22.9247,229.247,0.0,write_1,-1.0,22.9247,229.247,hold_0,904.218,900.378,385.325,0.346793,3.46793,0.0,hold_1,1.85708,0.0363654,18.2981,0.0164683,0.164683,1.0
4,1,1,1.0,27,275.89,234.23,,read_0,167.879,0.898551,0.898551,9371.45,9771.45,0.0290046,2.83375,0.0290046,0.290046,1.0,read_1,0.898566,167.879,0.898566,9771.45,9371.45,0.0290046,2.83375,0.0290046,0.290046,1.0,-1.0,128.627,195.511,31.4151,32.0206,31.4151,314.151,0.0,write_0,-1.0,195.539,128.656,31.699,32.042,31.699,316.99,0.0,write_1,-1.0,31.699,316.99,hold_0,1004.27,1000.36,478.719,0.478719,4.78719,0.0,hold_1,1.84456,0.0484895,22.6026,0.0226026,0.226026,1.0
4,1,1,1.1,27,296.78,249.7,,read_0,186.44,1.2011,1.2011,140.448,108.285,0.0322444,3.11844,0.0354688,0.354688,1.0,read_1,1.20112,186.44,1.20112,108.285,140.448,0.0322444,3.11844,0.0354688,0.354688,1.0,-1.0,135.524,214.205,37.9327,38.6595,41.726,417.26,0.0,write_0,-1.0,214.245,135.546,38.2749,38.6828,42.1024,421.024,0.0,write_1,-1.0,42.1024,421.024,hold_0,1104.28,1100.43,579.194,0.637114,6.37114,0.0,hold_1,1.89666,0.0459371,28.2642,0.0310907,0.310907,1.0
4,1,1,1.2,27,317.11,264.41,,read_0,205.047,1.57506,1.57506,137.109,105.524,0.0354862,3.40307,0.0425834,0.425834,1.0,read_1,1.57508,205.047,1.57508,105.524,137.109,0.0354862,3.40307,0.0425834,0.425834,1.0,-1.0,143.693,233.434,44.7556,45.5951,53.7067,537.067,0.0,write_0,-1.0,233.484,143.724,45.1537,45.6292,54.1844,541.844,0.0,write_1,-1.0,54.1844,541.844,hold_0,1204.25,1200.42,685.704,0.822845,8.22845,0.0,hold_1,1.94157,0.0803616,34.8252,0.0417903,0.417903,1.0
4,1,1,1.3,27,336.9,278.45,,read_0,223.746,2.02012,2.02012,117.992,94.6592,0.0379856,3.68789,0.0493812,0.493812,1.0,read_1,2.02015,223.746,2.02015,94.6592,117.992,0.0379856,3.68789,0.0493812,0.493812,1.0,-1.0,153.12,253.253,51.8633,52.8261,67.4223,674.223,0.0,write_0,-1.0,253.32,153.161,52.3261,52.8645,68.0239,680.239,0.0,write_1,-1.0,68.0239,680.239,hold_0,2.03522,0.0840271,41.7363,0.0542572,0.542572,1.0,hold_1,1304.23,1300.42,798.293,1.03778,10.3778,0.0
4,1,2,0.6,27,185.95,98.34,173.27,read_0,143.801,0.939271,0.939271,9498.17,266.708,0.0225661,2.30848,0.0135396,0.135396,1.0,read_1,0.939276,143.801,0.939276,266.708,9498.17,0.0225661,2.30848,0.0135396,0.135396,1.0,164.229,599.969,599.967,0.0964536,14.2754,0.0578722,0.578722,1.0,write_0,95.8511,599.983,599.996,0.100237,14.3927,0.0601421,0.601421,1.0,write_1,164.229,0.0601421,0.601421,hold_0,3.06979,0.0152802,10.6922,0.00641535,0.0641535,1.0,hold_1,3.07287,0.0130152,11.2768,0.00676607,0.0676607,1.0
4,1,2,0.7,27,209.53,115.19,198.22,read_0,174.51,1.45304,1.45304,284.68,5210.28,0.0265269,2.70817,0.0185688,0.185688,1.0,read_1,1.45304,174.51,1.45304,5210.28,284.68,0.0265269,2.70817,0.0185688,0.185688,1.0,159.535,699.971,699.966,0.125098,22.5342,0.0875688,0.875688,1.0,write_0,84.1236,699.979,699.995,0.127153,22.8713,0.0890073,0.890073,1.0,write_1,159.535,0.0890073,0.890073,hold_0,2.762,0.0153759,13.4852,0.00943966,0.0943966,1.0,hold_1,2.75969,0.0155302,14.2414,0.00996896,0.0996896,1.0
4,1,2,0.8,27,232.29,131.72,228.24,read_0,206.212,2.18951,2.18951,259.456,259.456,0.0302439,3.1044,0.0241951,0.241951,1.0,read_1,2.18952,206.212,2.18952,259.456,259.456,0.0302439,3.1044,0.0241951,0.241951,1.0,156.244,799.962,799.957,0.15705,32.4277,0.12564,1.2564,1.0,write_0,76.8496,799.979,799.997,0.15675,32.8421,0.1254,1.254,1.0,write_1,156.244,0.12564,1.2564,hold_0,2.60216,0.0262863,17.2481,0.0137985,0.137985,1.0,hold_1,2.59649,0.0243017,17.5742,0.0140593,0.140593,1.0
4,1,2,0.9,27,254.45,148.02,263.3,read_0,238.817,3.16249,3.16249,135.146,135.146,0.0343344,3.49632,0.0309009,0.309009,1.0,read_1,3.1625,238.817,3.1625,135.146,135.146,0.0343344,3.49632,0.0309009,0.309009,1.0,153.792,899.959,899.947,0.192143,44.6043,0.172929,1.72929,1.0,write_0,71.6508,899.972,899.99,0.189004,44.4429,0.170104,1.70104,1.0,write_1,153.792,0.172929,1.72929,hold_0,2.52247,0.0336334,20.9764,0.0188788,0.188788,1.0,hold_1,2.53028,0.0367081,20.7231,0.0186508,0.186508,1.0
4,1,2,1.0,27,275.89,164.18,298.3,read_0,272.253,4.37406,4.37406,147.955,205.112,0.0381882,3.88521,0.0381882,0.381882,1.0,read_1,4.37408,272.253,4.37408,205.112,147.955,0.0381882,3.88521,0.0381882,0.381882,1.0,151.859,999.957,999.937,0.230109,56.8856,0.230109,2.30109,1.0,write_0,68.3373,999.973,999.987,0.22287,56.4439,0.22287,2.2287,1.0,write_1,151.859,0.230109,2.30109,hold_0,2.5372,0.0372247,26.1234,0.0261234,0.261234,1.0,hold_1,2.52242,0.0473161,26.2498,0.0262498,0.262498,1.0
4,1,2,1.1,27,296.78,180.09,333.24,read_0,306.494,5.82441,5.82441,143.565,198.907,0.0422974,4.27245,0.0465271,0.465271,1.0,read_1,5.82443,306.494,5.82443,198.907,143.565,0.0422974,4.27245,0.0465271,0.465271,1.0,150.628,1099.96,1099.92,0.272669,71.2563,0.299936,2.99936,1.0,write_0,65.6091,1099.97,1099.98,0.256371,70.519,0.282008,2.82008,1.0,write_1,150.628,0.299936,2.99936,hold_0,2.57039,0.0614828,31.9621,0.0351584,0.351584,1.0,hold_1,2.5856,0.0462531,31.8811,0.0350692,0.350692,1.0
4,1,2,1.2,27,317.11,195.94,373.24,read_0,341.521,7.5193,7.5193,139.143,191.82,0.0464738,4.65966,0.0557686,0.557686,1.0,read_1,7.51933,341.521,7.51933,191.82,139.143,0.0464738,4.65966,0.0557686,0.557686,1.0,149.181,1199.95,1199.9,0.316274,85.9178,0.379529,3.79529,1.0,write_0,63.394,1199.95,1199.98,0.293211,85.9245,0.351853,3.51853,1.0,write_1,149.181,0.379529,3.79529,hold_0,2.69211,0.0582958,38.3699,0.0460439,0.460439,1.0,hold_1,2.65494,0.0739252,37.6618,0.0451942,0.451942,1.0
4,1,2,1.3,27,336.9,211.54,418.27,read_0,377.323,9.468,9.468,137.237,189.137,0.0506997,5.05226,0.0659096,0.659096,1.0,read_1,9.46803,377.323,9.46803,189.137,137.237,0.0506997,5.05226,0.0659096,0.659096,1.0,147.819,1299.94,1299.88,0.362232,101.356,0.470901,4.70901,1.0,write_0,61.6268,1299.95,1299.98,0.331865,99.7027,0.431425,4.31425,1.0,write_1,147.819,0.470901,4.70901,hold_0,2.8382,0.0734747,46.0919,0.0599194,0.599194,1.0,hold_1,2.77737,0.0885722,45.2657,0.0588455,0.588455,1.0
4,1,3,0.6,27,185.95,73.62,238.2,read_0,177.794,2.18425,2.18425,347.347,3755.35,0.0281992,2.92436,0.0169195,0.169195,1.0,read_1,2.18425,177.794,2.18425,3755.35,347.347,0.0281992,2.92436,0.0169195,0.169195,1.0,147.888,599.969,599.965,0.0765981,17.9149,0.0459588,0.459588,1.0,write_0,75.1957,599.978,599.998,0.082574,17.7842,0.0495444,0.495444,1.0,write_1,147.888,0.0495444,0.495444,hold_0,3.86526,0.0132147,12.5417,0.007525,0.07525,1.0,hold_1,3.85487,0.0124841,12.7205,0.00763232,0.0763232,1.0
4,1,3,0.7,27,209.53,84.49,283.25,read_0,217.121,3.49456,3.49456,2709.31,265.869,0.0331498,3.42925,0.0232048,0.232048,1.0,read_1,3.49456,217.121,3.49456,265.869,2709.31,0.0331498,3.42925,0.0232048,0.232048,1.0,144.254,699.965,699.961,0.0981767,28.1444,0.0687237,0.687237,1.0,write_0,67.0539,699.978,699.994,0.104148,28.0289,0.0729039,0.729039,1.0,write_1,144.254,0.0729039,0.729039,hold_0,3.49577,0.017479,15.7629,0.0110341,0.110341,1.0,hold_1,3.48548,0.0171153,16.0409,0.0112286,0.112286,1.0
4,1,3,0.8,27,232.29,94.56,333.32,read_0,258.455,5.31912,5.31912,4779.95,192.406,0.0381129,3.92845,0.0304903,0.304903,1.0,read_1,5.31913,258.455,5.31913,192.406,4779.95,0.0381129,3.92845,0.0304903,0.304903,1.0,140.984,799.963,799.964,0.122502,39.5885,0.0980013,0.980013,1.0,write_0,61.984,799.978,799.997,0.12787,40.1471,0.102296,1.02296,1.0,write_1,140.984,0.102296,1.02296,hold_0,3.28753,0.0207048,19.8351,0.0158681,0.158681,1.0,hold_1,3.30009,0.0197616,20.3455,0.0162764,0.162764,1.0
4,1,3,0.9,27,254.45,104.01,383.29,read_0,301.614,7.65205,7.65205,284.436,9238.36,0.0430854,4.42178,0.0387769,0.387769,1.0,read_1,7.65206,301.614,7.65206,9238.36,284.436,0.0430854,4.42178,0.0387769,0.387769,1.0,138.443,899.958,899.951,0.149321,48.3776,0.134389,1.34389,1.0,write_0,58.7038,899.973,899.996,0.154693,53.9881,0.139224,1.39224,1.0,write_1,138.443,0.139224,1.39224,hold_0,3.20666,0.0351736,23.9141,0.0215227,0.215227,1.0,hold_1,3.20362,0.0338153,23.771,0.0213939,0.213939,1.0
4,1,3,1.0,27,275.89,112.9,438.29,read_0,346.431,10.4778,10.4778,281.693,7636.34,0.0481307,4.91012,0.0481307,0.481307,1.0,read_1,10.4778,346.431,10.4778,7636.34,281.693,0.0481307,4.91012,0.0481307,0.481307,1.0,136.214,999.955,999.941,0.178112,57.5959,0.178112,1.78112,1.0,write_0,56.12,999.967,999.992,0.18407,69.7067,0.18407,1.8407,1.0,write_1,136.214,0.18407,1.8407,hold_0,3.24303,0.0354948,28.7413,0.0287413,0.287413,1.0,hold_1,3.22563,0.0342867,29.4267,0.0294267,0.294267,1.0
4,1,3,1.1,27,296.77,121.53,493.2,read_0,392.748,13.7669,13.7669,142.223,1245.37,0.0533594,5.41098,0.0586953,0.586953,1.0,read_1,13.7669,392.748,13.7669,1245.37,142.223,0.0533594,5.41098,0.0586953,0.586953,1.0,134.298,1099.95,1099.92,0.208679,68.0011,0.229547,2.29547,1.0,write_0,54.3079,1099.96,1099.99,0.2135,85.8933,0.23485,2.3485,1.0,write_1,134.298,0.23485,2.3485,hold_0,3.2512,0.054936,34.6838,0.0381521,0.381521,1.0,hold_1,3.25683,0.0585183,35.3103,0.0388414,0.388414,1.0
4,1,3,1.2,27,317.1,129.64,558.29,read_0,440.424,17.4924,17.4924,140.74,187.873,0.0584968,5.91228,0.0701962,0.701962,1.0,read_1,17.4924,440.424,17.4924,187.873,140.74,0.0584968,5.91228,0.0701962,0.701962,1.0,132.538,1199.94,1199.91,0.240985,79.8629,0.289182,2.89182,1.0,write_0,52.6854,1199.96,1199.98,0.245519,103.661,0.294622,2.94622,1.0,write_1,132.538,0.294622,2.94622,hold_0,3.371,0.0751983,41.6556,0.0499867,0.499867,1.0,hold_1,3.3649,0.0713366,41.9251,0.0503101,0.503101,1.0
4,1,3,1.3,27,336.9,137.53,618.22,read_0,489.312,21.6189,21.6189,133.927,429.647,0.0637037,6.40776,0.0828148,0.828148,1.0,read_1,21.6189,489.312,21.6189,429.647,133.927,0.0637037,6.40776,0.0828148,0.828148,1.0,130.912,1299.93,1299.88,0.275188,90.7283,0.357744,3.57744,1.0,write_0,51.4525,1299.95,1299.97,0.2809,120.497,0.36517,3.6517,1.0,write_1,130.912,0.36517,3.6517,hold_0,3.52202,0.087741,49.4816,0.064326,0.64326,1.0,hold_1,3.59368,0.0691716,49.8299,0.0647789,0.647789,1.0
4,1,4,0.6,27,185.95,56.88,278.15,read_0,202.319,3.91118,3.91118,2128.07,343.712,0.03377,3.53258,0.020262,0.20262,1.0,read_1,3.91119,202.319,3.91119,343.712,2128.07,0.03377,3.53258,0.020262,0.20262,1.0,140.905,599.971,599.967,0.0671468,20.328,0.0402881,0.402881,1.0,write_0,66.9837,599.979,599.998,0.0746634,20.7212,0.044798,0.44798,1.0,write_1,140.905,0.044798,0.44798,hold_0,4.63983,0.0130892,13.9935,0.00839612,0.0839612,1.0,hold_1,4.64702,0.0131101,14.3493,0.00860958,0.0860958,1.0
4,1,4,0.7,27,209.53,64.14,333.25,read_0,247.579,6.24507,6.24507,190.71,190.71,0.0396418,4.13994,0.0277493,0.277493,1.0,read_1,6.24508,247.579,6.24508,190.71,190.71,0.0396418,4.13994,0.0277493,0.277493,1.0,136.88,699.967,699.964,0.0854228,28.1782,0.059796,0.59796,1.0,write_0,60.3985,699.977,699.997,0.0943193,32.3107,0.0660235,0.660235,1.0,write_1,136.88,0.0660235,0.660235,hold_0,4.20833,0.0157048,17.5295,0.0122706,0.122706,1.0,hold_1,4.21233,0.0156667,18.155,0.0127085,0.127085,1.0
4,1,4,0.8,27,232.29,70.42,388.17,read_0,295.347,9.38736,9.38736,2322.98,190.071,0.0455181,4.73946,0.0364145,0.364145,1.0,read_1,9.38737,295.347,9.38737,190.071,2322.98,0.0455181,4.73946,0.0364145,0.364145,1.0,133.66,799.96,799.957,0.106174,35.6841,0.0849391,0.849391,1.0,write_0,56.2701,799.974,799.993,0.116397,46.2321,0.0931175,0.931175,1.0,write_1,133.66,0.0931175,0.931175,hold_0,3.9925,0.0212023,21.6019,0.0172815,0.172815,1.0,hold_1,3.9706,0.0182819,21.3089,0.0170471,0.170471,1.0
4,1,4,0.9,27,254.44,75.95,453.31,read_0,345.33,13.2987,13.2987,271.502,271.502,0.0514025,5.33159,0.0462623,0.462623,1.0,read_1,13.2987,345.33,13.2987,271.502,271.502,0.0514025,5.33159,0.0462623,0.462623,1.0,130.928,899.958,899.947,0.129119,43.7532,0.116207,1.16207,1.0,write_0,53.4191,899.978,899.994,0.141224,62.1468,0.127102,1.27102,1.0,write_1,130.928,0.127102,1.27102,hold_0,3.91662,0.0214139,26.4069,0.0237662,0.237662,1.0,hold_1,3.88719,0.022563,26.2376,0.0236139,0.236139,1.0
4,1,4,1.0,27,275.89,80.93,518.3,read_0,397.249,17.9179,17.9179,257.483,8329.55,0.0573299,5.93536,0.0573299,0.573299,1.0,read_1,17.9179,397.249,17.9179,8329.55,257.483,0.0573299,5.93536,0.0573299,0.573299,1.0,128.617,999.951,999.943,0.153639,51.5488,0.153639,1.53639,1.0,write_0,51.1895,999.964,999.993,0.168982,77.8244,0.168982,1.68982,1.0,write_1,128.617,0.168982,1.68982,hold_0,3.8787,0.0429794,31.5439,0.0315439,0.315439,1.0,hold_1,3.87573,0.0414772,31.1551,0.0311551,0.311551,1.0
4,1,4,1.1,27,296.77,85.4,583.22,read_0,450.846,23.1628,23.1628,250.278,9113.51,0.0632871,6.54565,0.0696158,0.696158,1.0,read_1,23.1628,450.846,23.1628,9113.51,250.278,0.0632871,6.54565,0.0696158,0.696158,1.0,126.623,1099.94,1099.93,0.180326,61.7942,0.198359,1.98359,1.0,write_0,49.3341,1099.96,1099.98,0.201523,92.5952,0.221675,2.21675,1.0,write_1,126.623,0.221675,2.21675,hold_0,4.01141,0.0413349,37.6851,0.0414536,0.414536,1.0,hold_1,4.02913,0.0425452,38.0649,0.0418714,0.418714,1.0
4,1,4,1.2,27,317.1,89.55,653.18,read_0,505.903,28.9538,28.9538,142.514,465.92,0.0692973,7.1485,0.0831567,0.831567,1.0,read_1,28.9538,505.903,28.9538,465.92,142.514,0.0692973,7.1485,0.0831567,0.831567,1.0,124.878,1199.94,1199.92,0.208991,72.2769,0.250789,2.50789,1.0,write_0,47.902,1199.95,1199.98,0.227565,108.811,0.273078,2.73078,1.0,write_1,124.878,0.273078,2.73078,hold_0,4.08551,0.0717417,44.9116,0.0538939,0.538939,1.0,hold_1,4.14168,0.0517804,44.5478,0.0534573,0.534573,1.0
4,1,4,1.3,27,336.9,93.23,728.22,read_0,562.227,35.2144,35.2144,143.936,487.406,0.0744329,7.75976,0.0967627,0.967627,1.0,read_1,35.2144,562.227,35.2144,487.406,143.936,0.0744329,7.75976,0.0967627,0.967627,1.0,123.27,1299.92,1299.89,0.240066,81.4938,0.312085,3.12085,1.0,write_0,46.541,1299.95,1299.97,0.260344,126.282,0.338447,3.38447,1.0,write_1,123.27,0.338447,3.38447,hold_0,4.26037,0.0882027,53.1741,0.0691263,0.691263,1.0,hold_1,4.26438,0.0812419,53.7879,0.0699243,0.699243,1.0
4,1,5,0.6,27,185.95,44.65,308.15,read_0,220.936,6.02123,6.02123,249.399,249.399,0.0392884,4.13476,0.023573,0.23573,1.0,read_1,6.02123,220.936,6.02123,249.399,249.399,0.0392884,4.13476,0.023573,0.23573,1.0,136.488,599.97,599.964,0.0610263,19.9866,0.0366158,0.366158,1.0,write_0,62.4323,599.977,599.995,0.0700534,22.6664,0.042032,0.42032,1.0,write_1,136.488,0.042032,0.42032,hold_0,5.42998,0.0129124,15.3127,0.00918762,0.0918762,1.0,hold_1,5.42724,0.0134009,15.0582,0.00903489,0.0903489,1.0
4,1,5,0.7,27,209.53,49.55,368.23,read_0,270.402,9.487,9.487,370.606,370.606,0.0460735,4.84277,0.0322515,0.322515,1.0,read_1,9.487,270.402,9.487,370.606,370.606,0.0460735,4.84277,0.0322515,0.322515,1.0,132.351,699.966,699.964,0.0774005,26.0828,0.0541804,0.541804,1.0,write_0,56.6851,699.975,699.997,0.0887438,35.6394,0.0621207,0.621207,1.0,write_1,132.351,0.0621207,0.621207,hold_0,4.92855,0.0152809,19.0905,0.0133633,0.133633,1.0,hold_1,4.9329,0.0153073,19.6118,0.0137282,0.137282,1.0
4,1,5,0.8,27,232.29,53.33,433.29,read_0,322.615,14.0623,14.0623,1474.08,190.383,0.0528795,5.54053,0.0423036,0.423036,1.0,read_1,14.0623,322.615,14.0623,190.383,1474.08,0.0528795,5.54053,0.0423036,0.423036,1.0,129.064,799.962,799.958,0.0959887,32.6431,0.076791,0.76791,1.0,write_0,53.0331,799.977,799.993,0.110134,49.997,0.088107,0.88107,1.0,write_1,129.064,0.088107,0.88107,hold_0,4.67019,0.019541,23.5772,0.0188618,0.188618,1.0,hold_1,4.66679,0.0180733,23.5447,0.0188358,0.188358,1.0
4,1,5,0.9,27,254.44,56.36,498.21,read_0,377.203,19.6454,19.6454,1445.21,180.76,0.0596696,6.23783,0.0537026,0.537026,1.0,read_1,19.6454,377.203,19.6454,180.76,1445.21,0.0596696,6.23783,0.0537026,0.537026,1.0,126.308,899.954,899.953,0.116575,40.1066,0.104917,1.04917,1.0,write_0,50.2498,899.977,899.99,0.133929,63.1164,0.120536,1.20536,1.0,write_1,126.308,0.120536,1.20536,hold_0,4.58717,0.0224731,28.5643,0.0257079,0.257079,1.0,hold_1,4.56231,0.0237534,29.1853,0.0262667,0.262667,1.0
4,1,5,1.0,27,275.89,58.78,568.15,read_0,433.817,26.1265,26.1265,261.024,186.562,0.0665206,6.95697,0.0665206,0.665206,1.0,read_1,26.1265,433.817,26.1265,186.562,261.024,0.0665206,6.95697,0.0665206,0.665206,1.0,124.005,999.952,999.938,0.139512,47.6537,0.139512,1.39512,1.0,write_0,48.1185,999.966,999.987,0.160509,78.4811,0.160509,1.60509,1.0,write_1,124.005,0.160509,1.60509,hold_0,4.557,0.0373229,34.1232,0.0341232,0.341232,1.0,hold_1,4.57561,0.0263965,34.3899,0.0343899,0.343899,1.0
4,1,5,1.1,27,296.77,60.75,643.17,read_0,492.162,33.3875,33.3875,1142.3,142.211,0.0733237,7.66924,0.080656,0.80656,1.0,read_1,33.3875,492.162,33.3875,142.211,1142.3,0.0733237,7.66924,0.080656,0.80656,1.0,122.074,1099.94,1099.93,0.164579,57.776,0.181037,1.81037,1.0,write_0,46.2761,1099.97,1099.98,0.191106,93.9888,0.210217,2.10217,1.0,write_1,122.074,0.210217,2.10217,hold_0,4.70433,0.0358824,40.6648,0.0447313,0.447313,1.0,hold_1,4.64201,0.0515135,41.2924,0.0454216,0.454216,1.0
4,1,5,1.2,27,317.1,62.19,723.24,read_0,551.98,41.2767,41.2767,273.959,7577.19,0.0801885,8.37161,0.0962262,0.962262,1.0,read_1,41.2767,551.98,41.2767,7577.19,273.959,0.0801885,8.37161,0.0962262,0.962262,1.0,120.302,1199.93,1199.91,0.192079,67.3579,0.230494,2.30494,1.0,write_0,44.7289,1199.95,1199.98,0.216794,109.783,0.260152,2.60152,1.0,write_1,120.302,0.260152,2.60152,hold_0,4.78589,0.0679825,48.0634,0.0576761,0.576761,1.0,hold_1,4.91503,0.05087,48.9621,0.0587546,0.587546,1.0
4,1,5,1.3,27,336.9,63.27,803.22,read_0,613.074,49.7275,49.7275,145.042,6816.82,0.0870596,9.10336,0.113178,1.13178,1.0,read_1,49.7275,613.074,49.7275,6816.82,145.042,0.0870596,9.10336,0.113178,1.13178,1.0,118.796,1299.92,1299.89,0.22282,77.6271,0.289666,2.89666,1.0,write_0,43.4726,1299.94,1299.98,0.248345,127.135,0.322848,3.22848,1.0,write_1,118.796,0.322848,3.22848,hold_0,5.00969,0.084265,56.9552,0.0740417,0.740417,1.0,hold_1,5.14232,0.0636186,56.5449,0.0735084,0.735084,1.0
4,2,1,0.6,27,202.19,149.71,,read_0,56.0721,0.191405,0.191405,202.81,145.222,0.0171802,1.69445,0.0103081,0.103081,1.0,read_1,0.191415,56.0721,0.191415,145.222,202.81,0.0171802,1.69445,0.0103081,0.103081,1.0,-1.0,76.4471,68.3572,9.59962,9.78994,5.75977,57.5977,0.0,write_0,-1.0,68.3645,76.4985,9.68885,9.81067,5.81331,58.1331,0.0,write_1,-1.0,5.81331,58.1331,hold_0,602.571,600.022,153.914,0.0923484,0.923484,0.0,hold_1,2.21909,0.00988055,14.5206,0.00871236,0.0871236,1.0
4,2,1,0.7,27,230.47,178.26,,read_0,66.8741,0.230585,0.230585,212.735,144.905,0.0202654,1.98633,0.0141858,0.141858,1.0,read_1,0.230599,66.8741,0.230599,144.905,212.735,0.0202654,1.98633,0.0141858,0.141858,1.0,-1.0,82.0295,78.6903,14.2134,14.4955,9.94936,99.4936,0.0,write_0,-1.0,78.7007,82.0834,14.3449,14.528,10.0414,100.414,0.0,write_1,-1.0,10.0414,100.414,hold_0,702.469,700.112,222.126,0.155488,1.55488,0.0,hold_1,2.01321,0.0167835,18.854,0.0131978,0.131978,1.0
4,2,1,0.8,27,258.4,207.13,,read_0,77.5289,0.287108,0.287108,9471.11,146.849,0.0234061,2.28006,0.0187248,0.187248,1.0,read_1,0.287127,77.5289,0.287127,146.849,9471.11,0.0234061,2.28006,0.0187248,0.187248,1.0,-1.0,88.5099,89.0884,19.4319,19.812,15.5456,155.456,0.0,write_0,-1.0,89.1043,88.5647,19.6109,19.8543,15.6887,156.887,0.0,write_1,-1.0,15.6887,156.887,hold_0,802.552,800.227,300.855,0.240684,2.40684,0.0,hold_1,1.91275,0.045729,24.4921,0.0195937,0.195937,1.0
4,2,1,0.9,27,286.07,236.29,,read_0,88.0565,0.367537,0.367537,90.3728,112.582,0.026623,2.57279,0.0239607,0.239607,1.0,read_1,0.36756,88.0565,0.36756,112.582,90.3728,0.026623,2.57279,0.0239607,0.239607,1.0,-1.0,95.5861,99.4613,25.1281,25.6137,22.6153,226.153,0.0,write_0,-1.0,99.4836,95.6458,25.3561,25.6432,22.8205,228.205,0.0,write_1,-1.0,22.8205,228.205,hold_0,902.623,900.253,388.787,0.349908,3.49908,0.0,hold_1,1.87352,0.02539,29.8372,0.0268534,0.268534,1.0
4,2,1,1.0,27,313.5,265.71,,read_0,98.4985,0.485947,0.485947,90.3136,77.1413,0.0299212,2.86508,0.0299212,0.299212,1.0,read_1,0.485977,98.4985,0.485977,77.1413,90.3136,0.0299212,2.86508,0.0299212,0.299212,1.0,-1.0,103.289,109.829,31.2073,31.8052,31.2073,312.073,0.0,write_0,-1.0,109.857,103.347,31.4893,31.823,31.4893,314.893,0.0,write_1,-1.0,31.4893,314.893,hold_0,1002.77,1000.19,485.279,0.485279,4.85279,0.0,hold_1,1.87422,0.1372,38.4336,0.0384336,0.384336,1.0
4,2,1,1.1,27,340.75,289.87,,read_0,108.898,0.633567,0.633567,90.2945,77.0912,0.0333201,3.15729,0.0366521,0.366521,1.0,read_1,0.633605,108.898,0.633605,77.0912,90.2945,0.0333201,3.15729,0.0366521,0.366521,1.0,-1.0,111.726,120.244,37.6036,38.3137,41.364,413.64,0.0,write_0,-1.0,120.28,111.793,37.9417,38.3342,41.7359,417.359,0.0,write_1,-1.0,41.7359,417.359,hold_0,1102.7,1100.22,587.64,0.646404,6.46404,0.0,hold_1,1.92323,0.185465,47.0763,0.051784,0.51784,1.0
4,2,1,1.2,27,367.75,310.24,,read_0,119.314,0.819219,0.819219,90.2509,77.0178,0.0368326,3.45001,0.0441992,0.441992,1.0,read_1,0.819266,119.314,0.819266,77.0178,90.2509,0.0368326,3.45001,0.0441992,0.441992,1.0,-1.0,121.04,130.78,44.2748,45.0925,53.1298,531.298,0.0,write_0,-1.0,130.83,121.13,44.671,45.1257,53.6052,536.052,0.0,write_1,-1.0,53.6052,536.052,hold_0,1.99838,0.220447,58.0592,0.069671,0.69671,1.0,hold_1,1202.67,1200.2,696.607,0.835928,8.35928,0.0
4,2,1,1.3,27,394.52,330.06,,read_0,129.791,1.0542,1.0542,90.1342,76.8941,0.0404636,3.74334,0.0526027,0.526027,1.0,read_1,1.05426,129.791,1.05426,76.8941,90.1342,0.0404636,3.74334,0.0526027,0.526027,1.0,-1.0,131.391,141.529,51.2003,52.1385,66.5604,665.604,0.0,write_0,-1.0,141.588,131.494,51.6563,52.1754,67.1532,671.532,0.0,write_1,-1.0,67.1532,671.532,hold_0,2.10332,0.181947,70.7399,0.0919619,0.919619,1.0,hold_1,1302.68,1300.18,813.074,1.057,10.57,0.0
4,2,2,0.6,27,202.19,118.43,118.23,read_0,93.6246,0.506635,0.506635,225.616,3412.56,0.0229679,2.33066,0.0137808,0.137808,1.0,read_1,0.506645,93.6246,0.506645,3412.56,225.616,0.0229679,2.33066,0.0137808,0.137808,1.0,177.911,599.943,599.943,0.135056,15.0006,0.0810337,0.810337,1.0,write_0,110.939,599.952,599.995,0.134041,15.0363,0.0804248,0.804248,1.0,write_1,177.911,0.0810337,0.810337,hold_0,3.01463,0.00989903,16.1451,0.00968705,0.0968705,1.0,hold_1,3.01966,0.00963515,15.7222,0.0094333,0.094333,1.0
4,2,2,0.7,27,230.47,139.98,133.27,read_0,112.43,0.694365,0.694365,146.941,146.941,0.0277289,2.73866,0.0194103,0.194103,1.0,read_1,0.694379,112.43,0.694379,146.941,146.941,0.0277289,2.73866,0.0194103,0.194103,1.0,172.436,699.943,699.943,0.179056,23.8483,0.125339,1.25339,1.0,write_0,97.3592,699.949,699.994,0.174256,23.697,0.121979,1.21979,1.0,write_1,172.436,0.125339,1.25339,hold_0,2.73758,0.0148924,20.3557,0.014249,0.14249,1.0,hold_1,2.74114,0.0155061,21.1128,0.0147789,0.147789,1.0
4,2,2,0.8,27,258.4,161.48,143.17,read_0,131.26,0.968638,0.968638,356.3,114.22,0.0320955,3.14566,0.0256764,0.256764,1.0,read_1,0.968657,131.26,0.968657,114.22,356.3,0.0320955,3.14566,0.0256764,0.256764,1.0,168.988,799.935,799.931,0.229113,34.9556,0.183291,1.83291,1.0,write_0,89.3494,799.947,799.992,0.219237,34.4603,0.17539,1.7539,1.0,write_1,168.988,0.183291,1.83291,hold_0,2.59709,0.0404542,26.151,0.0209208,0.209208,1.0,hold_1,2.60779,0.0157869,25.7635,0.0206108,0.206108,1.0
4,2,2,0.9,27,286.07,183.35,158.17,read_0,150.073,1.35006,1.35006,149.567,78.9974,0.0365724,3.55083,0.0329152,0.329152,1.0,read_1,1.35008,150.073,1.35008,78.9974,149.567,0.0365724,3.55083,0.0329152,0.329152,1.0,166.349,899.93,899.917,0.284837,46.769,0.256354,2.56354,1.0,write_0,83.8329,899.944,899.99,0.264673,47.536,0.238206,2.38206,1.0,write_1,166.349,0.256354,2.56354,hold_0,2.55204,0.0262626,33.4288,0.0300859,0.300859,1.0,hold_1,2.54312,0.0794334,32.7516,0.0294764,0.294764,1.0
4,2,2,1.0,27,313.5,205.4,178.25,read_0,168.866,1.8485,1.8485,145.587,76.9308,0.0411703,3.95414,0.0411703,0.411703,1.0,read_1,1.84853,168.866,1.84853,76.9308,145.587,0.0411703,3.95414,0.0411703,0.411703,1.0,164.422,999.921,999.9,0.346162,60.8868,0.346162,3.46162,1.0,write_0,79.9439,999.935,999.989,0.316768,61.286,0.316768,3.16768,1.0,write_1,164.422,0.346162,3.46162,hold_0,2.55661,0.0455718,41.7741,0.0417741,0.417741,1.0,hold_1,2.54476,0.132649,40.5928,0.0405928,0.405928,1.0
4,2,2,1.1,27,340.75,227.51,193.2,read_0,187.672,2.45207,2.45207,87.4539,107.283,0.0458979,4.35719,0.0504876,0.504876,1.0,read_1,2.45211,187.672,2.45211,107.283,87.4539,0.0458979,4.35719,0.0504876,0.504876,1.0,163.256,1099.91,1099.88,0.413684,75.5121,0.455053,4.55053,1.0,write_0,77.0784,1099.92,1099.98,0.371521,75.28,0.408673,4.08673,1.0,write_1,163.256,0.455053,4.55053,hold_0,2.61479,0.0918646,51.8973,0.057087,0.57087,1.0,hold_1,2.60292,0.197975,50.024,0.0550264,0.550264,1.0
4,2,2,1.2,27,367.75,249.72,213.2,read_0,206.543,3.21264,3.21264,124.365,181.951,0.0507599,4.76097,0.0609119,0.609119,1.0,read_1,3.21269,206.543,3.21269,181.951,124.365,0.0507599,4.76097,0.0609119,0.609119,1.0,161.768,1199.9,1199.86,0.482903,92.9855,0.579483,5.79483,1.0,write_0,74.5667,1199.9,1199.98,0.42893,92.773,0.514716,5.14716,1.0,write_1,161.768,0.579483,5.79483,hold_0,2.70457,0.25764,63.1678,0.0758013,0.758013,1.0,hold_1,2.71514,0.160455,61.2155,0.0734587,0.734587,1.0
4,2,2,1.3,27,394.52,271.73,233.16,read_0,225.532,4.149,4.149,125.011,95.5365,0.0558183,5.16576,0.0725638,0.725638,1.0,read_1,4.14905,225.532,4.14905,95.5365,125.011,0.0558183,5.16576,0.0725638,0.725638,1.0,160.38,1299.88,1299.82,0.55568,110.349,0.722384,7.22384,1.0,write_0,72.3834,1299.89,1299.97,0.488173,110.877,0.634624,6.34624,1.0,write_1,160.38,0.722384,7.22384,hold_0,2.84231,0.306108,75.4217,0.0980483,0.980483,1.0,hold_1,2.84871,0.205603,74.451,0.0967863,0.967863,1.0
4,2,3,0.6,27,202.19,95.94,193.23,read_0,121.734,1.06486,1.06486,162.046,162.046,0.0289831,2.95954,0.0173899,0.173899,1.0,read_1,1.06487,121.734,1.06487,162.046,162.046,0.0289831,2.95954,0.0173899,0.173899,1.0,152.958,599.944,599.947,0.103891,18.1438,0.0623346,0.623346,1.0,write_0,81.7467,599.957,599.996,0.105087,18.2677,0.0630523,0.630523,1.0,write_1,152.958,0.0630523,0.630523,hold_0,3.80479,0.00996557,17.3109,0.0103865,0.103865,1.0,hold_1,3.80722,0.00995404,17.3144,0.0103886,0.103886,1.0
4,2,3,0.7,27,230.47,111.61,223.11,read_0,147.056,1.57385,1.57385,237.991,4285.97,0.0342365,3.47744,0.0239656,0.239656,1.0,read_1,1.57386,147.056,1.57386,4285.97,237.991,0.0342365,3.47744,0.0239656,0.239656,1.0,149.54,699.94,699.94,0.13577,28.6993,0.0950389,0.950389,1.0,write_0,72.6989,699.952,699.994,0.134613,28.7101,0.094229,0.94229,1.0,write_1,149.54,0.0950389,0.950389,hold_0,3.46337,0.0142026,22.5769,0.0158038,0.158038,1.0,hold_1,3.45871,0.013511,21.8346,0.0152842,0.152842,1.0
4,2,3,0.8,27,258.4,126.99,263.25,read_0,172.834,2.31818,2.31818,147.793,147.793,0.0403737,3.99365,0.0322989,0.322989,1.0,read_1,2.3182,172.834,2.3182,147.793,147.793,0.0403737,3.99365,0.0322989,0.322989,1.0,146.919,799.936,799.934,0.171918,41.3832,0.137534,1.37534,1.0,write_0,67.0058,799.946,799.991,0.166982,41.2998,0.133585,1.33585,1.0,write_1,146.919,0.137534,1.37534,hold_0,3.28688,0.0250628,28.6616,0.0229292,0.229292,1.0,hold_1,3.29161,0.0148172,28.6802,0.0229441,0.229441,1.0
4,2,3,0.9,27,286.07,142.11,298.12,read_0,198.973,3.31942,3.31942,121.14,121.14,0.0451338,4.50636,0.0406204,0.406204,1.0,read_1,3.31944,198.973,3.31944,121.14,121.14,0.0451338,4.50636,0.0406204,0.406204,1.0,144.798,899.932,899.92,0.2128,55.9812,0.19152,1.9152,1.0,write_0,63.2606,899.944,899.991,0.200486,56.1441,0.180438,1.80438,1.0,write_1,144.798,0.19152,1.9152,hold_0,3.22384,0.0643598,36.0896,0.0324806,0.324806,1.0,hold_1,3.21016,0.0629424,35.5694,0.0320125,0.320125,1.0
4,2,3,1.0,27,313.5,156.97,343.22,read_0,225.437,4.58887,4.58887,117.166,117.166,0.0507303,5.0169,0.0507303,0.507303,1.0,read_1,4.5889,225.437,4.5889,117.166,117.166,0.0507303,5.0169,0.0507303,0.507303,1.0,142.85,999.925,999.906,0.258641,71.7867,0.258641,2.58641,1.0,write_0,60.723,999.936,999.989,0.239474,72.2355,0.239474,2.39474,1.0,write_1,142.85,0.258641,2.58641,hold_0,3.23876,0.0399298,44.1223,0.0441223,0.441223,1.0,hold_1,3.22578,0.132078,43.2946,0.0432946,0.432946,1.0
4,2,3,1.1,27,340.75,171.66,388.22,read_0,252.218,6.14081,6.14081,115.948,115.948,0.0565192,5.52614,0.0621711,0.621711,1.0,read_1,6.14085,252.218,6.14085,115.948,115.948,0.0565192,5.52614,0.0621711,0.621711,1.0,141.166,1099.92,1099.88,0.307288,84.1395,0.338016,3.38016,1.0,write_0,58.6269,1099.92,1099.99,0.281523,88.0257,0.309675,3.09675,1.0,write_1,141.166,0.338016,3.38016,hold_0,3.29277,0.204454,54.2169,0.0596385,0.596385,1.0,hold_1,3.29072,0.195093,52.9705,0.0582675,0.582675,1.0
4,2,3,1.2,27,367.75,185.96,433.18,read_0,279.331,7.99326,7.99326,115.733,115.733,0.0624838,6.03614,0.0749805,0.749805,1.0,read_1,7.9933,279.331,7.9933,115.733,115.733,0.0624838,6.03614,0.0749805,0.749805,1.0,140.051,1199.9,1199.86,0.361256,100.331,0.433507,4.33507,1.0,write_0,57.0235,1199.91,1199.98,0.326122,107.971,0.391346,3.91346,1.0,write_1,140.051,0.433507,4.33507,hold_0,3.41664,0.280281,65.393,0.0784716,0.784716,1.0,hold_1,3.42752,0.133018,64.8254,0.0777905,0.777905,1.0
4,2,3,1.3,27,394.52,199.97,483.17,read_0,306.802,10.174,10.174,118.224,166.563,0.0686942,6.54733,0.0893024,0.893024,1.0,read_1,10.1741,306.802,10.1741,166.563,118.224,0.0686942,6.54733,0.0893024,0.893024,1.0,138.624,1299.87,1299.83,0.417306,112.975,0.542498,5.42498,1.0,write_0,55.7478,1299.88,1299.98,0.374492,126.944,0.48684,4.8684,1.0,write_1,138.624,0.542498,5.42498,hold_0,3.58605,0.342466,78.1474,0.101592,1.01592,1.0,hold_1,3.60586,0.236515,78.4631,0.102002,1.02002,1.0
4,2,4,0.6,27,202.19,78.46,238.23,read_0,144.259,1.90318,1.90318,315.598,4520.67,0.0347811,3.58165,0.0208687,0.208687,1.0,read_1,1.90319,144.259,1.90319,4520.67,315.598,0.0347811,3.58165,0.0208687,0.208687,1.0,144.958,599.944,599.943,0.0902814,20.6095,0.0541688,0.541688,1.0,write_0,71.3476,599.952,599.997,0.0938265,20.5975,0.0562959,0.562959,1.0,write_1,144.958,0.0562959,0.562959,hold_0,4.58858,0.0103078,18.9268,0.0113561,0.113561,1.0,hold_1,4.58945,0.010623,18.8653,0.0113192,0.113192,1.0
4,2,4,0.7,27,230.47,89.81,283.25,read_0,175.192,2.95451,2.95451,161.746,161.746,0.0410489,4.20649,0.0287342,0.287342,1.0,read_1,2.95452,175.192,2.95452,161.746,161.746,0.0410489,4.20649,0.0287342,0.287342,1.0,141.003,699.942,699.94,0.117429,32.0844,0.0822004,0.822004,1.0,write_0,64.1356,699.951,699.996,0.119921,32.6418,0.0839448,0.839448,1.0,write_1,141.003,0.0839448,0.839448,hold_0,4.19258,0.01172,24.3455,0.0170419,0.170419,1.0,hold_1,4.18997,0.013602,24.8535,0.0173974,0.173974,1.0
4,2,4,0.8,27,258.4,100.13,328.16,read_0,207.211,4.47039,4.47039,145.985,145.985,0.0483256,4.82899,0.0386605,0.386605,1.0,read_1,4.47041,207.211,4.47041,145.985,145.985,0.0483256,4.82899,0.0386605,0.386605,1.0,138.041,799.935,799.935,0.148019,41.6703,0.118415,1.18415,1.0,write_0,59.6131,799.948,799.993,0.149716,46.7723,0.119773,1.19773,1.0,write_1,138.041,0.119773,1.19773,hold_0,3.99081,0.0150338,30.9732,0.0247786,0.247786,1.0,hold_1,3.97558,0.0186538,29.8909,0.0239127,0.239127,1.0
4,2,4,0.9,27,286.07,109.87,383.24,read_0,240.205,6.47897,6.47897,120.798,120.798,0.0539326,5.44658,0.0485393,0.485393,1.0,read_1,6.47899,240.205,6.47899,120.798,120.798,0.0539326,5.44658,0.0485393,0.485393,1.0,135.564,899.926,899.919,0.182225,52.3347,0.164003,1.64003,1.0,write_0,56.5403,899.939,899.989,0.18426,62.9822,0.165834,1.65834,1.0,write_1,135.564,0.165834,1.65834,hold_0,3.89968,0.0535842,37.741,0.0339669,0.339669,1.0,hold_1,3.9092,0.02002,38.3246,0.0344921,0.344921,1.0
4,2,4,1.0,27,313.5,119.0,438.22,read_0,274.121,8.99128,8.99128,116.408,116.408,0.0604848,6.06023,0.0604848,0.604848,1.0,read_1,8.99131,274.121,8.99131,116.408,116.408,0.0604848,6.06023,0.0604848,0.604848,1.0,133.379,999.915,999.907,0.219546,62.7788,0.219546,2.19546,1.0,write_0,54.3713,999.932,999.987,0.216525,80.4071,0.216525,2.16525,1.0,write_1,133.379,0.219546,2.19546,hold_0,3.91412,0.0262047,46.5579,0.0465579,0.465579,1.0,hold_1,3.90801,0.113738,46.6622,0.0466622,0.466622,1.0
4,2,4,1.1,27,340.75,127.51,493.13,read_0,308.934,12.0194,12.0194,115.007,115.007,0.067222,6.67307,0.0739442,0.739442,1.0,read_1,12.0194,308.934,12.0194,115.007,115.007,0.067222,6.67307,0.0739442,0.739442,1.0,131.716,1099.9,1099.89,0.261386,75.4471,0.287525,2.87525,1.0,write_0,52.589,1099.92,1099.99,0.254979,99.96,0.280477,2.80477,1.0,write_1,131.716,0.287525,2.87525,hold_0,3.98638,0.199076,56.3538,0.0619891,0.619891,1.0,hold_1,3.9879,0.205365,56.7136,0.062385,0.62385,1.0
4,2,4,1.2,27,367.75,135.47,558.2,read_0,344.635,15.5829,15.5829,114.57,114.57,0.0741155,7.28586,0.0889387,0.889387,1.0,read_1,15.5829,344.635,15.5829,114.57,114.57,0.0741155,7.28586,0.0889387,0.889387,1.0,129.902,1199.89,1199.86,0.304682,88.5782,0.365618,3.65618,1.0,write_0,51.1386,1199.9,1199.99,0.296772,118.55,0.356127,3.56127,1.0,write_1,129.902,0.365618,3.65618,hold_0,4.13417,0.296324,68.3668,0.0820402,0.820402,1.0,hold_1,4.12539,0.262864,67.9262,0.0815114,0.815114,1.0
4,2,4,1.3,27,394.52,142.75,618.08,read_0,381.224,19.7119,19.7119,119.375,5154.41,0.0816035,7.89988,0.106085,1.06085,1.0,read_1,19.7119,381.224,19.7119,5154.41,119.375,0.0816035,7.89988,0.106085,1.06085,1.0,128.218,1299.87,1299.83,0.351001,101.946,0.456302,4.56302,1.0,write_0,49.9692,1299.88,1299.98,0.341784,137.069,0.444319,4.44319,1.0,write_1,128.218,0.456302,4.56302,hold_0,4.32047,0.376926,82.1066,0.106739,1.06739,1.0,hold_1,4.34746,0.184488,83.0118,0.107915,1.07915,1.0
4,2,5,0.6,27,202.19,64.7,268.17,read_0,162.932,3.04822,3.04822,206.469,206.469,0.0410171,4.19834,0.0246103,0.246103,1.0,read_1,3.04823,162.932,3.04823,206.469,206.469,0.0410171,4.19834,0.0246103,0.246103,1.0,139.69,599.943,599.944,0.0819389,21.9773,0.0491634,0.491634,1.0,write_0,65.8,599.952,599.995,0.0876528,22.4521,0.0525917,0.525917,1.0,write_1,139.69,0.0525917,0.525917,hold_0,5.37135,0.0114925,20.463,0.0122778,0.122778,1.0,hold_1,5.36716,0.0112861,20.2031,0.0121219,0.121219,1.0
4,2,5,0.7,27,230.47,72.72,318.11,read_0,198.698,4.85457,4.85457,159.147,159.147,0.0477408,4.92822,0.0334185,0.334185,1.0,read_1,4.85458,198.698,4.85458,159.147,159.147,0.0477408,4.92822,0.0334185,0.334185,1.0,135.742,699.939,699.942,0.105749,30.1694,0.0740245,0.740245,1.0,write_0,59.523,699.95,699.995,0.111877,35.645,0.0783141,0.783141,1.0,write_1,135.742,0.0783141,0.783141,hold_0,4.91673,0.0118414,26.3262,0.0184283,0.184283,1.0,hold_1,4.91383,0.0110759,26.1209,0.0182846,0.182846,1.0
4,2,5,0.8,27,258.4,79.36,378.24,read_0,236.165,7.42979,7.42979,158.896,158.896,0.0550338,5.65472,0.044027,0.44027,1.0,read_1,7.42981,236.165,7.42981,158.896,158.896,0.0550338,5.65472,0.044027,0.44027,1.0,132.556,799.932,799.934,0.132913,38.0039,0.10633,1.0633,1.0,write_0,55.6081,799.946,799.997,0.140065,51.0758,0.112052,1.12052,1.0,write_1,132.556,0.112052,1.12052,hold_0,4.67902,0.0148779,32.2913,0.025833,0.25833,1.0,hold_1,4.68073,0.0148947,33.1873,0.0265499,0.265499,1.0
4,2,5,0.9,27,286.07,85.19,438.23,read_0,275.221,10.806,10.806,220.725,155.611,0.0624067,6.3748,0.056166,0.56166,1.0,read_1,10.806,275.221,10.806,155.611,220.725,0.0624067,6.3748,0.056166,0.56166,1.0,129.872,899.927,899.922,0.163107,47.4769,0.146796,1.46796,1.0,write_0,52.8844,899.941,899.995,0.172685,67.6579,0.155417,1.55417,1.0,write_1,129.872,0.155417,1.55417,hold_0,4.58727,0.0188013,40.2228,0.0362005,0.362005,1.0,hold_1,4.59541,0.0198743,40.6927,0.0366234,0.366234,1.0
4,2,5,1.0,27,313.5,90.15,503.24,read_0,315.775,14.993,14.993,8992.58,213.422,0.0698673,7.08959,0.0698673,0.698673,1.0,read_1,14.993,315.775,14.993,213.422,8992.58,0.0698673,7.08959,0.0698673,0.698673,1.0,127.521,999.915,999.907,0.196227,57.4257,0.196227,1.96227,1.0,write_0,50.7208,999.93,999.992,0.203401,83.0651,0.203401,2.03401,1.0,write_1,127.521,0.203401,2.03401,hold_0,4.60903,0.0271108,49.2443,0.0492443,0.492443,1.0,hold_1,4.59185,0.023653,49.9615,0.0499615,0.499615,1.0
4,2,5,1.1,27,340.75,94.43,568.17,read_0,357.752,19.9963,19.9963,9726.82,214.09,0.0774792,7.80182,0.0852271,0.852271,1.0,read_1,19.9963,357.752,19.9963,214.09,9726.82,0.0774792,7.80182,0.0852271,0.852271,1.0,125.4,1099.9,1099.89,0.23209,68.6296,0.255299,2.55299,1.0,write_0,48.9072,1099.92,1099.98,0.239796,100.469,0.263776,2.63776,1.0,write_1,125.4,0.263776,2.63776,hold_0,4.68449,0.188932,59.539,0.0654929,0.654929,1.0,hold_1,4.67501,0.140801,58.6568,0.0645225,0.645225,1.0
4,2,5,1.2,27,367.75,97.9,638.13,read_0,401.078,25.8209,25.8209,226.267,226.267,0.0856043,8.51591,0.102725,1.02725,1.0,read_1,25.8209,401.078,25.8209,226.267,226.267,0.0856043,8.51591,0.102725,1.02725,1.0,123.455,1199.88,1199.86,0.27097,79.466,0.325164,3.25164,1.0,write_0,47.4993,1199.9,1199.98,0.279359,117.452,0.335231,3.35231,1.0,write_1,123.455,0.335231,3.35231,hold_0,4.87076,0.0719095,72.0315,0.0864378,0.864378,1.0,hold_1,4.85566,0.300121,71.451,0.0857412,0.857412,1.0
4,2,5,1.3,27,394.52,100.79,713.14,read_0,445.678,32.4784,32.4784,219.32,9736.05,0.093445,9.23004,0.121478,1.21478,1.0,read_1,32.4785,445.678,32.4785,9736.05,219.32,0.093445,9.23004,0.121478,1.21478,1.0,121.647,1299.86,1299.84,0.31313,89.7781,0.40707,4.0707,1.0,write_0,46.3233,1299.88,1299.97,0.322662,136.667,0.41946,4.1946,1.0,write_1,121.647,0.41946,4.1946,hold_0,5.10058,0.1432,86.2905,0.112178,1.12178,1.0,hold_1,5.09047,0.0834929,86.5078,0.11246,1.1246,1.0
4,3,1,0.6,27,193.92,152.11,,read_0,40.2583,0.190526,0.190526,3074.38,153.949,0.0173549,1.70577,0.010413,0.10413,1.0,read_1,0.190541,40.2583,0.190541,153.949,3074.38,0.0173549,1.70577,0.010413,0.10413,1.0,-1.0,67.8522,48.1043,9.61366,9.81149,5.76819,57.6819,0.0,write_0,-1.0,48.1113,67.9275,9.70254,9.82274,5.82153,58.2153,0.0,write_1,-1.0,5.82153,58.2153,hold_0,601.908,599.975,157.802,0.0946811,0.946811,0.0,hold_1,2.204,0.115589,19.4876,0.0116926,0.116926,1.0
4,3,1,0.7,27,228.43,180.43,,read_0,47.9098,0.217833,0.217833,9519.28,9784.64,0.020478,2.00242,0.0143346,0.143346,1.0,read_1,0.217854,47.9098,0.217854,9784.64,9519.28,0.020478,2.00242,0.0143346,0.143346,1.0,-1.0,74.5379,55.6268,14.2227,14.5058,9.9559,99.559,0.0,write_0,-1.0,55.6366,74.6152,14.3526,14.5211,10.0468,100.468,0.0,write_1,-1.0,10.0468,100.468,hold_0,701.789,700.001,227.905,0.159534,1.59534,0.0,hold_1,2.02492,0.116911,25.2428,0.01767,0.1767,1.0
4,3,1,0.8,27,262.39,208.74,,read_0,55.4366,0.262715,0.262715,90.4072,114.562,0.0236712,2.30055,0.018937,0.18937,1.0,read_1,0.262742,55.4366,0.262742,114.562,90.4072,0.0236712,2.30055,0.018937,0.18937,1.0,-1.0,81.6497,63.0584,19.4337,19.8178,15.5469,155.469,0.0,write_0,-1.0,63.0771,81.7343,19.6103,19.8348,15.6883,156.883,0.0,write_1,-1.0,15.6883,156.883,hold_0,801.753,800.059,308.787,0.247029,2.47029,0.0,hold_1,1.93556,0.165548,34.1862,0.027349,0.27349,1.0
4,3,1,0.9,27,295.77,236.98,,read_0,62.8556,0.332216,0.332216,90.1162,76.7848,0.0269431,2.59894,0.0242487,0.242487,1.0,read_1,0.332251,62.8556,0.332251,76.7848,90.1162,0.0269431,2.59894,0.0242487,0.242487,1.0,-1.0,89.1744,70.4171,25.1179,25.6099,22.6061,226.061,0.0,write_0,-1.0,70.4389,89.2642,25.3452,25.6274,22.8107,228.107,0.0,write_1,-1.0,22.8107,228.107,hold_0,901.701,900.055,398.112,0.358301,3.58301,0.0,hold_1,1.89611,0.218787,42.2527,0.0380274,0.380274,1.0
4,3,1,1.0,27,328.62,265.0,,read_0,70.2086,0.41842,0.41842,89.9763,76.6514,0.030304,2.8975,0.030304,0.30304,1.0,read_1,0.418466,70.2086,0.418466,76.6514,89.9763,0.030304,2.8975,0.030304,0.30304,1.0,-1.0,97.2456,77.7389,31.1799,31.7841,31.1799,311.799,0.0,write_0,-1.0,77.7708,97.3464,31.4607,31.8026,31.4607,314.607,0.0,write_1,-1.0,31.4607,314.607,hold_0,1001.71,1000.06,496.315,0.496315,4.96315,0.0,hold_1,1.90793,0.231418,52.9193,0.0529193,0.529193,1.0
4,3,1,1.1,27,361.16,292.67,,read_0,77.5366,0.525096,0.525096,89.8945,76.5453,0.0337882,3.19645,0.037167,0.37167,1.0,read_1,0.525153,77.5366,0.525153,76.5453,89.8945,0.0337882,3.19645,0.037167,0.37167,1.0,-1.0,106.021,85.0888,37.5521,38.2582,41.3073,413.073,0.0,write_0,-1.0,85.1264,106.136,37.8874,38.2801,41.6761,416.761,0.0,write_1,-1.0,41.6761,416.761,hold_0,1101.72,1100.06,604.327,0.66476,6.6476,0.0,hold_1,1.97289,0.230649,66.5439,0.0731982,0.731982,1.0
4,3,1,1.2,27,393.11,320.05,,read_0,84.8829,0.661055,0.661055,65.3325,76.4438,0.0373911,3.49601,0.0448694,0.448694,1.0,read_1,0.661126,84.8829,0.661126,76.4438,65.3325,0.0373911,3.49601,0.0448694,0.448694,1.0,-1.0,115.669,92.5215,44.1921,45.0051,53.0305,530.305,0.0,write_0,-1.0,92.5689,115.805,44.5851,45.0389,53.5022,535.022,0.0,write_1,-1.0,53.5022,535.022,hold_0,1201.82,1200.05,717.257,0.860708,8.60708,0.0,hold_1,2.0599,0.249357,81.5135,0.0978162,0.978162,1.0
4,3,1,1.3,27,424.75,347.03,,read_0,92.2911,0.835345,0.835345,65.2734,76.33,0.041123,3.7962,0.0534599,0.534599,1.0,read_1,0.835432,92.2911,0.835432,76.33,65.2734,0.041123,3.7962,0.0534599,0.534599,1.0,-1.0,126.346,100.109,51.0792,52.0112,66.4029,664.029,0.0,write_0,-1.0,100.165,126.511,51.5334,52.0481,66.9935,669.935,0.0,write_1,-1.0,66.9935,669.935,hold_0,1301.84,1300.02,837.873,1.08923,10.8923,0.0,hold_1,2.17446,0.268949,99.7366,0.129658,1.29658,1.0
4,3,2,0.6,27,193.9,126.45,88.22,read_0,70.1918,0.409211,0.409211,9358.7,9758.7,0.0238474,2.34905,0.0143085,0.143085,1.0,read_1,0.409226,70.1918,0.409226,9758.7,9358.7,0.0238474,2.34905,0.0143085,0.143085,1.0,190.819,599.919,599.923,0.17249,15.4794,0.103494,1.03494,1.0,write_0,125.935,599.928,599.996,0.169913,15.6533,0.101948,1.01948,1.0,write_1,190.819,0.103494,1.03494,hold_0,2.99053,0.0944125,20.8282,0.0124969,0.124969,1.0,hold_1,2.99593,0.00920333,21.3575,0.0128145,0.128145,1.0
4,3,2,0.7,27,228.41,149.12,93.21,read_0,83.9764,0.520827,0.520827,9424.02,148.301,0.0282349,2.75459,0.0197644,0.197644,1.0,read_1,0.520848,83.9764,0.520848,148.301,9424.02,0.0282349,2.75459,0.0197644,0.197644,1.0,185.098,699.914,699.918,0.232204,25.1269,0.162543,1.62543,1.0,write_0,111.871,699.927,699.995,0.223219,24.837,0.156253,1.56253,1.0,write_1,185.098,0.162543,1.62543,hold_0,2.73464,0.191199,27.5918,0.0193143,0.193143,1.0,hold_1,2.74091,0.206864,27.9723,0.0195806,0.195806,1.0
4,3,2,0.8,27,262.37,171.9,98.19,read_0,97.6598,0.680294,0.680294,148.504,148.504,0.0327332,3.16797,0.0261866,0.261866,1.0,read_1,0.680321,97.6598,0.680321,148.504,148.504,0.0327332,3.16797,0.0261866,0.261866,1.0,181.436,799.908,799.903,0.301436,35.8653,0.241149,2.41149,1.0,write_0,103.249,799.92,799.991,0.286579,36.4693,0.229263,2.29263,1.0,write_1,181.436,0.241149,2.41149,hold_0,2.60692,0.241989,34.6122,0.0276898,0.276898,1.0,hold_1,2.61308,0.250292,34.8059,0.0278447,0.278447,1.0
4,3,2,0.9,27,295.75,194.89,108.27,read_0,111.241,0.902921,0.902921,90.783,114.583,0.0373639,3.57985,0.0336275,0.336275,1.0,read_1,0.902957,111.241,0.902957,114.583,90.783,0.0373639,3.57985,0.0336275,0.336275,1.0,179.218,899.902,899.887,0.379501,49.7401,0.341551,3.41551,1.0,write_0,97.8239,899.909,899.989,0.356055,49.0231,0.32045,3.2045,1.0,write_1,179.218,0.341551,3.41551,hold_0,2.5797,0.234913,46.0256,0.041423,0.41423,1.0,hold_1,2.57001,0.277393,45.0725,0.0405652,0.405652,1.0
4,3,2,1.0,27,328.6,217.76,113.24,read_0,124.755,1.20237,1.20237,90.6304,115.145,0.0414795,3.9908,0.0414795,0.414795,1.0,read_1,1.20241,124.755,1.20241,115.145,90.6304,0.0414795,3.9908,0.0414795,0.414795,1.0,177.691,999.891,999.86,0.465215,65.2599,0.465215,4.65215,1.0,write_0,93.8167,999.895,999.988,0.42938,65.1901,0.42938,4.2938,1.0,write_1,177.691,0.465215,4.65215,hold_0,2.58978,0.297712,57.612,0.057612,0.57612,1.0,hold_1,2.58611,0.296605,55.6665,0.0556665,0.556665,1.0
4,3,2,1.1,27,361.14,240.51,123.27,read_0,138.243,1.59206,1.59206,90.5115,115.405,0.0463723,4.40203,0.0510095,0.510095,1.0,read_1,1.59212,138.243,1.59212,115.405,90.5115,0.0463723,4.40203,0.0510095,0.510095,1.0,176.063,1099.87,1099.83,0.557839,81.7756,0.613623,6.13623,1.0,write_0,90.7229,1099.88,1099.99,0.508243,80.0024,0.559067,5.59067,1.0,write_1,176.063,0.613623,6.13623,hold_0,2.64692,0.315093,71.4404,0.0785845,0.785845,1.0,hold_1,2.64986,0.314563,70.2638,0.0772902,0.772902,1.0
4,3,2,1.2,27,393.09,263.15,128.2,read_0,151.761,2.09172,2.09172,90.3854,115.203,0.0522432,4.81679,0.0626919,0.626919,1.0,read_1,2.09179,151.761,2.09179,115.203,90.3854,0.0522432,4.81679,0.0626919,0.626919,1.0,174.215,1199.85,1199.8,0.653097,98.1025,0.783716,7.83716,1.0,write_0,88.1689,1199.85,1199.98,0.590397,98.4708,0.708477,7.08477,1.0,write_1,174.215,0.783716,7.83716,hold_0,2.75579,0.334489,85.8276,0.102993,1.02993,1.0,hold_1,2.771,0.317015,84.9867,0.101984,1.01984,1.0
4,3,2,1.3,27,424.73,285.41,143.25,read_0,165.361,2.72462,2.72462,90.1732,114.891,0.0576086,5.23549,0.0748911,0.748911,1.0,read_1,2.72471,165.361,2.72471,114.891,90.1732,0.0576086,5.23549,0.0748911,0.748911,1.0,172.67,1299.82,1299.76,0.753653,117.278,0.979749,9.79749,1.0,write_0,85.5586,1299.82,1299.97,0.67469,118.145,0.877096,8.77096,1.0,write_1,172.67,0.979749,9.79749,hold_0,2.89981,0.357721,105.315,0.136909,1.36909,1.0,hold_1,2.91878,0.342702,103.597,0.134676,1.34676,1.0
4,3,3,0.6,27,193.87,106.8,163.14,read_0,93.823,0.764084,0.764084,223.901,3404.37,0.0295716,2.97869,0.017743,0.17743,1.0,read_1,0.764099,93.823,0.764099,3404.37,223.901,0.0295716,2.97869,0.017743,0.17743,1.0,157.319,599.919,599.92,0.127862,18.2686,0.0767171,0.767171,1.0,write_0,87.9389,599.93,599.996,0.126557,18.3982,0.0759344,0.759344,1.0,write_1,157.319,0.0767171,0.767171,hold_0,3.77496,0.0104423,22.6827,0.0136096,0.136096,1.0,hold_1,3.77701,0.0740113,22.36,0.013416,0.13416,1.0
4,3,3,0.7,27,228.39,125.02,193.24,read_0,112.726,1.04742,1.04742,146.68,146.68,0.0356819,3.50275,0.0249773,0.249773,1.0,read_1,1.04744,112.726,1.04744,146.68,146.68,0.0356819,3.50275,0.0249773,0.249773,1.0,153.498,699.914,699.915,0.16836,29.1091,0.117852,1.17852,1.0,write_0,77.9087,699.927,699.995,0.161086,29.1224,0.11276,1.1276,1.0,write_1,153.498,0.117852,1.17852,hold_0,3.4672,0.0858943,29.03,0.020321,0.20321,1.0,hold_1,3.46155,0.210284,28.8216,0.0201751,0.201751,1.0
4,3,3,0.8,27,262.35,142.97,218.14,read_0,131.682,1.46206,1.46206,147.828,147.828,0.0414197,4.02902,0.0331357,0.331357,1.0,read_1,1.46209,131.682,1.46209,147.828,147.828,0.0414197,4.02902,0.0331357,0.331357,1.0,151.008,799.908,799.904,0.214942,41.8217,0.171953,1.71953,1.0,write_0,71.7099,799.918,799.994,0.200318,42.3814,0.160254,1.60254,1.0,write_1,151.008,0.171953,1.71953,hold_0,3.30247,0.285611,36.5288,0.0292231,0.292231,1.0,hold_1,3.29705,0.272063,37.8359,0.0302687,0.302687,1.0
4,3,3,0.9,27,295.73,160.93,253.24,read_0,150.639,2.03256,2.03256,146.362,77.9563,0.0472926,4.55288,0.0425633,0.425633,1.0,read_1,2.03259,150.639,2.03259,77.9563,146.362,0.0472926,4.55288,0.0425633,0.425633,1.0,149.033,899.9,899.886,0.267673,57.3841,0.240905,2.40905,1.0,write_0,67.6135,899.911,899.991,0.244426,57.4607,0.219984,2.19984,1.0,write_1,149.033,0.240905,2.40905,hold_0,3.25558,0.262395,47.6703,0.0429032,0.429032,1.0,hold_1,3.25373,0.256975,46.3552,0.0417197,0.417197,1.0
4,3,3,1.0,27,328.58,178.78,283.19,read_0,169.6,2.79686,2.79686,143.808,76.3248,0.0533524,5.07542,0.0533524,0.533524,1.0,read_1,2.79691,169.6,2.79691,76.3248,143.808,0.0533524,5.07542,0.0533524,0.533524,1.0,147.686,999.886,999.864,0.32677,74.0639,0.32677,3.2677,1.0,write_0,64.5542,999.896,999.988,0.292131,73.6731,0.292131,2.92131,1.0,write_1,147.686,0.32677,3.2677,hold_0,3.26113,0.356361,59.4503,0.0594503,0.594503,1.0,hold_1,3.25575,0.351684,58.3099,0.0583099,0.583099,1.0
4,3,3,1.1,27,361.12,196.55,318.19,read_0,188.598,3.77554,3.77554,156.654,78.8523,0.0596472,5.59765,0.0656119,0.656119,1.0,read_1,3.7756,188.598,3.7756,78.8523,156.654,0.0596472,5.59765,0.0656119,0.656119,1.0,146.603,1099.87,1099.83,0.390832,92.4431,0.429915,4.29915,1.0,write_0,62.3632,1099.88,1099.99,0.343587,92.6559,0.377945,3.77945,1.0,write_1,146.603,0.429915,4.29915,hold_0,3.35218,0.343239,72.158,0.0793738,0.793738,1.0,hold_1,3.35091,0.341501,72.0606,0.0792666,0.792666,1.0
4,3,3,1.2,27,393.06,213.99,353.15,read_0,207.667,4.90851,4.90851,123.797,178.933,0.0660637,6.12105,0.0792764,0.792764,1.0,read_1,4.90858,207.667,4.90858,178.933,123.797,0.0660637,6.12105,0.0792764,0.792764,1.0,145.409,1199.85,1199.8,0.460427,112.163,0.552512,5.52512,1.0,write_0,60.817,1199.85,1199.98,0.401796,110.532,0.482155,4.82155,1.0,write_1,145.409,0.552512,5.52512,hold_0,3.47061,0.408147,88.2826,0.105939,1.05939,1.0,hold_1,3.4824,0.3758,88.2503,0.1059,1.059,1.0
4,3,3,1.3,27,424.71,231.19,393.15,read_0,226.887,6.40201,6.40201,88.6941,77.4337,0.0728856,6.64614,0.0947513,0.947513,1.0,read_1,6.4021,226.887,6.4021,77.4337,88.6941,0.0728856,6.64614,0.0947513,0.947513,1.0,144.062,1299.82,1299.76,0.533876,132.214,0.694039,6.94039,1.0,write_0,59.4082,1299.82,1299.98,0.461766,131.822,0.600295,6.00295,1.0,write_1,144.062,0.694039,6.94039,hold_0,3.64106,0.433855,106.712,0.138725,1.38725,1.0,hold_1,3.65269,0.434927,107.988,0.140384,1.40384,1.0
4,3,4,0.6,27,193.85,90.98,213.23,read_0,113.36,1.28218,1.28218,160.019,160.019,0.0356516,3.60498,0.0213909,0.213909,1.0,read_1,1.2822,113.36,1.2822,160.019,160.019,0.0356516,3.60498,0.0213909,0.213909,1.0,147.835,599.919,599.919,0.111168,20.6836,0.0667005,0.667005,1.0,write_0,75.3897,599.928,599.997,0.112552,20.5991,0.0675315,0.675315,1.0,write_1,147.835,0.0675315,0.675315,hold_0,4.54598,0.00828807,24.0328,0.0144197,0.144197,1.0,hold_1,4.55698,0.019272,24.4337,0.0146602,0.146602,1.0
4,3,4,0.7,27,228.37,105.14,248.13,read_0,136.747,1.85885,1.85885,145.84,145.84,0.042949,4.24174,0.0300643,0.300643,1.0,read_1,1.85887,136.747,1.85887,145.84,145.84,0.042949,4.24174,0.0300643,0.300643,1.0,144.352,699.916,699.92,0.14554,32.6577,0.101878,1.01878,1.0,write_0,67.5045,699.926,699.996,0.14456,32.8252,0.101192,1.01192,1.0,write_1,144.352,0.101878,1.01878,hold_0,4.18475,0.201841,30.8033,0.0215623,0.215623,1.0,hold_1,4.18465,0.208288,30.5064,0.0213544,0.213544,1.0
4,3,4,0.8,27,262.33,118.88,293.23,read_0,160.452,2.70397,2.70397,146.18,146.18,0.0497868,4.87799,0.0398294,0.398294,1.0,read_1,2.704,160.452,2.704,146.18,146.18,0.0497868,4.87799,0.0398294,0.398294,1.0,141.454,799.909,799.904,0.185278,46.7294,0.148223,1.48223,1.0,write_0,62.5923,799.921,799.993,0.177786,47.122,0.142229,1.42229,1.0,write_1,141.454,0.148223,1.48223,hold_0,3.99974,0.179332,39.7509,0.0318007,0.318007,1.0,hold_1,3.99146,0.300269,39.9518,0.0319614,0.319614,1.0
4,3,4,0.9,27,295.71,132.13,338.23,read_0,184.394,3.85004,3.85004,144.522,7789.48,0.056854,5.51086,0.0511686,0.511686,1.0,read_1,3.85008,184.394,3.85008,7789.48,144.522,0.056854,5.51086,0.0511686,0.511686,1.0,139.555,899.902,899.888,0.231054,58.8194,0.207949,2.07949,1.0,write_0,59.3127,899.911,899.991,0.216907,63.1128,0.195216,1.95216,1.0,write_1,139.555,0.207949,2.07949,hold_0,3.92615,0.371928,49.6326,0.0446693,0.446693,1.0,hold_1,3.91418,0.368811,49.7638,0.0447874,0.447874,1.0
4,3,4,1.0,27,328.56,145.07,383.17,read_0,208.54,5.33656,5.33656,144.503,78.737,0.0640973,6.14188,0.0640973,0.640973,1.0,read_1,5.33661,208.54,5.33661,78.737,144.503,0.0640973,6.14188,0.0640973,0.640973,1.0,137.596,999.884,999.864,0.280585,72.0265,0.280585,2.80585,1.0,write_0,56.9109,999.893,999.987,0.260105,81.6743,0.260105,2.60105,1.0,write_1,137.596,0.280585,2.80585,hold_0,3.9578,0.347185,61.6773,0.0616773,0.616773,1.0,hold_1,3.94358,0.409643,61.0861,0.0610861,0.610861,1.0
4,3,4,1.1,27,361.1,157.67,433.16,read_0,232.891,7.14377,7.14377,115.981,4383.01,0.0702711,6.7719,0.0772982,0.772982,1.0,read_1,7.14383,232.891,7.14383,4383.01,115.981,0.0702711,6.7719,0.0772982,0.772982,1.0,135.821,1099.86,1099.83,0.334564,86.0451,0.36802,3.6802,1.0,write_0,55.1253,1099.87,1099.98,0.307449,101.594,0.338194,3.38194,1.0,write_1,135.821,0.36802,3.6802,hold_0,4.04966,0.392263,75.1738,0.0826911,0.826911,1.0,hold_1,4.04467,0.383135,75.109,0.0826199,0.826199,1.0
4,3,4,1.2,27,393.04,169.81,483.1,read_0,257.48,9.3475,9.3475,115.497,1989.03,0.0778579,7.40313,0.0934294,0.934294,1.0,read_1,9.34757,257.48,9.34757,1989.03,115.497,0.0778579,7.40313,0.0934294,0.934294,1.0,134.196,1199.84,1199.8,0.392498,100.74,0.470998,4.70998,1.0,write_0,53.6595,1199.85,1199.98,0.358503,121.484,0.430204,4.30204,1.0,write_1,134.196,0.470998,4.70998,hold_0,4.17455,0.475087,91.1179,0.109342,1.09342,1.0,hold_1,4.18722,0.47497,92.1991,0.110639,1.10639,1.0
4,3,4,1.3,27,424.68,181.43,538.08,read_0,282.339,11.9845,11.9845,121.863,96.1265,0.0871114,8.03626,0.113245,1.13245,1.0,read_1,11.9846,282.339,11.9846,96.1265,121.863,0.0871114,8.03626,0.113245,1.13245,1.0,132.664,1299.81,1299.77,0.45467,117.0,0.591072,5.91072,1.0,write_0,52.3614,1299.82,1299.98,0.413063,144.566,0.536982,5.36982,1.0,write_1,132.664,0.591072,5.91072,hold_0,4.3963,0.510252,111.454,0.144891,1.44891,1.0,hold_1,4.40291,0.510233,111.769,0.1453,1.453,1.0
4,3,5,0.6,27,193.83,77.72,243.14,read_0,130.072,1.98483,1.98483,159.488,159.488,0.0415659,4.22889,0.0249396,0.249396,1.0,read_1,1.98484,130.072,1.98484,159.488,159.488,0.0415659,4.22889,0.0249396,0.249396,1.0,142.36,599.92,599.919,0.101106,22.495,0.0606633,0.606633,1.0,write_0,68.9675,599.931,599.999,0.104398,22.604,0.062639,0.62639,1.0,write_1,142.36,0.062639,0.62639,hold_0,5.3102,0.00828835,25.8259,0.0154956,0.154956,1.0,hold_1,5.31301,0.00830691,25.025,0.015015,0.15015,1.0
4,3,5,0.7,27,228.35,88.58,288.09,read_0,157.514,2.99899,2.99899,145.212,145.212,0.0500466,4.97366,0.0350326,0.350326,1.0,read_1,2.99901,157.514,2.99901,145.212,145.212,0.0500466,4.97366,0.0350326,0.350326,1.0,138.469,699.914,699.915,0.131655,33.3704,0.0921585,0.921585,1.0,write_0,62.1263,699.926,699.996,0.134295,35.6403,0.0940062,0.940062,1.0,write_1,138.469,0.0940062,0.940062,hold_0,4.90574,0.010146,32.6009,0.0228207,0.228207,1.0,hold_1,4.90231,0.0272212,32.7841,0.0229489,0.229489,1.0
4,3,5,0.8,27,262.31,98.49,338.08,read_0,185.662,4.47907,4.47907,144.637,144.637,0.057969,5.71755,0.0463752,0.463752,1.0,read_1,4.4791,185.662,4.4791,144.637,144.637,0.057969,5.71755,0.0463752,0.463752,1.0,135.489,799.906,799.908,0.166789,42.9933,0.133432,1.33432,1.0,write_0,57.8875,799.918,799.995,0.16936,51.2038,0.135488,1.35488,1.0,write_1,135.489,0.135488,1.35488,hold_0,4.68321,0.308999,41.7066,0.0333652,0.333652,1.0,hold_1,4.68989,0.163099,42.1303,0.0337042,0.337042,1.0
4,3,5,0.9,27,295.69,107.67,393.14,read_0,214.415,6.46541,6.46541,118.246,118.246,0.0648848,6.45731,0.0583963,0.583963,1.0,read_1,6.46544,214.415,6.46544,118.246,118.246,0.0648848,6.45731,0.0583963,0.583963,1.0,132.967,899.893,899.888,0.206125,53.5935,0.185513,1.85513,1.0,write_0,54.9599,899.907,899.999,0.202369,68.972,0.182132,1.82132,1.0,write_1,132.967,0.185513,1.85513,hold_0,4.61171,0.276456,51.8558,0.0466703,0.466703,1.0,hold_1,4.61339,0.287024,52.73,0.047457,0.47457,1.0
4,3,5,1.0,27,328.54,116.18,453.2,read_0,243.729,8.98005,8.98005,116.865,116.865,0.0730611,7.19415,0.0730611,0.730611,1.0,read_1,8.98009,243.729,8.98009,116.865,116.865,0.0730611,7.19415,0.0730611,0.730611,1.0,130.713,999.879,999.869,0.249948,65.2779,0.249948,2.49948,1.0,write_0,52.8292,999.896,999.993,0.243126,87.5689,0.243126,2.43126,1.0,write_1,130.713,0.249948,2.49948,hold_0,4.62789,0.325779,64.0364,0.0640364,0.640364,1.0,hold_1,4.63077,0.337874,64.147,0.064147,0.64147,1.0
4,3,5,1.1,27,361.08,124.02,513.17,read_0,273.593,12.0491,12.0491,115.893,115.893,0.0814449,7.92944,0.0895894,0.895894,1.0,read_1,12.0492,273.593,12.0492,115.893,115.893,0.0814449,7.92944,0.0895894,0.895894,1.0,128.851,1099.86,1099.84,0.297795,78.3014,0.327575,3.27575,1.0,write_0,51.1412,1099.88,1099.99,0.289313,105.6,0.318244,3.18244,1.0,write_1,128.851,0.327575,3.27575,hold_0,4.73829,0.40725,78.4707,0.0863177,0.863177,1.0,hold_1,4.72515,0.494384,79.2238,0.0871461,0.871461,1.0
4,3,5,1.2,27,393.02,131.17,573.09,read_0,304.026,15.7121,15.7121,115.333,5937.27,0.0900301,8.66585,0.108036,1.08036,1.0,read_1,15.7122,304.026,15.7122,5937.27,115.333,0.0900301,8.66585,0.108036,1.08036,1.0,126.973,1199.84,1199.81,0.348927,91.4356,0.418713,4.18713,1.0,write_0,49.6515,1199.85,1199.98,0.337592,124.608,0.405111,4.05111,1.0,write_1,126.973,0.418713,4.18713,hold_0,4.90666,0.539559,95.363,0.114436,1.14436,1.0,hold_1,4.91633,0.462439,96.5313,0.115838,1.15838,1.0
4,3,5,1.3,27,424.66,137.61,638.04,read_0,335.049,20.0212,20.0212,119.974,5999.68,0.0990256,9.40427,0.128733,1.28733,1.0,read_1,20.0212,335.049,20.0212,5999.68,119.974,0.0990256,9.40427,0.128733,1.28733,1.0,125.386,1299.83,1299.74,0.405518,106.157,0.527173,5.27173,1.0,write_0,48.4327,1299.82,1299.97,0.390248,144.157,0.507322,5.07322,1.0,write_1,125.386,0.527173,5.27173,hold_0,5.16645,0.522719,115.338,0.149939,1.49939,1.0,hold_1,5.15339,0.582533,113.826,0.147973,1.47973,1.0
4,4,1,0.6,27,186.71,152.29,,read_0,31.4457,0.203973,0.203973,224.588,2660.28,0.0174446,1.71821,0.0104668,0.104668,1.0,read_1,0.203993,31.4457,0.203993,2660.28,224.588,0.0174446,1.71821,0.0104668,0.104668,1.0,-1.0,64.1531,37.271,9.62189,9.81677,5.77313,57.7313,0.0,write_0,-1.0,37.2796,64.2515,9.71071,9.82915,5.82643,58.2643,0.0,write_1,-1.0,5.82643,58.2643,hold_0,601.402,599.883,162.451,0.0974704,0.974704,0.0,hold_1,2.20179,0.212105,24.7138,0.0148283,0.148283,1.0
4,4,1,0.7,27,219.17,180.08,,read_0,37.3831,0.228509,0.228509,152.549,113.765,0.020596,2.01828,0.0144172,0.144172,1.0,read_1,0.228536,37.3831,0.228536,113.765,152.549,0.020596,2.01828,0.0144172,0.144172,1.0,-1.0,71.1671,43.1628,14.2301,14.5119,9.96104,99.6104,0.0,write_0,-1.0,43.1684,71.276,14.3605,14.5377,10.0524,100.524,0.0,write_1,-1.0,10.0524,100.524,hold_0,701.352,699.878,234.487,0.164141,1.64141,0.0,hold_1,2.03334,0.201987,32.2205,0.0225544,0.225544,1.0
4,4,1,0.8,27,250.88,207.43,,read_0,43.2172,0.268533,0.268533,88.4445,112.772,0.0238225,2.3194,0.019058,0.19058,1.0,read_1,0.268569,43.2172,0.268569,112.772,88.4445,0.0238225,2.3194,0.019058,0.19058,1.0,-1.0,78.5047,48.9413,19.4392,19.8192,15.5513,155.513,0.0,write_0,-1.0,48.9611,78.614,19.6156,19.836,15.6925,156.925,0.0,write_1,-1.0,15.6925,156.925,hold_0,801.332,799.93,317.535,0.254028,2.54028,0.0,hold_1,1.9471,0.231332,41.7604,0.0334083,0.334083,1.0
4,4,1,0.9,27,281.86,234.47,,read_0,48.9663,0.330402,0.330402,88.0943,75.0178,0.0271317,2.62035,0.0244186,0.244186,1.0,read_1,0.330449,48.9663,0.330449,75.0178,88.0943,0.0271317,2.62035,0.0244186,0.244186,1.0,-1.0,86.2108,54.6555,25.12,25.6067,22.608,226.08,0.0,write_0,-1.0,54.6821,86.332,25.3463,25.6287,22.8117,228.117,0.0,write_1,-1.0,22.8117,228.117,hold_0,901.288,899.92,409.514,0.368563,3.68563,0.0,hold_1,1.9253,0.230092,53.8515,0.0484664,0.484664,1.0
4,4,1,1.0,27,312.15,261.05,,read_0,54.6978,0.409994,0.409994,70.2056,84.0161,0.0301656,2.93024,0.0301656,0.301656,1.0,read_1,0.410055,54.6978,0.410055,84.0161,70.2056,0.0301656,2.93024,0.0301656,0.301656,1.0,-1.0,94.4492,60.3359,31.1768,31.777,31.1768,311.768,0.0,write_0,-1.0,60.3712,94.5866,31.4563,31.7997,31.4563,314.563,0.0,write_1,-1.0,31.4563,314.563,hold_0,1.95444,0.224999,68.2176,0.0682176,0.682176,1.0,hold_1,1001.33,999.953,511.556,0.511556,5.11556,0.0
4,4,1,1.1,27,341.81,287.16,,read_0,60.3777,0.569957,0.569957,72.346,63.7864,0.0338359,3.23307,0.0372195,0.372195,1.0,read_1,0.570033,60.3777,0.570033,63.7864,72.346,0.0338359,3.23307,0.0372195,0.372195,1.0,-1.0,103.395,66.053,37.5417,38.2388,41.2959,412.959,0.0,write_0,-1.0,66.0797,103.55,37.8768,38.2588,41.6644,416.644,0.0,write_1,-1.0,41.6644,416.644,hold_0,1101.33,1099.96,622.174,0.684392,6.84392,0.0,hold_1,2.00944,0.232513,84.8566,0.0933422,0.933422,1.0
4,4,1,1.2,27,370.95,312.79,,read_0,66.0814,0.640688,0.640688,69.9093,61.584,0.0372225,3.53621,0.044667,0.44667,1.0,read_1,0.640782,66.0814,0.640782,61.584,69.9093,0.0372225,3.53621,0.044667,0.44667,1.0,-1.0,113.218,71.8073,44.1717,44.9934,53.006,530.06,0.0,write_0,-1.0,71.86,113.403,44.5658,45.0077,53.479,534.79,0.0,write_1,-1.0,53.479,534.79,hold_0,1201.35,1199.93,740.003,0.888004,8.88004,0.0,hold_1,2.09798,0.235675,105.346,0.126415,1.26415,1.0
4,4,1,1.3,27,399.55,337.83,,read_0,71.801,0.780003,0.780003,64.9179,75.7528,0.041501,3.82666,0.0539512,0.539512,1.0,read_1,0.780119,71.801,0.780119,75.7528,64.9179,0.041501,3.82666,0.0539512,0.539512,1.0,-1.0,124.077,77.7024,51.0467,51.977,66.3607,663.607,0.0,write_0,-1.0,77.7606,124.3,51.5007,52.0037,66.9509,669.509,0.0,write_1,-1.0,66.9509,669.509,hold_0,2.23967,0.258501,129.174,0.167927,1.67927,1.0,hold_1,1301.37,1299.89,865.718,1.12543,11.2543,0.0
4,4,2,0.6,27,186.69,130.09,68.21,read_0,56.3102,0.380869,0.380869,6143.58,144.487,0.0240825,2.36542,0.0144495,0.144495,1.0,read_1,0.38089,56.3102,0.38089,144.487,6143.58,0.0240825,2.36542,0.0144495,0.144495,1.0,204.364,599.897,599.896,0.212159,16.2578,0.127295,1.27295,1.0,write_0,143.187,599.905,599.995,0.207734,16.1126,0.124641,1.24641,1.0,write_1,204.364,0.127295,1.27295,hold_0,2.9817,0.27052,25.9347,0.0155608,0.155608,1.0,hold_1,2.98021,0.184079,26.0459,0.0156276,0.156276,1.0
4,4,2,0.7,27,219.16,153.23,73.3,read_0,67.235,0.460934,0.460934,9398.98,143.999,0.0285381,2.77889,0.0199767,0.199767,1.0,read_1,0.460962,67.235,0.460962,143.999,9398.98,0.0285381,2.77889,0.0199767,0.199767,1.0,199.069,699.893,699.886,0.290121,25.9319,0.203085,2.03085,1.0,write_0,128.861,699.9,699.995,0.280228,25.9386,0.196159,1.96159,1.0,write_1,199.069,0.203085,2.03085,hold_0,2.75027,0.248519,33.783,0.0236481,0.236481,1.0,hold_1,2.74932,0.295285,34.0478,0.0238334,0.238334,1.0
4,4,2,0.8,27,250.87,176.13,73.28,read_0,78.0419,0.578566,0.578566,155.279,2307.26,0.0331311,3.19951,0.0265049,0.265049,1.0,read_1,0.578602,78.0419,0.578602,2307.26,155.279,0.0331311,3.19951,0.0265049,0.265049,1.0,195.8,799.884,799.875,0.382483,38.2441,0.305986,3.05986,1.0,write_0,120.044,799.892,799.995,0.365274,38.3678,0.292219,2.92219,1.0,write_1,195.8,0.305986,3.05986,hold_0,2.63368,0.299879,44.1475,0.035318,0.35318,1.0,hold_1,2.63294,0.299605,43.8641,0.0350912,0.350912,1.0
4,4,2,0.9,27,281.84,198.98,73.27,read_0,88.7439,0.745338,0.745338,90.4117,115.947,0.0378511,3.61976,0.034066,0.34066,1.0,read_1,0.745386,88.7439,0.745386,115.947,90.4117,0.0378511,3.61976,0.034066,0.34066,1.0,194.093,899.873,899.85,0.488777,51.2951,0.439899,4.39899,1.0,write_0,114.782,899.878,899.996,0.46203,52.2416,0.415827,4.15827,1.0,write_1,194.093,0.439899,4.39899,hold_0,2.59657,0.300881,55.4225,0.0498803,0.498803,1.0,hold_1,2.59584,0.301039,56.1169,0.0505052,0.505052,1.0
4,4,2,1.0,27,312.14,221.6,73.24,read_0,99.3735,0.971049,0.971049,90.1973,77.5232,0.0427238,4.04044,0.0427238,0.427238,1.0,read_1,0.971109,99.3735,0.971109,77.5232,90.1973,0.0427238,4.04044,0.0427238,0.427238,1.0,192.939,999.852,999.819,0.607037,67.0117,0.607037,6.07037,1.0,write_0,111.253,999.856,999.995,0.568864,66.8463,0.568864,5.68864,1.0,write_1,192.939,0.607037,6.07037,hold_0,2.63245,0.300182,72.4565,0.0724565,0.724565,1.0,hold_1,2.62316,0.299827,72.4222,0.0724222,0.724222,1.0
4,4,2,1.1,27,341.79,243.92,78.28,read_0,109.98,1.26123,1.26123,90.0255,77.4144,0.0470863,4.4621,0.0517949,0.517949,1.0,read_1,1.26131,109.98,1.26131,77.4144,90.0255,0.0470863,4.4621,0.0517949,0.517949,1.0,191.856,1099.83,1099.78,0.734472,85.1676,0.807919,8.07919,1.0,write_0,108.483,1099.83,1099.98,0.680785,85.7091,0.748864,7.48864,1.0,write_1,191.856,0.807919,8.07919,hold_0,2.69181,0.309297,88.9886,0.0978875,0.978875,1.0,hold_1,2.69647,0.304028,88.5804,0.0974384,0.974384,1.0
4,4,2,1.2,27,370.94,265.87,83.29,read_0,120.614,1.63787,1.63787,89.8437,77.2802,0.0530991,4.88518,0.0637189,0.637189,1.0,read_1,1.63796,120.614,1.63796,77.2802,89.8437,0.0530991,4.88518,0.0637189,0.637189,1.0,190.513,1199.8,1199.74,0.867956,103.975,1.04155,10.4155,1.0,write_0,105.759,1199.8,1199.98,0.798856,104.362,0.958628,9.58628,1.0,write_1,190.513,1.04155,10.4155,hold_0,2.80389,0.310197,111.046,0.133256,1.33256,1.0,hold_1,2.81915,0.324531,108.461,0.130154,1.30154,1.0
4,4,2,1.3,27,399.53,287.29,88.29,read_0,131.32,2.12471,2.12471,89.607,77.0979,0.0586289,5.30965,0.0762176,0.762176,1.0,read_1,2.12482,131.32,2.12482,77.0979,89.607,0.0586289,5.30965,0.0762176,0.762176,1.0,189.02,1299.77,1299.69,1.00215,122.119,1.30279,13.0279,1.0,write_0,102.893,1299.76,1299.98,0.917721,123.691,1.19304,11.9304,1.0,write_1,189.02,1.30279,13.0279,hold_0,2.98457,0.33488,132.391,0.172109,1.72109,1.0,hold_1,2.97644,0.319757,131.044,0.170357,1.70357,1.0
4,4,3,0.6,27,186.68,112.7,148.24,read_0,76.7108,0.64721,0.64721,306.354,9721.13,0.03054,3.00316,0.018324,0.18324,1.0,read_1,0.647231,76.7108,0.647231,9721.13,306.354,0.03054,3.00316,0.018324,0.18324,1.0,161.191,599.896,599.897,0.149919,18.5936,0.0899512,0.899512,1.0,write_0,93.9313,599.903,599.995,0.146345,18.6013,0.087807,0.87807,1.0,write_1,161.191,0.0899512,0.899512,hold_0,3.7644,0.304355,28.1558,0.0168935,0.168935,1.0,hold_1,3.74885,0.206319,27.4107,0.0164464,0.164464,1.0
4,4,3,0.7,27,219.14,132.01,168.19,read_0,91.9172,0.840959,0.840959,144.752,144.752,0.0362187,3.52021,0.0253531,0.253531,1.0,read_1,0.840987,91.9172,0.840987,144.752,144.752,0.0362187,3.52021,0.0253531,0.253531,1.0,157.12,699.889,699.89,0.198341,29.6154,0.138839,1.38839,1.0,write_0,82.951,699.902,699.994,0.187939,29.697,0.131557,1.31557,1.0,write_1,157.12,0.138839,1.38839,hold_0,3.46736,0.283752,35.6093,0.0249265,0.249265,1.0,hold_1,3.46621,0.348392,35.5237,0.0248666,0.248666,1.0
4,4,3,0.8,27,250.85,151.11,193.22,read_0,107.066,1.1225,1.1225,144.802,4611.48,0.0420676,4.05346,0.033654,0.33654,1.0,read_1,1.12254,107.066,1.12254,4611.48,144.802,0.0420676,4.05346,0.033654,0.33654,1.0,154.367,799.888,799.864,0.253822,42.9936,0.203058,2.03058,1.0,write_0,76.3217,799.89,799.991,0.23542,43.1091,0.188336,1.88336,1.0,write_1,154.367,0.203058,2.03058,hold_0,3.32463,0.328186,47.1221,0.0376977,0.376977,1.0,hold_1,3.32647,0.336583,46.0814,0.0368652,0.368652,1.0
4,4,3,0.9,27,281.83,170.01,218.21,read_0,122.143,1.5326,1.5326,152.311,78.4292,0.048128,4.58465,0.0433152,0.433152,1.0,read_1,1.53265,122.143,1.53265,78.4292,152.311,0.048128,4.58465,0.0433152,0.433152,1.0,152.441,899.87,899.853,0.316698,58.8453,0.285028,2.85028,1.0,write_0,71.8383,899.879,899.99,0.287784,58.8862,0.259006,2.59006,1.0,write_1,152.441,0.285028,2.85028,hold_0,3.27153,0.369394,58.619,0.0527571,0.527571,1.0,hold_1,3.2759,0.347148,59.087,0.0531783,0.531783,1.0
4,4,3,1.0,27,312.12,188.74,243.16,read_0,137.169,2.0725,2.0725,90.3969,78.3514,0.0543887,5.11458,0.0543887,0.543887,1.0,read_1,2.07256,137.169,2.07256,78.3514,90.3969,0.0543887,5.11458,0.0543887,0.543887,1.0,150.941,999.856,999.821,0.386106,75.545,0.386106,3.86106,1.0,write_0,68.6666,999.855,999.988,0.34497,75.8359,0.34497,3.4497,1.0,write_1,150.941,0.386106,3.86106,hold_0,3.29964,0.372231,73.1816,0.0731816,0.731816,1.0,hold_1,3.2988,0.372266,73.41,0.07341,0.7341,1.0
4,4,3,1.1,27,341.78,207.28,273.19,read_0,152.191,2.7557,2.7557,90.1841,78.2576,0.0608764,5.64907,0.066964,0.66964,1.0,read_1,2.75578,152.191,2.75578,78.2576,90.1841,0.0608764,5.64907,0.066964,0.66964,1.0,149.94,1099.83,1099.78,0.464282,93.8788,0.510711,5.10711,1.0,write_0,66.2108,1099.83,1099.99,0.407006,94.9457,0.447707,4.47707,1.0,write_1,149.94,0.510711,5.10711,hold_0,3.37701,0.376245,91.6023,0.100763,1.00763,1.0,hold_1,3.38403,0.37996,91.6071,0.100768,1.00768,1.0
4,4,3,1.2,27,370.92,225.44,303.17,read_0,167.258,3.62343,3.62343,89.9722,78.1311,0.0676202,6.18762,0.0811442,0.811442,1.0,read_1,3.62352,167.258,3.62352,78.1311,89.9722,0.0676202,6.18762,0.0811442,0.811442,1.0,148.668,1199.8,1199.74,0.54679,115.231,0.656148,6.56148,1.0,write_0,64.1136,1199.8,1199.98,0.473983,113.601,0.56878,5.6878,1.0,write_1,148.668,0.656148,6.56148,hold_0,3.53636,0.396699,111.828,0.134194,1.34194,1.0,hold_1,3.515,0.386348,112.067,0.134481,1.34481,1.0
4,4,3,1.3,27,399.52,243.16,338.2,read_0,182.432,4.68978,4.68978,89.7302,113.264,0.0747028,6.72893,0.0971137,0.971137,1.0,read_1,4.6899,182.432,4.6899,113.264,89.7302,0.0747028,6.72893,0.0971137,0.971137,1.0,147.619,1299.75,1299.7,0.634948,136.035,0.825432,8.25432,1.0,write_0,62.4369,1299.76,1299.98,0.544767,135.778,0.708197,7.08197,1.0,write_1,147.619,0.825432,8.25432,hold_0,3.71503,0.4071,135.583,0.176258,1.76258,1.0,hold_1,3.71983,0.402024,134.447,0.174782,1.74782,1.0
4,4,4,0.6,27,186.66,98.52,193.16,read_0,93.9835,1.02299,1.02299,217.312,2569.07,0.0361894,3.6319,0.0217136,0.217136,1.0,read_1,1.02301,93.9835,1.02301,2569.07,217.312,0.0361894,3.6319,0.0217136,0.217136,1.0,150.247,599.895,599.898,0.130601,20.818,0.0783608,0.783608,1.0,write_0,79.3119,599.904,599.995,0.130419,20.8763,0.0782515,0.782515,1.0,write_1,150.247,0.0783608,0.783608,hold_0,4.51114,0.210295,28.9648,0.0173789,0.173789,1.0,hold_1,4.54226,0.324118,28.5834,0.01715,0.1715,1.0
4,4,4,0.7,27,219.12,114.35,228.19,read_0,112.964,1.40403,1.40403,144.123,144.123,0.0436726,4.26591,0.0305708,0.305708,1.0,read_1,1.40405,112.964,1.40405,144.123,144.123,0.0436726,4.26591,0.0305708,0.305708,1.0,146.551,699.89,699.894,0.171446,33.0376,0.120013,1.20013,1.0,write_0,70.697,699.9,699.997,0.164539,32.8066,0.115178,1.15178,1.0,write_1,146.551,0.120013,1.20013,hold_0,4.18258,0.305316,37.7868,0.0264507,0.264507,1.0,hold_1,4.18283,0.284794,37.6323,0.0263426,0.263426,1.0
4,4,4,0.8,27,250.84,129.83,263.13,read_0,132.017,1.96344,1.96344,143.536,143.536,0.0507154,4.91184,0.0405723,0.405723,1.0,read_1,1.96348,132.017,1.96348,143.536,143.536,0.0507154,4.91184,0.0405723,0.405723,1.0,144.144,799.882,799.874,0.218777,47.5679,0.175022,1.75022,1.0,write_0,65.431,799.887,799.994,0.205609,47.5581,0.164488,1.64488,1.0,write_1,144.144,0.175022,1.75022,hold_0,4.00963,0.422338,48.4184,0.0387347,0.387347,1.0,hold_1,4.01123,0.375098,48.107,0.0384856,0.384856,1.0
4,4,4,0.9,27,281.81,145.06,303.16,read_0,151.09,2.73399,2.73399,140.01,5370.72,0.0579762,5.55502,0.0521785,0.521785,1.0,read_1,2.73404,151.09,2.73404,5370.72,140.01,0.0579762,5.55502,0.0521785,0.521785,1.0,141.988,899.87,899.851,0.272652,64.0281,0.245387,2.45387,1.0,write_0,61.8431,899.878,899.99,0.251449,64.0546,0.226304,2.26304,1.0,write_1,141.988,0.245387,2.45387,hold_0,3.95002,0.433637,60.6651,0.0545986,0.545986,1.0,hold_1,3.95519,0.404131,60.9213,0.0548291,0.548291,1.0
4,4,4,1.0,27,312.11,159.91,343.09,read_0,170.185,3.75098,3.75098,140.752,76.3193,0.0655482,6.19664,0.0655482,0.655482,1.0,read_1,3.75104,170.185,3.75104,76.3193,140.752,0.0655482,6.19664,0.0655482,0.655482,1.0,140.18,999.851,999.825,0.33233,78.3734,0.33233,3.3233,1.0,write_0,59.268,999.861,999.99,0.301851,82.8621,0.301851,3.01851,1.0,write_1,140.18,0.33233,3.3233,hold_0,3.98391,0.425376,75.9302,0.0759302,0.759302,1.0,hold_1,3.97907,0.441086,76.1118,0.0761118,0.761118,1.0
4,4,4,1.1,27,341.76,174.55,388.13,read_0,189.332,5.08459,5.08459,90.3616,78.8858,0.0733962,6.83802,0.0807358,0.807358,1.0,read_1,5.08467,189.332,5.08467,78.8858,90.3616,0.0733962,6.83802,0.0807358,0.807358,1.0,138.453,1099.83,1099.79,0.397571,94.2421,0.437328,4.37328,1.0,write_0,57.2975,1099.83,1099.98,0.356927,102.391,0.39262,3.9262,1.0,write_1,138.453,0.437328,4.37328,hold_0,4.07881,0.451892,94.6043,0.104065,1.04065,1.0,hold_1,4.08141,0.446083,94.6239,0.104086,1.04086,1.0
4,4,4,1.2,27,370.91,188.74,433.1,read_0,208.567,6.64415,6.64415,121.335,172.399,0.0813754,7.4811,0.0976505,0.976505,1.0,read_1,6.64425,208.567,6.64425,172.399,121.335,0.0813754,7.4811,0.0976505,0.976505,1.0,136.941,1199.79,1199.75,0.468739,109.714,0.562486,5.62486,1.0,write_0,55.7608,1199.8,1199.98,0.416915,124.736,0.500298,5.00298,1.0,write_1,136.941,0.562486,5.62486,hold_0,4.23091,0.462993,114.958,0.13795,1.3795,1.0,hold_1,4.2428,0.465057,115.842,0.13901,1.3901,1.0
4,4,4,1.3,27,399.5,202.5,483.12,read_0,227.963,8.67152,8.67152,89.1021,78.0334,0.0899253,8.12652,0.116903,1.16903,1.0,read_1,8.67164,227.963,8.67164,78.0334,89.1021,0.0899253,8.12652,0.116903,1.16903,1.0,136.027,1299.75,1299.7,0.546971,127.543,0.711062,7.11062,1.0,write_0,54.5113,1299.76,1299.98,0.48247,147.053,0.627211,6.27211,1.0,write_1,136.027,0.711062,7.11062,hold_0,4.48219,0.489617,140.444,0.182577,1.82577,1.0,hold_1,4.48062,0.490536,140.583,0.182758,1.82758,1.0
4,4,5,0.6,27,186.64,86.24,228.21,read_0,108.978,1.52063,1.52063,213.155,213.155,0.0422832,4.25276,0.0253699,0.253699,1.0,read_1,1.52065,108.978,1.52065,213.155,213.155,0.0422832,4.25276,0.0253699,0.253699,1.0,144.581,599.895,599.895,0.118995,22.5412,0.0713969,0.713969,1.0,write_0,71.8875,599.905,599.999,0.121169,22.7879,0.0727012,0.727012,1.0,write_1,144.581,0.0727012,0.727012,hold_0,5.30969,0.299028,30.6531,0.0183918,0.183918,1.0,hold_1,5.27751,0.152514,30.4436,0.0182662,0.182662,1.0
4,4,5,0.7,27,219.11,99.14,268.14,read_0,131.385,2.1841,2.1841,143.884,143.884,0.0509889,5.00476,0.0356922,0.356922,1.0,read_1,2.18413,131.385,2.18413,143.884,143.884,0.0509889,5.00476,0.0356922,0.356922,1.0,140.694,699.89,699.889,0.155889,35.2168,0.109123,1.09123,1.0,write_0,64.572,699.899,699.994,0.152776,35.4856,0.106943,1.06943,1.0,write_1,140.694,0.109123,1.09123,hold_0,4.90112,0.425241,39.5138,0.0276597,0.276597,1.0,hold_1,4.9018,0.4111,39.0184,0.0273129,0.273129,1.0
4,4,5,0.8,27,250.82,111.24,313.12,read_0,154.059,3.15568,3.15568,142.773,142.773,0.0591892,5.76116,0.0473514,0.473514,1.0,read_1,3.15572,154.059,3.15572,142.773,142.773,0.0591892,5.76116,0.0473514,0.473514,1.0,137.854,799.878,799.874,0.19819,46.6492,0.158552,1.58552,1.0,write_0,60.0323,799.891,799.992,0.191257,51.3711,0.153005,1.53005,1.0,write_1,137.854,0.158552,1.58552,hold_0,4.69748,0.384714,50.3715,0.0402972,0.402972,1.0,hold_1,4.69413,0.464499,51.107,0.0408856,0.408856,1.0
4,4,5,0.9,27,281.8,122.94,363.16,read_0,176.924,4.48159,4.48159,139.349,6947.9,0.0676239,6.51422,0.0608615,0.608615,1.0,read_1,4.48164,176.924,4.48164,6947.9,139.349,0.0676239,6.51422,0.0608615,0.608615,1.0,135.493,899.864,899.858,0.245989,58.573,0.22139,2.2139,1.0,write_0,56.8914,899.876,899.993,0.233822,69.1814,0.21044,2.1044,1.0,write_1,135.493,0.22139,2.2139,hold_0,4.63345,0.454701,64.4993,0.0580493,0.580493,1.0,hold_1,4.63275,0.45542,63.4719,0.0571247,0.571247,1.0
4,4,5,1.0,27,312.09,134.08,413.1,read_0,199.956,6.19771,6.19771,140.64,4572.78,0.0763423,7.2648,0.0763423,0.763423,1.0,read_1,6.19777,199.956,6.19777,4572.78,140.64,0.0763423,7.2648,0.0763423,0.763423,1.0,133.573,999.844,999.826,0.300255,71.7387,0.300255,3.00255,1.0,write_0,54.6394,999.861,999.999,0.281559,89.0151,0.281559,2.81559,1.0,write_1,133.573,0.300255,3.00255,hold_0,4.66634,0.481544,79.1484,0.0791484,0.791484,1.0,hold_1,4.64664,0.505484,78.5715,0.0785715,0.785715,1.0
4,4,5,1.1,27,341.75,144.77,468.11,read_0,223.164,8.36437,8.36437,141.429,77.7718,0.0854237,8.01481,0.0939661,0.939661,1.0,read_1,8.36445,223.164,8.36445,77.7718,141.429,0.0854237,8.01481,0.0939661,0.939661,1.0,131.704,1099.82,1099.79,0.3585,86.0176,0.39435,3.9435,1.0,write_0,52.9314,1099.83,1099.99,0.334194,109.735,0.367613,3.67613,1.0,write_1,131.704,0.39435,3.9435,hold_0,4.77305,0.52267,96.8153,0.106497,1.06497,1.0,hold_1,4.77633,0.504856,97.0274,0.10673,1.0673,1.0
4,4,5,1.2,27,370.89,154.87,528.15,read_0,246.571,10.9501,10.9501,114.382,157.564,0.0930966,8.76656,0.111716,1.11716,1.0,read_1,10.9502,246.571,10.9502,157.564,114.382,0.0930966,8.76656,0.111716,1.11716,1.0,129.94,1199.79,1199.75,0.421747,101.322,0.506096,5.06096,1.0,write_0,51.488,1199.8,1199.99,0.391421,129.735,0.469705,4.69705,1.0,write_1,129.94,0.506096,5.06096,hold_0,4.95527,0.54031,118.823,0.142587,1.42587,1.0,hold_1,4.95629,0.542142,119.244,0.143093,1.43093,1.0
4,4,5,1.3,27,399.48,164.39,583.04,read_0,270.235,14.0992,14.0992,120.554,95.9625,0.104285,9.52084,0.13557,1.3557,1.0,read_1,14.0993,270.235,14.0993,95.9625,120.554,0.104285,9.52084,0.13557,1.3557,1.0,128.224,1299.74,1299.7,0.489756,116.584,0.636683,6.36683,1.0,write_0,50.2613,1299.76,1299.98,0.453555,147.66,0.589622,5.89622,1.0,write_1,128.224,0.636683,6.36683,hold_0,5.23351,0.561066,144.626,0.188013,1.88013,1.0,hold_1,5.21789,0.560757,146.262,0.190141,1.90141,1.0
4,5,1,0.6,27,181.13,151.61,,read_0,25.8135,0.221793,0.221793,226.78,6667.55,0.0175071,1.7278,0.0105043,0.105043,1.0,read_1,0.221818,25.8135,0.221818,6667.55,226.78,0.0175071,1.7278,0.0105043,0.105043,1.0,-1.0,62.0718,30.4592,9.62828,9.82325,5.77697,57.7697,0.0,write_0,-1.0,30.4669,62.1929,9.71698,9.83861,5.83019,58.3019,0.0,write_1,-1.0,5.83019,58.3019,hold_0,601.122,599.859,167.675,0.100605,1.00605,0.0,hold_1,2.20347,0.245546,29.9862,0.0179917,0.179917,1.0
4,5,1,0.7,27,212.01,178.69,,read_0,30.6715,0.24594,0.24594,153.236,114.394,0.0206765,2.02889,0.0144736,0.144736,1.0,read_1,0.245974,30.6715,0.245974,114.394,153.236,0.0206765,2.02889,0.0144736,0.144736,1.0,-1.0,69.2426,35.2937,14.2367,14.5182,9.9657,99.657,0.0,write_0,-1.0,35.3038,69.3733,14.367,14.5396,10.0569,100.569,0.0,write_1,-1.0,10.0569,100.569,hold_0,701.087,699.854,241.304,0.168913,1.68913,0.0,hold_1,2.04581,0.237209,39.0028,0.0273019,0.273019,1.0
4,5,1,0.8,27,241.94,205.3,,read_0,35.4426,0.284863,0.284863,88.2376,113.274,0.0239231,2.33185,0.0191385,0.191385,1.0,read_1,0.284909,35.4426,0.284909,113.274,88.2376,0.0239231,2.33185,0.0191385,0.191385,1.0,-1.0,76.6897,40.0289,19.4454,19.8256,15.5564,155.564,0.0,write_0,-1.0,40.0508,76.8286,19.6217,19.8415,15.6974,156.974,0.0,write_1,-1.0,15.6974,156.974,hold_0,801.046,799.841,326.6,0.26128,2.6128,0.0,hold_1,1.97561,0.228486,51.1093,0.0408875,0.408875,1.0
4,5,1,0.9,27,271.11,231.18,,read_0,40.1668,0.346152,0.346152,73.0508,90.0261,0.0271321,2.64439,0.0244189,0.244189,1.0,read_1,0.34621,40.1668,0.34621,90.0261,73.0508,0.0271321,2.64439,0.0244189,0.244189,1.0,-1.0,84.4964,44.7057,25.1257,25.6085,22.6131,226.131,0.0,write_0,-1.0,44.7336,84.6474,25.3523,25.6297,22.817,228.17,0.0,write_1,-1.0,22.817,228.17,hold_0,901.076,899.901,421.607,0.379446,3.79446,0.0,hold_1,1.95866,0.215564,65.6556,0.05909,0.5909,1.0
4,5,1,1.0,27,299.4,256.58,,read_0,44.8303,0.417243,0.417243,72.314,88.5649,0.0304998,2.94843,0.0304998,0.304998,1.0,read_1,0.417318,44.8303,0.417318,88.5649,72.314,0.0304998,2.94843,0.0304998,0.304998,1.0,-1.0,92.828,49.3551,31.1809,31.7776,31.1809,311.809,0.0,write_0,-1.0,49.3925,93.0037,31.4607,31.7986,31.4607,314.607,0.0,write_1,-1.0,31.4607,314.607,hold_0,1.99144,0.207986,83.2321,0.0832321,0.832321,1.0,hold_1,1001.03,999.813,526.344,0.526344,5.26344,0.0
4,5,1,1.1,27,327.01,281.25,,read_0,49.4794,0.55338,0.55338,72.0117,63.7117,0.0340069,3.25233,0.0374076,0.374076,1.0,read_1,0.553475,49.4794,0.553475,63.7117,72.0117,0.0340069,3.25233,0.0374076,0.374076,1.0,-1.0,101.876,54.0361,37.5435,38.2394,41.2978,412.978,0.0,write_0,-1.0,54.0673,102.077,37.8797,38.2599,41.6677,416.677,0.0,write_1,-1.0,41.6677,416.677,hold_0,1101.05,1099.81,639.464,0.70341,7.0341,0.0,hold_1,2.05439,0.2147,104.438,0.114882,1.14882,1.0
4,5,1,1.2,27,353.95,305.34,,read_0,54.1427,0.704462,0.704462,71.768,63.5552,0.0376435,3.55652,0.0451723,0.451723,1.0,read_1,0.70458,54.1427,0.70458,63.5552,71.768,0.0376435,3.55652,0.0451723,0.451723,1.0,-1.0,111.817,58.7691,44.1707,44.9818,53.0048,530.048,0.0,write_0,-1.0,58.8019,112.045,44.5649,45.0049,53.4779,534.779,0.0,write_1,-1.0,53.4779,534.779,hold_0,1201.07,1199.82,763.572,0.916287,9.16287,0.0,hold_1,2.15417,0.21163,129.079,0.154895,1.54895,1.0
4,5,1,1.3,27,380.24,328.8,,read_0,58.847,0.879313,0.879313,71.5434,63.4316,0.0414249,3.86099,0.0538524,0.538524,1.0,read_1,0.879459,58.847,0.879459,63.4316,71.5434,0.0414249,3.86099,0.0538524,0.538524,1.0,-1.0,122.821,63.5978,51.0422,51.9726,66.3548,663.548,0.0,write_0,-1.0,63.6388,123.071,51.4965,51.9977,66.9455,669.455,0.0,write_1,-1.0,66.9455,669.455,hold_0,1301.08,1299.77,895.409,1.16403,11.6403,0.0,hold_1,2.29703,0.219876,158.71,0.206322,2.06322,1.0
4,5,2,0.6,27,181.11,131.81,58.3,read_0,47.0649,0.374492,0.374492,9388.3,212.11,0.0242646,2.3825,0.0145588,0.145588,1.0,read_1,0.374517,47.0649,0.374517,212.11,9388.3,0.0242646,2.3825,0.0145588,0.145588,1.0,219.501,599.871,599.872,0.254828,16.4539,0.152897,1.52897,1.0,write_0,162.529,599.881,599.997,0.250106,16.4708,0.150063,1.50063,1.0,write_1,219.501,0.152897,1.52897,hold_0,2.97325,0.314951,31.2334,0.0187401,0.187401,1.0,hold_1,2.9758,0.312071,31.1739,0.0187043,0.187043,1.0
4,5,2,0.7,27,212.0,155.01,53.24,read_0,56.1284,0.440324,0.440324,151.174,151.174,0.0287605,2.80499,0.0201323,0.201323,1.0,read_1,0.440358,56.1284,0.440358,151.174,151.174,0.0287605,2.80499,0.0201323,0.201323,1.0,215.372,699.87,699.853,0.356097,26.7932,0.249268,2.49268,1.0,write_0,148.392,699.875,699.993,0.345186,26.7394,0.24163,2.4163,1.0,write_1,215.372,0.249268,2.49268,hold_0,2.75582,0.299037,41.0482,0.0287337,0.287337,1.0,hold_1,2.75767,0.310579,41.6037,0.0291226,0.291226,1.0
4,5,2,0.8,27,241.93,177.92,53.29,read_0,65.0757,0.539336,0.539336,90.5076,1507.59,0.0333984,3.22947,0.0267187,0.267187,1.0,read_1,0.539381,65.0757,0.539381,1507.59,90.5076,0.0333984,3.22947,0.0267187,0.267187,1.0,213.756,799.858,799.843,0.479772,39.7637,0.383818,3.83818,1.0,write_0,140.804,799.864,799.992,0.461018,39.6379,0.368815,3.68815,1.0,write_1,213.756,0.383818,3.83818,hold_0,2.65493,0.297203,52.3236,0.0418589,0.418589,1.0,hold_1,2.65601,0.298294,53.1696,0.0425356,0.425356,1.0
4,5,2,0.9,27,271.1,200.34,48.23,read_0,73.9241,0.679257,0.679257,90.102,77.1009,0.0381868,3.65423,0.0343681,0.343681,1.0,read_1,0.679316,73.9241,0.679316,77.1009,90.102,0.0381868,3.65423,0.0343681,0.343681,1.0,214.108,899.845,899.816,0.626557,54.4168,0.563901,5.63901,1.0,write_0,137.162,899.846,899.992,0.598033,54.448,0.53823,5.3823,1.0,write_1,214.108,0.563901,5.63901,hold_0,2.63218,0.296195,69.81,0.062829,0.62829,1.0,hold_1,2.62405,0.293179,67.8494,0.0610645,0.610645,1.0
4,5,2,1.0,27,299.39,222.44,48.28,read_0,82.7097,0.870369,0.870369,89.8381,76.9665,0.0431393,4.07913,0.0431393,0.431393,1.0,read_1,0.870445,82.7097,0.870445,76.9665,89.8381,0.0431393,4.07913,0.0431393,0.431393,1.0,215.077,999.826,999.781,0.794929,70.3051,0.794929,7.94929,1.0,write_0,135.442,999.819,999.992,0.754969,70.8552,0.754969,7.54969,1.0,write_1,215.077,0.794929,7.94929,hold_0,2.66098,0.278504,88.3458,0.0883458,0.883458,1.0,hold_1,2.66708,0.292757,85.8193,0.0858193,0.858193,1.0
4,5,2,1.1,27,327.0,244.0,48.3,read_0,91.4769,1.11213,1.11213,89.6223,76.826,0.0475567,4.50474,0.0523123,0.523123,1.0,read_1,1.11223,91.4769,1.11223,76.826,89.6223,0.0475567,4.50474,0.0523123,0.523123,1.0,217.191,1099.79,1099.74,0.991157,87.9726,1.09027,10.9027,1.0,write_0,134.881,1099.79,1099.99,0.929113,88.6116,1.02202,10.2202,1.0,write_1,217.191,1.09027,10.9027,hold_0,2.74917,0.295745,108.041,0.118845,1.18845,1.0,hold_1,2.73905,0.282558,106.819,0.117501,1.17501,1.0
4,5,2,1.2,27,353.94,265.08,48.31,read_0,100.27,1.42611,1.42611,89.3938,76.6576,0.0528614,4.93164,0.0634337,0.634337,1.0,read_1,1.42623,100.27,1.42623,76.6576,89.3938,0.0528614,4.93164,0.0634337,0.634337,1.0,217.462,1199.75,1199.69,1.19061,106.757,1.42873,14.2873,1.0,write_0,134.536,1199.75,1199.98,1.12223,106.475,1.34667,13.4667,1.0,write_1,217.462,1.42873,14.2873,hold_0,2.87377,0.306175,130.622,0.156747,1.56747,1.0,hold_1,2.86985,0.278995,129.853,0.155823,1.55823,1.0
4,5,2,1.3,27,380.23,285.6,48.28,read_0,109.129,1.83516,1.83516,89.1066,76.4402,0.0593124,5.35987,0.0771061,0.771061,1.0,read_1,1.8353,109.129,1.8353,76.4402,89.1066,0.0593124,5.35987,0.0771061,0.771061,1.0,215.711,1299.7,1299.63,1.38204,126.957,1.79665,17.9665,1.0,write_0,131.421,1299.7,1299.98,1.29483,128.815,1.68328,16.8328,1.0,write_1,215.711,1.79665,17.9665,hold_0,3.03825,0.28947,159.724,0.207641,2.07641,1.0,hold_1,3.04095,0.285359,161.381,0.209795,2.09795,1.0
4,5,3,0.6,27,181.09,116.37,133.2,read_0,65.007,0.59633,0.59633,143.656,143.656,0.0308117,3.02193,0.018487,0.18487,1.0,read_1,0.596356,65.007,0.596356,143.656,143.656,0.0308117,3.02193,0.018487,0.18487,1.0,164.98,599.871,599.873,0.171674,18.8443,0.103004,1.03004,1.0,write_0,99.8056,599.879,599.994,0.167626,18.7773,0.100575,1.00575,1.0,write_1,164.98,0.103004,1.03004,hold_0,3.74933,0.367057,33.3138,0.0199883,0.199883,1.0,hold_1,3.74911,0.364179,32.5498,0.0195299,0.195299,1.0
4,5,3,0.7,27,211.99,136.15,153.23,read_0,77.7607,0.742866,0.742866,141.726,141.726,0.0365465,3.55229,0.0255826,0.255826,1.0,read_1,0.742901,77.7607,0.742901,141.726,141.726,0.0365465,3.55229,0.0255826,0.255826,1.0,160.288,699.865,699.863,0.226647,30.1868,0.158653,1.58653,1.0,write_0,87.8691,699.876,699.993,0.216662,30.225,0.151663,1.51663,1.0,write_1,160.288,0.158653,1.58653,hold_0,3.46777,0.352948,42.387,0.0296709,0.296709,1.0,hold_1,3.46941,0.344281,43.1636,0.0302145,0.302145,1.0
4,5,3,0.8,27,241.92,155.54,173.22,read_0,90.4216,0.959602,0.959602,139.96,2976.78,0.042483,4.09214,0.0339864,0.339864,1.0,read_1,0.959648,90.4216,0.959648,2976.78,139.96,0.042483,4.09214,0.0339864,0.339864,1.0,157.529,799.861,799.831,0.291241,44.0665,0.232993,2.32993,1.0,write_0,80.7397,799.858,799.992,0.269563,43.95,0.21565,2.1565,1.0,write_1,157.529,0.232993,2.32993,hold_0,3.33785,0.370034,54.5614,0.0436491,0.436491,1.0,hold_1,3.33862,0.362219,55.1847,0.0441477,0.441477,1.0
4,5,3,0.9,27,271.09,174.81,198.28,read_0,102.993,1.26176,1.26176,90.4215,114.526,0.0486997,4.63466,0.0438298,0.438298,1.0,read_1,1.26182,102.993,1.26182,114.526,90.4215,0.0486997,4.63466,0.0438298,0.438298,1.0,155.44,899.838,899.816,0.363625,60.0684,0.327262,3.27262,1.0,write_0,75.8102,899.84,899.989,0.32994,60.0617,0.296946,2.96946,1.0,write_1,155.44,0.327262,3.27262,hold_0,3.29604,0.365283,71.1353,0.0640218,0.640218,1.0,hold_1,3.29811,0.360489,70.2044,0.063184,0.63184,1.0
4,5,3,1.0,27,299.38,193.68,218.21,read_0,115.504,1.66744,1.66744,90.1071,114.637,0.0550801,5.17664,0.0550801,0.550801,1.0,read_1,1.66752,115.504,1.66752,114.637,90.1071,0.0550801,5.17664,0.0550801,0.550801,1.0,153.816,999.817,999.783,0.44382,76.8049,0.44382,4.4382,1.0,write_0,72.2719,999.818,999.992,0.396071,77.04,0.396071,3.96071,1.0,write_1,153.816,0.44382,4.4382,hold_0,3.32731,0.348682,88.8065,0.0888065,0.888065,1.0,hold_1,3.34174,0.363801,89.4165,0.0894165,0.894165,1.0
4,5,3,1.1,27,326.98,212.14,243.21,read_0,128.005,2.20232,2.20232,89.8501,77.7135,0.0617023,5.72023,0.0678725,0.678725,1.0,read_1,2.20241,128.005,2.20241,77.7135,89.8501,0.0617023,5.72023,0.0678725,0.678725,1.0,152.48,1099.78,1099.75,0.53126,97.3236,0.584386,5.84386,1.0,write_0,69.7218,1099.79,1099.99,0.469638,95.8091,0.516602,5.16602,1.0,write_1,152.48,0.584386,5.84386,hold_0,3.431,0.348327,109.704,0.120675,1.20675,1.0,hold_1,3.42102,0.347025,110.771,0.121848,1.21848,1.0
4,5,3,1.2,27,353.93,230.2,268.17,read_0,140.542,2.89399,2.89399,89.5905,77.5517,0.0686417,6.26592,0.0823701,0.823701,1.0,read_1,2.89411,140.542,2.89411,77.5517,89.5905,0.0686417,6.26592,0.0823701,0.823701,1.0,151.374,1199.74,1199.69,0.626527,118.063,0.751832,7.51832,1.0,write_0,67.6436,1199.75,1199.98,0.547082,117.712,0.656499,6.56499,1.0,write_1,151.374,0.751832,7.51832,hold_0,3.58909,0.376628,135.018,0.162021,1.62021,1.0,hold_1,3.59048,0.375139,135.808,0.162969,1.62969,1.0
4,5,3,1.3,27,380.21,247.74,298.2,read_0,153.166,3.78482,3.78482,89.2823,77.3445,0.0759183,6.814,0.0986938,0.986938,1.0,read_1,3.78497,153.166,3.78497,77.3445,89.2823,0.0759183,6.814,0.0986938,0.986938,1.0,150.275,1299.7,1299.63,0.72734,139.442,0.945541,9.45541,1.0,write_0,65.9092,1299.7,1299.98,0.630673,140.019,0.819875,8.19875,1.0,write_1,150.275,0.945541,9.45541,hold_0,3.79024,0.3928,164.197,0.213456,2.13456,1.0,hold_1,3.79394,0.386718,166.167,0.216018,2.16018,1.0
4,5,4,0.6,27,181.08,103.25,183.25,read_0,80.4932,0.894175,0.894175,193.878,193.878,0.0372385,3.6566,0.0223431,0.223431,1.0,read_1,0.894201,80.4932,0.894201,193.878,193.878,0.0372385,3.6566,0.0223431,0.223431,1.0,152.363,599.87,599.872,0.149044,20.9607,0.0894263,0.894263,1.0,write_0,83.2781,599.88,599.996,0.145491,21.0179,0.0872946,0.872946,1.0,write_1,152.363,0.0894263,0.894263,hold_0,4.50894,0.418669,34.1367,0.020482,0.20482,1.0,hold_1,4.50529,0.420535,33.609,0.0201654,0.201654,1.0
4,5,4,0.7,27,211.97,120.1,213.22,read_0,96.5432,1.17625,1.17625,142.527,142.527,0.0441805,4.28901,0.0309263,0.309263,1.0,read_1,1.17629,96.5432,1.17629,142.527,142.527,0.0441805,4.28901,0.0309263,0.309263,1.0,148.748,699.866,699.862,0.196003,33.2359,0.137202,1.37202,1.0,write_0,73.876,699.872,699.995,0.186172,33.2627,0.13032,1.3032,1.0,write_1,148.748,0.137202,1.37202,hold_0,4.17824,0.39796,44.0315,0.030822,0.30822,1.0,hold_1,4.18303,0.439419,44.2354,0.0309648,0.309648,1.0
4,5,4,0.8,27,241.9,136.54,248.25,read_0,112.568,1.59011,1.59011,141.044,569.201,0.0513668,4.93774,0.0410934,0.410934,1.0,read_1,1.59016,112.568,1.59016,569.201,141.044,0.0513668,4.93774,0.0410934,0.410934,1.0,146.417,799.853,799.845,0.250643,47.9647,0.200514,2.00514,1.0,write_0,68.1045,799.859,799.993,0.232939,47.9986,0.186351,1.86351,1.0,write_1,146.417,0.200514,2.00514,hold_0,4.022,0.439039,56.8653,0.0454922,0.454922,1.0,hold_1,4.02168,0.437255,57.9984,0.0463987,0.463987,1.0
4,5,4,0.9,27,271.07,152.6,283.23,read_0,128.545,2.16385,2.16385,146.878,2222.44,0.0588801,5.58832,0.0529921,0.529921,1.0,read_1,2.16391,128.545,2.16391,2222.44,146.878,0.0588801,5.58832,0.0529921,0.529921,1.0,144.193,899.84,899.814,0.311946,65.0995,0.280751,2.80751,1.0,write_0,64.221,899.846,899.99,0.284722,64.744,0.25625,2.5625,1.0,write_1,144.193,0.280751,2.80751,hold_0,3.97326,0.429119,73.2976,0.0659678,0.659678,1.0,hold_1,3.97266,0.428821,72.6876,0.0654189,0.654189,1.0
4,5,4,1.0,27,299.37,168.34,318.17,read_0,144.493,2.96106,2.96106,90.3097,78.4953,0.0666175,6.24109,0.0666175,0.666175,1.0,read_1,2.96113,144.493,2.96113,78.4953,90.3097,0.0666175,6.24109,0.0666175,0.666175,1.0,142.452,999.819,999.78,0.381031,83.7965,0.381031,3.81031,1.0,write_0,61.5729,999.815,999.989,0.342976,84.2419,0.342976,3.42976,1.0,write_1,142.452,0.381031,3.81031,hold_0,4.01945,0.430846,92.3959,0.0923959,0.923959,1.0,hold_1,4.01923,0.430239,91.2948,0.0912948,0.912948,1.0
4,5,4,1.1,27,326.97,183.73,358.17,read_0,160.453,3.96551,3.96551,90.0277,78.3771,0.0746541,6.8981,0.0821195,0.821195,1.0,read_1,3.96561,160.453,3.96561,78.3771,90.0277,0.0746541,6.8981,0.0821195,0.821195,1.0,141.087,1099.79,1099.74,0.459475,101.825,0.505422,5.05422,1.0,write_0,59.4907,1099.79,1099.99,0.406088,103.007,0.446696,4.46696,1.0,write_1,141.087,0.505422,5.05422,hold_0,4.12013,0.422282,112.351,0.123586,1.23586,1.0,hold_1,4.12425,0.445303,113.109,0.12442,1.2442,1.0
4,5,4,1.2,27,353.91,198.69,398.11,read_0,176.477,5.23617,5.23617,89.7456,78.2298,0.0830179,7.55867,0.0996215,0.996215,1.0,read_1,5.23629,176.477,5.23629,78.2298,89.7456,0.0830179,7.55867,0.0996215,0.996215,1.0,139.879,1199.74,1199.69,0.543231,119.736,0.651877,6.51877,1.0,write_0,57.869,1199.75,1199.98,0.475095,126.341,0.570114,5.70114,1.0,write_1,139.879,0.651877,6.51877,hold_0,4.29588,0.425733,139.704,0.167645,1.67645,1.0,hold_1,4.28953,0.433066,139.597,0.167516,1.67516,1.0
4,5,4,1.3,27,380.2,213.15,443.13,read_0,192.618,6.79829,6.79829,86.9334,108.679,0.091709,8.22357,0.119222,1.19222,1.0,read_1,6.79844,192.618,6.79844,108.679,86.9334,0.091709,8.22357,0.119222,1.19222,1.0,138.449,1299.7,1299.63,0.632394,137.881,0.822113,8.22113,1.0,write_0,56.5715,1299.7,1299.98,0.551298,149.285,0.716687,7.16687,1.0,write_1,138.449,0.822113,8.22113,hold_0,4.53141,0.436681,170.33,0.221429,2.21429,1.0,hold_1,4.53999,0.46712,169.946,0.220929,2.20929,1.0
4,5,5,0.6,27,181.06,91.97,213.13,read_0,94.118,1.28269,1.28269,212.041,3338.17,0.0427753,4.28464,0.0256652,0.256652,1.0,read_1,1.28272,94.118,1.28272,3338.17,212.041,0.0427753,4.28464,0.0256652,0.256652,1.0,146.359,599.867,599.873,0.136186,22.6221,0.0817115,0.817115,1.0,write_0,74.9183,599.879,599.997,0.134859,22.5459,0.0809155,0.809155,1.0,write_1,146.359,0.0817115,0.817115,hold_0,5.22137,0.376931,36.3124,0.0217875,0.217875,1.0,hold_1,5.24129,0.349808,35.4758,0.0212855,0.212855,1.0
4,5,5,0.7,27,211.96,106.18,253.17,read_0,113.163,1.7632,1.7632,310.683,4534.83,0.0516616,5.02882,0.0361631,0.361631,1.0,read_1,1.76324,113.163,1.76324,4534.83,310.683,0.0516616,5.02882,0.0361631,0.361631,1.0,142.682,699.865,699.863,0.178498,35.7038,0.124949,1.24949,1.0,write_0,66.9993,699.874,699.996,0.17266,36.0199,0.120862,1.20862,1.0,write_1,142.682,0.124949,1.24949,hold_0,4.89693,0.494299,46.3453,0.0324417,0.324417,1.0,hold_1,4.88793,0.424673,47.1193,0.0329835,0.329835,1.0
4,5,5,0.8,27,241.89,119.69,298.23,read_0,132.296,2.46974,2.46974,140.721,6143.85,0.0600551,5.79455,0.0480441,0.480441,1.0,read_1,2.46979,132.296,2.46979,6143.85,140.721,0.0600551,5.79455,0.0480441,0.480441,1.0,139.832,799.855,799.847,0.227749,50.2432,0.182199,1.82199,1.0,write_0,62.047,799.86,799.994,0.215563,51.6494,0.17245,1.7245,1.0,write_1,139.832,0.182199,1.82199,hold_0,4.70719,0.499262,59.0344,0.0472275,0.472275,1.0,hold_1,4.70347,0.471903,59.4164,0.0475331,0.475331,1.0
4,5,5,0.9,27,271.06,132.74,343.22,read_0,151.466,3.44396,3.44396,136.178,4533.37,0.0687165,6.55711,0.0618448,0.618448,1.0,read_1,3.44402,151.466,3.44402,4533.37,136.178,0.0687165,6.55711,0.0618448,0.618448,1.0,137.56,899.835,899.822,0.283392,63.1764,0.255053,2.55053,1.0,write_0,58.7893,899.842,899.99,0.264484,69.5763,0.238035,2.38035,1.0,write_1,137.56,0.255053,2.55053,hold_0,4.6495,0.493079,75.5687,0.0680119,0.680119,1.0,hold_1,4.64896,0.486141,75.085,0.0675765,0.675765,1.0
4,5,5,1.0,27,299.35,145.44,388.16,read_0,170.673,4.72817,4.72817,136.755,2952.41,0.0777053,7.31758,0.0777053,0.777053,1.0,read_1,4.72824,170.673,4.72824,2952.41,136.755,0.0777053,7.31758,0.0777053,0.777053,1.0,135.652,999.811,999.787,0.346587,76.4629,0.346587,3.46587,1.0,write_0,56.3403,999.819,999.99,0.31802,89.506,0.31802,3.1802,1.0,write_1,135.652,0.346587,3.46587,hold_0,4.696,0.49676,94.5189,0.0945189,0.945189,1.0,hold_1,4.69019,0.489456,93.8348,0.0938348,0.938348,1.0
4,5,5,1.1,27,326.96,157.68,438.15,read_0,189.949,6.41635,6.41635,90.1586,78.9037,0.0870579,8.07811,0.0957637,0.957637,1.0,read_1,6.41644,189.949,6.41644,78.9037,90.1586,0.0870579,8.07811,0.0957637,0.957637,1.0,133.872,1099.78,1099.74,0.414906,92.3058,0.456397,4.56397,1.0,write_0,54.5107,1099.79,1100.0,0.377549,111.08,0.415304,4.15304,1.0,write_1,133.872,0.456397,4.56397,hold_0,4.80427,0.488891,116.503,0.128153,1.28153,1.0,hold_1,4.80899,0.496738,116.642,0.128306,1.28306,1.0
4,5,5,1.2,27,353.9,169.42,488.08,read_0,209.327,8.45427,8.45427,86.7851,76.2576,0.0968221,8.84082,0.116186,1.16186,1.0,read_1,8.45439,209.327,8.45439,76.2576,86.7851,0.0968221,8.84082,0.116186,1.16186,1.0,132.1,1199.74,1199.7,0.488899,107.632,0.586678,5.86678,1.0,write_0,53.0459,1199.75,1199.99,0.442863,133.363,0.531435,5.31435,1.0,write_1,132.1,0.586678,5.86678,hold_0,4.99941,0.496106,141.707,0.170049,1.70049,1.0,hold_1,5.0078,0.503224,143.03,0.171636,1.71636,1.0
4,5,5,1.3,27,380.19,180.58,543.08,read_0,228.861,10.944,10.944,117.575,164.685,0.105261,9.60651,0.136839,1.36839,1.0,read_1,10.9442,228.861,10.9442,164.685,117.575,0.105261,9.60651,0.136839,1.36839,1.0,130.578,1299.69,1299.63,0.570055,125.676,0.741072,7.41072,1.0,write_0,51.878,1299.7,1299.98,0.514867,155.307,0.669328,6.69328,1.0,write_1,130.578,0.741072,7.41072,hold_0,5.29365,0.53588,173.679,0.225783,2.25783,1.0,hold_1,5.29042,0.540192,173.823,0.22597,2.2597,1.0
4,6,1,0.6,27,176.54,150.57,,read_0,21.8996,0.242028,0.242028,228.058,117.15,0.0175509,1.73665,0.0105305,0.105305,1.0,read_1,0.242059,21.8996,0.242059,117.15,228.058,0.0175509,1.73665,0.0105305,0.105305,1.0,-1.0,60.7302,25.7683,9.63398,9.82521,5.78039,57.8039,0.0,write_0,-1.0,25.774,60.8769,9.72241,9.84206,5.83345,58.3345,0.0,write_1,-1.0,5.83345,58.3345,hold_0,600.93,599.835,173.016,0.10381,1.0381,0.0,hold_1,2.20891,0.248793,35.0714,0.0210428,0.210428,1.0
4,6,1,0.7,27,206.25,177.0,,read_0,26.0139,0.266608,0.266608,153.452,114.762,0.0207335,2.03703,0.0145134,0.145134,1.0,read_1,0.266649,26.0139,0.266649,114.762,153.452,0.0207335,2.03703,0.0145134,0.145134,1.0,-1.0,67.992,29.8674,14.2428,14.5237,9.96995,99.6995,0.0,write_0,-1.0,29.8789,68.1471,14.3731,14.5421,10.0612,100.612,0.0,write_1,-1.0,10.0612,100.612,hold_0,700.942,699.832,248.745,0.174122,1.74122,0.0,hold_1,2.05662,0.232144,46.6497,0.0326548,0.326548,1.0
4,6,1,0.8,27,234.75,202.79,,read_0,30.0535,0.305529,0.305529,88.1195,113.668,0.0239949,2.34065,0.0191959,0.191959,1.0,read_1,0.305583,30.0535,0.305583,113.668,88.1195,0.0239949,2.34065,0.0191959,0.191959,1.0,-1.0,75.5109,33.872,19.452,19.8313,15.5616,155.616,0.0,write_0,-1.0,33.9027,75.67,19.6291,19.8554,15.7032,157.032,0.0,write_1,-1.0,15.7032,157.032,hold_0,800.882,799.816,335.771,0.268617,2.68617,0.0,hold_1,1.9952,0.218185,60.5415,0.0484332,0.484332,1.0
4,6,1,0.9,27,262.36,227.76,,read_0,34.0445,0.375304,0.375304,69.1615,82.4709,0.0269444,2.65593,0.0242499,0.242499,1.0,read_1,0.375375,34.0445,0.375375,82.4709,69.1615,0.0269444,2.65593,0.0242499,0.242499,1.0,-1.0,83.3736,37.84,25.1326,25.6173,22.6193,226.193,0.0,write_0,-1.0,37.8706,83.5584,25.3597,25.6332,22.8237,228.237,0.0,write_1,-1.0,22.8237,228.237,hold_0,900.865,899.796,434.111,0.390699,3.90699,0.0,hold_1,1.98628,0.209109,77.6756,0.069908,0.69908,1.0
4,6,1,1.0,27,289.13,252.04,,read_0,38.0021,0.439494,0.439494,72.1106,88.505,0.0306017,2.96071,0.0306017,0.306017,1.0,read_1,0.439584,38.0021,0.439584,88.505,72.1106,0.0306017,2.96071,0.0306017,0.306017,1.0,-1.0,91.7702,41.7799,31.188,31.7821,31.188,311.88,0.0,write_0,-1.0,41.8192,91.9815,31.4683,31.8001,31.4683,314.683,0.0,write_1,-1.0,31.4683,314.683,hold_0,1000.86,999.772,541.35,0.54135,5.4135,0.0,hold_1,2.02826,0.213823,98.208,0.098208,0.98208,1.0
4,6,1,1.1,27,315.15,275.61,,read_0,41.9412,0.543876,0.543876,71.8009,63.6732,0.0341286,3.26534,0.0375415,0.375415,1.0,read_1,0.54399,41.9412,0.54399,63.6732,71.8009,0.0341286,3.26534,0.0375415,0.375415,1.0,-1.0,100.885,45.7459,37.5504,38.2456,41.3055,413.055,0.0,write_0,-1.0,45.7811,101.13,37.887,38.2653,41.6757,416.757,0.0,write_1,-1.0,41.6757,416.757,hold_0,1100.86,1099.74,658.774,0.724652,7.24652,0.0,hold_1,2.10572,0.211716,122.775,0.135052,1.35052,1.0
4,6,1,1.2,27,340.32,298.43,,read_0,45.8941,0.694942,0.694942,71.5465,63.5125,0.0377877,3.57018,0.0453452,0.453452,1.0,read_1,0.695084,45.8941,0.695084,63.5125,71.5465,0.0377877,3.57018,0.0453452,0.453452,1.0,-1.0,110.894,49.7599,44.1773,44.9879,53.0128,530.128,0.0,write_0,-1.0,49.7957,111.182,44.5721,45.0098,53.4866,534.866,0.0,write_1,-1.0,53.4866,534.866,hold_0,1200.88,1199.72,787.854,0.945425,9.45425,0.0,hold_1,2.21689,0.188237,152.493,0.182991,1.82991,1.0
4,6,1,1.3,27,364.87,320.58,,read_0,49.8835,0.869652,0.869652,71.3027,63.3819,0.0415949,3.8753,0.0540733,0.540733,1.0,read_1,0.869828,49.8835,0.869828,63.3819,71.3027,0.0415949,3.8753,0.0540733,0.540733,1.0,-1.0,121.967,53.8564,51.0486,51.9781,66.3632,663.632,0.0,write_0,-1.0,53.9155,122.306,51.5045,52.0046,66.9558,669.558,0.0,write_1,-1.0,66.9558,669.558,hold_0,2.36748,0.192827,188.28,0.244764,2.44764,1.0,hold_1,1300.84,1299.64,925.371,1.20298,12.0298,0.0
4,6,2,0.6,27,176.53,132.76,48.32,read_0,40.449,0.380422,0.380422,338.14,212.9,0.024381,2.39747,0.0146286,0.146286,1.0,read_1,0.380453,40.449,0.380453,212.9,338.14,0.024381,2.39747,0.0146286,0.146286,1.0,236.474,599.844,599.853,0.302924,17.4356,0.181754,1.81754,1.0,write_0,184.601,599.854,599.994,0.297491,17.2594,0.178495,1.78495,1.0,write_1,236.474,0.181754,1.81754,hold_0,2.97194,0.323603,36.4556,0.0218733,0.218733,1.0,hold_1,2.97038,0.323079,36.3843,0.0218306,0.218306,1.0
4,6,2,0.7,27,206.24,155.81,43.31,read_0,48.1989,0.437987,0.437987,151.698,2248.82,0.0289131,2.82377,0.0202392,0.202392,1.0,read_1,0.438028,48.1989,0.438028,2248.82,151.698,0.0289131,2.82377,0.0202392,0.202392,1.0,234.867,699.842,699.836,0.433504,26.9051,0.303452,3.03452,1.0,write_0,171.603,699.849,699.995,0.422065,27.762,0.295446,2.95446,1.0,write_1,234.867,0.303452,3.03452,hold_0,2.76974,0.308977,48.4464,0.0339125,0.339125,1.0,hold_1,2.76448,0.302683,47.5692,0.0332985,0.332985,1.0
4,6,2,0.8,27,234.74,178.33,38.3,read_0,55.8405,0.526656,0.526656,90.3021,701.713,0.0335926,3.25182,0.0268741,0.268741,1.0,read_1,0.526711,55.8405,0.526711,701.713,90.3021,0.0335926,3.25182,0.0268741,0.268741,1.0,237.635,799.835,799.801,0.601778,40.8599,0.481423,4.81423,1.0,write_0,167.555,799.833,799.994,0.582356,40.8405,0.465884,4.65884,1.0,write_1,237.635,0.481423,4.81423,hold_0,2.67429,0.282738,60.9404,0.0487523,0.487523,1.0,hold_1,2.67408,0.28259,62.5742,0.0500594,0.500594,1.0
4,6,2,0.9,27,262.35,200.33,33.3,read_0,63.3923,0.651484,0.651484,89.847,116.308,0.0384292,3.67971,0.0345863,0.345863,1.0,read_1,0.651555,63.3923,0.651555,116.308,89.847,0.0384292,3.67971,0.0345863,0.345863,1.0,241.727,899.81,899.778,0.813609,55.5315,0.732248,7.32248,1.0,write_0,168.776,899.81,899.995,0.785223,56.0782,0.706701,7.06701,1.0,write_1,241.727,0.732248,7.32248,hold_0,2.65473,0.272261,78.9377,0.0710439,0.710439,1.0,hold_1,2.65591,0.267661,80.2058,0.0721853,0.721853,1.0
4,6,2,1.0,27,289.12,221.82,28.29,read_0,70.8891,0.823116,0.823116,89.5438,76.4594,0.0434402,4.10754,0.0434402,0.434402,1.0,read_1,0.823207,70.8891,0.823207,76.4594,89.5438,0.0434402,4.10754,0.0434402,0.434402,1.0,251.995,999.779,999.743,1.09024,72.5229,1.09024,10.9024,1.0,write_0,175.254,999.781,999.99,1.0478,72.6724,1.0478,10.478,1.0,write_1,251.995,1.09024,10.9024,hold_0,2.6991,0.281803,100.605,0.100605,1.00605,1.0,hold_1,2.69766,0.254474,101.385,0.101385,1.01385,1.0
4,6,2,1.1,27,315.14,242.76,28.35,read_0,78.393,1.03083,1.03083,70.0617,132.703,0.0482235,4.55611,0.0530459,0.530459,1.0,read_1,1.03094,78.393,1.03094,132.703,70.0617,0.0482235,4.55611,0.0530459,0.530459,1.0,261.802,1099.75,1099.7,1.41756,90.4144,1.55932,15.5932,1.0,write_0,183.911,1099.75,1099.99,1.37397,92.1497,1.51136,15.1136,1.0,write_1,261.802,1.55932,15.5932,hold_0,2.78918,0.248043,126.251,0.138876,1.38876,1.0,hold_1,2.78547,0.254473,125.948,0.138543,1.38543,1.0
4,6,2,1.2,27,340.31,263.04,23.32,read_0,85.8794,1.32047,1.32047,89.026,76.1062,0.0532662,4.96546,0.0639194,0.639194,1.0,read_1,1.32061,85.8794,1.32061,76.1062,89.026,0.0532662,4.96546,0.0639194,0.639194,1.0,270.405,1199.7,1199.64,1.7936,110.086,2.15231,21.5231,1.0,write_0,191.169,1199.69,1199.98,1.73584,111.755,2.083,20.83,1.0,write_1,270.405,2.15231,21.5231,hold_0,2.92445,0.250315,157.01,0.188413,1.88413,1.0,hold_1,2.91704,0.265615,158.345,0.190015,1.90015,1.0
4,6,2,1.3,27,364.85,282.67,23.34,read_0,93.4472,1.68622,1.68622,88.6917,75.8567,0.0588902,5.3963,0.0765572,0.765572,1.0,read_1,1.68639,93.4472,1.68639,75.8567,88.6917,0.0588902,5.3963,0.0765572,0.765572,1.0,273.826,1299.64,1299.57,2.15828,132.101,2.80577,28.0577,1.0,write_0,189.563,1299.63,1299.98,2.03704,132.856,2.64815,26.4815,1.0,write_1,273.826,2.80577,28.0577,hold_0,3.10241,0.262454,193.116,0.251051,2.51051,1.0,hold_1,3.10216,0.262663,192.423,0.25015,2.5015,1.0
4,6,3,0.6,27,176.52,118.55,123.21,read_0,56.4532,0.572415,0.572415,141.886,141.886,0.0310091,3.04081,0.0186055,0.186055,1.0,read_1,0.572446,56.4532,0.572446,141.886,141.886,0.0310091,3.04081,0.0186055,0.186055,1.0,168.77,599.847,599.847,0.193483,19.0872,0.11609,1.1609,1.0,write_0,105.922,599.855,599.997,0.188273,19.1337,0.112964,1.12964,1.0,write_1,168.77,0.11609,1.1609,hold_0,3.72588,0.392274,38.4219,0.0230531,0.230531,1.0,hold_1,3.73325,0.390006,37.6965,0.0226179,0.226179,1.0
4,6,3,0.7,27,206.22,138.59,143.29,read_0,67.4478,0.693404,0.693404,138.871,547.403,0.0368092,3.58431,0.0257665,0.257665,1.0,read_1,0.693445,67.4478,0.693445,547.403,138.871,0.0368092,3.58431,0.0257665,0.257665,1.0,163.53,699.841,699.833,0.255346,30.7398,0.178742,1.78742,1.0,write_0,93.1168,699.847,699.994,0.243813,30.5942,0.170669,1.70669,1.0,write_1,163.53,0.178742,1.78742,hold_0,3.48042,0.374751,49.8359,0.0348852,0.348852,1.0,hold_1,3.47264,0.37498,50.0052,0.0350036,0.350036,1.0
4,6,3,0.8,27,234.73,158.12,158.22,read_0,78.34,0.877031,0.877031,148.656,113.896,0.0428817,4.13061,0.0343054,0.343054,1.0,read_1,0.877086,78.34,0.877086,113.896,148.656,0.0428817,4.13061,0.0343054,0.343054,1.0,160.205,799.827,799.81,0.326579,44.8924,0.261263,2.61263,1.0,write_0,85.1832,799.831,799.991,0.306496,44.6427,0.245197,2.45197,1.0,write_1,160.205,0.261263,2.61263,hold_0,3.35487,0.356732,63.8566,0.0510853,0.510853,1.0,hold_1,3.35276,0.364455,64.2119,0.0513695,0.513695,1.0
4,6,3,0.9,27,262.34,177.34,178.24,read_0,89.1401,1.12412,1.12412,90.2002,114.687,0.0491295,4.67748,0.0442166,0.442166,1.0,read_1,1.1242,89.1401,1.1242,114.687,90.2002,0.0491295,4.67748,0.0442166,0.442166,1.0,157.909,899.807,899.777,0.407699,61.1832,0.366929,3.66929,1.0,write_0,80.023,899.808,899.992,0.37453,61.2067,0.337077,3.37077,1.0,write_1,157.909,0.366929,3.66929,hold_0,3.32571,0.337946,83.1326,0.0748193,0.748193,1.0,hold_1,3.32477,0.340228,82.5105,0.0742594,0.742594,1.0
4,6,3,1.0,27,289.11,196.08,198.22,read_0,99.8806,1.46416,1.46416,89.849,77.374,0.055613,5.22481,0.055613,0.55613,1.0,read_1,1.46425,99.8806,1.46425,77.374,89.849,0.055613,5.22481,0.055613,0.55613,1.0,156.089,999.778,999.743,0.49674,79.2197,0.49674,4.9674,1.0,write_0,76.2042,999.78,999.987,0.450105,78.2433,0.450105,4.50105,1.0,write_1,156.089,0.49674,4.9674,hold_0,3.36517,0.335435,103.8,0.1038,1.038,1.0,hold_1,3.37279,0.348264,103.607,0.103607,1.03607,1.0
4,6,3,1.1,27,315.13,214.35,223.27,read_0,110.609,1.91411,1.91411,89.5582,77.2209,0.0623584,5.77351,0.0685942,0.685942,1.0,read_1,1.91422,110.609,1.91422,77.2209,89.5582,0.0623584,5.77351,0.0685942,0.685942,1.0,154.502,1099.74,1099.7,0.59354,99.2078,0.652894,6.52894,1.0,write_0,73.4019,1099.74,1099.99,0.532475,98.9224,0.585723,5.85723,1.0,write_1,154.502,0.652894,6.52894,hold_0,3.46885,0.329461,129.174,0.142091,1.42091,1.0,hold_1,3.48026,0.341959,129.472,0.14242,1.4242,1.0
4,6,3,1.2,27,340.3,232.11,248.28,read_0,121.371,2.49781,2.49781,89.2668,77.0387,0.0694027,6.32421,0.0832832,0.832832,1.0,read_1,2.49795,121.371,2.49795,77.0387,89.2668,0.0694027,6.32421,0.0832832,0.832832,1.0,153.254,1199.69,1199.63,0.699074,120.664,0.838889,8.38889,1.0,write_0,71.149,1199.7,1199.98,0.621861,120.683,0.746233,7.46233,1.0,write_1,153.254,0.838889,8.38889,hold_0,3.63105,0.324445,160.598,0.192717,1.92717,1.0,hold_1,3.63938,0.351845,158.035,0.189642,1.89642,1.0
4,6,3,1.3,27,364.84,249.19,273.27,read_0,132.213,3.25705,3.25705,88.9146,76.7953,0.0768154,6.87706,0.09986,0.9986,1.0,read_1,3.25723,132.213,3.25723,76.7953,88.9146,0.0768154,6.87706,0.09986,0.9986,1.0,152.639,1299.64,1299.57,0.819586,141.842,1.06546,10.6546,1.0,write_0,69.2768,1299.63,1299.97,0.718008,142.963,0.93341,9.3341,1.0,write_1,152.639,1.06546,10.6546,hold_0,3.84465,0.331803,193.999,0.252198,2.52198,1.0,hold_1,3.84964,0.323206,193.746,0.25187,2.5187,1.0
4,6,4,0.6,27,176.5,106.46,173.26,read_0,70.4888,0.825679,0.825679,143.298,143.298,0.0375338,3.67693,0.0225203,0.225203,1.0,read_1,0.82571,70.4888,0.82571,143.298,143.298,0.0375338,3.67693,0.0225203,0.225203,1.0,154.378,599.847,599.847,0.166983,21.0855,0.10019,1.0019,1.0,write_0,87.1097,599.855,599.996,0.162181,21.06,0.0973088,0.973088,1.0,write_1,154.378,0.10019,1.0019,hold_0,4.47013,0.391234,39.1448,0.0234869,0.234869,1.0,hold_1,4.43571,0.415528,39.7557,0.0238534,0.238534,1.0
4,6,4,0.7,27,206.21,123.93,198.11,read_0,84.4166,1.04867,1.04867,140.383,3740.52,0.0445664,4.32414,0.0311965,0.311965,1.0,read_1,1.04872,84.4166,1.04872,3740.52,140.383,0.0445664,4.32414,0.0311965,0.311965,1.0,150.692,699.843,699.832,0.219524,33.5109,0.153667,1.53667,1.0,write_0,77.0727,699.849,699.993,0.208359,33.5955,0.145851,1.45851,1.0,write_1,150.692,0.153667,1.53667,hold_0,4.16683,0.43105,51.1234,0.0357864,0.357864,1.0,hold_1,4.17658,0.422504,52.1112,0.0364778,0.364778,1.0
4,6,4,0.8,27,234.72,140.8,233.26,read_0,98.2789,1.37875,1.37875,137.635,195.961,0.0518639,4.9835,0.0414911,0.414911,1.0,read_1,1.3788,98.2789,1.3788,195.961,137.635,0.0518639,4.9835,0.0414911,0.414911,1.0,147.923,799.826,799.809,0.280589,48.5687,0.224471,2.24471,1.0,write_0,70.8642,799.831,799.993,0.260365,48.5249,0.208292,2.08292,1.0,write_1,147.923,0.224471,2.24471,hold_0,4.03623,0.425461,65.9112,0.052729,0.52729,1.0,hold_1,4.03166,0.428636,66.3026,0.0530421,0.530421,1.0
4,6,4,0.9,27,262.33,157.32,263.18,read_0,112.069,1.83998,1.83998,90.4948,112.696,0.0595077,5.64701,0.0535569,0.535569,1.0,read_1,1.84005,112.069,1.84005,112.696,90.4948,0.0595077,5.64701,0.0535569,0.535569,1.0,145.743,899.808,899.782,0.350172,65.8519,0.315155,3.15155,1.0,write_0,66.6966,899.809,899.991,0.318518,65.6476,0.286666,2.86666,1.0,write_1,145.743,0.315155,3.15155,hold_0,3.99695,0.40756,84.487,0.0760383,0.760383,1.0,hold_1,3.99651,0.419652,85.0615,0.0765553,0.765553,1.0
4,6,4,1.0,27,289.1,173.39,298.18,read_0,125.816,2.45548,2.45548,90.1026,113.44,0.0673852,6.31007,0.0673852,0.673852,1.0,read_1,2.45557,125.816,2.45557,113.44,90.1026,0.0673852,6.31007,0.0673852,0.673852,1.0,144.117,999.783,999.741,0.427252,85.0704,0.427252,4.27252,1.0,write_0,63.717,999.779,999.991,0.382891,85.1476,0.382891,3.82891,1.0,write_1,144.117,0.427252,4.27252,hold_0,4.03878,0.389278,105.922,0.105922,1.05922,1.0,hold_1,4.0431,0.393938,106.844,0.106844,1.06844,1.0
4,6,4,1.1,27,315.12,189.0,338.23,read_0,139.562,3.26488,3.26488,89.7813,113.507,0.0755796,6.97518,0.0831376,0.831376,1.0,read_1,3.26499,139.562,3.26499,113.507,89.7813,0.0755796,6.97518,0.0831376,0.831376,1.0,142.896,1099.75,1099.69,0.514282,105.595,0.56571,5.6571,1.0,write_0,61.493,1099.75,1099.99,0.453607,104.349,0.498968,4.98968,1.0,write_1,142.896,0.56571,5.6571,hold_0,4.16849,0.415476,133.257,0.146582,1.46582,1.0,hold_1,4.1644,0.383584,132.204,0.145424,1.45424,1.0
4,6,4,1.2,27,340.29,204.17,373.16,read_0,153.36,4.31653,4.31653,89.4631,77.7406,0.0841262,7.6431,0.100951,1.00951,1.0,read_1,4.31667,153.36,4.31667,77.7406,89.4631,0.0841262,7.6431,0.100951,1.00951,1.0,141.834,1199.7,1199.64,0.610048,126.846,0.732057,7.32057,1.0,write_0,59.8789,1199.7,1199.98,0.533351,128.21,0.640021,6.40021,1.0,write_1,141.834,0.732057,7.32057,hold_0,4.35078,0.382249,164.717,0.19766,1.9766,1.0,hold_1,4.35392,0.420339,163.095,0.195714,1.95714,1.0
4,6,4,1.3,27,364.83,218.69,418.21,read_0,167.257,5.66627,5.66627,89.0983,77.5137,0.0931015,8.31453,0.121032,1.21032,1.0,read_1,5.66645,167.257,5.66645,77.5137,89.0983,0.0931015,8.31453,0.121032,1.21032,1.0,140.476,1299.63,1299.57,0.71124,145.613,0.924611,9.24611,1.0,write_0,58.3636,1299.63,1299.98,0.618823,151.33,0.804469,8.04469,1.0,write_1,140.476,0.924611,9.24611,hold_0,4.59349,0.395535,198.388,0.257905,2.57905,1.0,hold_1,4.60107,0.433313,199.423,0.259249,2.59249,1.0
4,6,5,0.6,27,176.49,96.09,203.13,read_0,82.9792,1.14596,1.14596,275.88,5189.0,0.043417,4.30955,0.0260502,0.260502,1.0,read_1,1.14599,82.9792,1.14599,5189.0,275.88,0.043417,4.30955,0.0260502,0.260502,1.0,147.759,599.847,599.847,0.152771,22.7251,0.0916624,0.916624,1.0,write_0,77.8484,599.854,599.996,0.149864,22.7034,0.0899185,0.899185,1.0,write_1,147.759,0.0916624,0.916624,hold_0,5.26982,0.512097,40.5332,0.0243199,0.243199,1.0,hold_1,5.21414,0.426113,41.1793,0.0247076,0.247076,1.0
4,6,5,0.7,27,206.2,110.97,243.24,read_0,99.5913,1.52063,1.52063,141.137,4523.7,0.0521734,5.05748,0.0365213,0.365213,1.0,read_1,1.52068,99.5913,1.52068,4523.7,141.137,0.0521734,5.05748,0.0365213,0.365213,1.0,144.348,699.839,699.84,0.200194,35.8712,0.140136,1.40136,1.0,write_0,69.3519,699.851,699.995,0.19198,35.7909,0.134386,1.34386,1.0,write_1,144.348,0.140136,1.40136,hold_0,4.86759,0.483907,53.4999,0.03745,0.3745,1.0,hold_1,4.88659,0.505603,53.0713,0.0371499,0.371499,1.0
4,6,5,0.8,27,234.71,125.34,283.24,read_0,116.205,2.07166,2.07166,138.466,538.28,0.0607061,5.82133,0.0485649,0.485649,1.0,read_1,2.07171,116.205,2.07171,538.28,138.466,0.0607061,5.82133,0.0485649,0.485649,1.0,141.518,799.828,799.814,0.255747,51.5132,0.204598,2.04598,1.0,write_0,64.1211,799.832,799.994,0.240141,51.6313,0.192113,1.92113,1.0,write_1,141.518,0.204598,2.04598,hold_0,4.71484,0.487686,68.6354,0.0549083,0.549083,1.0,hold_1,4.70094,0.489087,68.3036,0.0546429,0.546429,1.0
4,6,5,0.9,27,262.32,139.27,323.18,read_0,132.793,2.83529,2.83529,143.084,2180.55,0.0695779,6.59434,0.0626201,0.626201,1.0,read_1,2.83536,132.793,2.83536,2180.55,143.084,0.0695779,6.59434,0.0626201,0.626201,1.0,139.236,899.807,899.782,0.318382,66.7711,0.286544,2.86544,1.0,write_0,60.5617,899.808,899.991,0.294133,70.0582,0.264719,2.64719,1.0,write_1,139.236,0.286544,2.86544,hold_0,4.66904,0.489127,85.7247,0.0771522,0.771522,1.0,hold_1,4.66779,0.488235,86.8698,0.0781828,0.781828,1.0
4,6,5,1.0,27,289.09,152.82,368.18,read_0,149.371,3.87108,3.87108,90.2993,78.599,0.0788429,7.36956,0.0788429,0.788429,1.0,read_1,3.87117,149.371,3.87117,78.599,90.2993,0.0788429,7.36956,0.0788429,0.788429,1.0,137.315,999.776,999.743,0.388817,81.8464,0.388817,3.88817,1.0,write_0,58.0124,999.783,999.987,0.354283,90.2144,0.354283,3.54283,1.0,write_1,137.315,0.388817,3.88817,hold_0,4.71903,0.46245,109.135,0.109135,1.09135,1.0,hold_1,4.71933,0.45961,108.858,0.108858,1.08858,1.0
4,6,5,1.1,27,315.11,165.79,413.13,read_0,165.977,5.2184,5.2184,89.9582,78.4656,0.0884227,8.14748,0.097265,0.97265,1.0,read_1,5.21852,165.977,5.21852,78.4656,89.9582,0.0884227,8.14748,0.097265,0.97265,1.0,135.557,1099.74,1099.7,0.468065,98.1323,0.514872,5.14872,1.0,write_0,56.1056,1099.74,1099.99,0.42107,111.82,0.463177,4.63177,1.0,write_1,135.557,0.514872,5.14872,hold_0,4.85113,0.458669,135.2,0.148721,1.48721,1.0,hold_1,4.85019,0.459669,135.137,0.148651,1.48651,1.0
4,6,5,1.2,27,340.28,178.3,463.14,read_0,182.662,6.91882,6.91882,89.584,78.3012,0.0983416,8.92994,0.11801,1.1801,1.0,read_1,6.91897,182.662,6.91897,78.3012,89.584,0.0983416,8.92994,0.11801,1.1801,1.0,133.911,1199.69,1199.63,0.55071,114.417,0.660852,6.60852,1.0,write_0,54.5465,1199.7,1199.99,0.494301,134.932,0.593161,5.93161,1.0,write_1,133.911,0.660852,6.60852,hold_0,5.05572,0.467248,166.565,0.199878,1.99878,1.0,hold_1,5.05846,0.460377,166.8,0.200161,2.00161,1.0
4,6,5,1.3,27,364.82,190.15,513.11,read_0,199.477,9.004,9.004,87.3987,108.996,0.108783,9.71803,0.141418,1.41418,1.0,read_1,9.00418,199.477,9.00418,108.996,87.3987,0.108783,9.71803,0.141418,1.41418,1.0,132.611,1299.63,1299.56,0.644263,133.543,0.837542,8.37542,1.0,write_0,53.2083,1299.64,1299.98,0.574499,158.426,0.746849,7.46849,1.0,write_1,132.611,0.837542,8.37542,hold_0,5.3488,0.507573,204.536,0.265897,2.65897,1.0,hold_1,5.34405,0.461522,203.941,0.265123,2.65123,1.0
5,1,1,0.6,27,180.91,144.13,,read_0,93.3539,0.20323,0.20323,8667.45,186.793,0.0167375,1.68338,0.0100425,0.100425,1.0,read_1,0.203235,93.3539,0.203235,186.793,8667.45,0.0167375,1.68338,0.0100425,0.100425,1.0,-1.0,76.0045,112.749,9.61155,9.81073,5.76693,57.6693,0.0,write_0,-1.0,112.762,76.0246,9.70002,9.82648,5.82001,58.2001,0.0,write_1,-1.0,5.82001,58.2001,hold_0,602.457,600.13,153.738,0.0922426,0.922426,0.0,hold_1,1.85222,0.0149738,9.66257,0.00579754,0.0579754,1.0
5,1,1,0.7,27,203.09,172.63,,read_0,112.025,0.276868,0.276868,175.822,248.001,0.0193617,1.97465,0.0135532,0.135532,1.0,read_1,0.276875,112.025,0.276875,248.001,175.822,0.0193617,1.97465,0.0135532,0.135532,1.0,-1.0,78.0594,130.203,14.2479,14.5294,9.97353,99.7353,0.0,write_0,-1.0,130.218,78.0793,14.3782,14.5601,10.0647,100.647,0.0,write_1,-1.0,10.0647,100.647,hold_0,703.29,700.272,221.144,0.154801,1.54801,0.0,hold_1,1.6502,0.0189942,12.0505,0.00843538,0.0843538,1.0
5,1,1,0.8,27,224.37,198.3,,read_0,130.684,0.38642,0.38642,3599.13,135.66,0.0223472,2.26426,0.0178778,0.178778,1.0,read_1,0.386429,130.684,0.386429,135.66,3599.13,0.0223472,2.26426,0.0178778,0.178778,1.0,-1.0,82.1268,148.486,19.4992,19.8859,15.5993,155.993,0.0,write_0,-1.0,148.51,82.1477,19.6765,19.9148,15.7412,157.412,0.0,write_1,-1.0,15.7412,157.412,hold_0,803.635,800.309,298.759,0.239007,2.39007,0.0,hold_1,1.53834,0.030125,14.7008,0.0117607,0.117607,1.0
5,1,1,0.9,27,244.87,214.99,,read_0,149.291,0.531283,0.531283,9273.21,136.145,0.025896,2.55144,0.0233064,0.233064,1.0,read_1,0.531295,149.291,0.531295,136.145,9273.21,0.025896,2.55144,0.0233064,0.233064,1.0,-1.0,87.0635,167.035,25.2418,25.7377,22.7176,227.176,0.0,write_0,-1.0,167.063,87.0842,25.4706,25.7675,22.9235,229.235,0.0,write_1,-1.0,22.9235,229.235,hold_0,903.743,900.365,385.083,0.346575,3.46575,0.0,hold_1,1.50243,0.0303511,18.4413,0.0165972,0.165972,1.0
5,1,1,1.0,27,264.63,230.67,,read_0,167.852,0.720187,0.720187,136.77,9714.65,0.0290332,2.83681,0.0290332,0.290332,1.0,read_1,0.720202,167.852,0.720202,9714.65,136.77,0.0290332,2.83681,0.0290332,0.290332,1.0,-1.0,92.635,185.722,31.3829,31.9855,31.3829,313.829,0.0,write_0,-1.0,185.758,92.6506,31.6665,32.025,31.6665,316.665,0.0,write_1,-1.0,31.6665,316.665,hold_0,1004.46,1000.31,479.714,0.479714,4.79714,0.0,hold_1,1.49093,0.052964,23.8032,0.0238032,0.238032,1.0
5,1,1,1.1,27,283.72,245.5,,read_0,186.408,0.96557,0.96557,136.886,107.413,0.0322384,3.12157,0.0354623,0.354623,1.0,read_1,0.965589,186.408,0.965589,107.413,136.886,0.0322384,3.12157,0.0354623,0.354623,1.0,-1.0,98.8121,204.55,37.8549,38.5736,41.6404,416.404,0.0,write_0,-1.0,204.597,98.8323,38.1961,38.6,42.0157,420.157,0.0,write_1,-1.0,42.0157,420.157,hold_0,1104.37,1100.34,579.85,0.637835,6.37835,0.0,hold_1,1.50606,0.0601472,28.7176,0.0315893,0.315893,1.0
5,1,1,1.2,27,302.11,259.56,,read_0,205.006,1.26701,1.26701,134.807,105.391,0.0355233,3.40626,0.042628,0.42628,1.0,read_1,1.26704,205.006,1.26704,105.391,134.807,0.0355233,3.40626,0.042628,0.42628,1.0,-1.0,105.667,223.57,44.6114,45.4487,53.5337,535.337,0.0,write_0,-1.0,223.632,105.69,45.0077,45.4784,54.0092,540.092,0.0,write_1,-1.0,54.0092,540.092,hold_0,1.5649,0.0782138,35.3573,0.0424288,0.424288,1.0,hold_1,1204.27,1200.33,685.989,0.823187,8.23187,0.0
5,1,1,1.3,27,319.97,272.97,,read_0,223.704,1.6382,1.6382,143.957,108.679,0.0389299,3.69116,0.0506088,0.506088,1.0,read_1,1.63823,223.704,1.63823,108.679,143.957,0.0389299,3.69116,0.0506088,0.506088,1.0,-1.0,113.278,242.877,51.6224,52.5826,67.1091,671.091,0.0,write_0,-1.0,242.951,113.307,52.0826,52.6157,67.7073,677.073,0.0,write_1,-1.0,67.7073,677.073,hold_0,1304.18,1300.33,798.264,1.03774,10.3774,0.0,hold_1,1.6349,0.0929006,43.33,0.056329,0.56329,1.0
5,1,2,0.6,27,180.91,104.52,148.28,read_0,143.747,0.751078,0.751078,9428.61,253.278,0.0225798,2.3114,0.0135479,0.135479,1.0,read_1,0.751083,143.747,0.751083,253.278,9428.61,0.0225798,2.3114,0.0135479,0.135479,1.0,175.599,599.975,599.969,0.121612,15.8269,0.0729672,0.729672,1.0,write_0,106.963,599.982,599.994,0.126464,15.8076,0.0758784,0.758784,1.0,write_1,175.599,0.0758784,0.758784,hold_0,2.48854,0.0147419,11.0301,0.00661806,0.0661806,1.0,hold_1,2.47278,0.0141673,10.7413,0.00644478,0.0644478,1.0
5,1,2,0.7,27,203.09,123.16,168.29,read_0,174.423,1.16186,1.16186,6329.26,189.904,0.0265526,2.71259,0.0185868,0.185868,1.0,read_1,1.16187,174.423,1.16187,189.904,6329.26,0.0265526,2.71259,0.0185868,0.185868,1.0,169.71,699.971,699.966,0.15798,24.9616,0.110586,1.10586,1.0,write_0,93.6756,699.985,699.994,0.161385,24.9537,0.11297,1.1297,1.0,write_1,169.71,0.11297,1.1297,hold_0,2.22431,0.0177902,14.2651,0.00998556,0.0998556,1.0,hold_1,2.21832,0.0171702,14.4358,0.010105,0.10105,1.0
5,1,2,0.8,27,224.37,141.45,188.24,read_0,206.087,1.75045,1.75045,171.288,171.288,0.0302099,3.10963,0.0241679,0.241679,1.0,read_1,1.75046,206.087,1.75046,171.288,171.288,0.0302099,3.10963,0.0241679,0.241679,1.0,165.801,799.97,799.968,0.199223,35.7217,0.159378,1.59378,1.0,write_0,85.4582,799.99,799.992,0.19964,35.751,0.159712,1.59712,1.0,write_1,165.801,0.159712,1.59712,hold_0,2.09545,0.0198383,17.6377,0.0141102,0.141102,1.0,hold_1,2.10689,0.0204046,17.2222,0.0137777,0.137777,1.0
5,1,2,0.9,27,244.87,159.85,213.28,read_0,238.633,2.5273,2.5273,255.069,2741.46,0.0342861,3.50183,0.0308575,0.308575,1.0,read_1,2.52731,238.633,2.52731,2741.46,255.069,0.0342861,3.50183,0.0308575,0.308575,1.0,163.161,899.969,899.96,0.244776,47.9322,0.220298,2.20298,1.0,write_0,79.5849,899.979,899.993,0.240907,48.267,0.216816,2.16816,1.0,write_1,163.161,0.220298,2.20298,hold_0,2.02924,0.0422338,21.3271,0.0191944,0.191944,1.0,hold_1,2.0248,0.039759,21.1591,0.0190432,0.190432,1.0
5,1,2,1.0,27,264.63,178.07,243.34,read_0,271.997,3.49471,3.49471,144.442,503.702,0.0381539,3.89087,0.0381539,0.381539,1.0,read_1,3.49473,271.997,3.49473,503.702,144.442,0.0381539,3.89087,0.0381539,0.381539,1.0,160.894,999.969,999.94,0.2935,62.1723,0.2935,2.935,1.0,write_0,75.6792,999.982,999.991,0.28528,62.5556,0.28528,2.8528,1.0,write_1,160.894,0.2935,2.935,hold_0,2.01447,0.0551091,25.9167,0.0259167,0.259167,1.0,hold_1,2.05076,0.0424873,26.2095,0.0262095,0.262095,1.0
5,1,2,1.1,27,283.72,196.24,268.27,read_0,306.146,4.6518,4.6518,141.095,191.534,0.0422708,4.27823,0.0464979,0.464979,1.0,read_1,4.65182,306.146,4.65182,191.534,141.095,0.0422708,4.27823,0.0464979,0.464979,1.0,159.0,1099.96,1099.93,0.344996,77.6728,0.379495,3.79495,1.0,write_0,72.1324,1099.97,1099.98,0.325508,77.6761,0.358059,3.58059,1.0,write_1,159.0,0.379495,3.79495,hold_0,2.05907,0.0680294,30.9154,0.034007,0.34007,1.0,hold_1,2.05546,0.0658322,32.4468,0.0356915,0.356915,1.0
5,1,2,1.2,27,302.11,214.39,303.32,read_0,341.062,6.00286,6.00286,134.943,459.587,0.0473492,4.66548,0.056819,0.56819,1.0,read_1,6.00289,341.062,6.00289,459.587,134.943,0.0473492,4.66548,0.056819,0.56819,1.0,157.387,1199.96,1199.9,0.399247,91.7125,0.479097,4.79097,1.0,write_0,69.826,1199.97,1199.98,0.374048,91.4275,0.448857,4.48857,1.0,write_1,157.387,0.479097,4.79097,hold_0,2.12655,0.0821906,39.0582,0.0468699,0.468699,1.0,hold_1,2.12341,0.0798454,39.1651,0.0469981,0.469981,1.0
5,1,2,1.3,27,319.97,232.43,333.27,read_0,376.732,7.55564,7.55564,132.982,451.849,0.0517258,5.05807,0.0672436,0.672436,1.0,read_1,7.55567,376.732,7.55567,451.849,132.982,0.0517258,5.05807,0.0672436,0.672436,1.0,156.163,1299.95,1299.88,0.458074,108.463,0.595497,5.95497,1.0,write_0,67.765,1299.96,1299.97,0.422396,109.73,0.549115,5.49115,1.0,write_1,156.163,0.595497,5.95497,hold_0,2.28538,0.0821259,46.8542,0.0609104,0.609104,1.0,hold_1,2.22285,0.0972203,46.3834,0.0602984,0.602984,1.0
5,1,3,0.6,27,180.91,79.76,218.2,read_0,177.647,1.74103,1.74103,351.747,2962.73,0.0282153,2.92838,0.0169292,0.169292,1.0,read_1,1.74103,177.647,1.74103,2962.73,351.747,0.0282153,2.92838,0.0169292,0.169292,1.0,151.815,599.978,599.969,0.0930468,19.9546,0.0558281,0.558281,1.0,write_0,79.638,599.985,599.999,0.100092,19.7828,0.060055,0.60055,1.0,write_1,151.815,0.060055,0.60055,hold_0,3.11959,0.0145107,12.4797,0.0074878,0.074878,1.0,hold_1,3.11381,0.014836,12.259,0.00735539,0.0735539,1.0
5,1,3,0.7,27,203.09,92.46,258.25,read_0,216.888,2.78258,2.78258,389.504,253.984,0.0331626,3.43546,0.0232138,0.232138,1.0,read_1,2.78259,216.888,2.78259,253.984,389.504,0.0331626,3.43546,0.0232138,0.232138,1.0,148.178,699.973,699.969,0.119377,31.2675,0.083564,0.83564,1.0,write_0,70.5937,699.982,699.993,0.126034,30.6657,0.0882241,0.882241,1.0,write_1,148.178,0.0882241,0.882241,hold_0,2.79825,0.0173043,15.678,0.0109746,0.109746,1.0,hold_1,2.81807,0.0164812,15.6612,0.0109628,0.109628,1.0
5,1,3,0.8,27,224.37,104.27,303.33,read_0,258.1,4.22983,4.22983,168.554,228.796,0.0376762,3.93583,0.0301409,0.301409,1.0,read_1,4.22984,258.1,4.22984,228.796,168.554,0.0376762,3.93583,0.0301409,0.301409,1.0,145.457,799.969,799.967,0.148984,44.5249,0.119187,1.19187,1.0,write_0,65.2457,799.982,799.992,0.154836,44.6048,0.123869,1.23869,1.0,write_1,145.457,0.123869,1.23869,hold_0,2.6514,0.0209124,19.6661,0.0157329,0.157329,1.0,hold_1,2.62888,0.023731,19.6595,0.0157276,0.157276,1.0
5,1,3,0.9,27,244.87,115.78,348.32,read_0,301.095,6.07841,6.07841,270.153,186.102,0.0431208,4.42967,0.0388087,0.388087,1.0,read_1,6.07842,301.095,6.07842,186.102,270.153,0.0431208,4.42967,0.0388087,0.388087,1.0,143.0,899.969,899.957,0.181719,59.8043,0.163547,1.63547,1.0,write_0,61.5275,899.985,899.991,0.186178,60.4819,0.167561,1.67561,1.0,write_1,143.0,0.167561,1.67561,hold_0,2.56669,0.0377903,24.3612,0.021925,0.21925,1.0,hold_1,2.57157,0.0249099,24.6339,0.0221705,0.221705,1.0
5,1,3,1.0,27,264.63,126.8,398.33,read_0,345.714,8.30997,8.30997,140.652,1993.73,0.0481602,4.9183,0.0481602,0.481602,1.0,read_1,8.30999,345.714,8.30999,1993.73,140.652,0.0481602,4.9183,0.0481602,0.481602,1.0,140.593,999.964,999.939,0.216706,71.6099,0.216706,2.16706,1.0,write_0,58.7032,999.979,999.991,0.221202,76.9441,0.221202,2.21202,1.0,write_1,140.593,0.221202,2.21202,hold_0,2.57918,0.0323298,29.5409,0.0295409,0.295409,1.0,hold_1,2.55381,0.0549193,29.8441,0.0298441,0.298441,1.0
5,1,3,1.1,27,283.72,137.51,448.29,read_0,391.799,10.9042,10.9042,140.139,2004.8,0.0533927,5.41649,0.0587319,0.587319,1.0,read_1,10.9042,391.799,10.9042,2004.8,140.139,0.0533927,5.41649,0.0587319,0.587319,1.0,138.731,1099.97,1099.93,0.254053,83.2877,0.279458,2.79458,1.0,write_0,56.7176,1099.98,1099.99,0.255786,95.6254,0.281365,2.81365,1.0,write_1,138.731,0.281365,2.81365,hold_0,2.59794,0.0686071,35.8568,0.0394424,0.394424,1.0,hold_1,2.60811,0.0683917,35.6016,0.0391618,0.391618,1.0
5,1,3,1.2,27,302.11,147.99,503.29,read_0,439.207,13.8359,13.8359,136.325,1174.6,0.0585373,5.91925,0.0702448,0.702448,1.0,read_1,13.8359,439.207,13.8359,1174.6,136.325,0.0585373,5.91925,0.0702448,0.702448,1.0,137.556,1199.96,1199.91,0.296461,96.1942,0.355753,3.55753,1.0,write_0,55.0271,1199.96,1199.98,0.29307,115.087,0.351684,3.51684,1.0,write_1,137.556,0.355753,3.55753,hold_0,2.69347,0.0823093,41.5138,0.0498166,0.498166,1.0,hold_1,2.69046,0.0800551,42.5266,0.0510319,0.510319,1.0
5,1,3,1.3,27,319.97,158.17,558.24,read_0,487.801,17.0811,17.0811,135.422,435.933,0.0637294,6.41611,0.0828482,0.828482,1.0,read_1,17.0811,487.801,17.0811,435.933,135.422,0.0637294,6.41611,0.0828482,0.828482,1.0,135.999,1299.95,1299.89,0.338799,110.463,0.440438,4.40438,1.0,write_0,53.7961,1299.95,1299.98,0.334461,134.897,0.434799,4.34799,1.0,write_1,135.999,0.440438,4.40438,hold_0,2.81597,0.097854,50.8123,0.066056,0.66056,1.0,hold_1,2.92302,0.0834661,50.4689,0.0656095,0.656095,1.0
5,1,4,0.6,27,180.91,63.07,263.25,read_0,202.047,3.10401,3.10401,1270.53,327.552,0.033786,3.53758,0.0202716,0.202716,1.0,read_1,3.10402,202.047,3.10402,327.552,1270.53,0.033786,3.53758,0.0202716,0.202716,1.0,144.078,599.974,599.966,0.0804825,23.0748,0.0482895,0.482895,1.0,write_0,69.6827,599.983,599.996,0.0891448,23.0273,0.0534869,0.534869,1.0,write_1,144.078,0.0534869,0.534869,hold_0,3.74736,0.0147455,14.4771,0.00868628,0.0868628,1.0,hold_1,3.7553,0.0142418,14.766,0.00885962,0.0885962,1.0
5,1,4,0.7,27,203.09,72.1,313.31,read_0,247.152,4.94554,4.94554,4617.97,185.506,0.0396492,4.14781,0.0277544,0.277544,1.0,read_1,4.94555,247.152,4.94555,185.506,4617.97,0.0396492,4.14781,0.0277544,0.277544,1.0,140.036,699.972,699.969,0.102948,34.9749,0.0720637,0.720637,1.0,write_0,62.5734,699.987,699.996,0.112605,36.3574,0.0788234,0.788234,1.0,write_1,140.036,0.0788234,0.788234,hold_0,3.3856,0.0168239,17.9365,0.0125556,0.125556,1.0,hold_1,3.395,0.0166807,18.3718,0.0128603,0.128603,1.0
5,1,4,0.8,27,224.37,80.15,363.23,read_0,294.711,7.41347,7.41347,4286.73,256.524,0.0455225,4.7488,0.036418,0.36418,1.0,read_1,7.41348,294.711,7.41348,256.524,4286.73,0.0455225,4.7488,0.036418,0.36418,1.0,136.909,799.967,799.964,0.127905,44.4777,0.102324,1.02324,1.0,write_0,58.2403,799.984,799.995,0.138505,51.7274,0.110804,1.10804,1.0,write_1,136.909,0.110804,1.10804,hold_0,3.19585,0.0208202,21.9318,0.0175455,0.175455,1.0,hold_1,3.19658,0.0207716,22.0902,0.0176722,0.176722,1.0
5,1,4,0.9,27,244.87,87.59,423.34,read_0,344.433,10.4781,10.4781,263.143,263.143,0.051412,5.34178,0.0462708,0.462708,1.0,read_1,10.4781,344.433,10.4781,263.143,263.143,0.051412,5.34178,0.0462708,0.462708,1.0,134.325,899.958,899.96,0.155356,53.8414,0.139821,1.39821,1.0,write_0,55.3158,899.985,899.99,0.167986,69.7539,0.151187,1.51187,1.0,write_1,134.325,0.151187,1.51187,hold_0,3.10036,0.0281475,25.9058,0.0233152,0.233152,1.0,hold_1,3.10872,0.0239536,27.0008,0.0243007,0.243007,1.0
5,1,4,1.0,27,264.63,94.59,483.34,read_0,396.044,14.0809,14.0809,244.777,9764.07,0.0573343,5.94002,0.0573343,0.573343,1.0,read_1,14.0809,396.044,14.0809,9764.07,244.777,0.0573343,5.94002,0.0573343,0.573343,1.0,132.122,999.947,999.954,0.185039,64.6263,0.185039,1.85039,1.0,write_0,52.916,999.978,999.989,0.200343,87.921,0.200343,2.00343,1.0,write_1,132.122,0.200343,2.00343,hold_0,3.09563,0.0515559,31.8665,0.0318665,0.318665,1.0,hold_1,3.10187,0.0483571,32.3913,0.0323913,0.323913,1.0
5,1,4,1.1,27,283.72,101.26,543.26,read_0,449.296,18.156,18.156,238.22,8264.25,0.06329,6.5523,0.069619,0.69619,1.0,read_1,18.156,449.296,18.156,8264.25,238.22,0.06329,6.5523,0.069619,0.69619,1.0,130.032,1099.96,1099.93,0.216885,74.9987,0.238574,2.38574,1.0,write_0,51.1243,1099.97,1099.99,0.237207,110.1,0.260928,2.60928,1.0,write_1,130.032,0.260928,2.60928,hold_0,3.25573,0.0457801,38.3932,0.0422325,0.422325,1.0,hold_1,3.25078,0.0448124,38.0426,0.0418469,0.418469,1.0
5,1,4,1.2,27,302.11,107.63,608.23,read_0,503.974,22.6413,22.6413,136.227,177.841,0.0693089,7.15705,0.0831707,0.831707,1.0,read_1,22.6413,503.974,22.6413,177.841,136.227,0.0693089,7.15705,0.0831707,0.831707,1.0,128.326,1199.95,1199.92,0.250635,89.4275,0.300762,3.00762,1.0,write_0,49.7086,1199.96,1199.98,0.269454,129.892,0.323344,3.23344,1.0,write_1,128.326,0.323344,3.23344,hold_0,3.26162,0.0790623,45.5619,0.0546743,0.546743,1.0,hold_1,3.26193,0.0792318,45.7589,0.0549107,0.549107,1.0
5,1,4,1.3,27,319.97,113.66,678.27,read_0,559.887,27.464,27.464,136.366,3580.34,0.0755047,7.76047,0.0981561,0.981561,1.0,read_1,27.4641,559.887,27.4641,3580.34,136.366,0.0755047,7.76047,0.0981561,0.981561,1.0,126.78,1299.95,1299.9,0.286785,101.76,0.37282,3.7282,1.0,write_0,48.3052,1299.96,1299.98,0.307832,149.135,0.400181,4.00181,1.0,write_1,126.78,0.400181,4.00181,hold_0,3.5368,0.0782291,54.4637,0.0708029,0.708029,1.0,hold_1,3.54379,0.0794479,55.0159,0.0715207,0.715207,1.0
5,1,5,0.6,27,180.91,50.9,293.22,read_0,220.517,4.75162,4.75162,241.199,241.199,0.0392956,4.14074,0.0235774,0.235774,1.0,read_1,4.75162,220.517,4.75162,241.199,241.199,0.0392956,4.14074,0.0235774,0.235774,1.0,139.014,599.976,599.97,0.0729915,24.5117,0.0437949,0.437949,1.0,write_0,64.2815,599.983,599.998,0.0829792,25.5885,0.0497875,0.497875,1.0,write_1,139.014,0.0497875,0.497875,hold_0,4.38584,0.0155791,15.4659,0.00927953,0.0927953,1.0,hold_1,4.3874,0.0151563,16.1079,0.00966476,0.0966476,1.0
5,1,5,0.7,27,203.09,57.44,348.25,read_0,269.754,7.4616,7.4616,2901.04,327.022,0.0460342,4.85221,0.032224,0.32224,1.0,read_1,7.46161,269.754,7.46161,327.022,2901.04,0.0460342,4.85221,0.032224,0.32224,1.0,134.973,699.972,699.968,0.0928581,32.5544,0.0650006,0.650006,1.0,write_0,58.2805,699.984,699.995,0.105136,40.4814,0.0735951,0.735951,1.0,write_1,134.973,0.0735951,0.735951,hold_0,3.95304,0.0163667,19.1822,0.0134275,0.134275,1.0,hold_1,3.96437,0.017137,20.3807,0.0142665,0.142665,1.0
5,1,5,0.8,27,224.37,63.08,408.29,read_0,321.676,11.0145,11.0145,2267.58,185.807,0.0528611,5.55172,0.0422889,0.422889,1.0,read_1,11.0145,321.676,11.0145,185.807,2267.58,0.0528611,5.55172,0.0422889,0.422889,1.0,131.759,799.966,799.962,0.115162,40.9888,0.0921296,0.921296,1.0,write_0,54.4755,799.98,799.994,0.129994,57.6736,0.103995,1.03995,1.0,write_1,131.759,0.103995,1.03995,hold_0,3.78937,0.020098,23.8172,0.0190538,0.190538,1.0,hold_1,3.73806,0.0201165,24.2447,0.0193957,0.193957,1.0
5,1,5,0.9,27,244.87,67.91,473.35,read_0,375.908,15.3216,15.3216,714.642,185.303,0.0596563,6.24198,0.0536907,0.536907,1.0,read_1,15.3216,375.908,15.3216,185.303,714.642,0.0596563,6.24198,0.0536907,0.536907,1.0,129.127,899.959,899.96,0.139691,49.6226,0.125722,1.25722,1.0,write_0,51.7125,899.975,899.989,0.158022,76.3555,0.14222,1.4222,1.0,write_1,129.127,0.14222,1.4222,hold_0,3.67078,0.0248499,28.7539,0.0258785,0.258785,1.0,hold_1,3.677,0.0247265,28.8514,0.0259662,0.259662,1.0
5,1,5,1.0,27,264.63,72.4,538.3,read_0,432.113,20.288,20.288,260.473,181.758,0.066465,6.96197,0.066465,0.66465,1.0,read_1,20.2881,432.113,20.2881,181.758,260.473,0.066465,6.96197,0.066465,0.66465,1.0,126.904,999.949,999.947,0.166488,60.5603,0.166488,1.66488,1.0,write_0,49.5412,999.978,999.988,0.189057,92.67,0.189057,1.89057,1.0,write_1,126.904,0.189057,1.89057,hold_0,3.6401,0.0376435,34.355,0.034355,0.34355,1.0,hold_1,3.74267,0.0305726,35.1094,0.0351094,0.351094,1.0
5,1,5,1.1,27,283.72,76.43,608.3,read_0,489.999,25.8009,25.8009,253.243,253.243,0.0732959,7.67659,0.0806255,0.806255,1.0,read_1,25.801,489.999,25.801,253.243,253.243,0.0732959,7.67659,0.0806255,0.806255,1.0,124.92,1099.94,1099.95,0.195737,71.7947,0.21531,2.1531,1.0,write_0,47.8255,1099.97,1099.99,0.22491,112.274,0.247401,2.47401,1.0,write_1,124.92,0.247401,2.47401,hold_0,3.70771,0.0568691,41.137,0.0452507,0.452507,1.0,hold_1,3.83691,0.041244,41.075,0.0451825,0.451825,1.0
5,1,5,1.2,27,302.1,80.13,678.23,read_0,549.326,31.7671,31.7671,139.751,8391.24,0.0801513,8.38121,0.0961815,0.961815,1.0,read_1,31.7671,549.326,31.7671,8391.24,139.751,0.0801513,8.38121,0.0961815,0.961815,1.0,123.204,1199.95,1199.92,0.227913,83.7475,0.273495,2.73495,1.0,write_0,46.1618,1199.97,1199.98,0.255343,130.302,0.306412,3.06412,1.0,write_1,123.204,0.306412,3.06412,hold_0,3.98024,0.0563045,49.1614,0.0589936,0.589936,1.0,hold_1,3.83376,0.0752183,49.882,0.0598584,0.598584,1.0
5,1,5,1.3,27,319.97,83.55,753.23,read_0,609.893,38.0989,38.0989,141.105,2843.59,0.0869341,9.10536,0.113014,1.13014,1.0,read_1,38.099,609.893,38.099,2843.59,141.105,0.0869341,9.10536,0.113014,1.13014,1.0,121.734,1299.94,1299.89,0.262689,95.0082,0.341495,3.41495,1.0,write_0,44.8321,1299.96,1299.97,0.292201,148.928,0.379861,3.79861,1.0,write_1,121.734,0.379861,3.79861,hold_0,4.00414,0.0978142,58.0158,0.0754206,0.754206,1.0,hold_1,4.00738,0.0908858,57.6043,0.0748856,0.748856,1.0
5,2,1,0.6,27,196.87,155.94,,read_0,56.0673,0.153932,0.153932,516.547,142.382,0.0171885,1.69586,0.0103131,0.103131,1.0,read_1,0.153943,56.0673,0.153943,142.382,516.547,0.0171885,1.69586,0.0103131,0.103131,1.0,-1.0,55.5233,64.3828,9.6342,9.83335,5.78052,57.8052,0.0,write_0,-1.0,64.3922,55.5586,9.72366,9.84653,5.8342,58.342,0.0,write_1,-1.0,5.8342,58.342,hold_0,602.643,600.199,153.663,0.0921977,0.921977,0.0,hold_1,1.78428,0.0117517,14.6051,0.00876308,0.0876308,1.0
5,2,1,0.7,27,223.57,186.13,,read_0,66.8721,0.184931,0.184931,206.925,335.593,0.0202722,1.98798,0.0141906,0.141906,1.0,read_1,0.184944,66.8721,0.184944,335.593,206.925,0.0202722,1.98798,0.0141906,0.141906,1.0,-1.0,60.8615,75.1265,14.2492,14.5307,9.97445,99.7445,0.0,write_0,-1.0,75.139,60.9026,14.381,14.5634,10.0667,100.667,0.0,write_1,-1.0,10.0667,100.667,hold_0,702.526,700.225,222.202,0.155541,1.55541,0.0,hold_1,1.60721,0.018744,19.2523,0.0134766,0.134766,1.0
5,2,1,0.8,27,249.7,216.79,,read_0,77.523,0.229492,0.229492,9436.71,9743.36,0.0234139,2.28252,0.0187311,0.187311,1.0,read_1,0.22951,77.523,0.22951,9743.36,9436.71,0.0234139,2.28252,0.0187311,0.187311,1.0,-1.0,66.4809,85.7467,19.4671,19.8464,15.5737,155.737,0.0,write_0,-1.0,85.7644,66.5236,19.6463,19.8871,15.717,157.17,0.0,write_1,-1.0,15.717,157.17,hold_0,802.541,800.224,300.868,0.240694,2.40694,0.0,hold_1,1.53922,0.0186788,25.2277,0.0201822,0.201822,1.0
5,2,1,0.9,27,275.58,243.32,,read_0,88.0504,0.295929,0.295929,90.5101,112.254,0.0266259,2.5752,0.0239633,0.239633,1.0,read_1,0.295952,88.0504,0.295952,112.254,90.5101,0.0266259,2.5752,0.0239633,0.239633,1.0,-1.0,72.3798,96.2479,25.1592,25.6428,22.6433,226.433,0.0,write_0,-1.0,96.2707,72.4203,25.3875,25.6728,22.8488,228.488,0.0,write_1,-1.0,22.8488,228.488,hold_0,902.564,900.203,388.62,0.349758,3.49758,0.0,hold_1,1.49473,0.0552802,30.6149,0.0275534,0.275534,1.0
5,2,1,1.0,27,300.93,263.89,,read_0,98.489,0.393714,0.393714,90.534,76.9143,0.0299298,2.86736,0.0299298,0.299298,1.0,read_1,0.393744,98.489,0.393744,76.9143,90.534,0.0299298,2.86736,0.0299298,0.299298,1.0,-1.0,78.6574,106.677,31.2292,31.823,31.2292,312.292,0.0,write_0,-1.0,106.706,78.7055,31.5112,31.8565,31.5112,315.112,0.0,write_1,-1.0,31.5112,315.112,hold_0,1.49777,0.0694593,38.5616,0.0385616,0.385616,1.0,hold_1,1002.56,1000.25,483.921,0.483921,4.83921,0.0
5,2,1,1.1,27,326.1,283.81,,read_0,108.889,0.514727,0.514727,90.5731,76.8885,0.0333304,3.15945,0.0366634,0.366634,1.0,read_1,0.514765,108.889,0.514765,76.8885,90.5731,0.0333304,3.15945,0.0366634,0.366634,1.0,-1.0,85.4479,117.095,37.6073,38.3155,41.3681,413.681,0.0,write_0,-1.0,117.134,85.5029,37.9453,38.3361,41.7399,417.399,0.0,write_1,-1.0,41.7399,417.399,hold_0,1.53607,0.0866422,47.8195,0.0526015,0.526015,1.0,hold_1,1102.48,1100.22,588.588,0.647447,6.47447,0.0
5,2,1,1.2,27,350.79,303.09,,read_0,119.302,0.665613,0.665613,90.589,76.848,0.0368435,3.45206,0.0442122,0.442122,1.0,read_1,0.665661,119.302,0.665661,76.848,90.589,0.0368435,3.45206,0.0442122,0.442122,1.0,-1.0,92.8857,127.569,44.2465,45.0693,53.0958,530.958,0.0,write_0,-1.0,127.621,92.9493,44.6422,45.0962,53.5707,535.707,0.0,write_1,-1.0,53.5707,535.707,hold_0,1.5969,0.128862,58.7838,0.0705406,0.705406,1.0,hold_1,1202.62,1200.21,696.994,0.836393,8.36393,0.0
5,2,1,1.3,27,375.11,321.81,,read_0,129.777,0.855729,0.855729,90.5266,76.7577,0.0404721,3.74531,0.0526137,0.526137,1.0,read_1,0.855787,129.777,0.855787,76.7577,90.5266,0.0404721,3.74531,0.0526137,0.526137,1.0,-1.0,101.1,138.181,51.1184,52.0519,66.454,664.54,0.0,write_0,-1.0,138.239,101.164,51.5736,52.0912,67.0456,670.456,0.0,write_1,-1.0,67.0456,670.456,hold_0,1.681,0.171958,71.8698,0.0934307,0.934307,1.0,hold_1,1302.64,1300.19,811.613,1.0551,10.551,0.0
5,2,2,0.6,27,196.87,124.82,88.24,read_0,93.6042,0.405535,0.405535,216.805,2578.45,0.0229732,2.33299,0.0137839,0.137839,1.0,read_1,0.405546,93.6042,0.405546,2578.45,216.805,0.0229732,2.33299,0.0137839,0.137839,1.0,197.335,599.954,599.957,0.177153,16.7352,0.106292,1.06292,1.0,write_0,129.087,599.962,599.994,0.176127,16.7467,0.105676,1.05676,1.0,write_1,197.335,0.106292,1.06292,hold_0,2.441,0.0107455,16.2838,0.00977026,0.0977026,1.0,hold_1,2.4311,0.0119187,15.8982,0.00953893,0.0953893,1.0
5,2,2,0.7,27,223.57,148.07,93.26,read_0,112.404,0.555525,0.555525,143.866,143.866,0.0277126,2.74285,0.0193988,0.193988,1.0,read_1,0.555539,112.404,0.555539,143.866,143.866,0.0277126,2.74285,0.0193988,0.193988,1.0,191.664,699.955,699.956,0.23952,26.473,0.167664,1.67664,1.0,write_0,115.281,699.966,699.997,0.234229,26.3434,0.16396,1.6396,1.0,write_1,191.664,0.167664,1.67664,hold_0,2.20323,0.0184217,21.1609,0.0148126,0.148126,1.0,hold_1,2.21064,0.0140464,21.4033,0.0149823,0.149823,1.0
5,2,2,0.8,27,249.7,171.57,98.28,read_0,131.229,0.773839,0.773839,146.183,2209.44,0.0321003,3.15017,0.0256803,0.256803,1.0,read_1,0.773858,131.229,0.773858,2209.44,146.183,0.0321003,3.15017,0.0256803,0.256803,1.0,188.479,799.95,799.945,0.312629,38.811,0.250104,2.50104,1.0,write_0,106.77,799.96,799.996,0.30118,38.735,0.240944,2.40944,1.0,write_1,188.479,0.250104,2.50104,hold_0,2.08338,0.0361844,26.9394,0.0215515,0.215515,1.0,hold_1,2.08447,0.0370942,26.8865,0.0215092,0.215092,1.0
5,2,2,0.9,27,275.58,195.41,103.28,read_0,150.029,1.0849,1.0849,148.662,78.7006,0.0365765,3.5552,0.0329188,0.329188,1.0,read_1,1.08493,150.029,1.08493,78.7006,148.662,0.0365765,3.5552,0.0329188,0.329188,1.0,186.463,899.946,899.932,0.394594,52.2084,0.355135,3.55135,1.0,write_0,101.559,899.952,899.999,0.373035,52.1502,0.335731,3.35731,1.0,write_1,186.463,0.355135,3.55135,hold_0,2.03227,0.0577226,33.8127,0.0304314,0.304314,1.0,hold_1,2.02793,0.0498947,33.4245,0.0300821,0.300821,1.0
5,2,2,1.0,27,300.93,219.69,108.27,read_0,168.81,1.48967,1.48967,147.294,77.0435,0.0411718,3.95831,0.0411718,0.411718,1.0,read_1,1.4897,168.81,1.4897,77.0435,147.294,0.0411718,3.95831,0.0411718,0.411718,1.0,184.544,999.94,999.915,0.484774,66.7891,0.484774,4.84774,1.0,write_0,97.7622,999.942,999.989,0.451118,68.2497,0.451118,4.51118,1.0,write_1,184.544,0.484774,4.84774,hold_0,2.03183,0.0836064,41.3279,0.0413279,0.413279,1.0,hold_1,2.04806,0.0437449,41.6856,0.0416856,0.416856,1.0
5,2,2,1.1,27,326.1,244.22,113.25,read_0,187.606,2.00959,2.00959,155.628,78.5266,0.0459236,4.36105,0.050516,0.50516,1.0,read_1,2.00963,187.606,2.00963,78.5266,155.628,0.0459236,4.36105,0.050516,0.50516,1.0,183.29,1099.93,1099.89,0.581167,83.959,0.639284,6.39284,1.0,write_0,94.7331,1099.93,1099.98,0.534767,85.3271,0.588244,5.88244,1.0,write_1,183.29,0.639284,6.39284,hold_0,2.09241,0.0658213,51.3554,0.0564909,0.564909,1.0,hold_1,2.07481,0.0991285,51.2391,0.056363,0.56363,1.0
5,2,2,1.2,27,350.79,268.85,118.2,read_0,206.454,2.57688,2.57688,123.272,179.347,0.0507748,4.7646,0.0609297,0.609297,1.0,read_1,2.57692,206.454,2.57692,179.347,123.272,0.0507748,4.7646,0.0609297,0.609297,1.0,181.617,1199.92,1199.87,0.680726,102.348,0.816871,8.16871,1.0,write_0,92.0946,1199.92,1199.98,0.621383,103.179,0.745659,7.45659,1.0,write_1,181.617,0.816871,8.16871,hold_0,2.17044,0.0841946,63.212,0.0758544,0.758544,1.0,hold_1,2.15563,0.108237,62.6016,0.0751219,0.751219,1.0
5,2,2,1.3,27,375.11,284.81,128.19,read_0,225.422,3.33126,3.33126,125.244,95.2775,0.0558203,5.16924,0.0725664,0.725664,1.0,read_1,3.33132,225.422,3.33132,95.2775,125.244,0.0558203,5.16924,0.0725664,0.725664,1.0,179.631,1299.91,1299.84,0.782409,123.099,1.01713,10.1713,1.0,write_0,89.2264,1299.9,1299.97,0.706518,120.221,0.918474,9.18474,1.0,write_1,179.631,1.01713,10.1713,hold_0,2.27981,0.102201,76.6811,0.0996854,0.996854,1.0,hold_1,2.26682,0.171591,76.1161,0.0989509,0.989509,1.0
5,2,3,0.6,27,196.87,102.33,168.18,read_0,121.681,0.851395,0.851395,158.029,158.029,0.0289642,2.9628,0.0173785,0.173785,1.0,read_1,0.851406,121.681,0.851406,158.029,158.029,0.0289642,2.9628,0.0173785,0.173785,1.0,158.557,599.955,599.952,0.125947,20.149,0.0755682,0.755682,1.0,write_0,87.417,599.963,599.997,0.126631,20.159,0.0759783,0.759783,1.0,write_1,158.557,0.0759783,0.759783,hold_0,3.08276,0.0111212,17.412,0.0104472,0.104472,1.0,hold_1,3.07785,0.0114965,17.3578,0.0104147,0.104147,1.0
5,2,3,0.7,27,223.57,119.81,198.26,read_0,146.979,1.25847,1.25847,229.784,4255.23,0.034214,3.48309,0.0239498,0.239498,1.0,read_1,1.25848,146.979,1.25848,4255.23,229.784,0.034214,3.48309,0.0239498,0.239498,1.0,154.639,699.95,699.948,0.165054,31.8792,0.115538,1.15538,1.0,write_0,77.4411,699.961,699.995,0.162516,32.192,0.113761,1.13761,1.0,write_1,154.639,0.115538,1.15538,hold_0,2.77985,0.0166072,22.3893,0.0156725,0.156725,1.0,hold_1,2.79305,0.0138908,22.2147,0.0155503,0.155503,1.0
5,2,3,0.8,27,249.7,137.13,228.27,read_0,172.725,1.85315,1.85315,145.446,145.446,0.0403461,3.99985,0.0322769,0.322769,1.0,read_1,1.85316,172.725,1.85316,145.446,145.446,0.0403461,3.99985,0.0322769,0.322769,1.0,152.027,799.951,799.944,0.209836,45.9014,0.167869,1.67869,1.0,write_0,71.4693,799.957,799.993,0.202921,46.3552,0.162337,1.62337,1.0,write_1,152.027,0.167869,1.67869,hold_0,2.64895,0.0186719,29.1159,0.0232927,0.232927,1.0,hold_1,2.64225,0.0179301,28.9022,0.0231218,0.231218,1.0
5,2,3,0.9,27,275.58,154.37,258.23,read_0,198.823,2.65355,2.65355,145.794,1399.33,0.0459851,4.5126,0.0413866,0.413866,1.0,read_1,2.65358,198.823,2.65358,1399.33,145.794,0.0459851,4.5126,0.0413866,0.413866,1.0,150.326,899.944,899.931,0.261019,62.1807,0.234917,2.34917,1.0,write_0,67.3691,899.956,899.993,0.24348,62.4461,0.219132,2.19132,1.0,write_1,150.326,0.234917,2.34917,hold_0,2.582,0.0240326,35.9825,0.0323842,0.323842,1.0,hold_1,2.57836,0.0608035,36.0221,0.0324199,0.324199,1.0
5,2,3,1.0,27,300.93,171.56,293.23,read_0,225.225,3.66926,3.66926,9809.75,116.902,0.0507269,5.02292,0.0507269,0.507269,1.0,read_1,3.6693,225.225,3.6693,116.902,9809.75,0.0507269,5.02292,0.0507269,0.507269,1.0,148.62,999.937,999.915,0.316378,80.7641,0.316378,3.16378,1.0,write_0,64.2694,999.946,999.989,0.288951,80.2138,0.288951,2.88951,1.0,write_1,148.62,0.316378,3.16378,hold_0,2.58909,0.0327624,44.7251,0.0447251,0.447251,1.0,hold_1,2.58369,0.08505,43.7039,0.0437039,0.437039,1.0
5,2,3,1.1,27,326.1,188.66,328.19,read_0,251.936,4.90884,4.90884,113.725,113.725,0.0564643,5.53172,0.0621108,0.621108,1.0,read_1,4.90888,251.936,4.90888,113.725,113.725,0.0564643,5.53172,0.0621108,0.621108,1.0,147.124,1099.93,1099.9,0.375919,100.56,0.41351,4.1351,1.0,write_0,62.0769,1099.94,1099.98,0.338235,100.079,0.372058,3.72058,1.0,write_1,147.124,0.41351,4.1351,hold_0,2.63688,0.104774,54.694,0.0601634,0.601634,1.0,hold_1,2.6424,0.0563385,53.5989,0.0589588,0.589588,1.0
5,2,3,1.2,27,350.79,205.59,368.2,read_0,278.965,6.38698,6.38698,9799.54,9549.09,0.0624127,6.04134,0.0748952,0.748952,1.0,read_1,6.38702,278.965,6.38702,9549.09,9799.54,0.0624127,6.04134,0.0748952,0.748952,1.0,145.775,1199.92,1199.88,0.438698,121.932,0.526437,5.26437,1.0,write_0,60.5169,1199.92,1199.98,0.39392,120.907,0.472704,4.72704,1.0,write_1,145.775,0.526437,5.26437,hold_0,2.746,0.0872086,65.4626,0.0785552,0.785552,1.0,hold_1,2.74365,0.0842607,65.6641,0.0787969,0.787969,1.0
5,2,3,1.3,27,375.11,222.3,408.16,read_0,306.342,8.12678,8.12678,114.471,424.837,0.0685848,6.5523,0.0891603,0.891603,1.0,read_1,8.12684,306.342,8.12684,424.837,114.471,0.0685848,6.5523,0.0891603,0.891603,1.0,144.701,1299.9,1299.85,0.509305,143.366,0.662096,6.62096,1.0,write_0,59.0767,1299.91,1299.98,0.44979,141.399,0.584727,5.84727,1.0,write_1,144.701,0.662096,6.62096,hold_0,2.86839,0.197276,79.7216,0.103638,1.03638,1.0,hold_1,2.87619,0.101728,79.4673,0.103308,1.03308,1.0
5,2,4,0.6,27,196.87,84.85,218.22,read_0,144.147,1.52068,1.52068,157.77,157.77,0.0347772,3.58554,0.0208663,0.208663,1.0,read_1,1.52069,144.147,1.52069,157.77,157.77,0.0347772,3.58554,0.0208663,0.208663,1.0,147.996,599.956,599.956,0.107549,23.2246,0.0645296,0.645296,1.0,write_0,74.3545,599.963,599.997,0.111462,23.1731,0.0668769,0.668769,1.0,write_1,147.996,0.0668769,0.668769,hold_0,3.7072,0.00966404,19.2973,0.0115784,0.115784,1.0,hold_1,3.70949,0.0124497,19.334,0.0116004,0.116004,1.0
5,2,4,0.7,27,223.57,97.96,258.25,read_0,175.022,2.35489,2.35489,220.806,4196.5,0.0410336,4.21346,0.0287235,0.287235,1.0,read_1,2.3549,175.022,2.3549,4196.5,220.806,0.0410336,4.21346,0.0287235,0.287235,1.0,144.795,699.95,699.951,0.140109,36.5581,0.0980764,0.980764,1.0,write_0,66.6876,699.963,699.994,0.141997,36.5058,0.0993981,0.993981,1.0,write_1,144.795,0.0993981,0.993981,hold_0,3.36591,0.0169958,24.4041,0.0170828,0.170828,1.0,hold_1,3.35816,0.0176191,24.8107,0.0173675,0.173675,1.0
5,2,4,0.8,27,249.7,110.39,298.13,read_0,206.95,3.56222,3.56222,143.31,143.31,0.0483299,4.83682,0.0386639,0.386639,1.0,read_1,3.56224,206.95,3.56224,143.31,143.31,0.0483299,4.83682,0.0386639,0.386639,1.0,141.839,799.948,799.947,0.17737,52.2259,0.141896,1.41896,1.0,write_0,61.91,799.96,799.997,0.176788,52.4815,0.14143,1.4143,1.0,write_1,141.839,0.141896,1.41896,hold_0,3.19714,0.0180356,31.0492,0.0248394,0.248394,1.0,hold_1,3.18356,0.0222396,29.4492,0.0235593,0.235593,1.0
5,2,4,0.9,27,275.58,122.26,348.26,read_0,239.821,5.15795,5.15795,119.509,119.509,0.0539227,5.45463,0.0485304,0.485304,1.0,read_1,5.15797,239.821,5.15797,119.509,119.509,0.0539227,5.45463,0.0485304,0.485304,1.0,139.392,899.945,899.935,0.218603,65.358,0.196743,1.96743,1.0,write_0,58.6649,899.953,899.994,0.21679,71.0371,0.195111,1.95111,1.0,write_1,139.392,0.196743,1.96743,hold_0,3.12447,0.0229652,38.7793,0.0349014,0.349014,1.0,hold_1,3.1301,0.0239078,38.4759,0.0346283,0.346283,1.0
5,2,4,1.0,27,300.93,133.66,398.25,read_0,273.577,7.14971,7.14971,115.293,115.293,0.0604711,6.06812,0.0604711,0.604711,1.0,read_1,7.14974,273.577,7.14974,115.293,115.293,0.0604711,6.06812,0.0604711,0.604711,1.0,137.732,999.936,999.916,0.265792,79.0502,0.265792,2.65792,1.0,write_0,56.4446,999.948,999.988,0.255196,91.2196,0.255196,2.55196,1.0,write_1,137.732,0.265792,2.65792,hold_0,3.13289,0.0306046,46.7959,0.0467959,0.467959,1.0,hold_1,3.13153,0.0301818,47.2652,0.0472652,0.472652,1.0
5,2,4,1.1,27,326.1,144.66,448.19,read_0,308.189,9.54582,9.54582,113.167,113.167,0.0671891,6.68052,0.073908,0.73908,1.0,read_1,9.54586,308.189,9.54586,113.167,113.167,0.0671891,6.68052,0.073908,0.73908,1.0,135.895,1099.93,1099.9,0.314835,93.2166,0.346319,3.46319,1.0,write_0,54.6823,1099.94,1099.98,0.299812,112.474,0.329793,3.29793,1.0,write_1,135.895,0.346319,3.46319,hold_0,3.19355,0.109381,57.6063,0.063367,0.63367,1.0,hold_1,3.19152,0.10685,57.8168,0.0635985,0.635985,1.0
5,2,4,1.2,27,350.79,155.17,503.17,read_0,343.643,12.36,12.36,112.351,112.351,0.0740724,7.29263,0.0888869,0.888869,1.0,read_1,12.36,343.643,12.36,112.351,112.351,0.0740724,7.29263,0.0888869,0.888869,1.0,134.207,1199.91,1199.88,0.367263,107.632,0.440716,4.40716,1.0,write_0,53.2062,1199.92,1199.98,0.347598,136.41,0.417117,4.17117,1.0,write_1,134.207,0.440716,4.40716,hold_0,3.30125,0.121814,69.2363,0.0830835,0.830835,1.0,hold_1,3.29892,0.118391,69.0537,0.0828644,0.828644,1.0
5,2,4,1.3,27,375.11,165.21,563.2,read_0,379.934,15.6157,15.6157,116.762,2726.31,0.0815738,7.90635,0.106046,1.06046,1.0,read_1,15.6158,379.934,15.6158,2726.31,116.762,0.0815738,7.90635,0.106046,1.06046,1.0,132.675,1299.9,1299.84,0.422163,126.356,0.548812,5.48812,1.0,write_0,51.8979,1299.91,1299.98,0.398589,159.775,0.518165,5.18165,1.0,write_1,132.675,0.548812,5.48812,hold_0,3.47445,0.0968072,83.4691,0.10851,1.0851,1.0,hold_1,3.47922,0.102564,83.0917,0.108019,1.08019,1.0
5,2,5,0.6,27,196.87,71.11,248.04,read_0,162.738,2.42498,2.42498,297.667,4441.68,0.0409983,4.20293,0.024599,0.24599,1.0,read_1,2.42499,162.738,2.42499,4441.68,297.667,0.0409983,4.20293,0.024599,0.24599,1.0,142.447,599.953,599.954,0.0970275,25.6296,0.0582165,0.582165,1.0,write_0,67.9166,599.964,599.999,0.102598,25.7901,0.061559,0.61559,1.0,write_1,142.447,0.061559,0.61559,hold_0,4.34232,0.0127514,20.5096,0.0123058,0.123058,1.0,hold_1,4.34017,0.0101395,21.2157,0.0127294,0.127294,1.0
5,2,5,0.7,27,223.57,80.9,298.2,read_0,198.383,3.85706,3.85706,157.171,157.171,0.0477215,4.93621,0.033405,0.33405,1.0,read_1,3.85707,198.383,3.85707,157.171,157.171,0.0477215,4.93621,0.033405,0.33405,1.0,138.659,699.95,699.953,0.125541,37.5882,0.0878785,0.878785,1.0,write_0,61.3776,699.961,699.994,0.131071,40.3466,0.0917498,0.917498,1.0,write_1,138.659,0.0917498,0.917498,hold_0,3.95696,0.0116083,26.5161,0.0185613,0.185613,1.0,hold_1,3.95665,0.0116144,27.1279,0.0189895,0.189895,1.0
5,2,5,0.8,27,249.7,89.62,348.14,read_0,235.674,5.88989,5.88989,219.458,219.458,0.0550213,5.66407,0.044017,0.44017,1.0,read_1,5.88991,235.674,5.88991,219.458,219.458,0.0550213,5.66407,0.044017,0.44017,1.0,135.6,799.945,799.945,0.158181,48.1399,0.126545,1.26545,1.0,write_0,57.2453,799.96,799.992,0.163471,57.9448,0.130777,1.30777,1.0,write_1,135.6,0.130777,1.30777,hold_0,3.75791,0.0181676,33.13,0.026504,0.26504,1.0,hold_1,3.7598,0.0183112,33.0664,0.0264531,0.264531,1.0
5,2,5,0.9,27,275.58,97.56,408.28,read_0,274.494,8.54749,8.54749,220.277,220.277,0.0623993,6.38465,0.0561594,0.561594,1.0,read_1,8.54752,274.494,8.54752,220.277,220.277,0.0623993,6.38465,0.0561594,0.561594,1.0,133.022,899.938,899.934,0.194245,59.5228,0.17482,1.7482,1.0,write_0,54.4303,899.956,899.991,0.200886,77.507,0.180798,1.80798,1.0,write_1,133.022,0.180798,1.80798,hold_0,3.67278,0.0228928,40.5676,0.0365108,0.365108,1.0,hold_1,3.6711,0.0226715,40.7575,0.0366818,0.366818,1.0
5,2,5,1.0,27,300.93,104.82,463.17,read_0,314.737,11.8305,11.8305,210.631,210.631,0.0698449,7.0994,0.0698449,0.698449,1.0,read_1,11.8305,314.737,11.8305,210.631,210.631,0.0698449,7.0994,0.0698449,0.698449,1.0,130.777,999.932,999.921,0.233523,71.3298,0.233523,2.33523,1.0,write_0,52.3055,999.944,999.997,0.238902,99.9921,0.238902,2.38902,1.0,write_1,130.777,0.238902,2.38902,hold_0,3.67426,0.0790189,49.5239,0.0495239,0.495239,1.0,hold_1,3.66254,0.0569436,49.0807,0.0490807,0.490807,1.0
5,2,5,1.1,27,326.1,111.47,528.23,read_0,356.327,15.7355,15.7355,212.207,212.207,0.0774567,7.81131,0.0852024,0.852024,1.0,read_1,15.7355,356.327,15.7355,212.207,212.207,0.0774567,7.81131,0.0852024,0.852024,1.0,128.756,1099.92,1099.9,0.275794,85.8317,0.303374,3.03374,1.0,write_0,50.5941,1099.93,1099.99,0.279626,120.881,0.307589,3.07589,1.0,write_1,128.756,0.307589,3.07589,hold_0,3.74583,0.10241,60.1272,0.0661399,0.661399,1.0,hold_1,3.73976,0.0924305,60.1629,0.0661792,0.661792,1.0
5,2,5,1.2,27,350.79,117.59,593.21,read_0,399.186,20.2647,20.2647,115.242,115.242,0.0856058,8.52431,0.102727,1.02727,1.0,read_1,20.2647,399.186,20.2647,115.242,115.242,0.0856058,8.52431,0.102727,1.02727,1.0,126.907,1199.91,1199.89,0.321099,99.9747,0.385319,3.85319,1.0,write_0,49.2171,1199.93,1199.98,0.326456,140.193,0.391747,3.91747,1.0,write_1,126.907,0.391747,3.91747,hold_0,3.89422,0.0713193,72.5684,0.0870821,0.870821,1.0,hold_1,3.8985,0.0761824,73.8074,0.0885689,0.885689,1.0
5,2,5,1.3,27,375.1,123.15,658.11,read_0,443.235,25.412,25.412,212.949,212.949,0.0934061,9.23809,0.121428,1.21428,1.0,read_1,25.4121,443.235,25.4121,212.949,212.949,0.0934061,9.23809,0.121428,1.21428,1.0,125.028,1299.89,1299.87,0.36946,111.324,0.480298,4.80298,1.0,write_0,48.006,1299.91,1299.98,0.376419,164.038,0.489345,4.89345,1.0,write_1,125.028,0.489345,4.89345,hold_0,4.07143,0.0823513,86.9995,0.113099,1.13099,1.0,hold_1,4.0793,0.0930484,86.4629,0.112402,1.12402,1.0
5,3,1,0.6,27,199.55,158.42,,read_0,40.2555,0.153337,0.153337,229.693,154.25,0.0173553,1.70686,0.0104132,0.104132,1.0,read_1,0.153353,40.2555,0.153353,154.25,229.693,0.0173553,1.70686,0.0104132,0.104132,1.0,-1.0,50.6714,45.8004,9.64365,9.83906,5.78619,57.8619,0.0,write_0,-1.0,45.8085,50.7316,9.73274,9.85276,5.83964,58.3964,0.0,write_1,-1.0,5.83964,58.3964,hold_0,601.859,600.027,157.551,0.0945304,0.945304,0.0,hold_1,1.77185,0.0169161,19.6452,0.0117871,0.117871,1.0
5,3,1,0.7,27,235.6,188.38,,read_0,47.9071,0.175643,0.175643,9551.01,157.102,0.0204724,2.00321,0.0143307,0.143307,1.0,read_1,0.175664,47.9071,0.175664,157.102,9551.01,0.0204724,2.00321,0.0143307,0.143307,1.0,-1.0,56.3588,53.464,14.2558,14.5374,9.97908,99.7908,0.0,write_0,-1.0,53.4711,56.4222,14.3868,14.5677,10.0707,100.707,0.0,write_1,-1.0,10.0707,100.707,hold_0,701.799,700.11,227.825,0.159477,1.59477,0.0,hold_1,1.62876,0.0114623,25.5776,0.0179043,0.179043,1.0
5,3,1,0.8,27,265.52,218.58,,read_0,55.4331,0.211461,0.211461,90.4291,114.228,0.023663,2.30139,0.0189304,0.189304,1.0,read_1,0.211488,55.4331,0.211488,114.228,90.4291,0.023663,2.30139,0.0189304,0.189304,1.0,-1.0,62.218,60.9807,19.4681,19.8487,15.5745,155.745,0.0,write_0,-1.0,60.9964,62.282,19.6449,19.8685,15.716,157.16,0.0,write_1,-1.0,15.716,157.16,hold_0,801.711,800.107,308.301,0.246641,2.46641,0.0,hold_1,1.54576,0.130734,32.7062,0.026165,0.26165,1.0
5,3,1,0.9,27,294.62,248.67,,read_0,62.8524,0.269992,0.269992,90.2286,76.5738,0.0269328,2.59971,0.0242395,0.242395,1.0,read_1,0.270027,62.8524,0.270027,76.5738,90.2286,0.0269328,2.59971,0.0242395,0.242395,1.0,-1.0,68.3224,68.3876,25.1507,25.637,22.6357,226.357,0.0,write_0,-1.0,68.4123,68.3932,25.3783,25.6586,22.8404,228.404,0.0,write_1,-1.0,22.8404,228.404,hold_0,901.704,900.123,398.425,0.358583,3.58583,0.0,hold_1,1.5105,0.154951,41.9503,0.0377553,0.377553,1.0
5,3,1,1.0,27,323.86,278.82,,read_0,70.2042,0.340207,0.340207,90.1734,76.4768,0.029706,2.89813,0.029706,0.29706,1.0,read_1,0.340253,70.2042,0.340253,76.4768,90.1734,0.029706,2.89813,0.029706,0.29706,1.0,-1.0,74.8033,75.7327,31.2065,31.8029,31.2065,312.065,0.0,write_0,-1.0,75.7695,74.8884,31.4874,31.829,31.4874,314.874,0.0,write_1,-1.0,31.4874,314.874,hold_0,1001.71,1000.12,496.677,0.496677,4.96677,0.0,hold_1,1.5275,0.174631,53.3677,0.0533677,0.533677,1.0
5,3,1,1.1,27,352.76,308.75,,read_0,77.531,0.426946,0.426946,90.1597,76.4009,0.0337839,3.19697,0.0371623,0.371623,1.0,read_1,0.427003,77.531,0.427003,76.4009,90.1597,0.0337839,3.19697,0.0371623,0.371623,1.0,-1.0,81.8111,83.0753,37.5646,38.2651,41.3211,413.211,0.0,write_0,-1.0,83.1145,81.8983,37.9,38.2905,41.69,416.9,0.0,write_1,-1.0,41.69,416.9,hold_0,1101.73,1100.11,602.391,0.662631,6.62631,0.0,hold_1,1.56857,0.193427,67.0423,0.0737465,0.737465,1.0
5,3,1,1.2,27,381.75,333.65,,read_0,84.8744,0.537188,0.537188,65.2592,76.323,0.0373836,3.49643,0.0448603,0.448603,1.0,read_1,0.537259,84.8744,0.537259,76.323,65.2592,0.0373836,3.49643,0.0448603,0.448603,1.0,-1.0,89.477,90.4602,44.1774,44.9952,53.0129,530.129,0.0,write_0,-1.0,90.5134,89.5838,44.5702,45.0221,53.4842,534.842,0.0,write_1,-1.0,53.4842,534.842,hold_0,1.64403,0.189832,82.3695,0.0988434,0.988434,1.0,hold_1,1201.93,1200.08,715.894,0.859073,8.59073,0.0
5,3,1,1.3,27,410.35,356.55,,read_0,92.2816,0.678185,0.678185,65.212,76.2296,0.0411126,3.79651,0.0534464,0.534464,1.0,read_1,0.678272,92.2816,0.678272,76.2296,65.212,0.0411126,3.79651,0.0534464,0.534464,1.0,-1.0,97.9289,97.9516,51.0168,51.9549,66.3218,663.218,0.0,write_0,-1.0,98.0097,98.0554,51.47,51.9718,66.911,669.11,0.0,write_1,-1.0,66.911,669.11,hold_0,1302.1,1300.01,839.179,1.09093,10.9093,0.0,hold_1,1.73987,0.215615,100.628,0.130817,1.30817,1.0
5,3,2,0.6,27,199.53,132.63,53.16,read_0,70.1792,0.327866,0.327866,9385.03,335.09,0.023859,2.35077,0.0143154,0.143154,1.0,read_1,0.327882,70.1792,0.327882,335.09,9385.03,0.023859,2.35077,0.0143154,0.143154,1.0,223.465,599.934,599.935,0.240714,17.429,0.144428,1.44428,1.0,write_0,157.755,599.948,599.998,0.237884,17.3326,0.142731,1.42731,1.0,write_1,223.465,0.144428,1.44428,hold_0,2.42923,0.00919822,21.0356,0.0126214,0.126214,1.0,hold_1,2.42494,0.00920678,21.1556,0.0126934,0.126934,1.0
5,3,2,0.7,27,235.58,157.28,53.28,read_0,83.9624,0.418158,0.418158,3849.37,148.727,0.0282319,2.75819,0.0197623,0.197623,1.0,read_1,0.418179,83.9624,0.418179,148.727,3849.37,0.0282319,2.75819,0.0197623,0.197623,1.0,221.055,699.934,699.931,0.342545,28.3351,0.239781,2.39781,1.0,write_0,146.208,699.945,699.999,0.33279,28.0989,0.232953,2.32953,1.0,write_1,221.055,0.239781,2.39781,hold_0,2.21107,0.0115375,27.0932,0.0189652,0.189652,1.0,hold_1,2.20054,0.0819339,28.3519,0.0198464,0.198464,1.0
5,3,2,0.8,27,265.52,181.98,48.29,read_0,97.6423,0.545711,0.545711,9493.2,150.018,0.0327276,3.17175,0.0261821,0.261821,1.0,read_1,0.545738,97.6423,0.545738,150.018,9493.2,0.0327276,3.17175,0.0261821,0.261821,1.0,222.048,799.928,799.922,0.473381,41.2199,0.378705,3.78705,1.0,write_0,141.814,799.937,799.992,0.45661,41.1803,0.365288,3.65288,1.0,write_1,222.048,0.378705,3.78705,hold_0,2.09562,0.151224,35.1454,0.0281163,0.281163,1.0,hold_1,2.09458,0.148424,35.9397,0.0287517,0.287517,1.0
5,3,2,0.9,27,294.62,206.84,38.2,read_0,111.222,0.72389,0.72389,90.8023,114.078,0.0373478,3.5834,0.033613,0.33613,1.0,read_1,0.723926,111.222,0.723926,114.078,90.8023,0.0373478,3.5834,0.033613,0.33613,1.0,225.744,899.923,899.901,0.637569,56.421,0.573812,5.73812,1.0,write_0,142.314,899.931,899.989,0.611367,56.2722,0.55023,5.5023,1.0,write_1,225.744,0.573812,5.73812,hold_0,2.06107,0.195023,44.4324,0.0399892,0.399892,1.0,hold_1,2.05384,0.185215,45.0524,0.0405472,0.405472,1.0
5,3,2,1.0,27,323.86,231.98,33.23,read_0,124.729,0.965593,0.965593,90.7338,114.926,0.0421294,3.99419,0.0421294,0.421294,1.0,read_1,0.965638,124.729,0.965638,114.926,90.7338,0.0421294,3.99419,0.0421294,0.421294,1.0,232.907,999.913,999.881,0.84433,73.2226,0.84433,8.4433,1.0,write_0,146.855,999.916,999.989,0.807753,72.6508,0.807753,8.07753,1.0,write_1,232.907,0.84433,8.4433,hold_0,2.06448,0.215901,54.8359,0.0548359,0.548359,1.0,hold_1,2.07278,0.159855,57.0001,0.0570001,0.570001,1.0
5,3,2,1.1,27,352.75,257.1,28.24,read_0,138.211,1.27953,1.27953,90.6864,115.871,0.0463633,4.40517,0.0509997,0.509997,1.0,read_1,1.27958,138.211,1.27958,115.871,90.6864,0.0463633,4.40517,0.0509997,0.509997,1.0,242.076,1099.9,1099.86,1.10741,91.2917,1.21815,12.1815,1.0,write_0,153.996,1099.9,1099.98,1.05089,91.7692,1.15598,11.5598,1.0,write_1,242.076,1.21815,12.1815,hold_0,2.12776,0.20334,71.4038,0.0785442,0.785442,1.0,hold_1,2.11215,0.238739,70.0894,0.0770983,0.770983,1.0
5,3,2,1.2,27,381.75,282.06,28.28,read_0,151.72,1.68189,1.68189,90.6175,116.208,0.0514271,4.81741,0.0617125,0.617125,1.0,read_1,1.68197,151.72,1.68197,116.208,90.6175,0.0514271,4.81741,0.0617125,0.617125,1.0,249.041,1199.88,1199.83,1.39356,110.573,1.67227,16.7227,1.0,write_0,160.342,1199.88,1199.98,1.3236,109.713,1.58832,15.8832,1.0,write_1,249.041,1.67227,16.7227,hold_0,2.20191,0.268505,88.3339,0.106001,1.06001,1.0,hold_1,2.20567,0.270121,86.2443,0.103493,1.03493,1.0
5,3,2,1.3,27,410.35,306.85,23.25,read_0,165.313,2.19161,2.19161,90.3786,115.888,0.0575961,5.23588,0.0748749,0.748749,1.0,read_1,2.1917,165.313,2.1917,115.888,90.3786,0.0575961,5.23588,0.0748749,0.748749,1.0,250.089,1299.85,1299.79,1.65426,132.265,2.15054,21.5054,1.0,write_0,163.445,1299.86,1299.98,1.59813,131.002,2.07757,20.7757,1.0,write_1,250.089,2.15054,21.5054,hold_0,2.32354,0.295952,105.211,0.136774,1.36774,1.0,hold_1,2.31448,0.294706,105.807,0.137549,1.37549,1.0
5,3,3,0.6,27,199.51,113.28,138.15,read_0,93.7927,0.611373,0.611373,232.707,5056.29,0.0295626,2.98115,0.0177376,0.177376,1.0,read_1,0.611388,93.7927,0.611388,5056.29,232.707,0.0295626,2.98115,0.0177376,0.177376,1.0,164.401,599.934,599.935,0.154489,20.6711,0.0926934,0.926934,1.0,write_0,95.0367,599.944,599.997,0.152687,20.5775,0.0916124,0.916124,1.0,write_1,164.401,0.0926934,0.926934,hold_0,3.04735,0.00947838,22.8866,0.013732,0.13732,1.0,hold_1,3.05571,0.00900053,22.2367,0.013342,0.13342,1.0
5,3,3,0.7,27,235.56,133.16,158.17,read_0,112.688,0.839281,0.839281,148.575,148.575,0.0357047,3.5077,0.0249933,0.249933,1.0,read_1,0.839302,112.688,0.839302,148.575,148.575,0.0357047,3.5077,0.0249933,0.249933,1.0,160.035,699.931,699.931,0.204206,32.8434,0.142944,1.42944,1.0,write_0,83.8867,699.942,699.994,0.198148,32.7256,0.138703,1.38703,1.0,write_1,160.035,0.142944,1.42944,hold_0,2.79092,0.0106769,29.4345,0.0206041,0.206041,1.0,hold_1,2.78847,0.0106472,29.0543,0.020338,0.20338,1.0
5,3,3,0.8,27,265.51,153.1,183.26,read_0,131.629,1.17367,1.17367,362.394,114.366,0.041415,4.03433,0.033132,0.33132,1.0,read_1,1.17369,131.629,1.17369,114.366,362.394,0.041415,4.03433,0.033132,0.33132,1.0,157.669,799.926,799.919,0.263385,47.7169,0.210708,2.10708,1.0,write_0,77.2856,799.939,799.992,0.244818,47.2973,0.195855,1.95855,1.0,write_1,157.669,0.210708,2.10708,hold_0,2.63826,0.162778,37.0972,0.0296778,0.296778,1.0,hold_1,2.64246,0.141209,37.5303,0.0300242,0.300242,1.0
5,3,3,0.9,27,294.62,173.12,203.21,read_0,150.572,1.64413,1.64413,148.733,77.937,0.0472872,4.55805,0.0425585,0.425585,1.0,read_1,1.64417,150.572,1.64417,77.937,148.733,0.0472872,4.55805,0.0425585,0.425585,1.0,155.708,899.921,899.902,0.32876,63.5741,0.295884,2.95884,1.0,write_0,72.9789,899.93,899.989,0.299464,64.3311,0.269518,2.69518,1.0,write_1,155.708,0.295884,2.95884,hold_0,2.602,0.22136,48.3946,0.0435551,0.435551,1.0,hold_1,2.59519,0.208905,47.0185,0.0423167,0.423167,1.0
5,3,3,1.0,27,323.86,193.26,228.22,read_0,169.514,2.26606,2.26606,155.902,78.6956,0.0533585,5.08028,0.0533585,0.533585,1.0,read_1,2.26611,169.514,2.26611,78.6956,155.902,0.0533585,5.08028,0.0533585,0.533585,1.0,154.178,999.916,999.882,0.400972,83.8907,0.400972,4.00972,1.0,write_0,69.769,999.92,999.989,0.358407,84.1539,0.358407,3.58407,1.0,write_1,154.178,0.400972,4.00972,hold_0,2.60848,0.254849,61.0256,0.0610256,0.610256,1.0,hold_1,2.61877,0.180865,58.9732,0.0589732,0.589732,1.0
5,3,3,1.1,27,352.75,213.39,253.19,read_0,188.491,3.03163,3.03163,90.7504,78.6773,0.0596175,5.60212,0.0655793,0.655793,1.0,read_1,3.03169,188.491,3.03169,78.6773,90.7504,0.0596175,5.60212,0.0655793,0.655793,1.0,153.04,1099.9,1099.86,0.479583,104.896,0.527541,5.27541,1.0,write_0,67.2646,1099.9,1099.99,0.421588,102.601,0.463747,4.63747,1.0,write_1,153.04,0.527541,5.27541,hold_0,2.66748,0.287181,73.097,0.0804067,0.804067,1.0,hold_1,2.6841,0.23521,72.8177,0.0800994,0.800994,1.0
5,3,3,1.2,27,381.75,233.39,283.21,read_0,207.53,3.93473,3.93473,125.442,95.8906,0.066046,6.12523,0.0792552,0.792552,1.0,read_1,3.9348,207.53,3.9348,95.8906,125.442,0.066046,6.12523,0.0792552,0.792552,1.0,151.87,1199.88,1199.83,0.563146,125.871,0.675775,6.75775,1.0,write_0,65.4379,1199.88,1199.98,0.488631,126.049,0.586358,5.86358,1.0,write_1,151.87,0.675775,6.75775,hold_0,2.77962,0.326798,90.0818,0.108098,1.08098,1.0,hold_1,2.76751,0.316008,89.1934,0.107032,1.07032,1.0
5,3,3,1.3,27,410.35,253.2,313.19,read_0,226.719,5.13854,5.13854,88.0333,76.6365,0.0728635,6.6501,0.0947226,0.947226,1.0,read_1,5.13863,226.719,5.13863,76.6365,88.0333,0.0728635,6.6501,0.0947226,0.947226,1.0,151.022,1299.86,1299.8,0.654357,149.163,0.850665,8.50665,1.0,write_0,63.7816,1299.86,1299.98,0.55947,150.654,0.727311,7.27311,1.0,write_1,151.022,0.850665,8.50665,hold_0,2.92982,0.309924,106.762,0.138791,1.38791,1.0,hold_1,2.90749,0.354982,108.625,0.141213,1.41213,1.0
5,3,4,0.6,27,199.48,97.47,188.1,read_0,113.304,1.02438,1.02438,224.822,2605.02,0.0356255,3.60976,0.0213753,0.213753,1.0,read_1,1.02439,113.304,1.02439,2605.02,224.822,0.0356255,3.60976,0.0213753,0.213753,1.0,151.453,599.935,599.934,0.131637,23.5461,0.078982,0.78982,1.0,write_0,78.9108,599.947,599.996,0.131962,23.5766,0.079177,0.79177,1.0,write_1,151.453,0.079177,0.79177,hold_0,3.68942,0.00891166,23.9397,0.0143638,0.143638,1.0,hold_1,3.68257,0.00944603,24.5176,0.0147105,0.147105,1.0
5,3,4,0.7,27,235.54,113.46,223.19,read_0,136.664,1.487,1.487,147.858,147.858,0.042934,4.24789,0.0300538,0.300538,1.0,read_1,1.48702,136.664,1.48702,147.858,147.858,0.042934,4.24789,0.0300538,0.300538,1.0,148.174,699.93,699.932,0.173099,37.1373,0.121169,1.21169,1.0,write_0,70.4245,699.94,699.993,0.170145,37.048,0.119102,1.19102,1.0,write_1,148.174,0.121169,1.21169,hold_0,3.36341,0.0187795,31.0742,0.0217519,0.217519,1.0,hold_1,3.37245,0.0106768,31.0035,0.0217024,0.217024,1.0
5,3,4,0.8,27,265.51,129.08,258.17,read_0,160.333,2.16419,2.16419,115.93,115.93,0.0498175,4.88472,0.039854,0.39854,1.0,read_1,2.16422,160.333,2.16422,115.93,115.93,0.0498175,4.88472,0.039854,0.39854,1.0,145.717,799.927,799.921,0.220495,53.4799,0.176396,1.76396,1.0,write_0,65.3106,799.936,799.992,0.209096,53.5203,0.167277,1.67277,1.0,write_1,145.717,0.176396,1.76396,hold_0,3.21172,0.0156003,40.4218,0.0323374,0.323374,1.0,hold_1,3.19871,0.139669,39.4299,0.0315439,0.315439,1.0
5,3,4,0.9,27,294.62,144.54,298.21,read_0,184.229,3.08882,3.08882,356.08,79.837,0.0568476,5.51768,0.0511629,0.511629,1.0,read_1,3.08885,184.229,3.08885,79.837,356.08,0.0568476,5.51768,0.0511629,0.511629,1.0,143.514,899.92,899.903,0.274429,72.0651,0.246986,2.46986,1.0,write_0,61.9156,899.927,899.989,0.255364,72.6329,0.229827,2.29827,1.0,write_1,143.514,0.246986,2.46986,hold_0,3.15302,0.117628,50.1526,0.0451373,0.451373,1.0,hold_1,3.14212,0.231043,50.2167,0.0451951,0.451951,1.0
5,3,4,1.0,27,323.86,159.76,338.18,read_0,208.321,4.27877,4.27877,145.322,78.1374,0.0640764,6.14814,0.0640764,0.640764,1.0,read_1,4.27881,208.321,4.27881,78.1374,145.322,0.0640764,6.14814,0.0640764,0.640764,1.0,141.67,999.915,999.885,0.334823,90.56,0.334823,3.34823,1.0,write_0,59.4314,999.917,999.991,0.306032,92.2481,0.306032,3.06032,1.0,write_1,141.67,0.334823,3.34823,hold_0,3.1426,0.289174,62.135,0.062135,0.62135,1.0,hold_1,3.15514,0.287367,61.4006,0.0614006,0.614006,1.0
5,3,4,1.1,27,352.75,174.74,383.19,read_0,232.609,5.74978,5.74978,146.794,77.8021,0.0715479,6.77773,0.0787027,0.787027,1.0,read_1,5.74984,232.609,5.74984,77.8021,146.794,0.0715479,6.77773,0.0787027,0.787027,1.0,140.037,1099.9,1099.86,0.399402,108.065,0.439342,4.39342,1.0,write_0,57.4785,1099.9,1099.99,0.360759,115.803,0.396835,3.96835,1.0,write_1,140.037,0.439342,4.39342,hold_0,3.22469,0.329994,76.5943,0.0842537,0.842537,1.0,hold_1,3.24058,0.256067,75.6645,0.0832309,0.832309,1.0
5,3,4,1.2,27,381.75,189.45,428.17,read_0,257.118,7.51673,7.51673,147.742,77.4355,0.0792603,7.4086,0.0951124,0.951124,1.0,read_1,7.51681,257.118,7.51681,77.4355,147.742,0.0792603,7.4086,0.0951124,0.951124,1.0,138.959,1199.88,1199.83,0.469382,126.118,0.563258,5.63258,1.0,write_0,55.9738,1199.88,1199.98,0.419627,139.471,0.503553,5.03553,1.0,write_1,138.959,0.563258,5.63258,hold_0,3.33935,0.360317,92.1332,0.11056,1.1056,1.0,hold_1,3.34984,0.372787,93.0823,0.111699,1.11699,1.0
5,3,4,1.3,27,410.35,203.82,478.17,read_0,281.875,9.57312,9.57312,121.947,94.9698,0.0870858,8.04142,0.113212,1.13212,1.0,read_1,9.5732,281.875,9.5732,94.9698,121.947,0.0870858,8.04142,0.113212,1.13212,1.0,137.625,1299.85,1299.8,0.54576,143.373,0.709489,7.09489,1.0,write_0,54.8,1299.86,1299.98,0.483735,164.803,0.628855,6.28855,1.0,write_1,137.625,0.709489,7.09489,hold_0,3.50769,0.412143,113.192,0.14715,1.4715,1.0,hold_1,3.51884,0.411146,112.991,0.146889,1.46889,1.0
5,3,5,0.6,27,199.46,84.17,223.09,read_0,129.966,1.58481,1.58481,160.488,160.488,0.0415662,4.23432,0.0249397,0.249397,1.0,read_1,1.58483,129.966,1.58483,160.488,160.488,0.0415662,4.23432,0.0249397,0.249397,1.0,145.393,599.934,599.934,0.118371,25.8556,0.0710223,0.710223,1.0,write_0,71.1971,599.942,599.997,0.121093,25.7079,0.0726557,0.726557,1.0,write_1,145.393,0.0726557,0.726557,hold_0,4.3168,0.00884179,25.3552,0.0152131,0.152131,1.0,hold_1,4.31664,0.00883944,25.329,0.0151974,0.151974,1.0
5,3,5,0.7,27,235.52,96.82,268.22,read_0,157.358,2.39375,2.39375,146.827,146.827,0.0500313,4.98087,0.0350219,0.350219,1.0,read_1,2.39377,157.358,2.39377,146.827,146.827,0.0500313,4.98087,0.0350219,0.350219,1.0,141.566,699.932,699.933,0.155182,40.3288,0.108627,1.08627,1.0,write_0,64.1155,699.944,699.995,0.155767,40.9336,0.109037,1.09037,1.0,write_1,141.566,0.109037,1.09037,hold_0,3.95045,0.0108234,33.0357,0.023125,0.23125,1.0,hold_1,3.94643,0.0133936,33.9401,0.023758,0.23758,1.0
5,3,5,0.8,27,265.51,108.74,313.21,read_0,185.431,3.57211,3.57211,147.65,147.65,0.0579875,5.72583,0.04639,0.4639,1.0,read_1,3.57214,185.431,3.57214,147.65,147.65,0.0579875,5.72583,0.04639,0.4639,1.0,138.762,799.924,799.925,0.196988,53.4288,0.157591,1.57591,1.0,write_0,59.6978,799.941,799.993,0.196108,58.4089,0.156886,1.56886,1.0,write_1,138.762,0.157591,1.57591,hold_0,3.76735,0.0146437,41.9942,0.0335954,0.335954,1.0,hold_1,3.77066,0.0152997,42.3312,0.033865,0.33865,1.0
5,3,5,0.9,27,294.62,120.09,363.23,read_0,214.079,5.15167,5.15167,120.519,120.519,0.0649208,6.46541,0.0584287,0.584287,1.0,read_1,5.1517,214.079,5.1517,120.519,120.519,0.0649208,6.46541,0.0584287,0.584287,1.0,136.741,899.916,899.907,0.245253,67.2781,0.220728,2.20728,1.0,write_0,56.7257,899.927,899.989,0.235891,78.5804,0.212302,2.12302,1.0,write_1,136.741,0.220728,2.20728,hold_0,3.68742,0.240285,52.0866,0.046878,0.46878,1.0,hold_1,3.69359,0.0653938,52.632,0.0473688,0.473688,1.0
5,3,5,1.0,27,323.85,130.95,413.19,read_0,243.26,7.14863,7.14863,117.49,117.49,0.0730606,7.20183,0.0730606,0.730606,1.0,read_1,7.14867,243.26,7.14867,117.49,117.49,0.0730606,7.20183,0.0730606,0.730606,1.0,134.66,999.903,999.892,0.29731,82.0706,0.29731,2.9731,1.0,write_0,54.5996,999.917,999.988,0.283289,101.216,0.283289,2.83289,1.0,write_1,134.66,0.29731,2.9731,hold_0,3.69877,0.306376,64.8031,0.0648031,0.648031,1.0,hold_1,3.69163,0.286227,64.6895,0.0646895,0.646895,1.0
5,3,5,1.1,27,352.75,141.28,468.18,read_0,272.957,9.58161,9.58161,116.608,116.608,0.0814484,7.93665,0.0895932,0.895932,1.0,read_1,9.58167,272.957,9.58167,116.608,116.608,0.0814484,7.93665,0.0895932,0.895932,1.0,132.752,1099.89,1099.86,0.353648,97.6567,0.389012,3.89012,1.0,write_0,52.8795,1099.9,1099.99,0.334725,125.724,0.368198,3.68198,1.0,write_1,132.752,0.389012,3.89012,hold_0,3.78826,0.228945,78.8291,0.086712,0.86712,1.0,hold_1,3.77777,0.355316,79.1496,0.0870646,0.870646,1.0
5,3,5,1.2,27,381.75,151.02,523.1,read_0,303.185,12.4801,12.4801,115.705,6769.63,0.0900299,8.67263,0.108036,1.08036,1.0,read_1,12.4802,303.185,12.4802,6769.63,115.705,0.0900299,8.67263,0.108036,1.08036,1.0,131.025,1199.87,1199.84,0.41404,114.546,0.496848,4.96848,1.0,write_0,51.4598,1199.88,1199.99,0.390755,150.147,0.468906,4.68906,1.0,write_1,131.025,0.496848,4.96848,hold_0,3.9222,0.411688,96.2753,0.11553,1.1553,1.0,hold_1,3.93787,0.319064,96.5912,0.115909,1.15909,1.0
5,3,5,1.3,27,410.35,160.18,583.08,read_0,333.959,15.8853,15.8853,120.22,4437.82,0.0990444,9.41068,0.128758,1.28758,1.0,read_1,15.8853,333.959,15.8853,4437.82,120.22,0.0990444,9.41068,0.128758,1.28758,1.0,129.4,1299.85,1299.8,0.478757,132.999,0.622384,6.22384,1.0,write_0,50.3372,1299.86,1299.98,0.451664,174.112,0.587163,5.87163,1.0,write_1,129.4,0.622384,6.22384,hold_0,4.13247,0.372048,116.325,0.151223,1.51223,1.0,hold_1,4.11518,0.45669,116.405,0.151326,1.51326,1.0
5,4,1,0.6,27,192.36,158.46,,read_0,31.4428,0.163733,0.163733,229.342,1088.1,0.017441,1.71883,0.0104646,0.104646,1.0,read_1,0.163753,31.4428,0.163753,1088.1,229.342,0.017441,1.71883,0.0104646,0.104646,1.0,-1.0,48.4148,35.6231,9.65021,9.84423,5.79013,57.9013,0.0,write_0,-1.0,35.6324,48.4945,9.73922,9.85734,5.84353,58.4353,0.0,write_1,-1.0,5.84353,58.4353,hold_0,601.422,599.907,162.26,0.0973557,0.973557,0.0,hold_1,1.78216,0.143558,24.718,0.0148308,0.148308,1.0
5,4,1,0.7,27,226.35,187.9,,read_0,37.3794,0.182649,0.182649,9530.58,113.201,0.0205897,2.01893,0.0144128,0.144128,1.0,read_1,0.182676,37.3794,0.182676,113.201,9530.58,0.0205897,2.01893,0.0144128,0.144128,1.0,-1.0,54.2241,41.5849,14.2622,14.5446,9.98355,99.8355,0.0,write_0,-1.0,41.5947,54.3091,14.3928,14.5697,10.075,100.75,0.0,write_1,-1.0,10.075,100.75,hold_0,701.337,699.959,233.807,0.163665,1.63665,0.0,hold_1,1.63944,0.134888,32.527,0.0227689,0.227689,1.0
5,4,1,0.8,27,259.74,217.18,,read_0,43.2139,0.216036,0.216036,88.3745,112.491,0.0238122,2.32006,0.0190498,0.190498,1.0,read_1,0.216072,43.2139,0.216072,112.491,88.3745,0.0238122,2.32006,0.0190498,0.190498,1.0,-1.0,60.1853,47.4178,19.4732,19.8518,15.5786,155.786,0.0,write_0,-1.0,47.4383,60.2747,19.6504,19.8866,15.7204,157.204,0.0,write_1,-1.0,15.7204,157.204,hold_0,801.305,800.005,316.817,0.253454,2.53454,0.0,hold_1,1.56096,0.179772,43.0392,0.0344314,0.344314,1.0
5,4,1,0.9,27,292.67,246.13,,read_0,48.9623,0.269724,0.269724,88.1155,74.8213,0.0271179,2.62096,0.0244061,0.244061,1.0,read_1,0.269771,48.9623,0.269771,74.8213,88.1155,0.0271179,2.62096,0.0244061,0.244061,1.0,-1.0,66.3849,53.1584,25.1534,25.6352,22.6381,226.381,0.0,write_0,-1.0,53.1854,66.4797,25.3806,25.6582,22.8426,228.426,0.0,write_1,-1.0,22.8426,228.426,hold_0,901.284,900.011,409.46,0.368514,3.68514,0.0,hold_1,1.55105,0.174662,54.6404,0.0491763,0.491763,1.0
5,4,1,1.0,27,324.89,274.77,,read_0,54.6935,0.334093,0.334093,70.0806,83.7788,0.0301657,2.93051,0.0301657,0.301657,1.0,read_1,0.334154,54.6935,0.334154,83.7788,70.0806,0.0301657,2.93051,0.0301657,0.301657,1.0,-1.0,72.9683,58.8525,31.2052,31.797,31.2052,312.052,0.0,write_0,-1.0,58.8912,73.077,31.4848,31.8278,31.4848,314.848,0.0,write_1,-1.0,31.4848,314.848,hold_0,1.56386,0.190953,68.5941,0.0685941,0.685941,1.0,hold_1,1001.41,1000.01,511.18,0.51118,5.1118,0.0
5,4,1,1.1,27,356.77,303.02,,read_0,60.3693,0.50022,0.50022,72.2504,63.7463,0.0338353,3.23322,0.0372189,0.372189,1.0,read_1,0.500296,60.3693,0.500296,63.7463,72.2504,0.0338353,3.23322,0.0372189,0.372189,1.0,-1.0,80.0916,64.5517,37.5575,38.2666,41.3133,413.133,0.0,write_0,-1.0,64.5875,80.2116,37.8927,38.2708,41.6819,416.819,0.0,write_1,-1.0,41.6819,416.819,hold_0,1101.31,1100.0,620.427,0.68247,6.8247,0.0,hold_1,1.60713,0.199944,85.3147,0.0938462,0.938462,1.0
5,4,1,1.2,27,388.12,330.88,,read_0,66.0629,0.626096,0.626096,72.0528,63.6074,0.0374422,3.53628,0.0449307,0.449307,1.0,read_1,0.626191,66.0629,0.626191,63.6074,72.0528,0.0374422,3.53628,0.0449307,0.449307,1.0,-1.0,87.9259,70.2986,44.1624,44.9757,52.9949,529.949,0.0,write_0,-1.0,70.3271,88.0296,44.556,44.9929,53.4671,534.671,0.0,write_1,-1.0,53.4671,534.671,hold_0,1201.33,1199.98,737.83,0.885396,8.85396,0.0,hold_1,1.69128,0.208942,105.853,0.127023,1.27023,1.0
5,4,1,1.3,27,418.91,358.2,,read_0,71.7977,0.632087,0.632087,64.8753,75.685,0.0414821,3.82688,0.0539267,0.539267,1.0,read_1,0.632203,71.7977,0.632203,75.685,64.8753,0.0414821,3.82688,0.0539267,0.539267,1.0,-1.0,96.533,76.1142,50.9916,51.9243,66.2891,662.891,0.0,write_0,-1.0,76.155,96.6558,51.4445,51.9424,66.8779,668.779,0.0,write_1,-1.0,66.8779,668.779,hold_0,1.78987,0.217469,130.238,0.16931,1.6931,1.0,hold_1,1301.6,1299.93,866.633,1.12662,11.2662,0.0
5,4,2,0.6,27,192.34,136.33,33.22,read_0,56.3011,0.305699,0.305699,2979.62,145.519,0.0240684,2.36705,0.0144411,0.144411,1.0,read_1,0.30572,56.3011,0.30572,145.519,2979.62,0.0240684,2.36705,0.0144411,0.144411,1.0,259.112,599.917,599.921,0.325738,18.4403,0.195443,1.95443,1.0,write_0,196.894,599.93,599.996,0.320985,18.5501,0.192591,1.92591,1.0,write_1,259.112,0.195443,1.95443,hold_0,2.41576,0.0710164,25.695,0.015417,0.15417,1.0,hold_1,2.41782,0.0918484,26.4845,0.0158907,0.158907,1.0
5,4,2,0.7,27,226.34,161.15,23.21,read_0,67.2249,0.37013,0.37013,9428.92,145.618,0.0285342,2.78003,0.019974,0.19974,1.0,read_1,0.370157,67.2249,0.370157,145.618,9428.92,0.0285342,2.78003,0.019974,0.19974,1.0,271.921,699.904,699.916,0.513777,29.4124,0.359644,3.59644,1.0,write_0,199.84,699.92,699.995,0.50237,29.7297,0.351659,3.51659,1.0,write_1,271.921,0.359644,3.59644,hold_0,2.21785,0.160016,34.3929,0.024075,0.24075,1.0,hold_1,2.21489,0.149805,35.2992,0.0247095,0.247095,1.0
5,4,2,0.8,27,259.72,186.12,13.25,read_0,78.0313,0.465105,0.465105,90.6384,115.189,0.033117,3.20072,0.0264936,0.264936,1.0,read_1,0.465142,78.0313,0.465142,115.189,90.6384,0.033117,3.20072,0.0264936,0.264936,1.0,313.616,799.913,799.884,0.872019,42.5578,0.697615,6.97615,1.0,write_0,236.718,799.914,799.993,0.854197,43.0592,0.683357,6.83357,1.0,write_1,313.616,0.697615,6.97615,hold_0,2.11495,0.231627,44.5702,0.0356562,0.356562,1.0,hold_1,2.12295,0.202203,45.2849,0.036228,0.36228,1.0
5,4,2,0.9,27,292.65,210.96,3.28,read_0,88.729,0.59978,0.59978,90.4047,77.4184,0.0378218,3.62086,0.0340396,0.340396,1.0,read_1,0.599827,88.729,0.599827,77.4184,90.4047,0.0378218,3.62086,0.0340396,0.340396,1.0,572.664,899.9,899.872,2.50971,59.2898,2.25874,22.5874,1.0,write_0,491.074,899.901,899.99,2.47958,59.3167,2.23162,22.3162,1.0,write_1,572.664,2.25874,22.5874,hold_0,2.07795,0.241118,57.3211,0.051589,0.51589,1.0,hold_1,2.07429,0.240602,56.6437,0.0509793,0.509793,1.0
5,4,2,1.0,27,324.88,235.68,,read_0,99.3561,0.779646,0.779646,90.2781,77.3535,0.0420697,4.04135,0.0420697,0.420697,1.0,read_1,0.779707,99.3561,0.779707,77.3535,90.2781,0.0420697,4.04135,0.0420697,0.420697,1.0,-1.0,240.578,140.121,63.855,65.0813,63.855,638.55,0.0,write_0,-1.0,140.156,240.679,64.4323,65.1115,64.4323,644.323,0.0,write_1,-1.0,64.4323,644.323,hold_0,1001.7,1000.02,985.887,0.985887,9.85887,0.0,hold_1,2.10171,0.248473,73.3399,0.0733399,0.733399,1.0
5,4,2,1.1,27,356.75,260.24,,read_0,109.96,1.0127,1.0127,90.1774,77.2728,0.0470802,4.46278,0.0517882,0.517882,1.0,read_1,1.01277,109.96,1.01277,77.2728,90.1774,0.0470802,4.46278,0.0517882,0.517882,1.0,-1.0,247.692,148.02,77.1394,78.5988,84.8534,848.534,0.0,write_0,-1.0,148.064,247.815,77.8336,78.6391,85.617,856.17,0.0,write_1,-1.0,85.617,856.17,hold_0,1101.86,1100.01,1193.8,1.31317,13.1317,0.0,hold_1,2.15739,0.258677,89.0111,0.0979123,0.979123,1.0
5,4,2,1.2,27,388.11,284.48,,read_0,120.59,1.31624,1.31624,90.05,77.1604,0.0522871,4.8857,0.0627445,0.627445,1.0,read_1,1.31634,120.59,1.31634,77.1604,90.05,0.0522871,4.8857,0.0627445,0.627445,1.0,-1.0,261.27,158.483,91.3187,93.0265,109.582,1095.82,0.0,write_0,-1.0,158.535,261.41,92.1367,93.0721,110.564,1105.64,0.0,write_1,-1.0,110.564,1105.64,hold_0,1201.76,1200.0,1419.42,1.7033,17.033,0.0,hold_1,2.24231,0.275985,109.47,0.131364,1.31364,1.0
5,4,2,1.3,27,418.9,308.28,,read_0,131.296,1.70869,1.70869,65.3714,76.9998,0.0586159,5.30989,0.0762007,0.762007,1.0,read_1,1.70881,131.296,1.70881,76.9998,65.3714,0.0586159,5.30989,0.0762007,0.762007,1.0,-1.0,279.052,170.492,106.369,108.341,138.28,1382.8,0.0,write_0,-1.0,170.557,279.223,107.318,108.391,139.514,1395.14,0.0,write_1,-1.0,139.514,1395.14,hold_0,2.37091,0.291595,133.885,0.17405,1.7405,1.0,hold_1,1301.78,1299.97,1664.55,2.16392,21.6392,0.0
5,4,3,0.6,27,192.32,119.15,118.14,read_0,76.6896,0.518473,0.518473,9359.15,9759.15,0.0305275,3.00535,0.0183165,0.183165,1.0,read_1,0.518494,76.6896,0.518494,9759.15,9359.15,0.0305275,3.00535,0.0183165,0.183165,1.0,170.153,599.917,599.917,0.182011,20.8035,0.109207,1.09207,1.0,write_0,102.182,599.927,599.995,0.178905,21.0113,0.107343,1.07343,1.0,write_1,170.153,0.109207,1.09207,hold_0,3.04075,0.180309,27.8552,0.0167131,0.167131,1.0,hold_1,3.04505,0.0639232,27.4654,0.0164792,0.164792,1.0
5,4,3,0.7,27,226.32,140.18,133.16,read_0,91.8917,0.674452,0.674452,9418.96,147.42,0.0362141,3.52491,0.0253499,0.253499,1.0,read_1,0.67448,91.8917,0.67448,147.42,9418.96,0.0362141,3.52491,0.0253499,0.253499,1.0,165.222,699.91,699.909,0.241844,33.6958,0.169291,1.69291,1.0,write_0,90.6547,699.92,699.997,0.230461,33.7163,0.161322,1.61322,1.0,write_1,165.222,0.169291,1.69291,hold_0,2.78543,0.233514,36.0181,0.0252127,0.252127,1.0,hold_1,2.78863,0.240418,35.8696,0.0251088,0.251088,1.0
5,4,3,0.8,27,259.71,161.08,153.27,read_0,107.034,0.899906,0.899906,149.373,149.373,0.0420582,4.05821,0.0336465,0.336465,1.0,read_1,0.899943,107.034,0.899943,149.373,149.373,0.0420582,4.05821,0.0336465,0.336465,1.0,162.308,799.905,799.899,0.310644,48.6988,0.248515,2.48515,1.0,write_0,83.3393,799.912,799.992,0.289725,48.9118,0.23178,2.3178,1.0,write_1,162.308,0.248515,2.48515,hold_0,2.66534,0.276439,46.3534,0.0370827,0.370827,1.0,hold_1,2.66609,0.276064,47.6866,0.0381493,0.381493,1.0
5,4,3,0.9,27,292.64,182.16,168.23,read_0,122.103,1.24077,1.24077,156.405,78.2309,0.0481109,4.58919,0.0432998,0.432998,1.0,read_1,1.24082,122.103,1.24082,78.2309,156.405,0.0481109,4.58919,0.0432998,0.432998,1.0,160.62,899.9,899.877,0.391743,66.0129,0.352569,3.52569,1.0,write_0,78.301,899.903,899.989,0.35516,65.6879,0.319644,3.19644,1.0,write_1,160.62,0.352569,3.52569,hold_0,2.62049,0.292507,58.7893,0.0529103,0.529103,1.0,hold_1,2.6234,0.292523,59.4172,0.0534755,0.534755,1.0
5,4,3,1.0,27,324.86,203.02,183.15,read_0,137.12,1.6673,1.6673,90.4311,78.1825,0.0543571,5.11879,0.0543571,0.543571,1.0,read_1,1.66736,137.12,1.66736,78.1825,90.4311,0.0543571,5.11879,0.0543571,0.543571,1.0,159.13,999.899,999.84,0.478262,86.4091,0.478262,4.78262,1.0,write_0,75.013,999.89,999.987,0.426373,86.6545,0.426373,4.26373,1.0,write_1,159.13,0.478262,4.78262,hold_0,2.64961,0.284236,74.936,0.074936,0.74936,1.0,hold_1,2.64548,0.280364,74.0151,0.0740151,0.740151,1.0
5,4,3,1.1,27,356.74,223.86,203.18,read_0,152.129,2.21349,2.21349,90.2838,78.1144,0.0608324,5.64987,0.0669156,0.669156,1.0,read_1,2.21357,152.129,2.21357,78.1144,90.2838,0.0608324,5.64987,0.0669156,0.669156,1.0,157.826,1099.87,1099.82,0.572951,108.567,0.630246,6.30246,1.0,write_0,72.4789,1099.87,1099.98,0.505093,108.377,0.555602,5.55602,1.0,write_1,157.826,0.630246,6.30246,hold_0,2.70424,0.320377,92.9052,0.102196,1.02196,1.0,hold_1,2.71871,0.305067,91.7505,0.100926,1.00926,1.0
5,4,3,1.2,27,388.09,244.45,228.23,read_0,167.189,2.88327,2.88327,90.1489,114.429,0.0676276,6.18803,0.0811532,0.811532,1.0,read_1,2.88337,167.189,2.88337,114.429,90.1489,0.0676276,6.18803,0.0811532,0.811532,1.0,156.616,1199.84,1199.79,0.674422,131.861,0.809306,8.09306,1.0,write_0,70.2516,1199.84,1199.98,0.586465,131.754,0.703758,7.03758,1.0,write_1,156.616,0.809306,8.09306,hold_0,2.81787,0.335527,114.043,0.136852,1.36852,1.0,hold_1,2.81144,0.332436,112.917,0.1355,1.355,1.0
5,4,3,1.3,27,418.88,264.66,248.19,read_0,182.342,3.76595,3.76595,89.936,114.088,0.0746976,6.72888,0.0971069,0.971069,1.0,read_1,3.76606,182.342,3.76606,114.088,89.936,0.0746976,6.72888,0.0971069,0.971069,1.0,155.403,1299.8,1299.74,0.780843,154.613,1.0151,10.151,1.0,write_0,68.4102,1299.81,1299.98,0.672579,153.685,0.874353,8.74353,1.0,write_1,155.403,1.0151,10.151,hold_0,2.96998,0.35463,134.215,0.17448,1.7448,1.0,hold_1,2.98646,0.347975,136.407,0.177329,1.77329,1.0
5,4,4,0.6,27,192.3,104.95,173.23,read_0,93.9416,0.820029,0.820029,145.982,145.982,0.0368321,3.63471,0.0220993,0.220993,1.0,read_1,0.820049,93.9416,0.820049,145.982,145.982,0.0368321,3.63471,0.0220993,0.220993,1.0,154.326,599.914,599.918,0.153944,23.3999,0.0923664,0.923664,1.0,write_0,83.3297,599.925,599.997,0.152183,23.6659,0.0913099,0.913099,1.0,write_1,154.326,0.0923664,0.923664,hold_0,3.67267,0.177109,29.0231,0.0174139,0.174139,1.0,hold_1,3.67236,0.0264401,28.6999,0.0172199,0.172199,1.0
5,4,4,0.7,27,226.31,122.51,198.12,read_0,112.912,1.12496,1.12496,146.421,146.421,0.0436574,4.27191,0.0305602,0.305602,1.0,read_1,1.12499,112.912,1.12499,146.421,146.421,0.0436574,4.27191,0.0305602,0.305602,1.0,150.906,699.913,699.91,0.203104,37.4177,0.142173,1.42173,1.0,write_0,74.1123,699.922,699.995,0.193251,37.6967,0.135276,1.35276,1.0,write_1,150.906,0.142173,1.42173,hold_0,3.36849,0.261439,36.9805,0.0258863,0.258863,1.0,hold_1,3.36888,0.262031,37.6309,0.0263416,0.263416,1.0
5,4,4,0.8,27,259.69,139.97,233.25,read_0,131.947,1.57465,1.57465,348.076,113.792,0.0507429,4.91786,0.0405943,0.405943,1.0,read_1,1.57469,131.947,1.57469,113.792,348.076,0.0507429,4.91786,0.0405943,0.405943,1.0,148.338,799.903,799.896,0.26018,54.1375,0.208144,2.08144,1.0,write_0,68.4663,799.915,799.991,0.241266,54.3677,0.193013,1.93013,1.0,write_1,148.338,0.208144,2.08144,hold_0,3.22586,0.24789,49.6517,0.0397214,0.397214,1.0,hold_1,3.22286,0.236456,49.1262,0.0393009,0.393009,1.0
5,4,4,0.9,27,292.62,157.22,263.19,read_0,151.0,2.1951,2.1951,145.592,77.3193,0.0580084,5.56082,0.0522075,0.522075,1.0,read_1,2.19514,151.0,2.19514,77.3193,145.592,0.0580084,5.56082,0.0522075,0.522075,1.0,146.763,899.897,899.875,0.325133,73.6724,0.29262,2.9262,1.0,write_0,64.7367,899.899,899.989,0.295026,73.7524,0.265523,2.65523,1.0,write_1,146.763,0.29262,2.9262,hold_0,3.15425,0.339778,60.6456,0.054581,0.54581,1.0,hold_1,3.17227,0.289943,62.0517,0.0558466,0.558466,1.0
5,4,4,1.0,27,324.85,174.34,298.19,read_0,170.069,3.04007,3.04007,155.008,78.7998,0.0655568,6.2021,0.0655568,0.655568,1.0,read_1,3.04013,170.069,3.04013,78.7998,155.008,0.0655568,6.2021,0.0655568,0.655568,1.0,145.128,999.889,999.848,0.396829,95.1942,0.396829,3.96829,1.0,write_0,62.0429,999.883,999.987,0.35403,95.2508,0.35403,3.5403,1.0,write_1,145.128,0.396829,3.96829,hold_0,3.18533,0.359186,76.5346,0.0765346,0.765346,1.0,hold_1,3.18704,0.358829,76.6397,0.0766397,0.766397,1.0
5,4,4,1.1,27,356.72,191.35,333.14,read_0,189.186,4.07632,4.07632,90.4191,78.742,0.0733479,6.84313,0.0806827,0.806827,1.0,read_1,4.0764,189.186,4.0764,78.742,90.4191,0.0733479,6.84313,0.0806827,0.806827,1.0,143.76,1099.87,1099.82,0.476414,118.162,0.524056,5.24056,1.0,write_0,59.937,1099.87,1099.99,0.417679,116.188,0.459447,4.59447,1.0,write_1,143.76,0.524056,5.24056,hold_0,3.27077,0.35116,94.922,0.104414,1.04414,1.0,hold_1,3.2746,0.353838,94.7841,0.104263,1.04263,1.0
5,4,4,1.2,27,388.08,208.04,373.15,read_0,208.381,5.32253,5.32253,124.488,180.872,0.081347,7.4859,0.0976164,0.976164,1.0,read_1,5.32263,208.381,5.32263,180.872,124.488,0.081347,7.4859,0.0976164,0.976164,1.0,142.465,1199.84,1199.79,0.562283,139.616,0.674739,6.74739,1.0,write_0,58.6021,1199.84,1199.98,0.489589,142.695,0.587506,5.87506,1.0,write_1,142.465,0.674739,6.74739,hold_0,3.39045,0.397251,114.42,0.137304,1.37304,1.0,hold_1,3.39745,0.395053,116.856,0.140227,1.40227,1.0
5,4,4,1.3,27,418.86,224.37,413.12,read_0,227.734,6.94812,6.94812,88.6984,77.4919,0.089881,8.13107,0.116845,1.16845,1.0,read_1,6.94824,227.734,6.94824,77.4919,88.6984,0.089881,8.13107,0.116845,1.16845,1.0,141.286,1299.8,1299.75,0.653936,161.937,0.850117,8.50117,1.0,write_0,57.2363,1299.81,1299.98,0.564353,168.065,0.73366,7.3366,1.0,write_1,141.286,0.850117,8.50117,hold_0,3.5682,0.420684,142.817,0.185662,1.85662,1.0,hold_1,3.56042,0.416395,141.606,0.184088,1.84088,1.0
5,4,5,0.6,27,192.29,92.67,208.2,read_0,108.912,1.21631,1.21631,220.023,2582.49,0.0422872,4.25609,0.0253723,0.253723,1.0,read_1,1.21633,108.912,1.21633,2582.49,220.023,0.0422872,4.25609,0.0253723,0.253723,1.0,147.377,599.914,599.914,0.138553,25.8455,0.0831317,0.831317,1.0,write_0,74.3316,599.923,599.997,0.13955,25.7405,0.0837299,0.837299,1.0,write_1,147.377,0.0837299,0.837299,hold_0,4.28966,0.0280745,31.3233,0.018794,0.18794,1.0,hold_1,4.29991,0.128923,31.0991,0.0186594,0.186594,1.0
5,4,5,0.7,27,226.29,107.36,243.13,read_0,131.291,1.7464,1.7464,145.596,145.596,0.0509737,5.01164,0.0356816,0.356816,1.0,read_1,1.74643,131.291,1.74643,145.596,145.596,0.0509737,5.01164,0.0356816,0.356816,1.0,144.138,699.911,699.911,0.182194,40.8824,0.127536,1.27536,1.0,write_0,66.6956,699.922,699.995,0.176793,41.1626,0.123755,1.23755,1.0,write_1,144.138,0.127536,1.27536,hold_0,3.94978,0.277829,39.9284,0.0279499,0.279499,1.0,hold_1,3.95135,0.142643,39.5633,0.0276943,0.276943,1.0
5,4,5,0.8,27,259.68,121.45,283.1,read_0,153.929,2.5227,2.5227,146.109,146.109,0.0592092,5.76839,0.0473674,0.473674,1.0,read_1,2.52274,153.929,2.52274,146.109,146.109,0.0592092,5.76839,0.0473674,0.473674,1.0,141.342,799.904,799.901,0.23276,58.3137,0.186208,1.86208,1.0,write_0,62.0056,799.916,799.993,0.221266,58.4361,0.177013,1.77013,1.0,write_1,141.342,0.186208,1.86208,hold_0,3.76632,0.333403,49.7813,0.0398251,0.398251,1.0,hold_1,3.7756,0.23753,51.3063,0.041045,0.41045,1.0
5,4,5,0.9,27,292.61,135.18,328.17,read_0,176.745,3.58173,3.58173,143.981,7798.03,0.0676461,6.52106,0.0608815,0.608815,1.0,read_1,3.58178,176.745,3.58178,7798.03,143.981,0.0676461,6.52106,0.0608815,0.608815,1.0,139.513,899.894,899.876,0.291199,73.9429,0.262079,2.62079,1.0,write_0,58.8638,899.905,899.989,0.270803,79.3625,0.243723,2.43723,1.0,write_1,139.513,0.262079,2.62079,hold_0,3.71034,0.38353,64.6165,0.0581548,0.581548,1.0,hold_1,3.71484,0.308966,64.3282,0.0578954,0.578954,1.0
5,4,5,1.0,27,324.83,148.65,373.14,read_0,199.716,4.97499,4.97499,144.664,77.8753,0.0763656,7.2715,0.0763656,0.763656,1.0,read_1,4.97505,199.716,4.97505,77.8753,144.664,0.0763656,7.2715,0.0763656,0.763656,1.0,137.6,999.879,999.855,0.354659,89.826,0.354659,3.54659,1.0,write_0,56.5423,999.885,999.987,0.325772,102.04,0.325772,3.25772,1.0,write_1,137.6,0.354659,3.54659,hold_0,3.73648,0.354035,80.1246,0.0801246,0.801246,1.0,hold_1,3.71893,0.407167,79.7554,0.0797554,0.797554,1.0
5,4,5,1.1,27,356.71,161.72,423.16,read_0,222.85,6.69895,6.69895,145.684,77.3543,0.0853843,8.02113,0.0939227,0.939227,1.0,read_1,6.69903,222.85,6.69903,77.3543,145.684,0.0853843,8.02113,0.0939227,0.939227,1.0,135.877,1099.86,1099.83,0.423852,107.719,0.466237,4.66237,1.0,write_0,54.8117,1099.86,1099.98,0.385986,127.01,0.424585,4.24585,1.0,write_1,135.877,0.466237,4.66237,hold_0,3.80846,0.431033,98.4498,0.108295,1.08295,1.0,hold_1,3.82011,0.431491,98.3083,0.108139,1.08139,1.0
5,4,5,1.2,27,388.06,174.35,473.12,read_0,246.177,8.79173,8.79173,147.031,77.246,0.0947288,8.77249,0.113675,1.13675,1.0,read_1,8.79183,246.177,8.79183,77.246,147.031,0.0947288,8.77249,0.113675,1.13675,1.0,134.298,1199.83,1199.79,0.49841,126.805,0.598092,5.98092,1.0,write_0,53.3893,1199.84,1199.99,0.451119,152.746,0.541342,5.41342,1.0,write_1,134.298,0.598092,5.98092,hold_0,3.96743,0.456348,118.972,0.142766,1.42766,1.0,hold_1,3.96989,0.455661,120.181,0.144218,1.44218,1.0
5,4,5,1.3,27,418.85,186.51,528.13,read_0,269.73,11.262,11.262,122.896,96.0338,0.104235,9.52649,0.135505,1.35505,1.0,read_1,11.2622,269.73,11.2622,96.0338,122.896,0.104235,9.52649,0.135505,1.35505,1.0,132.733,1299.8,1299.75,0.578283,145.594,0.751768,7.51768,1.0,write_0,52.1277,1299.81,1299.98,0.520965,180.936,0.677255,6.77255,1.0,write_1,132.733,0.751768,7.51768,hold_0,4.17289,0.481576,145.691,0.189399,1.89399,1.0,hold_1,4.17548,0.480571,145.982,0.189777,1.89777,1.0
5,5,1,0.6,27,186.71,157.79,,read_0,25.8108,0.178001,0.178001,231.704,2695.94,0.0175029,1.72824,0.0105017,0.105017,1.0,read_1,0.178027,25.8108,0.178027,2695.94,231.704,0.0175029,1.72824,0.0105017,0.105017,1.0,-1.0,47.1063,29.1709,9.65606,9.84717,5.79364,57.9364,0.0,write_0,-1.0,29.178,47.2013,9.74474,9.86716,5.84685,58.4685,0.0,write_1,-1.0,5.84685,58.4685,hold_0,601.146,599.887,167.282,0.100369,1.00369,0.0,hold_1,1.78378,0.188711,29.7675,0.0178605,0.178605,1.0
5,5,1,0.7,27,219.17,186.43,,read_0,30.6688,0.196761,0.196761,155.357,113.919,0.0206685,2.0294,0.0144679,0.144679,1.0,read_1,0.196795,30.6688,0.196795,113.919,155.357,0.0206685,2.0294,0.0144679,0.144679,1.0,-1.0,52.9713,34.0548,14.2682,14.549,9.98777,99.8777,0.0,write_0,-1.0,34.064,53.0789,14.3988,14.5725,10.0792,100.792,0.0,write_1,-1.0,10.0792,100.792,hold_0,701.092,699.882,241.065,0.168746,1.68746,0.0,hold_1,1.64877,0.191567,39.1515,0.0274061,0.274061,1.0
5,5,1,0.8,27,250.88,214.8,,read_0,35.4393,0.229234,0.229234,88.2086,113.195,0.0239099,2.33228,0.0191279,0.191279,1.0,read_1,0.22928,35.4393,0.22928,113.195,88.2086,0.0239099,2.33228,0.0191279,0.191279,1.0,-1.0,58.9941,38.8162,19.4794,19.8593,15.5835,155.835,0.0,write_0,-1.0,38.8438,59.0958,19.6566,19.8896,15.7253,157.253,0.0,write_1,-1.0,15.7253,157.253,hold_0,801.096,799.976,325.919,0.260735,2.60735,0.0,hold_1,1.57889,0.187321,50.134,0.0401072,0.401072,1.0
5,5,1,0.9,27,281.85,242.71,,read_0,40.1655,0.289013,0.289013,72.9792,64.5397,0.027133,2.64456,0.0244197,0.244197,1.0,read_1,0.289071,40.1655,0.289071,64.5397,72.9792,0.027133,2.64456,0.0244197,0.244197,1.0,-1.0,65.2421,43.5169,25.1595,25.6417,22.6435,226.435,0.0,write_0,-1.0,43.546,65.3641,25.3864,25.6627,22.8478,228.478,0.0,write_1,-1.0,22.8478,228.478,hold_0,901.103,899.966,421.397,0.379257,3.79257,0.0,hold_1,1.56556,0.189201,66.2727,0.0596454,0.596454,1.0
5,5,1,1.0,27,312.13,270.05,,read_0,44.8262,0.387025,0.387025,72.2421,63.9025,0.0305,2.94853,0.0305,0.305,1.0,read_1,0.387101,44.8262,0.387101,63.9025,72.2421,0.0305,2.94853,0.0305,0.305,1.0,-1.0,71.8908,48.1761,31.2104,31.8006,31.2104,312.104,0.0,write_0,-1.0,48.2136,72.0286,31.4905,31.8276,31.4905,314.905,0.0,write_1,-1.0,31.4905,314.905,hold_0,1001.12,999.944,526.203,0.526203,5.26203,0.0,hold_1,1.58679,0.183338,83.4366,0.0834366,0.834366,1.0
5,5,1,1.1,27,341.77,296.83,,read_0,49.4729,0.496698,0.496698,71.9508,63.6855,0.034008,3.25239,0.0374089,0.374089,1.0,read_1,0.496793,49.4729,0.496793,63.6855,71.9508,0.034008,3.25239,0.0374089,0.374089,1.0,-1.0,79.0837,52.839,37.5613,38.2671,41.3174,413.174,0.0,write_0,-1.0,52.8756,79.2418,37.8975,38.2743,41.6873,416.873,0.0,write_1,-1.0,41.6873,416.873,hold_0,1101.06,1099.91,639.14,0.703053,7.03053,0.0,hold_1,1.64485,0.188283,105.182,0.1157,1.157,1.0
5,5,1,1.2,27,370.89,323.11,,read_0,54.1345,0.61667,0.61667,71.7153,63.5326,0.0376458,3.55654,0.0451749,0.451749,1.0,read_1,0.616788,54.1345,0.616788,63.5326,71.7153,0.0376458,3.55654,0.0451749,0.451749,1.0,-1.0,86.9953,57.5459,44.164,44.9747,52.9968,529.968,0.0,write_0,-1.0,57.5779,87.1474,44.5579,44.9932,53.4695,534.695,0.0,write_1,-1.0,53.4695,534.695,hold_0,1.73314,0.18785,129.727,0.155673,1.55673,1.0,hold_1,1201.14,1199.91,761.593,0.913911,9.13911,0.0
5,5,1,1.3,27,399.44,348.84,,read_0,58.8375,0.757106,0.757106,71.4963,63.4115,0.0414279,3.861,0.0538563,0.538563,1.0,read_1,0.757252,58.8375,0.757252,63.4115,71.4963,0.0414279,3.861,0.0538563,0.538563,1.0,-1.0,95.7032,62.3014,50.9906,51.9209,66.2878,662.878,0.0,write_0,-1.0,62.3548,95.875,51.4442,51.9396,66.8775,668.775,0.0,write_1,-1.0,66.8775,668.775,hold_0,1301.29,1299.86,895.881,1.16464,11.6464,0.0,hold_1,1.8363,0.202651,159.795,0.207734,2.07734,1.0
5,5,2,0.6,27,186.7,138.21,18.23,read_0,47.0571,0.300884,0.300884,9436.77,151.344,0.0242587,2.38363,0.0145552,0.145552,1.0,read_1,0.30091,47.0571,0.30091,151.344,9436.77,0.0242587,2.38363,0.0145552,0.145552,1.0,319.196,599.896,599.897,0.458842,19.3483,0.275305,2.75305,1.0,write_0,260.822,599.906,599.996,0.452909,18.8424,0.271745,2.71745,1.0,write_1,319.196,0.275305,2.75305,hold_0,2.41145,0.232944,32.1476,0.0192886,0.192886,1.0,hold_1,2.41106,0.23144,31.3539,0.0188123,0.188123,1.0
5,5,2,0.7,27,219.16,162.93,8.3,read_0,56.12,0.353561,0.353561,155.07,155.07,0.0287524,2.80637,0.0201267,0.201267,1.0,read_1,0.353595,56.12,0.353595,155.07,155.07,0.0287524,2.80637,0.0201267,0.201267,1.0,457.595,699.88,699.901,1.07545,30.5491,0.752817,7.52817,1.0,write_0,383.343,699.9,699.994,1.04871,30.9133,0.734098,7.34098,1.0,write_1,457.595,0.752817,7.52817,hold_0,2.22223,0.248491,41.5343,0.029074,0.29074,1.0,hold_1,2.22459,0.248323,42.2499,0.0295749,0.295749,1.0
5,5,2,0.8,27,250.86,187.7,,read_0,65.0675,0.434172,0.434172,90.3635,116.26,0.0333815,3.23064,0.0267052,0.267052,1.0,read_1,0.434218,65.0675,0.434218,116.26,90.3635,0.0333815,3.23064,0.0267052,0.267052,1.0,-1.0,197.725,96.0903,38.9941,39.7599,31.1953,311.953,0.0,write_0,-1.0,96.1175,197.825,39.3496,39.7805,31.4796,314.796,0.0,write_1,-1.0,31.4796,314.796,hold_0,801.378,799.863,614.91,0.491928,4.91928,0.0,hold_1,2.1374,0.236635,53.0124,0.0424099,0.424099,1.0
5,5,2,0.9,27,281.83,212.15,,read_0,73.9137,0.55022,0.55022,90.0656,76.9271,0.0381523,3.65512,0.034337,0.34337,1.0,read_1,0.55028,73.9137,0.55028,76.9271,90.0656,0.0381523,3.65512,0.034337,0.34337,1.0,-1.0,199.809,100.957,50.5091,51.4788,45.4582,454.582,0.0,write_0,-1.0,100.986,199.926,50.967,51.5082,45.8703,458.703,0.0,write_1,-1.0,45.8703,458.703,hold_0,901.455,899.954,792.004,0.712804,7.12804,0.0,hold_1,2.11004,0.240493,68.2346,0.0614112,0.614112,1.0
5,5,2,1.0,27,312.12,236.3,,read_0,82.6974,0.700014,0.700014,89.8881,76.8231,0.0424624,4.07986,0.0424624,0.424624,1.0,read_1,0.700089,82.6974,0.700089,76.8231,89.8881,0.0424624,4.07986,0.0424624,0.424624,1.0,-1.0,209.355,108.405,62.954,64.1494,62.954,629.54,0.0,write_0,-1.0,108.442,209.487,63.5221,64.1846,63.5221,635.221,0.0,write_1,-1.0,63.5221,635.221,hold_0,1001.36,999.906,986.684,0.986684,9.86684,0.0,hold_1,2.12998,0.242187,86.2262,0.0862262,0.862262,1.0
5,5,2,1.1,27,341.76,260.03,,read_0,91.462,0.893259,0.893259,89.7423,76.7078,0.0475539,4.5053,0.0523093,0.523093,1.0,read_1,0.893355,91.462,0.893355,76.7078,89.7423,0.0475539,4.5053,0.0523093,0.523093,1.0,-1.0,222.556,116.932,76.2072,77.6362,83.8279,838.279,0.0,write_0,-1.0,116.98,222.712,76.8918,77.679,84.581,845.81,0.0,write_1,-1.0,84.581,845.81,hold_0,1101.63,1099.94,1200.16,1.32018,13.2018,0.0,hold_1,2.18579,0.243301,107.182,0.1179,1.179,1.0
5,5,2,1.2,27,370.88,283.32,,read_0,100.252,1.14586,1.14586,89.5687,76.5605,0.0528577,4.93199,0.0634293,0.634293,1.0,read_1,1.14598,100.252,1.14598,76.5605,89.5687,0.0528577,4.93199,0.0634293,0.634293,1.0,-1.0,238.637,126.252,90.2314,91.909,108.278,1082.78,0.0,write_0,-1.0,126.309,238.822,91.0391,91.9538,109.247,1092.47,0.0,write_1,-1.0,109.247,1092.47,hold_0,2.29747,0.2497,133.176,0.159811,1.59811,1.0,hold_1,1201.62,1199.94,1429.33,1.71519,17.1519,0.0
5,5,2,1.3,27,399.42,306.18,,read_0,109.116,1.47544,1.47544,65.0845,76.362,0.0584025,5.36002,0.0759232,0.759232,1.0,read_1,1.47558,109.116,1.47558,76.362,65.0845,0.0584025,5.36002,0.0759232,0.759232,1.0,-1.0,257.48,136.334,105.046,106.986,136.56,1365.6,0.0,write_0,-1.0,136.401,257.699,105.984,107.033,137.779,1377.79,0.0,write_1,-1.0,137.779,1377.79,hold_0,2.42965,0.263434,163.42,0.212446,2.12446,1.0,hold_1,1301.63,1299.89,1677.95,2.18133,21.8133,0.0
5,5,3,0.6,27,186.68,122.66,108.27,read_0,64.9901,0.477738,0.477738,9346.56,144.399,0.0307999,3.02419,0.0184799,0.184799,1.0,read_1,0.477763,64.9901,0.477763,144.399,9346.56,0.0307999,3.02419,0.0184799,0.184799,1.0,175.678,599.896,599.896,0.209557,21.3163,0.125734,1.25734,1.0,write_0,109.812,599.903,599.996,0.204185,21.4356,0.122511,1.22511,1.0,write_1,175.678,0.125734,1.25734,hold_0,3.0361,0.205799,33.0247,0.0198148,0.198148,1.0,hold_1,3.03716,0.276248,32.6148,0.0195689,0.195689,1.0
5,5,3,0.7,27,219.14,144.24,118.25,read_0,77.7412,0.595867,0.595867,144.136,144.136,0.0365659,3.55375,0.0255962,0.255962,1.0,read_1,0.595902,77.7412,0.595902,144.136,144.136,0.0365659,3.55375,0.0255962,0.255962,1.0,170.535,699.89,699.891,0.27928,34.4435,0.195496,1.95496,1.0,write_0,97.0332,699.901,699.996,0.267025,34.4639,0.186917,1.86917,1.0,write_1,170.535,0.195496,1.95496,hold_0,2.79528,0.299672,42.9908,0.0300935,0.300935,1.0,hold_1,2.80024,0.300119,43.7996,0.0306597,0.306597,1.0
5,5,3,0.8,27,250.85,165.54,128.2,read_0,90.3984,0.769017,0.769017,144.062,144.062,0.0425091,4.09364,0.0340073,0.340073,1.0,read_1,0.769063,90.3984,0.769063,144.062,144.062,0.0425091,4.09364,0.0340073,0.340073,1.0,167.331,799.884,799.87,0.360805,49.9753,0.288644,2.88644,1.0,write_0,89.3293,799.888,799.994,0.338122,50.235,0.270498,2.70498,1.0,write_1,167.331,0.288644,2.88644,hold_0,2.6816,0.302755,56.2602,0.0450082,0.450082,1.0,hold_1,2.68071,0.302521,56.1133,0.0448906,0.448906,1.0
5,5,3,0.9,27,281.82,186.73,143.25,read_0,102.966,1.0134,1.0134,90.3363,115.433,0.0486641,4.63608,0.0437977,0.437977,1.0,read_1,1.01346,102.966,1.01346,115.433,90.3363,0.0486641,4.63608,0.0437977,0.437977,1.0,165.031,899.872,899.847,0.452468,68.724,0.407221,4.07221,1.0,write_0,84.2357,899.876,899.992,0.415228,68.4796,0.373705,3.73705,1.0,write_1,165.031,0.407221,4.07221,hold_0,2.64128,0.30483,70.9305,0.0638374,0.638374,1.0,hold_1,2.65059,0.294627,71.2577,0.0641319,0.641319,1.0
5,5,3,1.0,27,312.11,207.74,158.27,read_0,115.472,1.33894,1.33894,90.1101,114.934,0.0542682,5.1777,0.0542682,0.542682,1.0,read_1,1.33902,115.472,1.33902,114.934,90.1101,0.0542682,5.1777,0.0542682,0.542682,1.0,163.304,999.856,999.817,0.553172,87.6729,0.553172,5.53172,1.0,write_0,80.5991,999.857,999.989,0.499924,88.2697,0.499924,4.99924,1.0,write_1,163.304,0.553172,5.53172,hold_0,2.68082,0.302618,89.1206,0.0891206,0.891206,1.0,hold_1,2.66794,0.30361,88.8591,0.0888591,0.888591,1.0
5,5,3,1.1,27,341.75,228.48,173.26,read_0,127.963,1.76723,1.76723,89.923,114.585,0.060833,5.72088,0.0669163,0.669163,1.0,read_1,1.76732,127.963,1.76732,114.585,89.923,0.060833,5.72088,0.0669163,0.669163,1.0,161.909,1099.83,1099.78,0.661663,110.694,0.727829,7.27829,1.0,write_0,77.7831,1099.83,1099.99,0.590806,111.839,0.649886,6.49886,1.0,write_1,161.909,0.727829,7.27829,hold_0,2.73685,0.302292,113.368,0.124705,1.24705,1.0,hold_1,2.74817,0.302259,111.217,0.122339,1.22339,1.0
5,5,3,1.2,27,370.87,248.78,188.23,read_0,140.492,2.32355,2.32355,89.7197,114.261,0.0686353,6.26621,0.0823624,0.823624,1.0,read_1,2.32367,140.492,2.32367,114.261,89.7197,0.0686353,6.26621,0.0823624,0.823624,1.0,161.037,1199.8,1199.74,0.783615,135.773,0.940338,9.40338,1.0,write_0,75.3587,1199.8,1199.98,0.687618,134.73,0.825142,8.25142,1.0,write_1,161.037,0.940338,9.40338,hold_0,2.86899,0.308632,134.76,0.161712,1.61712,1.0,hold_1,2.87774,0.320741,134.262,0.161115,1.61115,1.0
5,5,3,1.3,27,399.41,268.72,208.25,read_0,153.106,3.03987,3.03987,89.4569,113.852,0.0759098,6.81391,0.0986827,0.986827,1.0,read_1,3.04001,153.106,3.04001,113.852,89.4569,0.0759098,6.81391,0.0986827,0.986827,1.0,159.765,1299.77,1299.69,0.907318,159.761,1.17951,11.7951,1.0,write_0,73.3889,1299.76,1299.98,0.790062,159.408,1.02708,10.2708,1.0,write_1,159.765,1.17951,11.7951,hold_0,3.03017,0.320995,166.158,0.216005,2.16005,1.0,hold_1,3.02992,0.321181,166.938,0.217019,2.17019,1.0
5,5,4,0.6,27,186.67,109.64,158.21,read_0,80.4626,0.715703,0.715703,309.176,9728.21,0.0372231,3.65937,0.0223339,0.223339,1.0,read_1,0.715729,80.4626,0.715729,9728.21,309.176,0.0372231,3.65937,0.0223339,0.223339,1.0,157.067,599.894,599.896,0.174992,23.7199,0.104995,1.04995,1.0,write_0,87.4914,599.903,599.995,0.170103,23.8349,0.102062,1.02062,1.0,write_1,157.067,0.104995,1.04995,hold_0,3.65463,0.223831,34.3019,0.0205811,0.205811,1.0,hold_1,3.661,0.303387,34.2881,0.0205729,0.205729,1.0
5,5,4,0.7,27,219.13,128.15,183.21,read_0,96.5053,0.942257,0.942257,144.763,144.763,0.0441982,4.29113,0.0309387,0.309387,1.0,read_1,0.942292,96.5053,0.942292,144.763,144.763,0.0441982,4.29113,0.0309387,0.309387,1.0,153.322,699.89,699.888,0.23132,37.8728,0.161924,1.61924,1.0,write_0,77.6569,699.9,699.995,0.218322,38.0942,0.152825,1.52825,1.0,write_1,153.322,0.161924,1.61924,hold_0,3.37662,0.346371,43.8226,0.0306758,0.306758,1.0,hold_1,3.37542,0.343895,44.6383,0.0312468,0.312468,1.0
5,5,4,0.8,27,250.84,146.45,208.15,read_0,112.52,1.27356,1.27356,145.145,3020.06,0.0513915,4.94316,0.0411132,0.411132,1.0,read_1,1.2736,112.52,1.2736,3020.06,145.145,0.0513915,4.94316,0.0411132,0.411132,1.0,150.905,799.882,799.869,0.296559,54.5285,0.237248,2.37248,1.0,write_0,71.6814,799.895,799.993,0.274002,55.2131,0.219201,2.19201,1.0,write_1,150.905,0.237248,2.37248,hold_0,3.24132,0.33254,58.7184,0.0469747,0.469747,1.0,hold_1,3.23341,0.354602,58.2652,0.0466122,0.466122,1.0
5,5,4,0.9,27,281.81,164.58,238.19,read_0,128.485,1.75694,1.75694,152.591,78.4288,0.0588601,5.59352,0.0529741,0.529741,1.0,read_1,1.757,128.485,1.757,78.4288,152.591,0.0588601,5.59352,0.0529741,0.529741,1.0,148.973,899.87,899.85,0.37077,74.8438,0.333693,3.33693,1.0,write_0,67.6767,899.871,899.99,0.335389,74.8848,0.30185,3.0185,1.0,write_1,148.973,0.333693,3.33693,hold_0,3.19421,0.343907,74.2876,0.0668588,0.668588,1.0,hold_1,3.18883,0.356291,73.0798,0.0657718,0.657718,1.0
5,5,4,1.0,27,312.1,182.54,268.18,read_0,144.417,2.38367,2.38367,90.2726,78.3518,0.0665843,6.24215,0.0665843,0.665843,1.0,read_1,2.38374,144.417,2.38374,78.3518,90.2726,0.0665843,6.24215,0.0665843,0.665843,1.0,147.694,999.853,999.821,0.454472,96.6953,0.454472,4.54472,1.0,write_0,64.7787,999.855,999.987,0.402735,95.6088,0.402735,4.02735,1.0,write_1,147.694,0.454472,4.54472,hold_0,3.21502,0.358603,92.9577,0.0929577,0.929577,1.0,hold_1,3.21434,0.358698,92.2529,0.0922529,0.922529,1.0
5,5,4,1.1,27,341.74,200.27,303.22,read_0,160.36,3.18226,3.18226,90.06,78.2532,0.0745973,6.89873,0.0820571,0.820571,1.0,read_1,3.18236,160.36,3.18236,78.2532,90.06,0.0745973,6.89873,0.0820571,0.820571,1.0,146.417,1099.83,1099.78,0.54486,120.526,0.599346,5.99346,1.0,write_0,62.5932,1099.83,1099.98,0.476079,120.633,0.523686,5.23686,1.0,write_1,146.417,0.599346,5.99346,hold_0,3.30922,0.369119,113.459,0.124805,1.24805,1.0,hold_1,3.29217,0.371316,113.814,0.125196,1.25196,1.0
5,5,4,1.2,27,370.85,217.53,333.13,read_0,176.36,4.19856,4.19856,89.8365,78.1238,0.0829668,7.5587,0.0995601,0.995601,1.0,read_1,4.19868,176.36,4.19868,78.1238,89.8365,0.0829668,7.5587,0.0995601,0.995601,1.0,145.171,1199.8,1199.74,0.64252,146.459,0.771025,7.71025,1.0,write_0,60.8645,1199.79,1199.98,0.555687,146.423,0.666824,6.66824,1.0,write_1,145.171,0.771025,7.71025,hold_0,3.44504,0.385885,139.287,0.167144,1.67144,1.0,hold_1,3.43053,0.381283,139.998,0.167998,1.67998,1.0
5,5,4,1.3,27,399.39,234.45,373.18,read_0,192.476,5.45461,5.45461,86.5819,108.509,0.0916905,8.22266,0.119198,1.19198,1.0,read_1,5.45475,192.476,5.45475,108.509,86.5819,0.0916905,8.22266,0.119198,1.19198,1.0,144.09,1299.78,1299.67,0.751874,172.841,0.977436,9.77436,1.0,write_0,59.4244,1299.76,1299.97,0.641044,172.066,0.833357,8.33357,1.0,write_1,144.09,0.977436,9.77436,hold_0,3.63558,0.402899,171.201,0.222561,2.22561,1.0,hold_1,3.62508,0.388955,169.927,0.220906,2.20906,1.0
5,5,5,0.6,27,186.66,98.48,193.16,read_0,94.0682,1.02774,1.02774,144.989,144.989,0.0435269,4.28807,0.0261162,0.261162,1.0,read_1,1.02777,94.0682,1.02777,144.989,144.989,0.0435269,4.28807,0.0261162,0.261162,1.0,149.425,599.895,599.897,0.157842,25.9095,0.0947053,0.947053,1.0,write_0,77.4731,599.904,599.995,0.154939,26.1079,0.0929632,0.929632,1.0,write_1,149.425,0.0947053,0.947053,hold_0,4.28673,0.317735,35.7445,0.0214467,0.214467,1.0,hold_1,4.29178,0.328921,35.2494,0.0211496,0.211496,1.0
5,5,5,0.7,27,219.12,114.28,228.19,read_0,113.098,1.41189,1.41189,144.292,144.292,0.0516482,5.03512,0.0361537,0.361537,1.0,read_1,1.41193,113.098,1.41193,144.292,144.292,0.0516482,5.03512,0.0361537,0.361537,1.0,145.835,699.894,699.891,0.207806,41.1557,0.145465,1.45465,1.0,write_0,69.2282,699.898,699.995,0.198517,41.0632,0.138962,1.38962,1.0,write_1,145.835,0.145465,1.45465,hold_0,3.95267,0.307525,47.0247,0.0329173,0.329173,1.0,hold_1,3.95194,0.381327,45.9229,0.0321461,0.321461,1.0
5,5,5,0.8,27,250.83,129.73,263.13,read_0,132.211,1.97631,1.97631,144.12,8584.56,0.0600736,5.80108,0.0480589,0.480589,1.0,read_1,1.97635,132.211,1.97635,8584.56,144.12,0.0600736,5.80108,0.0480589,0.480589,1.0,143.477,799.882,799.873,0.265786,59.3696,0.212629,2.12629,1.0,write_0,64.2703,799.888,799.992,0.248702,59.6739,0.198962,1.98962,1.0,write_1,143.477,0.212629,2.12629,hold_0,3.79238,0.371069,60.5087,0.0484069,0.484069,1.0,hold_1,3.78376,0.401831,60.3764,0.0483011,0.483011,1.0
5,5,5,0.9,27,281.8,144.92,303.16,read_0,151.353,2.75641,2.75641,139.98,5378.12,0.0686791,6.56323,0.0618112,0.618112,1.0,read_1,2.75647,151.353,2.75647,5378.12,139.98,0.0686791,6.56323,0.0618112,0.618112,1.0,141.372,899.873,899.853,0.331804,79.1792,0.298623,2.98623,1.0,write_0,60.8505,899.878,899.989,0.305018,79.2106,0.274517,2.74517,1.0,write_1,141.372,0.298623,2.98623,hold_0,3.73357,0.410009,75.0122,0.067511,0.67511,1.0,hold_1,3.73749,0.388456,76.1128,0.0685016,0.685016,1.0
5,5,5,1.0,27,312.08,159.73,348.21,read_0,170.526,3.82305,3.82305,151.913,78.8643,0.0777679,7.3236,0.0777679,0.777679,1.0,read_1,3.82313,170.526,3.82313,78.8643,151.913,0.0777679,7.3236,0.0777679,0.777679,1.0,139.582,999.852,999.82,0.404781,96.917,0.404781,4.04781,1.0,write_0,58.3764,999.855,999.987,0.366877,103.608,0.366877,3.66877,1.0,write_1,139.582,0.404781,4.04781,hold_0,3.76994,0.407272,94.7768,0.0947768,0.947768,1.0,hold_1,3.75468,0.41751,94.0466,0.0940466,0.940466,1.0
5,5,5,1.1,27,341.72,174.32,388.13,read_0,189.757,5.14042,5.14042,90.2111,78.7782,0.0870988,8.0838,0.0958087,0.958087,1.0,read_1,5.14052,189.757,5.14052,78.7782,90.2111,0.0870988,8.0838,0.0958087,0.958087,1.0,137.81,1099.82,1099.79,0.48642,114.542,0.535062,5.35062,1.0,write_0,56.5107,1099.83,1099.99,0.43473,128.458,0.478203,4.78203,1.0,write_1,137.81,0.535062,5.35062,hold_0,3.86262,0.42409,117.55,0.129305,1.29305,1.0,hold_1,3.86273,0.423879,116.794,0.128473,1.28473,1.0
5,5,5,1.2,27,370.84,188.43,433.08,read_0,209.085,6.73592,6.73592,122.071,174.662,0.0966543,8.84624,0.115985,1.15985,1.0,read_1,6.73604,209.085,6.73604,174.662,122.071,0.0966543,8.84624,0.115985,1.15985,1.0,136.829,1199.79,1199.74,0.575304,136.43,0.690364,6.90364,1.0,write_0,55.01,1199.8,1199.98,0.508726,155.057,0.610471,6.10471,1.0,write_1,136.829,0.690364,6.90364,hold_0,4.0197,0.443848,143.384,0.17206,1.7206,1.0,hold_1,4.03054,0.438439,143.421,0.172105,1.72105,1.0
5,5,5,1.3,27,399.38,202.1,483.11,read_0,228.578,8.80479,8.80479,88.9,77.878,0.106904,9.61171,0.138975,1.38975,1.0,read_1,8.80494,228.578,8.80494,77.878,88.9,0.106904,9.61171,0.138975,1.38975,1.0,135.28,1299.75,1299.69,0.667954,158.525,0.86834,8.6834,1.0,write_0,53.8013,1299.76,1299.98,0.58965,182.273,0.766545,7.66545,1.0,write_1,135.28,0.86834,8.6834,hold_0,4.23408,0.46693,176.187,0.229043,2.29043,1.0,hold_1,4.24475,0.459288,176.243,0.229116,2.29116,1.0
5,6,1,0.6,27,182.19,156.59,,read_0,21.8972,0.194075,0.194075,232.84,9098.92,0.0175465,1.73702,0.0105279,0.105279,1.0,read_1,0.194106,21.8972,0.194106,9098.92,232.84,0.0175465,1.73702,0.0105279,0.105279,1.0,-1.0,46.2429,24.7073,9.66109,9.85041,5.79665,57.9665,0.0,write_0,-1.0,24.7149,46.364,9.74985,9.8691,5.84991,58.4991,0.0,write_1,-1.0,5.84991,58.4991,hold_0,600.955,599.867,172.468,0.103481,1.03481,0.0,hold_1,1.79255,0.20247,35.5064,0.0213038,0.213038,1.0
5,6,1,0.7,27,213.38,184.77,,read_0,26.0116,0.213148,0.213148,88.4907,114.32,0.0207248,2.03721,0.0145074,0.145074,1.0,read_1,0.21319,26.0116,0.21319,114.32,88.4907,0.0207248,2.03721,0.0145074,0.145074,1.0,-1.0,52.1523,28.8409,14.2742,14.5549,9.99195,99.9195,0.0,write_0,-1.0,28.8558,52.2754,14.4048,14.5733,10.0834,100.834,0.0,write_1,-1.0,10.0834,100.834,hold_0,700.906,699.862,247.557,0.17329,1.7329,0.0,hold_1,1.66288,0.193659,45.855,0.0320985,0.320985,1.0
5,6,1,0.8,27,243.61,212.23,,read_0,30.0503,0.245787,0.245787,88.0296,113.559,0.0239805,2.34105,0.0191844,0.191844,1.0,read_1,0.245842,30.0503,0.245842,113.559,88.0296,0.0239805,2.34105,0.0191844,0.191844,1.0,-1.0,58.2048,32.8727,19.4861,19.8643,15.5889,155.889,0.0,write_0,-1.0,32.9025,58.3289,19.6634,19.8894,15.7307,157.307,0.0,write_1,-1.0,15.7307,157.307,hold_0,800.89,799.858,334.985,0.267988,2.67988,0.0,hold_1,1.60762,0.187631,61.7245,0.0493796,0.493796,1.0
5,6,1,0.9,27,272.98,239.08,,read_0,34.0484,0.303546,0.303546,69.0777,82.3357,0.0269499,2.65617,0.0242549,0.242549,1.0,read_1,0.303617,34.0484,0.303617,82.3357,69.0777,0.0269499,2.65617,0.0242549,0.242549,1.0,-1.0,64.4896,36.8539,25.1669,25.6485,22.6502,226.502,0.0,write_0,-1.0,36.8833,64.6355,25.3946,25.6829,22.8552,228.552,0.0,write_1,-1.0,22.8552,228.552,hold_0,900.866,899.844,432.96,0.389664,3.89664,0.0,hold_1,1.59381,0.179137,77.6013,0.0698412,0.698412,1.0
5,6,1,1.0,27,301.75,265.37,,read_0,37.9996,0.387979,0.387979,72.0504,63.8726,0.0306026,2.96078,0.0306026,0.306026,1.0,read_1,0.388069,37.9996,0.388069,63.8726,72.0504,0.0306026,2.96078,0.0306026,0.306026,1.0,-1.0,71.1813,40.8003,31.2184,31.8076,31.2184,312.184,0.0,write_0,-1.0,40.8375,71.3487,31.4992,31.832,31.4992,314.992,0.0,write_1,-1.0,31.4992,314.992,hold_0,1000.9,999.894,541.155,0.541155,5.41155,0.0,hold_1,1.62245,0.174597,99.5909,0.0995909,0.995909,1.0
5,6,1,1.1,27,329.7,290.9,,read_0,41.9366,0.496875,0.496875,71.7508,63.6516,0.0341303,3.26536,0.0375433,0.375433,1.0,read_1,0.496989,41.9366,0.496989,63.6516,71.7508,0.0341303,3.26536,0.0375433,0.375433,1.0,-1.0,78.4221,44.7524,37.5697,38.2741,41.3267,413.267,0.0,write_0,-1.0,44.8058,78.6238,37.9069,38.284,41.6976,416.976,0.0,write_1,-1.0,41.6976,416.976,hold_0,1100.88,1099.83,658.261,0.724087,7.24087,0.0,hold_1,1.68146,0.1762,124.894,0.137383,1.37383,1.0
5,6,1,1.2,27,356.98,315.83,,read_0,45.888,0.616561,0.616561,71.5049,63.4945,0.0377904,3.57018,0.0453485,0.453485,1.0,read_1,0.616703,45.888,0.616703,63.4945,71.5049,0.0377904,3.57018,0.0453485,0.453485,1.0,-1.0,86.3854,48.7425,44.1727,44.9818,53.0073,530.073,0.0,write_0,-1.0,48.8017,86.5966,44.5678,45.0023,53.4814,534.814,0.0,write_1,-1.0,53.4814,534.814,hold_0,1.77874,0.191765,153.574,0.184288,1.84288,1.0,hold_1,1200.88,1199.8,784.953,0.941944,9.41944,0.0
5,6,1,1.3,27,383.62,340.13,,read_0,49.8763,0.756868,0.756868,71.2685,63.367,0.0415985,3.87529,0.054078,0.54078,1.0,read_1,0.757044,49.8763,0.757044,63.367,71.2685,0.0415985,3.87529,0.054078,0.54078,1.0,-1.0,95.1568,52.7752,50.9998,51.929,66.2998,662.998,0.0,write_0,-1.0,52.8576,95.4003,51.4549,51.9478,66.8914,668.914,0.0,write_1,-1.0,66.8914,668.914,hold_0,1301.07,1299.79,925.676,1.20338,12.0338,0.0,hold_1,1.89464,0.177412,189.58,0.246454,2.46454,1.0
5,6,2,0.6,27,182.18,139.09,8.27,read_0,40.4419,0.304929,0.304929,9442.22,151.996,0.0243739,2.39859,0.0146243,0.146243,1.0,read_1,0.304959,40.4419,0.304959,151.996,9442.22,0.0243739,2.39859,0.0146243,0.146243,1.0,463.366,599.873,599.88,0.757808,20.0685,0.454685,4.54685,1.0,write_0,414.42,599.884,599.997,0.759612,20.0394,0.455767,4.55767,1.0,write_1,463.366,0.455767,4.55767,hold_0,2.41181,0.263141,36.4237,0.0218542,0.218542,1.0,hold_1,2.41323,0.261105,36.6045,0.0219627,0.219627,1.0
5,6,2,0.7,27,213.36,163.72,,read_0,48.1915,0.351082,0.351082,155.567,155.567,0.0289045,2.82509,0.0202332,0.202332,1.0,read_1,0.351124,48.1915,0.351124,155.567,155.567,0.0289045,2.82509,0.0202332,0.202332,1.0,-1.0,175.036,73.8341,28.2931,28.8638,19.8052,198.052,0.0,write_0,-1.0,73.8467,175.158,28.5517,28.8755,19.9862,199.862,0.0,write_1,-1.0,19.9862,199.862,hold_0,701.171,699.846,460.001,0.322,3.22,0.0,hold_1,2.23435,0.254821,48.5828,0.0340079,0.340079,1.0
5,6,2,0.8,27,243.6,188.04,,read_0,55.8323,0.42471,0.42471,90.1242,116.933,0.0335745,3.25284,0.0268596,0.268596,1.0,read_1,0.424764,55.8323,0.424764,116.933,90.1242,0.0335745,3.25284,0.0268596,0.268596,1.0,-1.0,175.9,77.5014,38.7687,39.5298,31.0149,310.149,0.0,write_0,-1.0,77.531,176.025,39.1212,39.5482,31.297,312.97,0.0,write_1,-1.0,31.297,312.97,hold_0,801.192,799.846,619.763,0.49581,4.9581,0.0,hold_1,2.15415,0.245371,62.0272,0.0496218,0.496218,1.0
5,6,2,0.9,27,272.97,211.93,,read_0,63.3824,0.529277,0.529277,89.7734,76.4628,0.0383966,3.68053,0.034557,0.34557,1.0,read_1,0.529348,63.3824,0.529348,76.4628,89.7734,0.0383966,3.68053,0.034557,0.34557,1.0,-1.0,184.574,83.6361,50.2893,51.2596,45.2604,452.604,0.0,write_0,-1.0,83.6666,184.715,50.7446,51.2845,45.6701,456.701,0.0,write_1,-1.0,45.6701,456.701,hold_0,901.14,899.828,799.999,0.719999,7.19999,0.0,hold_1,2.13189,0.232094,79.9708,0.0719737,0.719737,1.0
5,6,2,1.0,27,301.74,235.51,,read_0,70.878,0.664252,0.664252,89.5565,76.3344,0.0427381,4.10813,0.0427381,0.427381,1.0,read_1,0.664343,70.878,0.664343,76.3344,89.5565,0.0427381,4.10813,0.0427381,0.427381,1.0,-1.0,196.553,90.6223,62.686,63.8796,62.686,626.86,0.0,write_0,-1.0,90.6584,196.72,63.2508,63.9068,63.2508,632.508,0.0,write_1,-1.0,63.2508,632.508,hold_0,1001.28,999.887,998.59,0.99859,9.9859,0.0,hold_1,2.16721,0.240515,101.15,0.10115,1.0115,1.0
5,6,2,1.1,27,329.69,258.43,,read_0,78.3852,0.830141,0.830141,69.9855,133.422,0.0482235,4.55603,0.0530459,0.530459,1.0,read_1,0.830255,78.3852,0.830255,133.422,69.9855,0.0482235,4.55603,0.0530459,0.530459,1.0,-1.0,210.988,98.1624,75.8649,77.2896,83.4514,834.514,0.0,write_0,-1.0,98.2116,211.18,76.5465,77.3243,84.2011,842.011,0.0,write_1,-1.0,84.2011,842.011,hold_0,1101.27,1099.85,1214.42,1.33587,13.3587,0.0,hold_1,2.23142,0.226789,127.253,0.139979,1.39979,1.0
5,6,2,1.2,27,356.97,280.9,,read_0,85.8919,1.05587,1.05587,69.8204,132.952,0.0536212,4.98803,0.0643454,0.643454,1.0,read_1,1.05601,85.8919,1.05601,132.952,69.8204,0.0536212,4.98803,0.0643454,0.643454,1.0,-1.0,227.745,106.224,89.7928,91.4578,107.751,1077.51,0.0,write_0,-1.0,106.281,227.971,90.597,91.5012,108.716,1087.16,0.0,write_1,-1.0,108.716,1087.16,hold_0,1201.26,1199.82,1448.25,1.7379,17.379,0.0,hold_1,2.33795,0.232666,157.309,0.188771,1.88771,1.0
5,6,2,1.3,27,383.61,302.77,,read_0,93.4359,1.35559,1.35559,64.8264,75.7902,0.05889,5.39641,0.076557,0.76557,1.0,read_1,1.35577,93.4359,1.35577,75.7902,64.8264,0.05889,5.39641,0.076557,0.76557,1.0,-1.0,246.92,114.843,104.487,106.411,135.833,1358.33,0.0,write_0,-1.0,114.906,247.192,105.42,106.446,137.046,1370.46,0.0,write_1,-1.0,137.046,1370.46,hold_0,1301.26,1299.76,1700.38,2.21049,22.1049,0.0,hold_1,2.48397,0.238228,193.559,0.251627,2.51627,1.0
5,6,3,0.6,27,182.16,124.76,93.17,read_0,56.4383,0.458597,0.458597,9324.55,142.182,0.0309995,3.04207,0.0185997,0.185997,1.0,read_1,0.458628,56.4383,0.458628,142.182,9324.55,0.0309995,3.04207,0.0185997,0.185997,1.0,181.045,599.875,599.876,0.237519,21.8919,0.142511,1.42511,1.0,write_0,117.796,599.885,599.996,0.230772,21.8901,0.138463,1.38463,1.0,write_1,181.045,0.142511,1.42511,hold_0,3.03378,0.314913,38.2345,0.0229407,0.229407,1.0,hold_1,3.02235,0.280675,37.9237,0.0227542,0.227542,1.0
5,6,3,0.7,27,213.35,146.49,103.22,read_0,67.4316,0.555258,0.555258,140.846,140.846,0.0367953,3.58571,0.0257567,0.257567,1.0,read_1,0.5553,67.4316,0.5553,140.846,140.846,0.0367953,3.58571,0.0257567,0.257567,1.0,175.732,699.876,699.858,0.317542,35.2055,0.222279,2.22279,1.0,write_0,104.071,699.879,699.992,0.303277,35.2365,0.212294,2.12294,1.0,write_1,175.732,0.222279,2.22279,hold_0,2.80817,0.298552,50.3964,0.0352775,0.352775,1.0,hold_1,2.80737,0.313286,50.0709,0.0350496,0.350496,1.0
5,6,3,0.8,27,243.59,167.97,113.24,read_0,78.3221,0.700914,0.700914,153.704,696.321,0.042867,4.1321,0.0342936,0.342936,1.0,read_1,0.700969,78.3221,0.700969,696.321,153.704,0.042867,4.1321,0.0342936,0.342936,1.0,172.118,799.861,799.843,0.410279,51.4503,0.328223,3.28223,1.0,write_0,95.832,799.867,799.992,0.385774,51.331,0.308619,3.08619,1.0,write_1,172.118,0.328223,3.28223,hold_0,2.70042,0.300107,64.0186,0.0512148,0.512148,1.0,hold_1,2.70375,0.300451,64.8987,0.051919,0.51919,1.0
5,6,3,0.9,27,272.96,189.16,123.24,read_0,89.1196,0.903848,0.903848,90.0822,115.517,0.0490963,4.67874,0.0441866,0.441866,1.0,read_1,0.903919,89.1196,0.903919,115.517,90.0822,0.0490963,4.67874,0.0441866,0.441866,1.0,169.886,899.845,899.817,0.515093,69.1093,0.463584,4.63584,1.0,write_0,90.1764,899.849,899.993,0.477401,70.3344,0.429661,4.29661,1.0,write_1,169.886,0.463584,4.63584,hold_0,2.66479,0.287862,82.3222,0.07409,0.7409,1.0,hold_1,2.66964,0.290939,82.275,0.0740475,0.740475,1.0
5,6,3,1.0,27,301.73,209.91,133.22,read_0,99.8553,1.17792,1.17792,89.8177,77.2463,0.0555527,5.22575,0.0555527,0.555527,1.0,read_1,1.17801,99.8553,1.17801,77.2463,89.8177,0.0555527,5.22575,0.0555527,0.555527,1.0,168.021,999.824,999.785,0.630679,91.1259,0.630679,6.30679,1.0,write_0,86.4594,999.821,999.985,0.57502,91.4215,0.57502,5.7502,1.0,write_1,168.021,0.630679,6.30679,hold_0,2.69571,0.293362,104.196,0.104196,1.04196,1.0,hold_1,2.69584,0.292848,104.691,0.104691,1.04691,1.0
5,6,3,1.1,27,329.67,230.33,148.28,read_0,110.578,1.53505,1.53505,89.5962,77.1138,0.0614567,5.77405,0.0676023,0.676023,1.0,read_1,1.53517,110.578,1.53517,77.1138,89.5962,0.0614567,5.77405,0.0676023,0.676023,1.0,166.408,1099.8,1099.75,0.756113,114.749,0.831724,8.31724,1.0,write_0,83.3486,1099.8,1099.98,0.681679,114.825,0.749847,7.49847,1.0,write_1,166.408,0.831724,8.31724,hold_0,2.79304,0.297732,129.585,0.142544,1.42544,1.0,hold_1,2.7747,0.280231,131.594,0.144754,1.44754,1.0
5,6,3,1.2,27,356.96,250.27,163.29,read_0,121.334,2.0027,2.0027,89.3599,76.9492,0.0684314,6.32444,0.0821177,0.821177,1.0,read_1,2.00284,121.334,2.00284,76.9492,89.3599,0.0684314,6.32444,0.0821177,0.821177,1.0,165.42,1199.76,1199.7,0.893032,138.019,1.07164,10.7164,1.0,write_0,80.7842,1199.76,1199.98,0.795433,138.755,0.95452,9.5452,1.0,write_1,165.42,1.07164,10.7164,hold_0,2.90582,0.29291,163.424,0.196108,1.96108,1.0,hold_1,2.91829,0.30741,158.022,0.189626,1.89626,1.0
5,6,3,1.3,27,383.6,269.68,178.28,read_0,132.169,2.61293,2.61293,89.0512,76.7214,0.0768031,6.87693,0.0998441,0.998441,1.0,read_1,2.61311,132.169,2.61311,76.7214,89.0512,0.0768031,6.87693,0.0998441,0.998441,1.0,164.178,1299.71,1299.64,1.03487,165.169,1.34533,13.4533,1.0,write_0,78.5822,1299.71,1299.98,0.914857,163.906,1.18931,11.8931,1.0,write_1,164.178,1.34533,13.4533,hold_0,3.08518,0.289485,196.929,0.256008,2.56008,1.0,hold_1,3.0847,0.290123,196.016,0.254821,2.54821,1.0
5,6,4,0.6,27,182.15,112.88,148.24,read_0,70.4629,0.661219,0.661219,143.566,143.566,0.037517,3.6797,0.0225102,0.225102,1.0,read_1,0.66125,70.4629,0.66125,143.566,143.566,0.037517,3.6797,0.0225102,0.225102,1.0,159.507,599.875,599.877,0.195132,24.0259,0.117079,1.17079,1.0,write_0,91.779,599.885,599.995,0.189241,24.0228,0.113544,1.13544,1.0,write_1,159.507,0.117079,1.17079,hold_0,3.65086,0.36198,39.8392,0.0239035,0.239035,1.0,hold_1,3.64173,0.299818,39.1124,0.0234674,0.234674,1.0
5,6,4,0.7,27,213.34,131.95,168.16,read_0,84.3869,0.840203,0.840203,142.26,142.26,0.0445512,4.32588,0.0311859,0.311859,1.0,read_1,0.840245,84.3869,0.840245,142.26,142.26,0.0445512,4.32588,0.0311859,0.311859,1.0,155.631,699.874,699.861,0.258686,38.4316,0.18108,1.8108,1.0,write_0,81.2367,699.878,699.993,0.244476,38.2759,0.171133,1.71133,1.0,write_1,155.631,0.18108,1.8108,hold_0,3.3821,0.367544,52.3026,0.0366118,0.366118,1.0,hold_1,3.38133,0.366973,50.9896,0.0356927,0.356927,1.0
5,6,4,0.8,27,243.58,150.67,193.19,read_0,98.2429,1.10467,1.10467,141.086,3789.0,0.051882,4.98511,0.0415056,0.415056,1.0,read_1,1.10472,98.2429,1.10472,3789.0,141.086,0.051882,4.98511,0.0415056,0.415056,1.0,153.006,799.869,799.837,0.331877,55.8497,0.265502,2.65502,1.0,write_0,74.8682,799.866,799.991,0.306223,55.6388,0.244978,2.44978,1.0,write_1,153.006,0.265502,2.65502,hold_0,3.25123,0.350611,66.361,0.0530888,0.530888,1.0,hold_1,3.25216,0.352523,67.1502,0.0537202,0.537202,1.0
5,6,4,0.9,27,272.95,169.16,218.17,read_0,112.025,1.47388,1.47388,90.3399,114.021,0.0594787,5.64844,0.0535308,0.535308,1.0,read_1,1.47395,112.025,1.47395,114.021,90.3399,0.0594787,5.64844,0.0535308,0.535308,1.0,151.182,899.845,899.819,0.414951,75.5133,0.373455,3.73455,1.0,write_0,70.5528,899.848,899.992,0.375343,75.9308,0.337809,3.37809,1.0,write_1,151.182,0.373455,3.73455,hold_0,3.21112,0.347568,85.4153,0.0768738,0.768738,1.0,hold_1,3.21551,0.354279,85.2739,0.0767465,0.767465,1.0
5,6,4,1.0,27,301.72,187.33,248.23,read_0,125.761,1.96958,1.96958,90.0364,114.245,0.0673258,6.311,0.0673258,0.673258,1.0,read_1,1.96967,125.761,1.96967,114.245,90.0364,0.0673258,6.311,0.0673258,0.673258,1.0,149.704,999.821,999.793,0.50719,98.3437,0.50719,5.0719,1.0,write_0,67.4997,999.829,999.989,0.451352,98.0301,0.451352,4.51352,1.0,write_1,149.704,0.50719,5.0719,hold_0,3.25102,0.355228,106.675,0.106675,1.06675,1.0,hold_1,3.24891,0.357272,106.775,0.106775,1.06775,1.0
5,6,4,1.1,27,329.66,205.2,278.24,read_0,139.496,2.62048,2.62048,89.7842,113.736,0.0755156,6.97571,0.0830671,0.830671,1.0,read_1,2.62059,139.496,2.62059,113.736,89.7842,0.0755156,6.97571,0.0830671,0.830671,1.0,148.575,1099.8,1099.75,0.610919,122.729,0.672011,6.72011,1.0,write_0,65.0644,1099.79,1099.98,0.534748,122.044,0.588222,5.88222,1.0,write_1,148.575,0.672011,6.72011,hold_0,3.34671,0.356672,132.133,0.145346,1.45346,1.0,hold_1,3.33683,0.339272,133.223,0.146545,1.46545,1.0
5,6,4,1.2,27,356.95,222.57,308.21,read_0,153.278,3.46441,3.46441,89.5227,113.275,0.0840964,7.6431,0.100916,1.00916,1.0,read_1,3.46455,153.278,3.46455,113.275,89.5227,0.0840964,7.6431,0.100916,1.00916,1.0,147.406,1199.76,1199.7,0.720895,148.136,0.865074,8.65074,1.0,write_0,63.1592,1199.75,1199.98,0.624327,147.824,0.749193,7.49193,1.0,write_1,147.406,0.865074,8.65074,hold_0,3.48858,0.371652,162.833,0.195399,1.95399,1.0,hold_1,3.48557,0.341348,163.887,0.196664,1.96664,1.0
5,6,4,1.3,27,383.59,239.46,338.15,read_0,167.157,4.54827,4.54827,89.2039,112.743,0.0930922,8.31391,0.12102,1.2102,1.0,read_1,4.54845,167.157,4.54845,112.743,89.2039,0.0930922,8.31391,0.12102,1.2102,1.0,146.382,1299.7,1299.64,0.839653,175.702,1.09155,10.9155,1.0,write_0,61.5826,1299.7,1299.97,0.721308,176.167,0.937701,9.37701,1.0,write_1,146.382,1.09155,10.9155,hold_0,3.69,0.379414,199.467,0.259308,2.59308,1.0,hold_1,3.68018,0.353522,197.014,0.256119,2.56119,1.0
5,6,5,0.6,27,182.14,102.47,183.18,read_0,82.9389,0.917519,0.917519,297.298,195.195,0.0439171,4.3129,0.0263502,0.263502,1.0,read_1,0.91755,82.9389,0.91755,195.195,297.298,0.0439171,4.3129,0.0263502,0.263502,1.0,151.206,599.875,599.876,0.176089,26.211,0.105653,1.05653,1.0,write_0,80.6209,599.888,599.994,0.171546,26.1895,0.102928,1.02928,1.0,write_1,151.206,0.105653,1.05653,hold_0,4.26537,0.297971,40.8777,0.0245266,0.245266,1.0,hold_1,4.26037,0.309795,41.2873,0.0247724,0.247724,1.0
5,6,5,0.7,27,213.33,119.07,213.11,read_0,99.5407,1.2172,1.2172,142.834,142.834,0.0521539,5.06018,0.0365077,0.365077,1.0,read_1,1.21725,99.5407,1.21725,142.834,142.834,0.0521539,5.06018,0.0365077,0.365077,1.0,147.592,699.869,699.868,0.23229,41.3227,0.162603,1.62603,1.0,write_0,71.7787,699.879,699.995,0.220074,41.4853,0.154052,1.54052,1.0,write_1,147.592,0.162603,1.62603,hold_0,3.95232,0.378044,53.3261,0.0373282,0.373282,1.0,hold_1,3.95347,0.366925,52.8192,0.0369734,0.369734,1.0
5,6,5,0.8,27,243.57,135.31,248.17,read_0,116.141,1.65819,1.65819,141.866,2182.38,0.0606774,5.82725,0.0485419,0.485419,1.0,read_1,1.65824,116.141,1.65824,2182.38,141.866,0.0606774,5.82725,0.0485419,0.485419,1.0,145.064,799.863,799.847,0.297368,59.3828,0.237895,2.37895,1.0,write_0,66.3958,799.864,799.992,0.27582,60.0732,0.220656,2.20656,1.0,write_1,145.064,0.237895,2.37895,hold_0,3.80083,0.39479,68.8627,0.0550902,0.550902,1.0,hold_1,3.80021,0.394512,69.3661,0.0554929,0.554929,1.0
5,6,5,0.9,27,272.94,151.22,288.24,read_0,132.712,2.2833,2.2833,148.024,78.5691,0.0696092,6.59703,0.0626483,0.626483,1.0,read_1,2.28338,132.712,2.28338,78.5691,148.024,0.0696092,6.59703,0.0626483,0.626483,1.0,143.191,899.848,899.82,0.371202,80.8912,0.334082,3.34082,1.0,write_0,62.6531,899.852,899.99,0.33755,80.8919,0.303795,3.03795,1.0,write_1,143.191,0.334082,3.34082,hold_0,3.75938,0.405013,88.094,0.0792846,0.792846,1.0,hold_1,3.74679,0.410466,86.9159,0.0782243,0.782243,1.0
5,6,5,1.0,27,301.7,166.88,323.17,read_0,149.268,3.12391,3.12391,90.1979,78.4693,0.078808,7.3706,0.078808,0.78808,1.0,read_1,3.124,149.268,3.124,78.4693,90.1979,0.078808,7.3706,0.078808,0.78808,1.0,141.455,999.829,999.785,0.453992,102.969,0.453992,4.53992,1.0,write_0,60.2284,999.827,999.987,0.407766,103.599,0.407766,4.07766,1.0,write_1,141.455,0.453992,4.53992,hold_0,3.78676,0.399382,107.991,0.107991,1.07991,1.0,hold_1,3.78857,0.397027,109.904,0.109904,1.09904,1.0
5,6,5,1.1,27,329.65,182.08,363.15,read_0,165.847,4.19042,4.19042,89.9287,78.3534,0.0883687,8.14783,0.0972056,0.972056,1.0,read_1,4.19053,165.847,4.19053,78.3534,89.9287,0.0883687,8.14783,0.0972056,0.972056,1.0,140.115,1099.8,1099.74,0.548464,121.803,0.60331,6.0331,1.0,write_0,58.2344,1099.8,1099.99,0.483497,129.817,0.531847,5.31847,1.0,write_1,140.115,0.60331,6.0331,hold_0,3.90243,0.413499,135.664,0.149231,1.49231,1.0,hold_1,3.89246,0.396719,136.315,0.149946,1.49946,1.0
5,6,5,1.2,27,356.94,196.87,408.18,read_0,182.499,5.54407,5.54407,89.6502,78.204,0.0983261,8.92951,0.117991,1.17991,1.0,read_1,5.54421,182.499,5.54421,78.204,89.6502,0.0983261,8.92951,0.117991,1.17991,1.0,138.757,1199.77,1199.68,0.648216,145.255,0.777859,7.77859,1.0,write_0,56.6915,1199.76,1199.98,0.566576,156.198,0.679891,6.79891,1.0,write_1,138.757,0.777859,7.77859,hold_0,4.05904,0.401437,167.899,0.201479,2.01479,1.0,hold_1,4.04592,0.400083,167.19,0.200628,2.00628,1.0
5,6,5,1.3,27,383.58,211.13,453.17,read_0,199.282,7.21944,7.21944,87.095,108.811,0.108728,9.71636,0.141347,1.41347,1.0,read_1,7.21962,199.282,7.21962,108.811,87.095,0.108728,9.71636,0.141347,1.41347,1.0,137.444,1299.7,1299.63,0.755626,167.258,0.982313,9.82313,1.0,write_0,55.4768,1299.7,1299.97,0.658536,184.842,0.856097,8.56097,1.0,write_1,137.444,0.982313,9.82313,hold_0,4.27164,0.426583,203.928,0.265107,2.65107,1.0,hold_1,4.29028,0.443064,204.576,0.265949,2.65949,1.0
