/q X,/q Y,q vs qb X,q vs qb Y,qb vs q X,qb vs q Y
0,0,1.199917846732362,0,0,1.199917846732362
0.001,0.001,1.199916771281212,0.001,0.001,1.199916771281212
0.002,0.002,1.199915671468195,0.002,0.002,1.199915671468195
0.003,0.003,1.199914546780257,0.003,0.003,1.199914546780257
0.004,0.004,1.19991339669432,0.004,0.004,1.19991339669432
0.005,0.005,1.199912220677124,0.005,0.005,1.199912220677124
0.006,0.006,1.199911018185065,0.006,0.006,1.199911018185065
0.007,0.007,1.199909788664038,0.007,0.007,1.199909788664038
0.008,0.008,1.199908531549273,0.008,0.008,1.199908531549273
0.009000000000000001,0.009000000000000001,1.199907246265173,0.009000000000000001,0.009000000000000001,1.199907246265173
0.01,0.01,1.199905932225156,0.01,0.01,1.199905932225156
0.011,0.011,1.199904588831484,0.011,0.011,1.199904588831484
0.012,0.012,1.19990321547511,0.012,0.012,1.19990321547511
0.013,0.013,1.199901811535509,0.013,0.013,1.199901811535509
0.01400000000000001,0.01400000000000001,1.199900376380514,0.01400000000000001,0.01400000000000001,1.199900376380514
0.01500000000000001,0.01500000000000001,1.199898909366158,0.01500000000000001,0.01500000000000001,1.199898909366158
0.01600000000000001,0.01600000000000001,1.199897409836505,0.01600000000000001,0.01600000000000001,1.199897409836505
0.01700000000000001,0.01700000000000001,1.199895877123489,0.01700000000000001,0.01700000000000001,1.199895877123489
0.01800000000000001,0.01800000000000001,1.199894310546754,0.01800000000000001,0.01800000000000001,1.199894310546754
0.01900000000000001,0.01900000000000001,1.199892709413485,0.01900000000000001,0.01900000000000001,1.199892709413485
0.02000000000000001,0.02000000000000001,1.199891073018252,0.02000000000000001,0.02000000000000001,1.199891073018252
0.02100000000000001,0.02100000000000001,1.199889400642843,0.02100000000000001,0.02100000000000001,1.199889400642843
0.02200000000000001,0.02200000000000001,1.199887691556105,0.02200000000000001,0.02200000000000001,1.199887691556105
0.02300000000000001,0.02300000000000001,1.199885945013782,0.02300000000000001,0.02300000000000001,1.199885945013782
0.02400000000000001,0.02400000000000001,1.199884160258358,0.02400000000000001,0.02400000000000001,1.199884160258358
0.02500000000000002,0.02500000000000002,1.19988233651889,0.02500000000000002,0.02500000000000002,1.19988233651889
0.02600000000000002,0.02600000000000002,1.199880473010859,0.02600000000000002,0.02600000000000002,1.199880473010859
0.02700000000000002,0.02700000000000002,1.199878568936003,0.02700000000000002,0.02700000000000002,1.199878568936003
0.02800000000000002,0.02800000000000002,1.199876623482168,0.02800000000000002,0.02800000000000002,1.199876623482168
0.02900000000000002,0.02900000000000002,1.199874635823146,0.02900000000000002,0.02900000000000002,1.199874635823146
0.03000000000000002,0.03000000000000002,1.199872605118522,0.03000000000000002,0.03000000000000002,1.199872605118522
0.03100000000000002,0.03100000000000002,1.199870530513524,0.03100000000000002,0.03100000000000002,1.199870530513524
0.03200000000000002,0.03200000000000002,1.199868411138867,0.03200000000000002,0.03200000000000002,1.199868411138867
0.03300000000000002,0.03300000000000002,1.199866246110602,0.03300000000000002,0.03300000000000002,1.199866246110602
0.03400000000000002,0.03400000000000002,1.199864034529968,0.03400000000000002,0.03400000000000002,1.199864034529968
0.03500000000000002,0.03500000000000002,1.199861775483244,0.03500000000000002,0.03500000000000002,1.199861775483244
0.03600000000000003,0.03600000000000003,1.199859468041603,0.03600000000000003,0.03600000000000003,1.199859468041603
0.03700000000000003,0.03700000000000003,1.199857111260966,0.03700000000000003,0.03700000000000003,1.199857111260966
0.03800000000000003,0.03800000000000003,1.199854704181861,0.03800000000000003,0.03800000000000003,1.199854704181861
0.03900000000000003,0.03900000000000003,1.199852245829281,0.03900000000000003,0.03900000000000003,1.199852245829281
0.04000000000000003,0.04000000000000003,1.199849735212547,0.04000000000000003,0.04000000000000003,1.199849735212547
0.04100000000000003,0.04100000000000003,1.199847171325172,0.04100000000000003,0.04100000000000003,1.199847171325172
0.04200000000000003,0.04200000000000003,1.199844553144725,0.04200000000000003,0.04200000000000003,1.199844553144725
0.04300000000000003,0.04300000000000003,1.199841879632704,0.04300000000000003,0.04300000000000003,1.199841879632704
0.04400000000000003,0.04400000000000003,1.199839149734405,0.04400000000000003,0.04400000000000003,1.199839149734405
0.04500000000000003,0.04500000000000003,1.1998363623788,0.04500000000000003,0.04500000000000003,1.1998363623788
0.04600000000000003,0.04600000000000003,1.199833516478413,0.04600000000000003,0.04600000000000003,1.199833516478413
0.04700000000000003,0.04700000000000003,1.199830610929206,0.04700000000000003,0.04700000000000003,1.199830610929206
0.04800000000000004,0.04800000000000004,1.199827644610463,0.04800000000000004,0.04800000000000004,1.199827644610463
0.04900000000000004,0.04900000000000004,1.199824616384681,0.04900000000000004,0.04900000000000004,1.199824616384681
0.05000000000000004,0.05000000000000004,1.199821525097469,0.05000000000000004,0.05000000000000004,1.199821525097469
0.05100000000000004,0.05100000000000004,1.199818369577444,0.05100000000000004,0.05100000000000004,1.199818369577444
0.05200000000000004,0.05200000000000004,1.199815148636141,0.05200000000000004,0.05200000000000004,1.199815148636141
0.05300000000000004,0.05300000000000004,1.199811861067922,0.05300000000000004,0.05300000000000004,1.199811861067922
0.05400000000000004,0.05400000000000004,1.199808505649893,0.05400000000000004,0.05400000000000004,1.199808505649893
0.05500000000000004,0.05500000000000004,1.19980508114183,0.05500000000000004,0.05500000000000004,1.19980508114183
0.05600000000000004,0.05600000000000004,1.19980158628611,0.05600000000000004,0.05600000000000004,1.19980158628611
0.05700000000000004,0.05700000000000004,1.199798019807644,0.05700000000000004,0.05700000000000004,1.199798019807644
0.05800000000000004,0.05800000000000004,1.199794380413827,0.05800000000000004,0.05800000000000004,1.199794380413827
0.05900000000000005,0.05900000000000005,1.199790666794484,0.05900000000000005,0.05900000000000005,1.199790666794484
0.06000000000000005,0.06000000000000005,1.199786877621833,0.06000000000000005,0.06000000000000005,1.199786877621833
0.06100000000000005,0.06100000000000005,1.199783011550453,0.06100000000000005,0.06100000000000005,1.199783011550453
0.06200000000000005,0.06200000000000005,1.199779067217257,0.06200000000000005,0.06200000000000005,1.199779067217257
0.06300000000000004,0.06300000000000004,1.199775043241474,0.06300000000000004,0.06300000000000004,1.199775043241474
0.06400000000000004,0.06400000000000004,1.199770938224645,0.06400000000000004,0.06400000000000004,1.199770938224645
0.06500000000000004,0.06500000000000004,1.19976675075062,0.06500000000000004,0.06500000000000004,1.19976675075062
0.06600000000000004,0.06600000000000004,1.199762479385563,0.06600000000000004,0.06600000000000004,1.199762479385563
0.06700000000000005,0.06700000000000005,1.199758122677977,0.06700000000000005,0.06700000000000005,1.199758122677977
0.06800000000000005,0.06800000000000005,1.199753679158721,0.06800000000000005,0.06800000000000005,1.199753679158721
0.06900000000000005,0.06900000000000005,1.199749147341046,0.06900000000000005,0.06900000000000005,1.199749147341046
0.07000000000000005,0.07000000000000005,1.199744525720636,0.07000000000000005,0.07000000000000005,1.199744525720636
0.07100000000000005,0.07100000000000005,1.19973981277566,0.07100000000000005,0.07100000000000005,1.19973981277566
0.07200000000000005,0.07200000000000005,1.199735006966828,0.07200000000000005,0.07200000000000005,1.199735006966828
0.07300000000000005,0.07300000000000005,1.199730106737453,0.07300000000000005,0.07300000000000005,1.199730106737453
0.07400000000000005,0.07400000000000005,1.199725110513533,0.07400000000000005,0.07400000000000005,1.199725110513533
0.07500000000000005,0.07500000000000005,1.199720016703826,0.07500000000000005,0.07500000000000005,1.199720016703826
0.07600000000000005,0.07600000000000005,1.19971482369994,0.07600000000000005,0.07600000000000005,1.19971482369994
0.07700000000000005,0.07700000000000005,1.19970952987643,0.07700000000000005,0.07700000000000005,1.19970952987643
0.07800000000000006,0.07800000000000006,1.199704133590904,0.07800000000000006,0.07800000000000006,1.199704133590904
0.07900000000000006,0.07900000000000006,1.199698633184132,0.07900000000000006,0.07900000000000006,1.199698633184132
0.08000000000000006,0.08000000000000006,1.199693026980163,0.08000000000000006,0.08000000000000006,1.199693026980163
0.08100000000000006,0.08100000000000006,1.199687313286453,0.08100000000000006,0.08100000000000006,1.199687313286453
0.08200000000000006,0.08200000000000006,1.199681490393994,0.08200000000000006,0.08200000000000006,1.199681490393994
0.08300000000000006,0.08300000000000006,1.199675556577455,0.08300000000000006,0.08300000000000006,1.199675556577455
0.08400000000000006,0.08400000000000006,1.199669510095324,0.08400000000000006,0.08400000000000006,1.199669510095324
0.08500000000000006,0.08500000000000006,1.199663349190064,0.08500000000000006,0.08500000000000006,1.199663349190064
0.08600000000000006,0.08600000000000006,1.199657072088264,0.08600000000000006,0.08600000000000006,1.199657072088264
0.08700000000000006,0.08700000000000006,1.199650677000807,0.08700000000000006,0.08700000000000006,1.199650677000807
0.08800000000000006,0.08800000000000006,1.199644162123039,0.08800000000000006,0.08800000000000006,1.199644162123039
0.08900000000000007,0.08900000000000007,1.199637525634941,0.08900000000000007,0.08900000000000007,1.199637525634941
0.09000000000000007,0.09000000000000007,1.199630765701315,0.09000000000000007,0.09000000000000007,1.199630765701315
0.09100000000000007,0.09100000000000007,1.199623880471964,0.09100000000000007,0.09100000000000007,1.199623880471964
0.09200000000000007,0.09200000000000007,1.199616868081886,0.09200000000000007,0.09200000000000007,1.199616868081886
0.09300000000000007,0.09300000000000007,1.199609726651471,0.09300000000000007,0.09300000000000007,1.199609726651471
0.09400000000000007,0.09400000000000007,1.199602454286703,0.09400000000000007,0.09400000000000007,1.199602454286703
0.09500000000000007,0.09500000000000007,1.199595049079363,0.09500000000000007,0.09500000000000007,1.199595049079363
0.09600000000000007,0.09600000000000007,1.199587509107239,0.09600000000000007,0.09600000000000007,1.199587509107239
0.09700000000000007,0.09700000000000007,1.199579832434347,0.09700000000000007,0.09700000000000007,1.199579832434347
0.09800000000000007,0.09800000000000007,1.19957201711114,0.09800000000000007,0.09800000000000007,1.19957201711114
0.09900000000000007,0.09900000000000007,1.199564061174741,0.09900000000000007,0.09900000000000007,1.199564061174741
0.1000000000000001,0.1000000000000001,1.199555962649162,0.1000000000000001,0.1000000000000001,1.199555962649162
0.1010000000000001,0.1010000000000001,1.199547719545537,0.1010000000000001,0.1010000000000001,1.199547719545537
0.1020000000000001,0.1020000000000001,1.199539329862356,0.1020000000000001,0.1020000000000001,1.199539329862356
0.1030000000000001,0.1030000000000001,1.199530791585699,0.1030000000000001,0.1030000000000001,1.199530791585699
0.1040000000000001,0.1040000000000001,1.199522102689475,0.1040000000000001,0.1040000000000001,1.199522102689475
0.1050000000000001,0.1050000000000001,1.199513261135668,0.1050000000000001,0.1050000000000001,1.199513261135668
0.1060000000000001,0.1060000000000001,1.199504264874576,0.1060000000000001,0.1060000000000001,1.199504264874576
0.1070000000000001,0.1070000000000001,1.199495111845057,0.1070000000000001,0.1070000000000001,1.199495111845057
0.1080000000000001,0.1080000000000001,1.19948579997478,0.1080000000000001,0.1080000000000001,1.19948579997478
0.1090000000000001,0.1090000000000001,1.199476327180473,0.1090000000000001,0.1090000000000001,1.199476327180473
0.1100000000000001,0.1100000000000001,1.199466691368173,0.1100000000000001,0.1100000000000001,1.199466691368173
0.1110000000000001,0.1110000000000001,1.199456890433477,0.1110000000000001,0.1110000000000001,1.199456890433477
0.1120000000000001,0.1120000000000001,1.199446922261796,0.1120000000000001,0.1120000000000001,1.199446922261796
0.1130000000000001,0.1130000000000001,1.199436784728608,0.1130000000000001,0.1130000000000001,1.199436784728608
0.1140000000000001,0.1140000000000001,1.19942647569971,0.1140000000000001,0.1140000000000001,1.19942647569971
0.1150000000000001,0.1150000000000001,1.19941599303147,0.1150000000000001,0.1150000000000001,1.19941599303147
0.1160000000000001,0.1160000000000001,1.199405334571085,0.1160000000000001,0.1160000000000001,1.199405334571085
0.1170000000000001,0.1170000000000001,1.199394498156829,0.1170000000000001,0.1170000000000001,1.199394498156829
0.1180000000000001,0.1180000000000001,1.199383481618304,0.1180000000000001,0.1180000000000001,1.199383481618304
0.1190000000000001,0.1190000000000001,1.199372282776695,0.1190000000000001,0.1190000000000001,1.199372282776695
0.1200000000000001,0.1200000000000001,1.199360899445015,0.1200000000000001,0.1200000000000001,1.199360899445015
0.1210000000000001,0.1210000000000001,1.199349329428357,0.1210000000000001,0.1210000000000001,1.199349329428357
0.1220000000000001,0.1220000000000001,1.199337570524137,0.1220000000000001,0.1220000000000001,1.199337570524137
0.1230000000000001,0.1230000000000001,1.199325620522339,0.1230000000000001,0.1230000000000001,1.199325620522339
0.1240000000000001,0.1240000000000001,1.199313477205759,0.1240000000000001,0.1240000000000001,1.199313477205759
0.1250000000000001,0.1250000000000001,1.199301138350241,0.1250000000000001,0.1250000000000001,1.199301138350241
0.1260000000000001,0.1260000000000001,1.199288601724916,0.1260000000000001,0.1260000000000001,1.199288601724916
0.1270000000000001,0.1270000000000001,1.19927586509244,0.1270000000000001,0.1270000000000001,1.19927586509244
0.1280000000000001,0.1280000000000001,1.199262926209217,0.1280000000000001,0.1280000000000001,1.199262926209217
0.1290000000000001,0.1290000000000001,1.199249782825634,0.1290000000000001,0.1290000000000001,1.199249782825634
0.1300000000000001,0.1300000000000001,1.199236432686281,0.1300000000000001,0.1300000000000001,1.199236432686281
0.1310000000000001,0.1310000000000001,1.199222873530174,0.1310000000000001,0.1310000000000001,1.199222873530174
0.1320000000000001,0.1320000000000001,1.199209103090973,0.1320000000000001,0.1320000000000001,1.199209103090973
0.1330000000000001,0.1330000000000001,1.199195119097192,0.1330000000000001,0.1330000000000001,1.199195119097192
0.1340000000000001,0.1340000000000001,1.199180919272413,0.1340000000000001,0.1340000000000001,1.199180919272413
0.1350000000000001,0.1350000000000001,1.199166501335483,0.1350000000000001,0.1350000000000001,1.199166501335483
0.1360000000000001,0.1360000000000001,1.199151863000723,0.1360000000000001,0.1360000000000001,1.199151863000723
0.1370000000000001,0.1370000000000001,1.199137001978119,0.1370000000000001,0.1370000000000001,1.199137001978119
0.1380000000000001,0.1380000000000001,1.199121915973514,0.1380000000000001,0.1380000000000001,1.199121915973514
0.1390000000000001,0.1390000000000001,1.199106602688795,0.1390000000000001,0.1390000000000001,1.199106602688795
0.1400000000000001,0.1400000000000001,1.199091059822074,0.1400000000000001,0.1400000000000001,1.199091059822074
0.1410000000000001,0.1410000000000001,1.199075285067866,0.1410000000000001,0.1410000000000001,1.199075285067866
0.1420000000000001,0.1420000000000001,1.199059276117258,0.1420000000000001,0.1420000000000001,1.199059276117258
0.1430000000000001,0.1430000000000001,1.199043030658079,0.1430000000000001,0.1430000000000001,1.199043030658079
0.1440000000000001,0.1440000000000001,1.199026546375057,0.1440000000000001,0.1440000000000001,1.199026546375057
0.1450000000000001,0.1450000000000001,1.199009820949978,0.1450000000000001,0.1450000000000001,1.199009820949978
0.1460000000000001,0.1460000000000001,1.198992852061838,0.1460000000000001,0.1460000000000001,1.198992852061838
0.1470000000000001,0.1470000000000001,1.198975637386982,0.1470000000000001,0.1470000000000001,1.198975637386982
0.1480000000000001,0.1480000000000001,1.198958174599249,0.1480000000000001,0.1480000000000001,1.198958174599249
0.1490000000000001,0.1490000000000001,1.198940461370106,0.1490000000000001,0.1490000000000001,1.198940461370106
0.1500000000000001,0.1500000000000001,1.198922495368773,0.1500000000000001,0.1500000000000001,1.198922495368773
0.1510000000000001,0.1510000000000001,1.198904274262349,0.1510000000000001,0.1510000000000001,1.198904274262349
0.1520000000000001,0.1520000000000001,1.19888579571593,0.1520000000000001,0.1520000000000001,1.19888579571593
0.1530000000000001,0.1530000000000001,1.198867057392719,0.1530000000000001,0.1530000000000001,1.198867057392719
0.1540000000000001,0.1540000000000001,1.198848056954134,0.1540000000000001,0.1540000000000001,1.198848056954134
0.1550000000000001,0.1550000000000001,1.198828792059905,0.1550000000000001,0.1550000000000001,1.198828792059905
0.1560000000000001,0.1560000000000001,1.198809260368177,0.1560000000000001,0.1560000000000001,1.198809260368177
0.1570000000000001,0.1570000000000001,1.198789459535591,0.1570000000000001,0.1570000000000001,1.198789459535591
0.1580000000000001,0.1580000000000001,1.198769387217373,0.1580000000000001,0.1580000000000001,1.198769387217373
0.1590000000000001,0.1590000000000001,1.198749041067412,0.1590000000000001,0.1590000000000001,1.198749041067412
0.1600000000000001,0.1600000000000001,1.198728418738332,0.1600000000000001,0.1600000000000001,1.198728418738332
0.1610000000000001,0.1610000000000001,1.19870751788156,0.1610000000000001,0.1610000000000001,1.19870751788156
0.1620000000000001,0.1620000000000001,1.198686336147389,0.1620000000000001,0.1620000000000001,1.198686336147389
0.1630000000000001,0.1630000000000001,1.198664871185031,0.1630000000000001,0.1630000000000001,1.198664871185031
0.1640000000000001,0.1640000000000001,1.198643120642677,0.1640000000000001,0.1640000000000001,1.198643120642677
0.1650000000000001,0.1650000000000001,1.198621082167532,0.1650000000000001,0.1650000000000001,1.198621082167532
0.1660000000000001,0.1660000000000001,1.198598753405864,0.1660000000000001,0.1660000000000001,1.198598753405864
0.1670000000000001,0.1670000000000001,1.198576132003038,0.1670000000000001,0.1670000000000001,1.198576132003038
0.1680000000000001,0.1680000000000001,1.198553215603543,0.1680000000000001,0.1680000000000001,1.198553215603543
0.1690000000000001,0.1690000000000001,1.198530001851023,0.1690000000000001,0.1690000000000001,1.198530001851023
0.1700000000000001,0.1700000000000001,1.198506488388293,0.1700000000000001,0.1700000000000001,1.198506488388293
0.1710000000000001,0.1710000000000001,1.198482672857357,0.1710000000000001,0.1710000000000001,1.198482672857357
0.1720000000000001,0.1720000000000001,1.198458552899417,0.1720000000000001,0.1720000000000001,1.198458552899417
0.1730000000000001,0.1730000000000001,1.198434126154881,0.1730000000000001,0.1730000000000001,1.198434126154881
0.1740000000000001,0.1740000000000001,1.198409390263363,0.1740000000000001,0.1740000000000001,1.198409390263363
0.1750000000000001,0.1750000000000001,1.198384342863678,0.1750000000000001,0.1750000000000001,1.198384342863678
0.1760000000000001,0.1760000000000001,1.198358981593837,0.1760000000000001,0.1760000000000001,1.198358981593837
0.1770000000000001,0.1770000000000001,1.198333304091032,0.1770000000000001,0.1770000000000001,1.198333304091032
0.1780000000000001,0.1780000000000001,1.19830730799162,0.1780000000000001,0.1780000000000001,1.19830730799162
0.1790000000000001,0.1790000000000001,1.198280990931102,0.1790000000000001,0.1790000000000001,1.198280990931102
0.1800000000000001,0.1800000000000001,1.198254350544095,0.1800000000000001,0.1800000000000001,1.198254350544095
0.1810000000000001,0.1810000000000001,1.198227384464307,0.1810000000000001,0.1810000000000001,1.198227384464307
0.1820000000000001,0.1820000000000001,1.198200090324498,0.1820000000000001,0.1820000000000001,1.198200090324498
0.1830000000000001,0.1830000000000001,1.198172465756443,0.1830000000000001,0.1830000000000001,1.198172465756443
0.1840000000000001,0.1840000000000001,1.198144508390894,0.1840000000000001,0.1840000000000001,1.198144508390894
0.1850000000000001,0.1850000000000001,1.198116215857529,0.1850000000000001,0.1850000000000001,1.198116215857529
0.1860000000000001,0.1860000000000001,1.198087585784906,0.1860000000000001,0.1860000000000001,1.198087585784906
0.1870000000000001,0.1870000000000001,1.198058615800406,0.1870000000000001,0.1870000000000001,1.198058615800406
0.1880000000000001,0.1880000000000001,1.198029303530181,0.1880000000000001,0.1880000000000001,1.198029303530181
0.1890000000000001,0.1890000000000001,1.197999646599089,0.1890000000000001,0.1890000000000001,1.197999646599089
0.1900000000000001,0.1900000000000001,1.197969642630632,0.1900000000000001,0.1900000000000001,1.197969642630632
0.1910000000000001,0.1910000000000001,1.197939289246888,0.1910000000000001,0.1910000000000001,1.197939289246888
0.1920000000000001,0.1920000000000001,1.197908584068439,0.1920000000000001,0.1920000000000001,1.197908584068439
0.1930000000000001,0.1930000000000001,1.197877524714299,0.1930000000000001,0.1930000000000001,1.197877524714299
0.1940000000000001,0.1940000000000001,1.197846108801837,0.1940000000000001,0.1940000000000001,1.197846108801837
0.1950000000000001,0.1950000000000001,1.197814333946692,0.1950000000000001,0.1950000000000001,1.197814333946692
0.1960000000000001,0.1960000000000001,1.197782197762695,0.1960000000000001,0.1960000000000001,1.197782197762695
0.1970000000000001,0.1970000000000001,1.197749697861778,0.1970000000000001,0.1970000000000001,1.197749697861778
0.1980000000000001,0.1980000000000001,1.197716831853888,0.1980000000000001,0.1980000000000001,1.197716831853888
0.1990000000000001,0.1990000000000001,1.197683597346893,0.1990000000000001,0.1990000000000001,1.197683597346893
0.2000000000000001,0.2000000000000001,1.197649991946486,0.2000000000000001,0.2000000000000001,1.197649991946486
0.2010000000000002,0.2010000000000002,1.197616013256087,0.2010000000000002,0.2010000000000002,1.197616013256087
0.2020000000000002,0.2020000000000002,1.197581658876745,0.2020000000000002,0.2020000000000002,1.197581658876745
0.2030000000000002,0.2030000000000002,1.197546926407032,0.2030000000000002,0.2030000000000002,1.197546926407032
0.2040000000000002,0.2040000000000002,1.197511813442938,0.2040000000000002,0.2040000000000002,1.197511813442938
0.2050000000000002,0.2050000000000002,1.197476317577764,0.2050000000000002,0.2050000000000002,1.197476317577764
0.2060000000000002,0.2060000000000002,1.197440436402007,0.2060000000000002,0.2060000000000002,1.197440436402007
0.2070000000000002,0.2070000000000002,1.197404167503252,0.2070000000000002,0.2070000000000002,1.197404167503252
0.2080000000000002,0.2080000000000002,1.197367508466053,0.2080000000000002,0.2080000000000002,1.197367508466053
0.2090000000000002,0.2090000000000002,1.197330456871815,0.2090000000000002,0.2090000000000002,1.197330456871815
0.2100000000000002,0.2100000000000002,1.197293010298675,0.2100000000000002,0.2100000000000002,1.197293010298675
0.2110000000000002,0.2110000000000002,1.19725516632138,0.2110000000000002,0.2110000000000002,1.19725516632138
0.2120000000000002,0.2120000000000002,1.197216922511161,0.2120000000000002,0.2120000000000002,1.197216922511161
0.2130000000000002,0.2130000000000002,1.197178276435605,0.2130000000000002,0.2130000000000002,1.197178276435605
0.2140000000000002,0.2140000000000002,1.197139225658529,0.2140000000000002,0.2140000000000002,1.197139225658529
0.2150000000000002,0.2150000000000002,1.197099767739846,0.2150000000000002,0.2150000000000002,1.197099767739846
0.2160000000000002,0.2160000000000002,1.197059900235435,0.2160000000000002,0.2160000000000002,1.197059900235435
0.2170000000000002,0.2170000000000002,1.197019620697002,0.2170000000000002,0.2170000000000002,1.197019620697002
0.2180000000000002,0.2180000000000002,1.196978926671945,0.2180000000000002,0.2180000000000002,1.196978926671945
0.2190000000000002,0.2190000000000002,1.196937815703217,0.2190000000000002,0.2190000000000002,1.196937815703217
0.2200000000000002,0.2200000000000002,1.19689628532918,0.2200000000000002,0.2200000000000002,1.19689628532918
0.2210000000000002,0.2210000000000002,1.196854333083466,0.2210000000000002,0.2210000000000002,1.196854333083466
0.2220000000000002,0.2220000000000002,1.196811956494829,0.2220000000000002,0.2220000000000002,1.196811956494829
0.2230000000000002,0.2230000000000002,1.196769153087003,0.2230000000000002,0.2230000000000002,1.196769153087003
0.2240000000000002,0.2240000000000002,1.196725920378547,0.2240000000000002,0.2240000000000002,1.196725920378547
0.2250000000000002,0.2250000000000002,1.1966822558827,0.2250000000000002,0.2250000000000002,1.1966822558827
0.2260000000000002,0.2260000000000002,1.196638157107226,0.2260000000000002,0.2260000000000002,1.196638157107226
0.2270000000000002,0.2270000000000002,1.196593621554261,0.2270000000000002,0.2270000000000002,1.196593621554261
0.2280000000000002,0.2280000000000002,1.196548646720154,0.2280000000000002,0.2280000000000002,1.196548646720154
0.2290000000000002,0.2290000000000002,1.196503230095316,0.2290000000000002,0.2290000000000002,1.196503230095316
0.2300000000000002,0.2300000000000002,1.196457369164054,0.2300000000000002,0.2300000000000002,1.196457369164054
0.2310000000000002,0.2310000000000002,1.196411061404411,0.2310000000000002,0.2310000000000002,1.196411061404411
0.2320000000000002,0.2320000000000002,1.196364304288007,0.2320000000000002,0.2320000000000002,1.196364304288007
0.2330000000000002,0.2330000000000002,1.196317095279869,0.2330000000000002,0.2330000000000002,1.196317095279869
0.2340000000000002,0.2340000000000002,1.196269431838268,0.2340000000000002,0.2340000000000002,1.196269431838268
0.2350000000000002,0.2350000000000002,1.196221311414549,0.2350000000000002,0.2350000000000002,1.196221311414549
0.2360000000000002,0.2360000000000002,1.196172731452962,0.2360000000000002,0.2360000000000002,1.196172731452962
0.2370000000000002,0.2370000000000002,1.196123689390489,0.2370000000000002,0.2370000000000002,1.196123689390489
0.2380000000000002,0.2380000000000002,1.19607418265667,0.2380000000000002,0.2380000000000002,1.19607418265667
0.2390000000000002,0.2390000000000002,1.196024208673431,0.2390000000000002,0.2390000000000002,1.196024208673431
0.2400000000000002,0.2400000000000002,1.1959737648549,0.2400000000000002,0.2400000000000002,1.1959737648549
0.2410000000000002,0.2410000000000002,1.195922848607236,0.2410000000000002,0.2410000000000002,1.195922848607236
0.2420000000000002,0.2420000000000002,1.195871457328443,0.2420000000000002,0.2420000000000002,1.195871457328443
0.2430000000000002,0.2430000000000002,1.195819588408189,0.2430000000000002,0.2430000000000002,1.195819588408189
0.2440000000000002,0.2440000000000002,1.19576723922762,0.2440000000000002,0.2440000000000002,1.19576723922762
0.2450000000000002,0.2450000000000002,1.195714407159176,0.2450000000000002,0.2450000000000002,1.195714407159176
0.2460000000000002,0.2460000000000002,1.195661089566401,0.2460000000000002,0.2460000000000002,1.195661089566401
0.2470000000000002,0.2470000000000002,1.195607283803753,0.2470000000000002,0.2470000000000002,1.195607283803753
0.2480000000000002,0.2480000000000002,1.195552987216414,0.2480000000000002,0.2480000000000002,1.195552987216414
0.2490000000000002,0.2490000000000002,1.195498197140093,0.2490000000000002,0.2490000000000002,1.195498197140093
0.2500000000000002,0.2500000000000002,1.195442910900832,0.2500000000000002,0.2500000000000002,1.195442910900832
0.2510000000000002,0.2510000000000002,1.195387125814808,0.2510000000000002,0.2510000000000002,1.195387125814808
0.2520000000000002,0.2520000000000002,1.195330839188132,0.2520000000000002,0.2520000000000002,1.195330839188132
0.2530000000000002,0.2530000000000002,1.195274048316649,0.2530000000000002,0.2530000000000002,1.195274048316649
0.2540000000000002,0.2540000000000002,1.195216750485733,0.2540000000000002,0.2540000000000002,1.195216750485733
0.2550000000000002,0.2550000000000002,1.195158942970079,0.2550000000000002,0.2550000000000002,1.195158942970079
0.2560000000000002,0.2560000000000002,1.195100623033499,0.2560000000000002,0.2560000000000002,1.195100623033499
0.2570000000000002,0.2570000000000002,1.195041787928707,0.2570000000000002,0.2570000000000002,1.195041787928707
0.2580000000000002,0.2580000000000002,1.194982434897113,0.2580000000000002,0.2580000000000002,1.194982434897113
0.2590000000000002,0.2590000000000002,1.194922561168601,0.2590000000000002,0.2590000000000002,1.194922561168601
0.2600000000000002,0.2600000000000002,1.194862163961316,0.2600000000000002,0.2600000000000002,1.194862163961316
0.2610000000000002,0.2610000000000002,1.194801240481445,0.2610000000000002,0.2610000000000002,1.194801240481445
0.2620000000000002,0.2620000000000002,1.194739787922993,0.2620000000000002,0.2620000000000002,1.194739787922993
0.2630000000000002,0.2630000000000002,1.194677803467565,0.2630000000000002,0.2630000000000002,1.194677803467565
0.2640000000000002,0.2640000000000002,1.194615284284131,0.2640000000000002,0.2640000000000002,1.194615284284131
0.2650000000000002,0.2650000000000002,1.194552227528804,0.2650000000000002,0.2650000000000002,1.194552227528804
0.2660000000000002,0.2660000000000002,1.194488630344608,0.2660000000000002,0.2660000000000002,1.194488630344608
0.2670000000000002,0.2670000000000002,1.194424489861241,0.2670000000000002,0.2670000000000002,1.194424489861241
0.2680000000000002,0.2680000000000002,1.194359803194842,0.2680000000000002,0.2680000000000002,1.194359803194842
0.2690000000000002,0.2690000000000002,1.194294567447751,0.2690000000000002,0.2690000000000002,1.194294567447751
0.2700000000000002,0.2700000000000002,1.194228779708267,0.2700000000000002,0.2700000000000002,1.194228779708267
0.2710000000000002,0.2710000000000002,1.194162437050407,0.2710000000000002,0.2710000000000002,1.194162437050407
0.2720000000000002,0.2720000000000002,1.194095536533653,0.2720000000000002,0.2720000000000002,1.194095536533653
0.2730000000000002,0.2730000000000002,1.194028075202707,0.2730000000000002,0.2730000000000002,1.194028075202707
0.2740000000000002,0.2740000000000002,1.193960050087238,0.2740000000000002,0.2740000000000002,1.193960050087238
0.2750000000000002,0.2750000000000002,1.193891458201624,0.2750000000000002,0.2750000000000002,1.193891458201624
0.2760000000000002,0.2760000000000002,1.193822296544699,0.2760000000000002,0.2760000000000002,1.193822296544699
0.2770000000000002,0.2770000000000002,1.193752562099481,0.2770000000000002,0.2770000000000002,1.193752562099481
0.2780000000000002,0.2780000000000002,1.19368225183292,0.2780000000000002,0.2780000000000002,1.19368225183292
0.2790000000000002,0.2790000000000002,1.193611362695623,0.2790000000000002,0.2790000000000002,1.193611362695623
0.2800000000000002,0.2800000000000002,1.193539891621584,0.2800000000000002,0.2800000000000002,1.193539891621584
0.2810000000000002,0.2810000000000002,1.193467835527909,0.2810000000000002,0.2810000000000002,1.193467835527909
0.2820000000000002,0.2820000000000002,1.193395191314544,0.2820000000000002,0.2820000000000002,1.193395191314544
0.2830000000000002,0.2830000000000002,1.193321955863987,0.2830000000000002,0.2830000000000002,1.193321955863987
0.2840000000000002,0.2840000000000002,1.193248126041008,0.2840000000000002,0.2840000000000002,1.193248126041008
0.2850000000000002,0.2850000000000002,1.193173698692361,0.2850000000000002,0.2850000000000002,1.193173698692361
0.2860000000000002,0.2860000000000002,1.193098670646492,0.2860000000000002,0.2860000000000002,1.193098670646492
0.2870000000000002,0.2870000000000002,1.193023038713243,0.2870000000000002,0.2870000000000002,1.193023038713243
0.2880000000000002,0.2880000000000002,1.192946799683557,0.2880000000000002,0.2880000000000002,1.192946799683557
0.2890000000000002,0.2890000000000002,1.19286995032917,0.2890000000000002,0.2890000000000002,1.19286995032917
0.2900000000000002,0.2900000000000002,1.19279248740231,0.2900000000000002,0.2900000000000002,1.19279248740231
0.2910000000000002,0.2910000000000002,1.192714407635384,0.2910000000000002,0.2910000000000002,1.192714407635384
0.2920000000000002,0.2920000000000002,1.192635707740666,0.2920000000000002,0.2920000000000002,1.192635707740666
0.2930000000000002,0.2930000000000002,1.192556384409974,0.2930000000000002,0.2930000000000002,1.192556384409974
0.2940000000000002,0.2940000000000002,1.192476434314354,0.2940000000000002,0.2940000000000002,1.192476434314354
0.2950000000000002,0.2950000000000002,1.192395854103749,0.2950000000000002,0.2950000000000002,1.192395854103749
0.2960000000000002,0.2960000000000002,1.192314640406669,0.2960000000000002,0.2960000000000002,1.192314640406669
0.2970000000000002,0.2970000000000002,1.192232789829857,0.2970000000000002,0.2970000000000002,1.192232789829857
0.2980000000000002,0.2980000000000002,1.192150298957946,0.2980000000000002,0.2980000000000002,1.192150298957946
0.2990000000000002,0.2990000000000002,1.192067164353119,0.2990000000000002,0.2990000000000002,1.192067164353119
0.3000000000000002,0.3000000000000002,1.191983382554756,0.3000000000000002,0.3000000000000002,1.191983382554756
0.3010000000000002,0.3010000000000002,1.191898950079082,0.3010000000000002,0.3010000000000002,1.191898950079082
0.3020000000000002,0.3020000000000002,1.19181386341881,0.3020000000000002,0.3020000000000002,1.19181386341881
0.3030000000000002,0.3030000000000002,1.191728119042772,0.3030000000000002,0.3030000000000002,1.191728119042772
0.3040000000000002,0.3040000000000002,1.191641713395556,0.3040000000000002,0.3040000000000002,1.191641713395556
0.3050000000000002,0.3050000000000002,1.19155464289713,0.3050000000000002,0.3050000000000002,1.19155464289713
0.3060000000000002,0.3060000000000002,1.191466903942463,0.3060000000000002,0.3060000000000002,1.191466903942463
0.3070000000000002,0.3070000000000002,1.19137849290114,0.3070000000000002,0.3070000000000002,1.19137849290114
0.3080000000000002,0.3080000000000002,1.191289406116974,0.3080000000000002,0.3080000000000002,1.191289406116974
0.3090000000000002,0.3090000000000002,1.191199639907609,0.3090000000000002,0.3090000000000002,1.191199639907609
0.3100000000000002,0.3100000000000002,1.191109190564119,0.3100000000000002,0.3100000000000002,1.191109190564119
0.3110000000000002,0.3110000000000002,1.191018054350604,0.3110000000000002,0.3110000000000002,1.191018054350604
0.3120000000000002,0.3120000000000002,1.190926227503773,0.3120000000000002,0.3120000000000002,1.190926227503773
0.3130000000000002,0.3130000000000002,1.190833706232529,0.3130000000000002,0.3130000000000002,1.190833706232529
0.3140000000000002,0.3140000000000002,1.190740486717544,0.3140000000000002,0.3140000000000002,1.190740486717544
0.3150000000000002,0.3150000000000002,1.190646565110825,0.3150000000000002,0.3150000000000002,1.190646565110825
0.3160000000000002,0.3160000000000002,1.190551937535279,0.3160000000000002,0.3160000000000002,1.190551937535279
0.3170000000000002,0.3170000000000002,1.190456600084272,0.3170000000000002,0.3170000000000002,1.190456600084272
0.3180000000000002,0.3180000000000002,1.190360548821173,0.3180000000000002,0.3180000000000002,1.190360548821173
0.3190000000000002,0.3190000000000002,1.190263779778899,0.3190000000000002,0.3190000000000002,1.190263779778899
0.3200000000000002,0.3200000000000002,1.190166288959455,0.3200000000000002,0.3200000000000002,1.190166288959455
0.3210000000000002,0.3210000000000002,1.190068072333456,0.3210000000000002,0.3210000000000002,1.190068072333456
0.3220000000000002,0.3220000000000002,1.189969125839656,0.3220000000000002,0.3220000000000002,1.189969125839656
0.3230000000000002,0.3230000000000002,1.189869445384457,0.3230000000000002,0.3230000000000002,1.189869445384457
0.3240000000000002,0.3240000000000002,1.189769026841418,0.3240000000000002,0.3240000000000002,1.189769026841418
0.3250000000000002,0.3250000000000002,1.189667866050758,0.3250000000000002,0.3250000000000002,1.189667866050758
0.3260000000000002,0.3260000000000002,1.189565958818841,0.3260000000000002,0.3260000000000002,1.189565958818841
0.3270000000000002,0.3270000000000002,1.189463300917667,0.3270000000000002,0.3270000000000002,1.189463300917667
0.3280000000000002,0.3280000000000002,1.189359888084343,0.3280000000000002,0.3280000000000002,1.189359888084343
0.3290000000000002,0.3290000000000002,1.189255716020553,0.3290000000000002,0.3290000000000002,1.189255716020553
0.3300000000000002,0.3300000000000002,1.189150780392017,0.3300000000000002,0.3300000000000002,1.189150780392017
0.3310000000000002,0.3310000000000002,1.189045076827943,0.3310000000000002,0.3310000000000002,1.189045076827943
0.3320000000000002,0.3320000000000002,1.188938600920464,0.3320000000000002,0.3320000000000002,1.188938600920464
0.3330000000000002,0.3330000000000002,1.18883134822408,0.3330000000000002,0.3330000000000002,1.18883134822408
0.3340000000000002,0.3340000000000002,1.188723314255075,0.3340000000000002,0.3340000000000002,1.188723314255075
0.3350000000000002,0.3350000000000002,1.188614494490932,0.3350000000000002,0.3350000000000002,1.188614494490932
0.3360000000000002,0.3360000000000002,1.188504884369744,0.3360000000000002,0.3360000000000002,1.188504884369744
0.3370000000000002,0.3370000000000002,1.188394479289605,0.3370000000000002,0.3370000000000002,1.188394479289605
0.3380000000000002,0.3380000000000002,1.188283274607998,0.3380000000000002,0.3380000000000002,1.188283274607998
0.3390000000000002,0.3390000000000002,1.188171265641169,0.3390000000000002,0.3390000000000002,1.188171265641169
0.3400000000000002,0.3400000000000002,1.188058447663494,0.3400000000000002,0.3400000000000002,1.188058447663494
0.3410000000000002,0.3410000000000002,1.187944815906838,0.3410000000000002,0.3410000000000002,1.187944815906838
0.3420000000000002,0.3420000000000002,1.187830365559891,0.3420000000000002,0.3420000000000002,1.187830365559891
0.3430000000000002,0.3430000000000002,1.187715091767508,0.3430000000000002,0.3430000000000002,1.187715091767508
0.3440000000000003,0.3440000000000003,1.187598989630033,0.3440000000000003,0.3440000000000003,1.187598989630033
0.3450000000000003,0.3450000000000003,1.187482054202604,0.3450000000000003,0.3450000000000003,1.187482054202604
0.3460000000000003,0.3460000000000003,1.187364280494457,0.3460000000000003,0.3460000000000003,1.187364280494457
0.3470000000000003,0.3470000000000003,1.187245663468214,0.3470000000000003,0.3470000000000003,1.187245663468214
0.3480000000000003,0.3480000000000003,1.187126198039156,0.3480000000000003,0.3480000000000003,1.187126198039156
0.3490000000000003,0.3490000000000003,1.187005879074487,0.3490000000000003,0.3490000000000003,1.187005879074487
0.3500000000000003,0.3500000000000003,1.186884701392589,0.3500000000000003,0.3500000000000003,1.186884701392589
0.3510000000000003,0.3510000000000003,1.186762659762252,0.3510000000000003,0.3510000000000003,1.186762659762252
0.3520000000000003,0.3520000000000003,1.186639748901908,0.3520000000000003,0.3520000000000003,1.186639748901908
0.3530000000000003,0.3530000000000003,1.186515963478834,0.3530000000000003,0.3530000000000003,1.186515963478834
0.3540000000000003,0.3540000000000003,1.186391298108355,0.3540000000000003,0.3540000000000003,1.186391298108355
0.3550000000000003,0.3550000000000003,1.186265747353024,0.3550000000000003,0.3550000000000003,1.186265747353024
0.3560000000000003,0.3560000000000003,1.186139305721797,0.3560000000000003,0.3560000000000003,1.186139305721797
0.3570000000000003,0.3570000000000003,1.186011967669179,0.3570000000000003,0.3570000000000003,1.186011967669179
0.3580000000000003,0.3580000000000003,1.185883727594372,0.3580000000000003,0.3580000000000003,1.185883727594372
0.3590000000000003,0.3590000000000003,1.185754579840395,0.3590000000000003,0.3590000000000003,1.185754579840395
0.3600000000000003,0.3600000000000003,1.185624518693195,0.3600000000000003,0.3600000000000003,1.185624518693195
0.3610000000000003,0.3610000000000003,1.185493538380737,0.3610000000000003,0.3610000000000003,1.185493538380737
0.3620000000000003,0.3620000000000003,1.185361633072084,0.3620000000000003,0.3620000000000003,1.185361633072084
0.3630000000000003,0.3630000000000003,1.185228796876457,0.3630000000000003,0.3630000000000003,1.185228796876457
0.3640000000000003,0.3640000000000003,1.185095023842275,0.3640000000000003,0.3640000000000003,1.185095023842275
0.3650000000000003,0.3650000000000003,1.184960307956182,0.3650000000000003,0.3650000000000003,1.184960307956182
0.3660000000000003,0.3660000000000003,1.184824643142058,0.3660000000000003,0.3660000000000003,1.184824643142058
0.3670000000000003,0.3670000000000003,1.184688023260003,0.3670000000000003,0.3670000000000003,1.184688023260003
0.3680000000000003,0.3680000000000003,1.184550442105315,0.3680000000000003,0.3680000000000003,1.184550442105315
0.3690000000000003,0.3690000000000003,1.184411893407434,0.3690000000000003,0.3690000000000003,1.184411893407434
0.3700000000000003,0.3700000000000003,1.184272370828884,0.3700000000000003,0.3700000000000003,1.184272370828884
0.3710000000000003,0.3710000000000003,1.184131867964175,0.3710000000000003,0.3710000000000003,1.184131867964175
0.3720000000000003,0.3720000000000003,1.183990378338707,0.3720000000000003,0.3720000000000003,1.183990378338707
0.3730000000000003,0.3730000000000003,1.183847895407633,0.3730000000000003,0.3730000000000003,1.183847895407633
0.3740000000000003,0.3740000000000003,1.183704412554714,0.3740000000000003,0.3740000000000003,1.183704412554714
0.3750000000000003,0.3750000000000003,1.183559923091145,0.3750000000000003,0.3750000000000003,1.183559923091145
0.3760000000000003,0.3760000000000003,1.183414420254365,0.3760000000000003,0.3760000000000003,1.183414420254365
0.3770000000000003,0.3770000000000003,1.183267897206836,0.3770000000000003,0.3770000000000003,1.183267897206836
0.3780000000000003,0.3780000000000003,1.183120347034809,0.3780000000000003,0.3780000000000003,1.183120347034809
0.3790000000000003,0.3790000000000003,1.182971762747055,0.3790000000000003,0.3790000000000003,1.182971762747055
0.3800000000000003,0.3800000000000003,1.182822137273581,0.3800000000000003,0.3800000000000003,1.182822137273581
0.3810000000000003,0.3810000000000003,1.182671463464315,0.3810000000000003,0.3810000000000003,1.182671463464315
0.3820000000000003,0.3820000000000003,1.18251973408777,0.3820000000000003,0.3820000000000003,1.18251973408777
0.3830000000000003,0.3830000000000003,1.182366941829678,0.3830000000000003,0.3830000000000003,1.182366941829678
0.3840000000000003,0.3840000000000003,1.182213079291597,0.3840000000000003,0.3840000000000003,1.182213079291597
0.3850000000000003,0.3850000000000003,1.182058138989496,0.3850000000000003,0.3850000000000003,1.182058138989496
0.3860000000000003,0.3860000000000003,1.181902113352306,0.3860000000000003,0.3860000000000003,1.181902113352306
0.3870000000000003,0.3870000000000003,1.181744994720442,0.3870000000000003,0.3870000000000003,1.181744994720442
0.3880000000000003,0.3880000000000003,1.181586775344304,0.3880000000000003,0.3880000000000003,1.181586775344304
0.3890000000000003,0.3890000000000003,1.181427447382737,0.3890000000000003,0.3890000000000003,1.181427447382737
0.3900000000000003,0.3900000000000003,1.181267002901465,0.3900000000000003,0.3900000000000003,1.181267002901465
0.3910000000000003,0.3910000000000003,1.181105433871496,0.3910000000000003,0.3910000000000003,1.181105433871496
0.3920000000000003,0.3920000000000003,1.180942732167489,0.3920000000000003,0.3920000000000003,1.180942732167489
0.3930000000000003,0.3930000000000003,1.180778889566092,0.3930000000000003,0.3930000000000003,1.180778889566092
0.3940000000000003,0.3940000000000003,1.180613897744243,0.3940000000000003,0.3940000000000003,1.180613897744243
0.3950000000000003,0.3950000000000003,1.180447748277439,0.3950000000000003,0.3950000000000003,1.180447748277439
0.3960000000000003,0.3960000000000003,1.180280432637966,0.3960000000000003,0.3960000000000003,1.180280432637966
0.3970000000000003,0.3970000000000003,1.180111942193096,0.3970000000000003,0.3970000000000003,1.180111942193096
0.3980000000000003,0.3980000000000003,1.179942268203244,0.3980000000000003,0.3980000000000003,1.179942268203244
0.3990000000000003,0.3990000000000003,1.179771401820083,0.3990000000000003,0.3990000000000003,1.179771401820083
0.4000000000000003,0.4000000000000003,1.179599334084628,0.4000000000000003,0.4000000000000003,1.179599334084628
0.4010000000000003,0.4010000000000003,1.179426055925273,0.4010000000000003,0.4010000000000003,1.179426055925273
0.4020000000000003,0.4020000000000003,1.179251558155787,0.4020000000000003,0.4020000000000003,1.179251558155787
0.4030000000000003,0.4030000000000003,1.179075831473268,0.4030000000000003,0.4030000000000003,1.179075831473268
0.4040000000000003,0.4040000000000003,1.178898866456056,0.4040000000000003,0.4040000000000003,1.178898866456056
0.4050000000000003,0.4050000000000003,1.178720653561596,0.4050000000000003,0.4050000000000003,1.178720653561596
0.4060000000000003,0.4060000000000003,1.178541183124257,0.4060000000000003,0.4060000000000003,1.178541183124257
0.4070000000000003,0.4070000000000003,1.178360445353107,0.4070000000000003,0.4070000000000003,1.178360445353107
0.4080000000000003,0.4080000000000003,1.178178430329633,0.4080000000000003,0.4080000000000003,1.178178430329633
0.4090000000000003,0.4090000000000003,1.177995128005418,0.4090000000000003,0.4090000000000003,1.177995128005418
0.4100000000000003,0.4100000000000003,1.177810528199759,0.4100000000000003,0.4100000000000003,1.177810528199759
0.4110000000000003,0.4110000000000003,1.177624620597241,0.4110000000000003,0.4110000000000003,1.177624620597241
0.4120000000000003,0.4120000000000003,1.177437394745249,0.4120000000000003,0.4120000000000003,1.177437394745249
0.4130000000000003,0.4130000000000003,1.177248840051433,0.4130000000000003,0.4130000000000003,1.177248840051433
0.4140000000000003,0.4140000000000003,1.177058945781105,0.4140000000000003,0.4140000000000003,1.177058945781105
0.4150000000000003,0.4150000000000003,1.176867701054588,0.4150000000000003,0.4150000000000003,1.176867701054588
0.4160000000000003,0.4160000000000003,1.176675094844501,0.4160000000000003,0.4160000000000003,1.176675094844501
0.4170000000000003,0.4170000000000003,1.176481115972978,0.4170000000000003,0.4170000000000003,1.176481115972978
0.4180000000000003,0.4180000000000003,1.176285753108829,0.4180000000000003,0.4180000000000003,1.176285753108829
0.4190000000000003,0.4190000000000003,1.176088994764636,0.4190000000000003,0.4190000000000003,1.176088994764636
0.4200000000000003,0.4200000000000003,1.175890829293777,0.4200000000000003,0.4200000000000003,1.175890829293777
0.4210000000000003,0.4210000000000003,1.175691244887384,0.4210000000000003,0.4210000000000003,1.175691244887384
0.4220000000000003,0.4220000000000003,1.175490229571228,0.4220000000000003,0.4220000000000003,1.175490229571228
0.4230000000000003,0.4230000000000003,1.175287771202539,0.4230000000000003,0.4230000000000003,1.175287771202539
0.4240000000000003,0.4240000000000003,1.175083857466734,0.4240000000000003,0.4240000000000003,1.175083857466734
0.4250000000000003,0.4250000000000003,1.174878475874089,0.4250000000000003,0.4250000000000003,1.174878475874089
0.4260000000000003,0.4260000000000003,1.174671613756312,0.4260000000000003,0.4260000000000003,1.174671613756312
0.4270000000000003,0.4270000000000003,1.174463258263048,0.4270000000000003,0.4270000000000003,1.174463258263048
0.4280000000000003,0.4280000000000003,1.174253396358292,0.4280000000000003,0.4280000000000003,1.174253396358292
0.4290000000000003,0.4290000000000003,1.174042014816716,0.4290000000000003,0.4290000000000003,1.174042014816716
0.4300000000000003,0.4300000000000003,1.173829100219915,0.4300000000000003,0.4300000000000003,1.173829100219915
0.4310000000000003,0.4310000000000003,1.173614638952546,0.4310000000000003,0.4310000000000003,1.173614638952546
0.4320000000000003,0.4320000000000003,1.173398617198385,0.4320000000000003,0.4320000000000003,1.173398617198385
0.4330000000000003,0.4330000000000003,1.173181020936283,0.4330000000000003,0.4330000000000003,1.173181020936283
0.4340000000000003,0.4340000000000003,1.172961835936017,0.4340000000000003,0.4340000000000003,1.172961835936017
0.4350000000000003,0.4350000000000003,1.172741047754044,0.4350000000000003,0.4350000000000003,1.172741047754044
0.4360000000000003,0.4360000000000003,1.172518641729142,0.4360000000000003,0.4360000000000003,1.172518641729142
0.4370000000000003,0.4370000000000003,1.172294602977948,0.4370000000000003,0.4370000000000003,1.172294602977948
0.4380000000000003,0.4380000000000003,1.172068916390373,0.4380000000000003,0.4380000000000003,1.172068916390373
0.4390000000000003,0.4390000000000003,1.171841566624911,0.4390000000000003,0.4390000000000003,1.171841566624911
0.4400000000000003,0.4400000000000003,1.171612538103817,0.4400000000000003,0.4400000000000003,1.171612538103817
0.4410000000000003,0.4410000000000003,1.171381815008169,0.4410000000000003,0.4410000000000003,1.171381815008169
0.4420000000000003,0.4420000000000003,1.171149381272795,0.4420000000000003,0.4420000000000003,1.171149381272795
0.4430000000000003,0.4430000000000003,1.17091522058107,0.4430000000000003,0.4430000000000003,1.17091522058107
0.4440000000000003,0.4440000000000003,1.170679316359578,0.4440000000000003,0.4440000000000003,1.170679316359578
0.4450000000000003,0.4450000000000003,1.170441651772631,0.4450000000000003,0.4450000000000003,1.170441651772631
0.4460000000000003,0.4460000000000003,1.170202209716642,0.4460000000000003,0.4460000000000003,1.170202209716642
0.4470000000000003,0.4470000000000003,1.169960972814345,0.4470000000000003,0.4470000000000003,1.169960972814345
0.4480000000000003,0.4480000000000003,1.169717923408867,0.4480000000000003,0.4480000000000003,1.169717923408867
0.4490000000000003,0.4490000000000003,1.16947304355763,0.4490000000000003,0.4490000000000003,1.16947304355763
0.4500000000000003,0.4500000000000003,1.169226315026096,0.4500000000000003,0.4500000000000003,1.169226315026096
0.4510000000000003,0.4510000000000003,1.168977719281331,0.4510000000000003,0.4510000000000003,1.168977719281331
0.4520000000000003,0.4520000000000003,1.168727237485402,0.4520000000000003,0.4520000000000003,1.168727237485402
0.4530000000000003,0.4530000000000003,1.168474850488581,0.4530000000000003,0.4530000000000003,1.168474850488581
0.4540000000000003,0.4540000000000003,1.168220538822367,0.4540000000000003,0.4540000000000003,1.168220538822367
0.4550000000000003,0.4550000000000003,1.167964282692308,0.4550000000000003,0.4550000000000003,1.167964282692308
0.4560000000000003,0.4560000000000003,1.167706061970622,0.4560000000000003,0.4560000000000003,1.167706061970622
0.4570000000000004,0.4570000000000004,1.167445856188605,0.4570000000000004,0.4570000000000004,1.167445856188605
0.4580000000000004,0.4580000000000004,1.16718364452883,0.4580000000000004,0.4580000000000004,1.16718364452883
0.4590000000000004,0.4590000000000004,1.166919405817111,0.4590000000000004,0.4590000000000004,1.166919405817111
0.4600000000000004,0.4600000000000004,1.166653118514241,0.4600000000000004,0.4600000000000004,1.166653118514241
0.4610000000000004,0.4610000000000004,1.166384760707489,0.4610000000000004,0.4610000000000004,1.166384760707489
0.4620000000000004,0.4620000000000004,1.166114310101848,0.4620000000000004,0.4620000000000004,1.166114310101848
0.4630000000000004,0.4630000000000004,1.16584174401102,0.4630000000000004,0.4630000000000004,1.16584174401102
0.4640000000000004,0.4640000000000004,1.165567039348139,0.4640000000000004,0.4640000000000004,1.165567039348139
0.4650000000000004,0.4650000000000004,1.165290172616217,0.4650000000000004,0.4650000000000004,1.165290172616217
0.4660000000000004,0.4660000000000004,1.165011119898298,0.4660000000000004,0.4660000000000004,1.165011119898298
0.4670000000000004,0.4670000000000004,1.164729856847317,0.4670000000000004,0.4670000000000004,1.164729856847317
0.4680000000000004,0.4680000000000004,1.164446358675656,0.4680000000000004,0.4680000000000004,1.164446358675656
0.4690000000000004,0.4690000000000004,1.164160600144368,0.4690000000000004,0.4690000000000004,1.164160600144368
0.4700000000000004,0.4700000000000004,1.16387255555208,0.4700000000000004,0.4700000000000004,1.16387255555208
0.4710000000000004,0.4710000000000004,1.163582198723546,0.4710000000000004,0.4710000000000004,1.163582198723546
0.4720000000000004,0.4720000000000004,1.163289502997847,0.4720000000000004,0.4720000000000004,1.163289502997847
0.4730000000000004,0.4730000000000004,1.162994441216215,0.4730000000000004,0.4730000000000004,1.162994441216215
0.4740000000000004,0.4740000000000004,1.162696985709475,0.4740000000000004,0.4740000000000004,1.162696985709475
0.4750000000000004,0.4750000000000004,1.162397108285093,0.4750000000000004,0.4750000000000004,1.162397108285093
0.4760000000000004,0.4760000000000004,1.162094780213796,0.4760000000000004,0.4760000000000004,1.162094780213796
0.4770000000000004,0.4770000000000004,1.161789972215777,0.4770000000000004,0.4770000000000004,1.161789972215777
0.4780000000000004,0.4780000000000004,1.16148265444644,0.4780000000000004,0.4780000000000004,1.16148265444644
0.4790000000000004,0.4790000000000004,1.16117279648169,0.4790000000000004,0.4790000000000004,1.16117279648169
0.4800000000000004,0.4800000000000004,1.160860367302731,0.4800000000000004,0.4800000000000004,1.160860367302731
0.4810000000000004,0.4810000000000004,1.160545335280369,0.4810000000000004,0.4810000000000004,1.160545335280369
0.4820000000000004,0.4820000000000004,1.160227668158792,0.4820000000000004,0.4820000000000004,1.160227668158792
0.4830000000000004,0.4830000000000004,1.159907333038804,0.4830000000000004,0.4830000000000004,1.159907333038804
0.4840000000000004,0.4840000000000004,1.159584296360499,0.4840000000000004,0.4840000000000004,1.159584296360499
0.4850000000000004,0.4850000000000004,1.159258523885346,0.4850000000000004,0.4850000000000004,1.159258523885346
0.4860000000000004,0.4860000000000004,1.158929980677663,0.4860000000000004,0.4860000000000004,1.158929980677663
0.4870000000000004,0.4870000000000004,1.158598631085461,0.4870000000000004,0.4870000000000004,1.158598631085461
0.4880000000000004,0.4880000000000004,1.158264438720619,0.4880000000000004,0.4880000000000004,1.158264438720619
0.4890000000000004,0.4890000000000004,1.157927366438376,0.4890000000000004,0.4890000000000004,1.157927366438376
0.4900000000000004,0.4900000000000004,1.157587376316108,0.4900000000000004,0.4900000000000004,1.157587376316108
0.4910000000000004,0.4910000000000004,1.157244429631358,0.4910000000000004,0.4910000000000004,1.157244429631358
0.4920000000000004,0.4920000000000004,1.156898486839082,0.4920000000000004,0.4920000000000004,1.156898486839082
0.4930000000000004,0.4930000000000004,1.156549507548098,0.4930000000000004,0.4930000000000004,1.156549507548098
0.4940000000000004,0.4940000000000004,1.156197450496687,0.4940000000000004,0.4940000000000004,1.156197450496687
0.4950000000000004,0.4950000000000004,1.15584227352731,0.4950000000000004,0.4950000000000004,1.15584227352731
0.4960000000000004,0.4960000000000004,1.155483933560416,0.4960000000000004,0.4960000000000004,1.155483933560416
0.4970000000000004,0.4970000000000004,1.155122386567294,0.4970000000000004,0.4970000000000004,1.155122386567294
0.4980000000000004,0.4980000000000004,1.15475758754193,0.4980000000000004,0.4980000000000004,1.15475758754193
0.4990000000000004,0.4990000000000004,1.154389490471821,0.4990000000000004,0.4990000000000004,1.154389490471821
0.5000000000000003,0.5000000000000003,1.154018048307715,0.5000000000000003,0.5000000000000003,1.154018048307715
0.5010000000000003,0.5010000000000003,1.153643212932211,0.5010000000000003,0.5010000000000003,1.153643212932211
0.5020000000000003,0.5020000000000003,1.153264935127191,0.5020000000000003,0.5020000000000003,1.153264935127191
0.5030000000000003,0.5030000000000003,1.152883164540013,0.5030000000000003,0.5030000000000003,1.152883164540013
0.5040000000000003,0.5040000000000003,1.152497849648423,0.5040000000000003,0.5040000000000003,1.152497849648423
0.5050000000000003,0.5050000000000003,1.152108937724123,0.5050000000000003,0.5050000000000003,1.152108937724123
0.5060000000000003,0.5060000000000003,1.151716374794945,0.5060000000000003,0.5060000000000003,1.151716374794945
0.5070000000000003,0.5070000000000003,1.151320105605553,0.5070000000000003,0.5070000000000003,1.151320105605553
0.5080000000000003,0.5080000000000003,1.150920073576622,0.5080000000000003,0.5080000000000003,1.150920073576622
0.5090000000000003,0.5090000000000003,1.150516220762415,0.5090000000000003,0.5090000000000003,1.150516220762415
0.5100000000000003,0.5100000000000003,1.150108487806695,0.5100000000000003,0.5100000000000003,1.150108487806695
0.5110000000000003,0.5110000000000003,1.149696813896883,0.5110000000000003,0.5110000000000003,1.149696813896883
0.5120000000000003,0.5120000000000003,1.149281136716398,0.5120000000000003,0.5120000000000003,1.149281136716398
0.5130000000000003,0.5130000000000003,1.14886139239508,0.5130000000000003,0.5130000000000003,1.14886139239508
0.5140000000000003,0.5140000000000003,1.148437515457617,0.5140000000000003,0.5140000000000003,1.148437515457617
0.5150000000000003,0.5150000000000003,1.148009438769881,0.5150000000000003,0.5150000000000003,1.148009438769881
0.5160000000000003,0.5160000000000003,1.147577093483072,0.5160000000000003,0.5160000000000003,1.147577093483072
0.5170000000000003,0.5170000000000003,1.147140408975569,0.5170000000000003,0.5170000000000003,1.147140408975569
0.5180000000000003,0.5180000000000003,1.146699312792384,0.5180000000000003,0.5180000000000003,1.146699312792384
0.5190000000000003,0.5190000000000003,1.146253730582094,0.5190000000000003,0.5190000000000003,1.146253730582094
0.5200000000000004,0.5200000000000004,1.14580358603114,0.5200000000000004,0.5200000000000004,1.14580358603114
0.5210000000000004,0.5210000000000004,1.145348800795366,0.5210000000000004,0.5210000000000004,1.145348800795366
0.5220000000000004,0.5220000000000004,1.144889294428653,0.5220000000000004,0.5220000000000004,1.144889294428653
0.5230000000000004,0.5230000000000004,1.144424984308526,0.5230000000000004,0.5230000000000004,1.144424984308526
0.5240000000000004,0.5240000000000004,1.14395578555856,0.5240000000000004,0.5240000000000004,1.14395578555856
0.5250000000000004,0.5250000000000004,1.143481610967454,0.5250000000000004,0.5250000000000004,1.143481610967454
0.5260000000000004,0.5260000000000004,1.143002370904586,0.5260000000000004,0.5260000000000004,1.143002370904586
0.5270000000000004,0.5270000000000004,1.142517973231886,0.5270000000000004,0.5270000000000004,1.142517973231886
0.5280000000000004,0.5280000000000004,1.142028323211832,0.5280000000000004,0.5280000000000004,1.142028323211832
0.5290000000000004,0.5290000000000004,1.141533323411387,0.5290000000000004,0.5290000000000004,1.141533323411387
0.5300000000000004,0.5300000000000004,1.14103287360165,0.5300000000000004,0.5300000000000004,1.14103287360165
0.5310000000000004,0.5310000000000004,1.140526870653018,0.5310000000000004,0.5310000000000004,1.140526870653018
0.5320000000000004,0.5320000000000004,1.140015208425619,0.5320000000000004,0.5320000000000004,1.140015208425619
0.5330000000000004,0.5330000000000004,1.139497777654773,0.5330000000000004,0.5330000000000004,1.139497777654773
0.5340000000000004,0.5340000000000004,1.138974465831214,0.5340000000000004,0.5340000000000004,1.138974465831214
0.5350000000000004,0.5350000000000004,1.138445157075807,0.5350000000000004,0.5350000000000004,1.138445157075807
0.5360000000000004,0.5360000000000004,1.137909732008458,0.5360000000000004,0.5360000000000004,1.137909732008458
0.5370000000000004,0.5370000000000004,1.137368067610909,0.5370000000000004,0.5370000000000004,1.137368067610909
0.5380000000000004,0.5380000000000004,1.136820037083091,0.5380000000000004,0.5380000000000004,1.136820037083091
0.5390000000000004,0.5390000000000004,1.136265509692683,0.5390000000000004,0.5390000000000004,1.136265509692683
0.5400000000000004,0.5400000000000004,1.135704350617498,0.5400000000000004,0.5400000000000004,1.135704350617498
0.5410000000000004,0.5410000000000004,1.135136420780318,0.5410000000000004,0.5410000000000004,1.135136420780318
0.5420000000000004,0.5420000000000004,1.134561576675739,0.5420000000000004,0.5420000000000004,1.134561576675739
0.5430000000000004,0.5430000000000004,1.133979670188593,0.5430000000000004,0.5430000000000004,1.133979670188593
0.5440000000000004,0.5440000000000004,1.133390548403461,0.5440000000000004,0.5440000000000004,1.133390548403461
0.5450000000000004,0.5450000000000004,1.132794053404784,0.5450000000000004,0.5450000000000004,1.132794053404784
0.5460000000000004,0.5460000000000004,1.13219002206702,0.5460000000000004,0.5460000000000004,1.13219002206702
0.5470000000000004,0.5470000000000004,1.131578285834286,0.5470000000000004,0.5470000000000004,1.131578285834286
0.5480000000000004,0.5480000000000004,1.130958670488859,0.5480000000000004,0.5480000000000004,1.130958670488859
0.5490000000000004,0.5490000000000004,1.130330995907898,0.5490000000000004,0.5490000000000004,1.130330995907898
0.5500000000000004,0.5500000000000004,1.129695075807694,0.5500000000000004,0.5500000000000004,1.129695075807694
0.5510000000000004,0.5510000000000004,1.129050717474676,0.5510000000000004,0.5510000000000004,1.129050717474676
0.5520000000000004,0.5520000000000004,1.128397721482432,0.5520000000000004,0.5520000000000004,1.128397721482432
0.5530000000000004,0.5530000000000004,1.127735881393851,0.5530000000000004,0.5530000000000004,1.127735881393851
0.5540000000000004,0.5540000000000004,1.127064983447515,0.5540000000000004,0.5540000000000004,1.127064983447515
0.5550000000000004,0.5550000000000004,1.126384806227355,0.5550000000000004,0.5550000000000004,1.126384806227355
0.5560000000000004,0.5560000000000004,1.12569512031456,0.5560000000000004,0.5560000000000004,1.12569512031456
0.5570000000000004,0.5570000000000004,1.124995687920611,0.5570000000000004,0.5570000000000004,1.124995687920611
0.5580000000000004,0.5580000000000004,1.124286262500285,0.5580000000000004,0.5580000000000004,1.124286262500285
0.5590000000000004,0.5590000000000004,1.123566588343339,0.5590000000000004,0.5590000000000004,1.123566588343339
0.5600000000000004,0.5600000000000004,1.122836400143542,0.5600000000000004,0.5600000000000004,1.122836400143542
0.5610000000000004,0.5610000000000004,1.122095422543593,0.5610000000000004,0.5610000000000004,1.122095422543593
0.5620000000000004,0.5620000000000004,1.121343369654381,0.5620000000000004,0.5620000000000004,1.121343369654381
0.5630000000000004,0.5630000000000004,1.120579944546912,0.5630000000000004,0.5630000000000004,1.120579944546912
0.5640000000000004,0.5640000000000004,1.119804838715122,0.5640000000000004,0.5640000000000004,1.119804838715122
0.5650000000000004,0.5650000000000004,1.119017731507674,0.5650000000000004,0.5650000000000004,1.119017731507674
0.5660000000000004,0.5660000000000004,1.118218289526661,0.5660000000000004,0.5660000000000004,1.118218289526661
0.5670000000000004,0.5670000000000004,1.117406165991039,0.5670000000000004,0.5670000000000004,1.117406165991039
0.5680000000000004,0.5680000000000004,1.116581000062402,0.5680000000000004,0.5680000000000004,1.116581000062402
0.5690000000000004,0.5690000000000004,1.115742416130578,0.5690000000000004,0.5690000000000004,1.115742416130578
0.5700000000000004,0.5700000000000004,1.114890023056309,0.5700000000000004,0.5700000000000004,1.114890023056309
0.5710000000000004,0.5710000000000004,1.114023413368097,0.5710000000000004,0.5710000000000004,1.114023413368097
0.5720000000000004,0.5720000000000004,1.113142162410057,0.5720000000000004,0.5720000000000004,1.113142162410057
0.5730000000000004,0.5730000000000004,1.112245827437427,0.5730000000000004,0.5730000000000004,1.112245827437427
0.5740000000000004,0.5740000000000004,1.111333946656078,0.5740000000000004,0.5740000000000004,1.111333946656078
0.5750000000000004,0.5750000000000004,1.110406038202158,0.5750000000000004,0.5750000000000004,1.110406038202158
0.5760000000000004,0.5760000000000004,1.10946159905766,0.5760000000000004,0.5760000000000004,1.10946159905766
0.5770000000000004,0.5770000000000004,1.108500103897453,0.5770000000000004,0.5770000000000004,1.108500103897453
0.5780000000000004,0.5780000000000004,1.107521003862921,0.5780000000000004,0.5780000000000004,1.107521003862921
0.5790000000000004,0.5790000000000004,1.106523725257075,0.5790000000000004,0.5790000000000004,1.106523725257075
0.5800000000000004,0.5800000000000004,1.105507668155553,0.5800000000000004,0.5800000000000004,1.105507668155553
0.5810000000000004,0.5810000000000004,1.104472204927587,0.5810000000000004,0.5810000000000004,1.104472204927587
0.5820000000000004,0.5820000000000004,1.103416678660554,0.5820000000000004,0.5820000000000004,1.103416678660554
0.5830000000000004,0.5830000000000004,1.102340401481295,0.5830000000000004,0.5830000000000004,1.102340401481295
0.5840000000000004,0.5840000000000004,1.101242652766917,0.5840000000000004,0.5840000000000004,1.101242652766917
0.5850000000000004,0.5850000000000004,1.10012267723729,0.5850000000000004,0.5850000000000004,1.10012267723729
0.5860000000000004,0.5860000000000004,1.098979682920953,0.5860000000000004,0.5860000000000004,1.098979682920953
0.5870000000000004,0.5870000000000004,1.097812838985611,0.5870000000000004,0.5870000000000004,1.097812838985611
0.5880000000000004,0.5880000000000004,1.096621273423847,0.5880000000000004,0.5880000000000004,1.096621273423847
0.5890000000000004,0.5890000000000004,1.095404070584161,0.5890000000000004,0.5890000000000004,1.095404070584161
0.5900000000000004,0.5900000000000004,1.094160268536871,0.5900000000000004,0.5900000000000004,1.094160268536871
0.5910000000000004,0.5910000000000004,1.09288885626393,0.5910000000000004,0.5910000000000004,1.09288885626393
0.5920000000000004,0.5920000000000004,1.091588770661174,0.5920000000000004,0.5920000000000004,1.091588770661174
0.5930000000000004,0.5930000000000004,1.090258893341133,0.5930000000000004,0.5930000000000004,1.090258893341133
0.5940000000000004,0.5940000000000004,1.088898047224133,0.5940000000000004,0.5940000000000004,1.088898047224133
0.5950000000000004,0.5950000000000004,1.087504992905228,0.5950000000000004,0.5950000000000004,1.087504992905228
0.5960000000000004,0.5960000000000004,1.086078424784398,0.5960000000000004,0.5960000000000004,1.086078424784398
0.5970000000000004,0.5970000000000004,1.084616966947611,0.5970000000000004,0.5970000000000004,1.084616966947611
0.5980000000000004,0.5980000000000004,1.0831191687868,0.5980000000000004,0.5980000000000004,1.0831191687868
0.5990000000000004,0.5990000000000004,1.081583500347617,0.5990000000000004,0.5990000000000004,1.081583500347617
0.6000000000000004,0.6000000000000004,1.080008347395197,0.6000000000000004,0.6000000000000004,1.080008347395197
0.6010000000000004,0.6010000000000004,1.078392006190142,0.6010000000000004,0.6010000000000004,1.078392006190142
0.6020000000000004,0.6020000000000004,1.07673267796979,0.6020000000000004,0.6020000000000004,1.07673267796979
0.6030000000000004,0.6030000000000004,1.075028463133735,0.6030000000000004,0.6030000000000004,1.075028463133735
0.6040000000000004,0.6040000000000004,1.073277355137905,0.6040000000000004,0.6040000000000004,1.073277355137905
0.6050000000000004,0.6050000000000004,1.071477234108493,0.6050000000000004,0.6050000000000004,1.071477234108493
0.6060000000000004,0.6060000000000004,1.069625860196332,0.6060000000000004,0.6060000000000004,1.069625860196332
0.6070000000000004,0.6070000000000004,1.067720866704346,0.6070000000000004,0.6070000000000004,1.067720866704346
0.6080000000000004,0.6080000000000004,1.06575975303621,0.6080000000000004,0.6080000000000004,1.06575975303621
0.6090000000000004,0.6090000000000004,1.063739877534361,0.6090000000000004,0.6090000000000004,1.063739877534361
0.6100000000000004,0.6100000000000004,1.06165845030088,0.6100000000000004,0.6100000000000004,1.06165845030088
0.6110000000000004,0.6110000000000004,1.059512526127085,0.6110000000000004,0.6110000000000004,1.059512526127085
0.6120000000000004,0.6120000000000004,1.057298997698464,0.6120000000000004,0.6120000000000004,1.057298997698464
0.6130000000000004,0.6130000000000004,1.055014589292848,0.6130000000000004,0.6130000000000004,1.055014589292848
0.6140000000000004,0.6140000000000004,1.052655851253975,0.6140000000000004,0.6140000000000004,1.052655851253975
0.6150000000000004,0.6150000000000004,1.050219155602534,0.6150000000000004,0.6150000000000004,1.050219155602534
0.6160000000000004,0.6160000000000004,1.047700693245854,0.6160000000000004,0.6160000000000004,1.047700693245854
0.6170000000000004,0.6170000000000004,1.045096473369311,0.6170000000000004,0.6170000000000004,1.045096473369311
0.6180000000000004,0.6180000000000004,1.042402325741293,0.6180000000000004,0.6180000000000004,1.042402325741293
0.6190000000000004,0.6190000000000004,1.039613906843561,0.6190000000000004,0.6190000000000004,1.039613906843561
0.6200000000000004,0.6200000000000004,1.036726710953746,0.6200000000000004,0.6200000000000004,1.036726710953746
0.6210000000000004,0.6210000000000004,1.033736087559403,0.6210000000000004,0.6210000000000004,1.033736087559403
0.6220000000000004,0.6220000000000004,1.03063726677385,0.6220000000000004,0.6220000000000004,1.03063726677385
0.6230000000000004,0.6230000000000004,1.027425394749011,0.6230000000000004,0.6230000000000004,1.027425394749011
0.6240000000000004,0.6240000000000004,1.024095581428566,0.6240000000000004,0.6240000000000004,1.024095581428566
0.6250000000000004,0.6250000000000004,1.020642963333192,0.6250000000000004,0.6250000000000004,1.020642963333192
0.6260000000000004,0.6260000000000004,1.017062784379306,0.6260000000000004,0.6260000000000004,1.017062784379306
0.6270000000000004,0.6270000000000004,1.013350497939637,0.6270000000000004,0.6270000000000004,1.013350497939637
0.6280000000000004,0.6280000000000004,1.009501893362959,0.6280000000000004,0.6280000000000004,1.009501893362959
0.6290000000000004,0.6290000000000004,1.005513249846022,0.6290000000000004,0.6290000000000004,1.005513249846022
0.6300000000000004,0.6300000000000004,1.001381519715186,0.6300000000000004,0.6300000000000004,1.001381519715186
0.6310000000000004,0.6310000000000004,0.9971045416121089,0.6310000000000004,0.6310000000000004,0.9971045416121089
0.6320000000000005,0.6320000000000005,0.9926812815564342,0.6320000000000005,0.6320000000000005,0.9926812815564342
0.6330000000000005,0.6330000000000005,0.9881120961839909,0.6330000000000005,0.6330000000000005,0.9881120961839909
0.6340000000000005,0.6340000000000005,0.9833990075624535,0.6340000000000005,0.6340000000000005,0.9833990075624535
0.6350000000000005,0.6350000000000005,0.9785459730517959,0.6350000000000005,0.6350000000000005,0.9785459730517959
0.6360000000000005,0.6360000000000005,0.973559127291961,0.6360000000000005,0.6360000000000005,0.973559127291961
0.6370000000000005,0.6370000000000005,0.9684469676750863,0.6370000000000005,0.6370000000000005,0.9684469676750863
0.6380000000000005,0.6380000000000005,0.9632204512284409,0.6380000000000005,0.6380000000000005,0.9632204512284409
0.6390000000000005,0.6390000000000005,0.9578929716246959,0.6390000000000005,0.6390000000000005,0.9578929716246959
0.6400000000000005,0.6400000000000005,0.9524801917432474,0.6400000000000005,0.6400000000000005,0.9524801917432474
0.6410000000000005,0.6410000000000005,0.9469997205221504,0.6410000000000005,0.6410000000000005,0.9469997205221504
0.6420000000000005,0.6420000000000005,0.9414706417047769,0.6420000000000005,0.6420000000000005,0.9414706417047769
0.6430000000000005,0.6430000000000005,0.9359129233768146,0.6430000000000005,0.6430000000000005,0.9359129233768146
0.6440000000000005,0.6440000000000005,0.9303467562373458,0.6440000000000005,0.6440000000000005,0.9303467562373458
0.6450000000000005,0.6450000000000005,0.9247918805056917,0.6450000000000005,0.6450000000000005,0.9247918805056917
0.6460000000000005,0.6460000000000005,0.9192669629577361,0.6460000000000005,0.6460000000000005,0.9192669629577361
0.6470000000000005,0.6470000000000005,0.9137890764043564,0.6470000000000005,0.6470000000000005,0.9137890764043564
0.6480000000000005,0.6480000000000005,0.9083733165881769,0.6480000000000005,0.6480000000000005,0.9083733165881769
0.6490000000000005,0.6490000000000005,0.9030325705704796,0.6490000000000005,0.6490000000000005,0.9030325705704796
0.6500000000000005,0.6500000000000005,0.8977774309567464,0.6500000000000005,0.6500000000000005,0.8977774309567464
0.6510000000000005,0.6510000000000005,0.8926162357013632,0.6510000000000005,0.6510000000000005,0.8926162357013632
0.6520000000000005,0.6520000000000005,0.8875552043352957,0.6520000000000005,0.6520000000000005,0.8875552043352957
0.6530000000000005,0.6530000000000005,0.8825986396986859,0.6530000000000005,0.6530000000000005,0.8825986396986859
0.6540000000000005,0.6540000000000005,0.8777491661018915,0.6540000000000005,0.6540000000000005,0.8777491661018915
0.6550000000000005,0.6550000000000005,0.8730079801101819,0.6550000000000005,0.6550000000000005,0.8730079801101819
0.6560000000000005,0.6560000000000005,0.8683750961682535,0.6560000000000005,0.6560000000000005,0.8683750961682535
0.6570000000000005,0.6570000000000005,0.8638495751924733,0.6570000000000005,0.6570000000000005,0.8638495751924733
0.6580000000000005,0.6580000000000005,0.8594297292789389,0.6580000000000005,0.6580000000000005,0.8594297292789389
0.6590000000000005,0.6590000000000005,0.8551132995402507,0.6590000000000005,0.6590000000000005,0.8551132995402507
0.6600000000000005,0.6600000000000005,0.8508976068058006,0.6600000000000005,0.6600000000000005,0.8508976068058006
0.6610000000000005,0.6610000000000005,0.8467796766631803,0.6610000000000005,0.6610000000000005,0.8467796766631803
0.6620000000000005,0.6620000000000005,0.8427563413010997,0.6620000000000005,0.6620000000000005,0.8427563413010997
0.6630000000000005,0.6630000000000005,0.8388243210515007,0.6630000000000005,0.6630000000000005,0.8388243210515007
0.6640000000000005,0.6640000000000005,0.8349802886032835,0.6640000000000005,0.6640000000000005,0.8349802886032835
0.6650000000000005,0.6650000000000005,0.8312209187130774,0.6650000000000005,0.6650000000000005,0.8312209187130774
0.6660000000000005,0.6660000000000005,0.8275429259714003,0.6660000000000005,0.6660000000000005,0.8275429259714003
0.6670000000000005,0.6670000000000005,0.823943092864128,0.6670000000000005,0.6670000000000005,0.823943092864128
0.6680000000000005,0.6680000000000005,0.8204182900425483,0.6680000000000005,0.6680000000000005,0.8204182900425483
0.6690000000000005,0.6690000000000005,0.8169654904060478,0.6690000000000005,0.6690000000000005,0.8169654904060478
0.6700000000000005,0.6700000000000005,0.8135817783226266,0.6700000000000005,0.6700000000000005,0.8135817783226266
0.6710000000000005,0.6710000000000005,0.8102643550691212,0.6710000000000005,0.6710000000000005,0.8102643550691212
0.6720000000000005,0.6720000000000005,0.8070105413658281,0.6720000000000005,0.6720000000000005,0.8070105413658281
0.6730000000000005,0.6730000000000005,0.8038177777067137,0.6730000000000005,0.6730000000000005,0.8038177777067137
0.6740000000000005,0.6740000000000005,0.8006836230431722,0.6740000000000005,0.6740000000000005,0.8006836230431722
0.6750000000000005,0.6750000000000005,0.797605752262227,0.6750000000000005,0.6750000000000005,0.797605752262227
0.6760000000000005,0.6760000000000005,0.794581952805255,0.6760000000000005,0.6760000000000005,0.794581952805255
0.6770000000000005,0.6770000000000005,0.791610120696998,0.6770000000000005,0.6770000000000005,0.791610120696998
0.6780000000000005,0.6780000000000005,0.7886882561936288,0.6780000000000005,0.6780000000000005,0.7886882561936288
0.6790000000000005,0.6790000000000005,0.7858144592100499,0.6790000000000005,0.6790000000000005,0.7858144592100499
0.6800000000000005,0.6800000000000005,0.7829869246481886,0.6800000000000005,0.6800000000000005,0.7829869246481886
0.6810000000000005,0.6810000000000005,0.7802039377176937,0.6810000000000005,0.6810000000000005,0.7802039377176937
0.6820000000000005,0.6820000000000005,0.7774638693166511,0.6820000000000005,0.6820000000000005,0.7774638693166511
0.6830000000000005,0.6830000000000005,0.7747651715213338,0.6830000000000005,0.6830000000000005,0.7747651715213338
0.6840000000000005,0.6840000000000005,0.7721063732195127,0.6840000000000005,0.6840000000000005,0.7721063732195127
0.6850000000000005,0.6850000000000005,0.769486075910686,0.6850000000000005,0.6850000000000005,0.769486075910686
0.6860000000000005,0.6860000000000005,0.7669029496879686,0.6860000000000005,0.6860000000000005,0.7669029496879686
0.6870000000000005,0.6870000000000005,0.7643557294098333,0.6870000000000005,0.6870000000000005,0.7643557294098333
0.6880000000000005,0.6880000000000005,0.7618432110649304,0.6880000000000005,0.6880000000000005,0.7618432110649304
0.6890000000000005,0.6890000000000005,0.7593642483295514,0.6890000000000005,0.6890000000000005,0.7593642483295514
0.6900000000000005,0.6900000000000005,0.7569177493145396,0.6900000000000005,0.6900000000000005,0.7569177493145396
0.6910000000000005,0.6910000000000005,0.7545026734965611,0.6910000000000005,0.6910000000000005,0.7545026734965611
0.6920000000000005,0.6920000000000005,0.752118028827243,0.6920000000000005,0.6920000000000005,0.752118028827243
0.6930000000000005,0.6930000000000005,0.7497628690128345,0.6930000000000005,0.6930000000000005,0.7497628690128345
0.6940000000000005,0.6940000000000005,0.747436290956461,0.6940000000000005,0.6940000000000005,0.747436290956461
0.6950000000000005,0.6950000000000005,0.7451374323547854,0.6950000000000005,0.6950000000000005,0.7451374323547854
0.6960000000000005,0.6960000000000005,0.7428654694407882,0.6960000000000005,0.6960000000000005,0.7428654694407882
0.6970000000000005,0.6970000000000005,0.7406196148644595,0.6970000000000005,0.6970000000000005,0.7406196148644595
0.6980000000000005,0.6980000000000005,0.7383991157033634,0.6980000000000005,0.6980000000000005,0.7383991157033634
0.6990000000000005,0.6990000000000005,0.736203251595279,0.6990000000000005,0.6990000000000005,0.736203251595279
0.7000000000000005,0.7000000000000005,0.7340313329854502,0.7000000000000005,0.7000000000000005,0.7340313329854502
0.7010000000000005,0.7010000000000005,0.7318826994813101,0.7010000000000005,0.7010000000000005,0.7318826994813101
0.7020000000000005,0.7020000000000005,0.7297567183079628,0.7020000000000005,0.7020000000000005,0.7297567183079628
0.7030000000000005,0.7030000000000005,0.7276527828581625,0.7030000000000005,0.7030000000000005,0.7276527828581625
0.7040000000000005,0.7040000000000005,0.7255703113310956,0.7040000000000005,0.7040000000000005,0.7255703113310956
0.7050000000000005,0.7050000000000005,0.7235087454546302,0.7050000000000005,0.7050000000000005,0.7235087454546302
0.7060000000000005,0.7060000000000005,0.7214675492845509,0.7060000000000005,0.7060000000000005,0.7214675492845509
0.7070000000000005,0.7070000000000005,0.7194462080712237,0.7070000000000005,0.7070000000000005,0.7194462080712237
0.7080000000000005,0.7080000000000005,0.7174442271876934,0.7080000000000005,0.7080000000000005,0.7174442271876934
0.7090000000000005,0.7090000000000005,0.7154611311234917,0.7090000000000005,0.7090000000000005,0.7154611311234917
0.7100000000000005,0.7100000000000005,0.7134964625439331,0.7100000000000005,0.7100000000000005,0.7134964625439331
0.7110000000000005,0.7110000000000005,0.7115497814061674,0.7110000000000005,0.7110000000000005,0.7115497814061674
0.7120000000000005,0.7120000000000005,0.7096206641254751,0.7120000000000005,0.7120000000000005,0.7096206641254751
0.7130000000000005,0.7130000000000005,0.7077087027886317,0.7130000000000005,0.7130000000000005,0.7077087027886317
0.7140000000000005,0.7140000000000005,0.705813504411965,0.7140000000000005,0.7140000000000005,0.705813504411965
0.7150000000000005,0.7150000000000005,0.7039346902418532,0.7150000000000005,0.7150000000000005,0.7039346902418532
0.7160000000000005,0.7160000000000005,0.7020718950952354,0.7160000000000005,0.7160000000000005,0.7020718950952354
0.7170000000000005,0.7170000000000005,0.7002247667363225,0.7170000000000005,0.7170000000000005,0.7002247667363225
0.7180000000000005,0.7180000000000005,0.6983929652838329,0.7180000000000005,0.7180000000000005,0.6983929652838329
0.7190000000000005,0.7190000000000005,0.6965761626470597,0.7190000000000005,0.7190000000000005,0.6965761626470597
0.7200000000000005,0.7200000000000005,0.6947740419951989,0.7200000000000005,0.7200000000000005,0.6947740419951989
0.7210000000000005,0.7210000000000005,0.6929862972596704,0.7210000000000005,0.7210000000000005,0.6929862972596704
0.7220000000000005,0.7220000000000005,0.6912126326641145,0.7220000000000005,0.7220000000000005,0.6912126326641145
0.7230000000000005,0.7230000000000005,0.6894527622785804,0.7230000000000005,0.7230000000000005,0.6894527622785804
0.7240000000000005,0.7240000000000005,0.6877064095964635,0.7240000000000005,0.7240000000000005,0.6877064095964635
0.7250000000000005,0.7250000000000005,0.6859733071331264,0.7250000000000005,0.7250000000000005,0.6859733071331264
0.7260000000000005,0.7260000000000005,0.6842531960451078,0.7260000000000005,0.7260000000000005,0.6842531960451078
0.7270000000000005,0.7270000000000005,0.6825458257687708,0.7270000000000005,0.7270000000000005,0.6825458257687708
0.7280000000000005,0.7280000000000005,0.6808509536772817,0.7280000000000005,0.7280000000000005,0.6808509536772817
0.7290000000000005,0.7290000000000005,0.6791683447548529,0.7290000000000005,0.7290000000000005,0.6791683447548529
0.7300000000000005,0.7300000000000005,0.6774977712872603,0.7300000000000005,0.7300000000000005,0.6774977712872603
0.7310000000000005,0.7310000000000005,0.6758390125676736,0.7310000000000005,0.7310000000000005,0.6758390125676736
0.7320000000000005,0.7320000000000005,0.6741918546169466,0.7320000000000005,0.7320000000000005,0.6741918546169466
0.7330000000000005,0.7330000000000005,0.6725560899175169,0.7330000000000005,0.7330000000000005,0.6725560899175169
0.7340000000000005,0.7340000000000005,0.6709315171601598,0.7340000000000005,0.7340000000000005,0.6709315171601598
0.7350000000000005,0.7350000000000005,0.6693179410028677,0.7350000000000005,0.7350000000000005,0.6693179410028677
0.7360000000000005,0.7360000000000005,0.6677151718411736,0.7360000000000005,0.7360000000000005,0.6677151718411736
0.7370000000000005,0.7370000000000005,0.6661230255892936,0.7370000000000005,0.7370000000000005,0.6661230255892936
0.7380000000000005,0.7380000000000005,0.6645413234714838,0.7380000000000005,0.7380000000000005,0.6645413234714838
0.7390000000000005,0.7390000000000005,0.6629698918230559,0.7390000000000005,0.7390000000000005,0.6629698918230559
0.7400000000000005,0.7400000000000005,0.661408561900536,0.7400000000000005,0.7400000000000005,0.661408561900536
0.7410000000000005,0.7410000000000005,0.659857169700459,0.7410000000000005,0.7410000000000005,0.659857169700459
0.7420000000000005,0.7420000000000005,0.6583155557863548,0.7420000000000005,0.7420000000000005,0.6583155557863548
0.7430000000000005,0.7430000000000005,0.6567835651234785,0.7430000000000005,0.7430000000000005,0.6567835651234785
0.7440000000000005,0.7440000000000005,0.6552610469208824,0.7440000000000005,0.7440000000000005,0.6552610469208824
0.7450000000000006,0.7450000000000006,0.6537478544804507,0.7450000000000006,0.7450000000000006,0.6537478544804507
0.7460000000000006,0.7460000000000006,0.6522438450525304,0.7460000000000006,0.7460000000000006,0.6522438450525304
0.7470000000000006,0.7470000000000006,0.6507488796978177,0.7470000000000006,0.7470000000000006,0.6507488796978177
0.7480000000000006,0.7480000000000006,0.6492628231551892,0.7480000000000006,0.7480000000000006,0.6492628231551892
0.7490000000000006,0.7490000000000006,0.6477855437151674,0.7490000000000006,0.7490000000000006,0.6477855437151674
0.7500000000000006,0.7500000000000006,0.6463169130987433,0.7500000000000006,0.7500000000000006,0.6463169130987433
0.7510000000000006,0.7510000000000006,0.6448568063412836,0.7510000000000006,0.7510000000000006,0.6448568063412836
0.7520000000000006,0.7520000000000006,0.6434051016812798,0.7520000000000006,0.7520000000000006,0.6434051016812798
0.7530000000000006,0.7530000000000006,0.6419616804536854,0.7530000000000006,0.7530000000000006,0.6419616804536854
0.7540000000000006,0.7540000000000006,0.6405264269876361,0.7540000000000006,0.7540000000000006,0.6405264269876361
0.7550000000000006,0.7550000000000006,0.6390992285083228,0.7550000000000006,0.7550000000000006,0.6390992285083228
0.7560000000000006,0.7560000000000006,0.6376799750428327,0.7560000000000006,0.7560000000000006,0.6376799750428327
0.7570000000000006,0.7570000000000006,0.636268559329757,0.7570000000000006,0.7570000000000006,0.636268559329757
0.7580000000000006,0.7580000000000006,0.6348648767323953,0.7580000000000006,0.7580000000000006,0.6348648767323953
0.7590000000000006,0.7590000000000006,0.6334688251553795,0.7590000000000006,0.7590000000000006,0.6334688251553795
0.7600000000000006,0.7600000000000006,0.6320803049645668,0.7600000000000006,0.7600000000000006,0.6320803049645668
0.7610000000000006,0.7610000000000006,0.6306992189100412,0.7610000000000006,0.7610000000000006,0.6306992189100412
0.7620000000000006,0.7620000000000006,0.6293254720520843,0.7620000000000006,0.7620000000000006,0.6293254720520843
0.7630000000000006,0.7630000000000006,0.6279589716899828,0.7630000000000006,0.7630000000000006,0.6279589716899828
0.7640000000000006,0.7640000000000006,0.6265996272935337,0.7640000000000006,0.7640000000000006,0.6265996272935337
0.7650000000000006,0.7650000000000006,0.62524735043714,0.7650000000000006,0.7650000000000006,0.62524735043714
0.7660000000000006,0.7660000000000006,0.6239020547363667,0.7660000000000006,0.7660000000000006,0.6239020547363667
0.7670000000000006,0.7670000000000006,0.6225636557868575,0.7670000000000006,0.7670000000000006,0.6225636557868575
0.7680000000000006,0.7680000000000006,0.6212320711055018,0.7680000000000006,0.7680000000000006,0.6212320711055018
0.7690000000000006,0.7690000000000006,0.619907220073759,0.7690000000000006,0.7690000000000006,0.619907220073759
0.7700000000000006,0.7700000000000006,0.6185890238830416,0.7700000000000006,0.7700000000000006,0.6185890238830416
0.7710000000000006,0.7710000000000006,0.6172774054820657,0.7710000000000006,0.7710000000000006,0.6172774054820657
0.7720000000000006,0.7720000000000006,0.6159722895260961,0.7720000000000006,0.7720000000000006,0.6159722895260961
0.7730000000000006,0.7730000000000006,0.6146736023279885,0.7730000000000006,0.7730000000000006,0.6146736023279885
0.7740000000000006,0.7740000000000006,0.6133812718109668,0.7740000000000006,0.7740000000000006,0.6133812718109668
0.7750000000000006,0.7750000000000006,0.6120952274630531,0.7750000000000006,0.7750000000000006,0.6120952274630531
0.7760000000000006,0.7760000000000006,0.6108154002930879,0.7760000000000006,0.7760000000000006,0.6108154002930879
0.7770000000000006,0.7770000000000006,0.6095417227882675,0.7770000000000006,0.7770000000000006,0.6095417227882675
0.7780000000000006,0.7780000000000006,0.6082741288731429,0.7780000000000006,0.7780000000000006,0.6082741288731429
0.7790000000000006,0.7790000000000006,0.6070125538700153,0.7790000000000006,0.7790000000000006,0.6070125538700153
0.7800000000000006,0.7800000000000006,0.605756934460673,0.7800000000000006,0.7800000000000006,0.605756934460673
0.7810000000000006,0.7810000000000006,0.6045072086494137,0.7810000000000006,0.7810000000000006,0.6045072086494137
0.7820000000000006,0.7820000000000006,0.6032633157273071,0.7820000000000006,0.7820000000000006,0.6032633157273071
0.7830000000000006,0.7830000000000006,0.6020251962376353,0.7830000000000006,0.7830000000000006,0.6020251962376353
0.7840000000000006,0.7840000000000006,0.6007927919424773,0.7840000000000006,0.7840000000000006,0.6007927919424773
0.7850000000000006,0.7850000000000006,0.5995660457903863,0.7850000000000006,0.7850000000000006,0.5995660457903863
0.7860000000000006,0.7860000000000006,0.5983449018851158,0.7860000000000006,0.7860000000000006,0.5983449018851158
0.7870000000000006,0.7870000000000006,0.5971293054553555,0.7870000000000006,0.7870000000000006,0.5971293054553555
0.7880000000000006,0.7880000000000006,0.5959192028254396,0.7880000000000006,0.7880000000000006,0.5959192028254396
0.7890000000000006,0.7890000000000006,0.5947145413869854,0.7890000000000006,0.7890000000000006,0.5947145413869854
0.7900000000000006,0.7900000000000006,0.5935152695714319,0.7900000000000006,0.7900000000000006,0.5935152695714319
0.7910000000000006,0.7910000000000006,0.5923213368234396,0.7910000000000006,0.7910000000000006,0.5923213368234396
0.7920000000000006,0.7920000000000006,0.5911326935751193,0.7920000000000006,0.7920000000000006,0.5911326935751193
0.7930000000000006,0.7930000000000006,0.5899492912210661,0.7930000000000006,0.7930000000000006,0.5899492912210661
0.7940000000000006,0.7940000000000006,0.5887710820941549,0.7940000000000006,0.7940000000000006,0.5887710820941549
0.7950000000000006,0.7950000000000006,0.5875980194420837,0.7950000000000006,0.7950000000000006,0.5875980194420837
0.7960000000000006,0.7960000000000006,0.5864300574046241,0.7960000000000006,0.7960000000000006,0.5864300574046241
0.7970000000000006,0.7970000000000006,0.5852671509915619,0.7970000000000006,0.7970000000000006,0.5852671509915619
0.7980000000000006,0.7980000000000006,0.5841092560613055,0.7980000000000006,0.7980000000000006,0.5841092560613055
0.7990000000000006,0.7990000000000006,0.582956329300117,0.7990000000000006,0.7990000000000006,0.582956329300117
0.8000000000000006,0.8000000000000006,0.5818083282019774,0.8000000000000006,0.8000000000000006,0.5818083282019774
0.8010000000000006,0.8010000000000006,0.580665211049028,0.8010000000000006,0.8010000000000006,0.580665211049028
0.8020000000000006,0.8020000000000006,0.5795269368925963,0.8020000000000006,0.8020000000000006,0.5795269368925963
0.8030000000000006,0.8030000000000006,0.5783934655347633,0.8030000000000006,0.8030000000000006,0.5783934655347633
0.8040000000000006,0.8040000000000006,0.5772647575104718,0.8040000000000006,0.8040000000000006,0.5772647575104718
0.8050000000000006,0.8050000000000006,0.5761407740701409,0.8050000000000006,0.8050000000000006,0.5761407740701409
0.8060000000000006,0.8060000000000006,0.5750214771627801,0.8060000000000006,0.8060000000000006,0.5750214771627801
0.8070000000000006,0.8070000000000006,0.5739068294195818,0.8070000000000006,0.8070000000000006,0.5739068294195818
0.8080000000000006,0.8080000000000006,0.5727967941379696,0.8080000000000006,0.8080000000000006,0.5727967941379696
0.8090000000000006,0.8090000000000006,0.5716913352661055,0.8090000000000006,0.8090000000000006,0.5716913352661055
0.8100000000000006,0.8100000000000006,0.5705904173878106,0.8100000000000006,0.8100000000000006,0.5705904173878106
0.8110000000000006,0.8110000000000006,0.5694940057079179,0.8110000000000006,0.8110000000000006,0.5694940057079179
0.8120000000000006,0.8120000000000006,0.568402066038017,0.8120000000000006,0.8120000000000006,0.568402066038017
0.8130000000000006,0.8130000000000006,0.5673145647825918,0.8130000000000006,0.8130000000000006,0.5673145647825918
0.8140000000000006,0.8140000000000006,0.5662314689255339,0.8140000000000006,0.8140000000000006,0.5662314689255339
0.8150000000000006,0.8150000000000006,0.5651527460170142,0.8150000000000006,0.8150000000000006,0.5651527460170142
0.8160000000000006,0.8160000000000006,0.5640783641607153,0.8160000000000006,0.8160000000000006,0.5640783641607153
0.8170000000000006,0.8170000000000006,0.5630082920013937,0.8170000000000006,0.8170000000000006,0.5630082920013937
0.8180000000000006,0.8180000000000006,0.5619424987127756,0.8180000000000006,0.8180000000000006,0.5619424987127756
0.8190000000000006,0.8190000000000006,0.5608809539857711,0.8190000000000006,0.8190000000000006,0.5608809539857711
0.8200000000000006,0.8200000000000006,0.5598236280169943,0.8200000000000006,0.8200000000000006,0.5598236280169943
0.8210000000000006,0.8210000000000006,0.5587704914975798,0.8210000000000006,0.8210000000000006,0.5587704914975798
0.8220000000000006,0.8220000000000006,0.5577215156022909,0.8220000000000006,0.8220000000000006,0.5577215156022909
0.8230000000000006,0.8230000000000006,0.5566766719789051,0.8230000000000006,0.8230000000000006,0.5566766719789051
0.8240000000000006,0.8240000000000006,0.5556359327378694,0.8240000000000006,0.8240000000000006,0.5556359327378694
0.8250000000000006,0.8250000000000006,0.5545992704422166,0.8250000000000006,0.8250000000000006,0.5545992704422166
0.8260000000000006,0.8260000000000006,0.553566658097738,0.8260000000000006,0.8260000000000006,0.553566658097738
0.8270000000000006,0.8270000000000006,0.5525380691433993,0.8270000000000006,0.8270000000000006,0.5525380691433993
0.8280000000000006,0.8280000000000006,0.5515134774419949,0.8280000000000006,0.8280000000000006,0.5515134774419949
0.8290000000000006,0.8290000000000006,0.5504928572710335,0.8290000000000006,0.8290000000000006,0.5504928572710335
0.8300000000000006,0.8300000000000006,0.5494761833138468,0.8300000000000006,0.8300000000000006,0.5494761833138468
0.8310000000000006,0.8310000000000006,0.5484634306509147,0.8310000000000006,0.8310000000000006,0.5484634306509147
0.8320000000000006,0.8320000000000006,0.5474545747514019,0.8320000000000006,0.8320000000000006,0.5474545747514019
0.8330000000000006,0.8330000000000006,0.5464495914648954,0.8330000000000006,0.8330000000000006,0.5464495914648954
0.8340000000000006,0.8340000000000006,0.5454484570133454,0.8340000000000006,0.8340000000000006,0.5454484570133454
0.8350000000000006,0.8350000000000006,0.5444511479831914,0.8350000000000006,0.8350000000000006,0.5444511479831914
0.8360000000000006,0.8360000000000006,0.5434576413176785,0.8360000000000006,0.8360000000000006,0.5434576413176785
0.8370000000000006,0.8370000000000006,0.5424679143093535,0.8370000000000006,0.8370000000000006,0.5424679143093535
0.8380000000000006,0.8380000000000006,0.5414819445927338,0.8380000000000006,0.8380000000000006,0.5414819445927338
0.8390000000000006,0.8390000000000006,0.540499710137152,0.8390000000000006,0.8390000000000006,0.540499710137152
0.8400000000000006,0.8400000000000006,0.5395211892397598,0.8400000000000006,0.8400000000000006,0.5395211892397598
0.8410000000000006,0.8410000000000006,0.5385463605186958,0.8410000000000006,0.8410000000000006,0.5385463605186958
0.8420000000000006,0.8420000000000006,0.537575202906407,0.8420000000000006,0.8420000000000006,0.537575202906407
0.8430000000000006,0.8430000000000006,0.536607695643124,0.8430000000000006,0.8430000000000006,0.536607695643124
0.8440000000000006,0.8440000000000006,0.5356438182704795,0.8440000000000006,0.8440000000000006,0.5356438182704795
0.8450000000000006,0.8450000000000006,0.5346835506252751,0.8450000000000006,0.8450000000000006,0.5346835506252751
0.8460000000000006,0.8460000000000006,0.5337268728333798,0.8460000000000006,0.8460000000000006,0.5337268728333798
0.8470000000000006,0.8470000000000006,0.5327737653037711,0.8470000000000006,0.8470000000000006,0.5327737653037711
0.8480000000000006,0.8480000000000006,0.5318242087226992,0.8480000000000006,0.8480000000000006,0.5318242087226992
0.8490000000000006,0.8490000000000006,0.5308781840479863,0.8490000000000006,0.8490000000000006,0.5308781840479863
0.8500000000000006,0.8500000000000006,0.5299356725034434,0.8500000000000006,0.8500000000000006,0.5299356725034434
0.8510000000000006,0.8510000000000006,0.5289966555734116,0.8510000000000006,0.8510000000000006,0.5289966555734116
0.8520000000000006,0.8520000000000006,0.5280611149974197,0.8520000000000006,0.8520000000000006,0.5280611149974197
0.8530000000000006,0.8530000000000006,0.5271290327649543,0.8530000000000006,0.8530000000000006,0.5271290327649543
0.8540000000000006,0.8540000000000006,0.5262003911103434,0.8540000000000006,0.8540000000000006,0.5262003911103434
0.8550000000000006,0.8550000000000006,0.5252751725077441,0.8550000000000006,0.8550000000000006,0.5252751725077441
0.8560000000000006,0.8560000000000006,0.5243533596662407,0.8560000000000006,0.8560000000000006,0.5243533596662407
0.8570000000000007,0.8570000000000007,0.5234349355250411,0.8570000000000007,0.8570000000000007,0.5234349355250411
0.8580000000000007,0.8580000000000007,0.5225198832487726,0.8580000000000007,0.8580000000000007,0.5225198832487726
0.8590000000000007,0.8590000000000007,0.5216081862228744,0.8590000000000007,0.8590000000000007,0.5216081862228744
0.8600000000000007,0.8600000000000007,0.5206998280490898,0.8600000000000007,0.8600000000000007,0.5206998280490898
0.8610000000000007,0.8610000000000007,0.5197947925410429,0.8610000000000007,0.8610000000000007,0.5197947925410429
0.8620000000000007,0.8620000000000007,0.51889306371991,0.8620000000000007,0.8620000000000007,0.51889306371991
0.8630000000000007,0.8630000000000007,0.5179946258101744,0.8630000000000007,0.8630000000000007,0.5179946258101744
0.8640000000000007,0.8640000000000007,0.5170994632354693,0.8640000000000007,0.8640000000000007,0.5170994632354693
0.8650000000000007,0.8650000000000007,0.5162075606145018,0.8650000000000007,0.8650000000000007,0.5162075606145018
0.8660000000000007,0.8660000000000007,0.5153189027570577,0.8660000000000007,0.8660000000000007,0.5153189027570577
0.8670000000000007,0.8670000000000007,0.514433474660087,0.8670000000000007,0.8670000000000007,0.514433474660087
0.8680000000000007,0.8680000000000007,0.5135512615038628,0.8680000000000007,0.8680000000000007,0.5135512615038628
0.8690000000000007,0.8690000000000007,0.5126722486482157,0.8690000000000007,0.8690000000000007,0.5126722486482157
0.8700000000000007,0.8700000000000007,0.5117964216288438,0.8700000000000007,0.8700000000000007,0.5117964216288438
0.8710000000000007,0.8710000000000007,0.5109237661536915,0.8710000000000007,0.8710000000000007,0.5109237661536915
0.8720000000000007,0.8720000000000007,0.5100542680993972,0.8720000000000007,0.8720000000000007,0.5100542680993972
0.8730000000000007,0.8730000000000007,0.5091879135078125,0.8730000000000007,0.8730000000000007,0.5091879135078125
0.8740000000000007,0.8740000000000007,0.5083246885825798,0.8740000000000007,0.8740000000000007,0.5083246885825798
0.8750000000000007,0.8750000000000007,0.5074645796857841,0.8750000000000007,0.8750000000000007,0.5074645796857841
0.8760000000000007,0.8760000000000007,0.5066075733346602,0.8760000000000007,0.8760000000000007,0.5066075733346602
0.8770000000000007,0.8770000000000007,0.505753656198365,0.8770000000000007,0.8770000000000007,0.505753656198365
0.8780000000000007,0.8780000000000007,0.5049028150948072,0.8780000000000007,0.8780000000000007,0.5049028150948072
0.8790000000000007,0.8790000000000007,0.5040550369875408,0.8790000000000007,0.8790000000000007,0.5040550369875408
0.8800000000000007,0.8800000000000007,0.5032103089827072,0.8800000000000007,0.8800000000000007,0.5032103089827072
0.8810000000000007,0.8810000000000007,0.5023686183260432,0.8810000000000007,0.8810000000000007,0.5023686183260432
0.8820000000000007,0.8820000000000007,0.5015299523999345,0.8820000000000007,0.8820000000000007,0.5015299523999345
0.8830000000000007,0.8830000000000007,0.5006942987205301,0.8830000000000007,0.8830000000000007,0.5006942987205301
0.8840000000000007,0.8840000000000007,0.4998616449349032,0.8840000000000007,0.8840000000000007,0.4998616449349032
0.8850000000000007,0.8850000000000007,0.499031978818267,0.8850000000000007,0.8850000000000007,0.499031978818267
0.8860000000000007,0.8860000000000007,0.4982052882712366,0.8860000000000007,0.8860000000000007,0.4982052882712366
0.8870000000000007,0.8870000000000007,0.4973815613171435,0.8870000000000007,0.8870000000000007,0.4973815613171435
0.8880000000000007,0.8880000000000007,0.4965607860993962,0.8880000000000007,0.8880000000000007,0.4965607860993962
0.8890000000000007,0.8890000000000007,0.4957429508788855,0.8890000000000007,0.8890000000000007,0.4957429508788855
0.8900000000000007,0.8900000000000007,0.4949280440314393,0.8900000000000007,0.8900000000000007,0.4949280440314393
0.8910000000000007,0.8910000000000007,0.4941160540453177,0.8910000000000007,0.8910000000000007,0.4941160540453177
0.8920000000000007,0.8920000000000007,0.4933069695187565,0.8920000000000007,0.8920000000000007,0.4933069695187565
0.8930000000000007,0.8930000000000007,0.4925007791575459,0.8930000000000007,0.8930000000000007,0.4925007791575459
0.8940000000000007,0.8940000000000007,0.4916974717726622,0.8940000000000007,0.8940000000000007,0.4916974717726622
0.8950000000000007,0.8950000000000007,0.4908970362779298,0.8950000000000007,0.8950000000000007,0.4908970362779298
0.8960000000000007,0.8960000000000007,0.4900994616877286,0.8960000000000007,0.8960000000000007,0.4900994616877286
0.8970000000000007,0.8970000000000007,0.4893047371147396,0.8970000000000007,0.8970000000000007,0.4893047371147396
0.8980000000000007,0.8980000000000007,0.4885128517677291,0.8980000000000007,0.8980000000000007,0.4885128517677291
0.8990000000000007,0.8990000000000007,0.4877237949493697,0.8990000000000007,0.8990000000000007,0.4877237949493697
0.9000000000000007,0.9000000000000007,0.4869375560540991,0.9000000000000007,0.9000000000000007,0.4869375560540991
0.9010000000000007,0.9010000000000007,0.4861541245660144,0.9010000000000007,0.9010000000000007,0.4861541245660144
0.9020000000000007,0.9020000000000007,0.4853734900568025,0.9020000000000007,0.9020000000000007,0.4853734900568025
0.9030000000000007,0.9030000000000007,0.484595642183703,0.9030000000000007,0.9030000000000007,0.484595642183703
0.9040000000000007,0.9040000000000007,0.4838205706875077,0.9040000000000007,0.9040000000000007,0.4838205706875077
0.9050000000000007,0.9050000000000007,0.4830482653905924,0.9050000000000007,0.9050000000000007,0.4830482653905924
0.9060000000000007,0.9060000000000007,0.4822787161949802,0.9060000000000007,0.9060000000000007,0.4822787161949802
0.9070000000000007,0.9070000000000007,0.4815119130804371,0.9070000000000007,0.9070000000000007,0.4815119130804371
0.9080000000000007,0.9080000000000007,0.4807478461026009,0.9080000000000007,0.9080000000000007,0.4807478461026009
0.9090000000000007,0.9090000000000007,0.479986505391138,0.9090000000000007,0.9090000000000007,0.479986505391138
0.9100000000000007,0.9100000000000007,0.4792278811479318,0.9100000000000007,0.9100000000000007,0.4792278811479318
0.9110000000000007,0.9110000000000007,0.4784719636452998,0.9110000000000007,0.9110000000000007,0.4784719636452998
0.9120000000000007,0.9120000000000007,0.4777187432242401,0.9120000000000007,0.9120000000000007,0.4777187432242401
0.9130000000000007,0.9130000000000007,0.4769682102927058,0.9130000000000007,0.9130000000000007,0.4769682102927058
0.9140000000000007,0.9140000000000007,0.4762203553239069,0.9140000000000007,0.9140000000000007,0.4762203553239069
0.9150000000000007,0.9150000000000007,0.4754751688546422,0.9150000000000007,0.9150000000000007,0.4754751688546422
0.9160000000000007,0.9160000000000007,0.4747326414836505,0.9160000000000007,0.9160000000000007,0.4747326414836505
0.9170000000000007,0.9170000000000007,0.4739927638699976,0.9170000000000007,0.9170000000000007,0.4739927638699976
0.9180000000000007,0.9180000000000007,0.4732555267314802,0.9180000000000007,0.9180000000000007,0.4732555267314802
0.9190000000000007,0.9190000000000007,0.4725209208430622,0.9190000000000007,0.9190000000000007,0.4725209208430622
0.9200000000000007,0.9200000000000007,0.4717889370353284,0.9200000000000007,0.9200000000000007,0.4717889370353284
0.9210000000000007,0.9210000000000007,0.471059566192967,0.9210000000000007,0.9210000000000007,0.471059566192967
0.9220000000000007,0.9220000000000007,0.4703327992532761,0.9220000000000007,0.9220000000000007,0.4703327992532761
0.9230000000000007,0.9230000000000007,0.4696086272046879,0.9230000000000007,0.9230000000000007,0.4696086272046879
0.9240000000000007,0.9240000000000007,0.4688870410853223,0.9240000000000007,0.9240000000000007,0.4688870410853223
0.9250000000000007,0.9250000000000007,0.4681680319815565,0.9250000000000007,0.9250000000000007,0.4681680319815565
0.9260000000000007,0.9260000000000007,0.4674515910266219,0.9260000000000007,0.9260000000000007,0.4674515910266219
0.9270000000000007,0.9270000000000007,0.4667377093992154,0.9270000000000007,0.9270000000000007,0.4667377093992154
0.9280000000000007,0.9280000000000007,0.4660263783221377,0.9280000000000007,0.9280000000000007,0.4660263783221377
0.9290000000000007,0.9290000000000007,0.4653175890609478,0.9290000000000007,0.9290000000000007,0.4653175890609478
0.9300000000000007,0.9300000000000007,0.4646113329226399,0.9300000000000007,0.9300000000000007,0.4646113329226399
0.9310000000000007,0.9310000000000007,0.463907601254335,0.9310000000000007,0.9310000000000007,0.463907601254335
0.9320000000000007,0.9320000000000007,0.4632063854419982,0.9320000000000007,0.9320000000000007,0.4632063854419982
0.9330000000000007,0.9330000000000007,0.4625076769091674,0.9330000000000007,0.9330000000000007,0.4625076769091674
0.9340000000000007,0.9340000000000007,0.4618114671157036,0.9340000000000007,0.9340000000000007,0.4618114671157036
0.9350000000000007,0.9350000000000007,0.4611177475565592,0.9350000000000007,0.9350000000000007,0.4611177475565592
0.9360000000000007,0.9360000000000007,0.4604265097605605,0.9360000000000007,0.9360000000000007,0.4604265097605605
0.9370000000000007,0.9370000000000007,0.459737745289209,0.9370000000000007,0.9370000000000007,0.459737745289209
0.9380000000000007,0.9380000000000007,0.4590514457354959,0.9380000000000007,0.9380000000000007,0.4590514457354959
0.9390000000000007,0.9390000000000007,0.458367602722737,0.9390000000000007,0.9390000000000007,0.458367602722737
0.9400000000000007,0.9400000000000007,0.4576862079034181,0.9400000000000007,0.9400000000000007,0.4576862079034181
0.9410000000000007,0.9410000000000007,0.4570072529580577,0.9410000000000007,0.9410000000000007,0.4570072529580577
0.9420000000000007,0.9420000000000007,0.4563307295940819,0.9420000000000007,0.9420000000000007,0.4563307295940819
0.9430000000000007,0.9430000000000007,0.4556566295447144,0.9430000000000007,0.9430000000000007,0.4556566295447144
0.9440000000000007,0.9440000000000007,0.4549849445678816,0.9440000000000007,0.9440000000000007,0.4549849445678816
0.9450000000000007,0.9450000000000007,0.4543156664451263,0.9450000000000007,0.9450000000000007,0.4543156664451263
0.9460000000000007,0.9460000000000007,0.4536487869805368,0.9460000000000007,0.9460000000000007,0.4536487869805368
0.9470000000000007,0.9470000000000007,0.4529842979996881,0.9470000000000007,0.9470000000000007,0.4529842979996881
0.9480000000000007,0.9480000000000007,0.4523221913485928,0.9480000000000007,0.9480000000000007,0.4523221913485928
0.9490000000000007,0.9490000000000007,0.4516624588926645,0.9490000000000007,0.9490000000000007,0.4516624588926645
0.9500000000000007,0.9500000000000007,0.4510050925156906,0.9500000000000007,0.9500000000000007,0.4510050925156906
0.9510000000000007,0.9510000000000007,0.4503500841188178,0.9510000000000007,0.9510000000000007,0.4503500841188178
0.9520000000000007,0.9520000000000007,0.4496974256195434,0.9520000000000007,0.9520000000000007,0.4496974256195434
0.9530000000000007,0.9530000000000007,0.4490471089507188,0.9530000000000007,0.9530000000000007,0.4490471089507188
0.9540000000000007,0.9540000000000007,0.4483991260595622,0.9540000000000007,0.9540000000000007,0.4483991260595622
0.9550000000000007,0.9550000000000007,0.4477534689066744,0.9550000000000007,0.9550000000000007,0.4477534689066744
0.9560000000000007,0.9560000000000007,0.4471101294650732,0.9560000000000007,0.9560000000000007,0.4471101294650732
0.9570000000000007,0.9570000000000007,0.4464690997192207,0.9570000000000007,0.9570000000000007,0.4464690997192207
0.9580000000000007,0.9580000000000007,0.445830371664072,0.9580000000000007,0.9580000000000007,0.445830371664072
0.9590000000000007,0.9590000000000007,0.4451939373041207,0.9590000000000007,0.9590000000000007,0.4451939373041207
0.9600000000000007,0.9600000000000007,0.4445597886524549,0.9600000000000007,0.9600000000000007,0.4445597886524549
0.9610000000000007,0.9610000000000007,0.4439279177298187,0.9610000000000007,0.9610000000000007,0.4439279177298187
0.9620000000000007,0.9620000000000007,0.4432983165636756,0.9620000000000007,0.9620000000000007,0.4432983165636756
0.9630000000000007,0.9630000000000007,0.442670977187285,0.9630000000000007,0.9630000000000007,0.442670977187285
0.9640000000000007,0.9640000000000007,0.4420458916387734,0.9640000000000007,0.9640000000000007,0.4420458916387734
0.9650000000000007,0.9650000000000007,0.4414230519602155,0.9650000000000007,0.9650000000000007,0.4414230519602155
0.9660000000000007,0.9660000000000007,0.4408024501967204,0.9660000000000007,0.9660000000000007,0.4408024501967204
0.9670000000000007,0.9670000000000007,0.4401840783955172,0.9670000000000007,0.9670000000000007,0.4401840783955172
0.9680000000000007,0.9680000000000007,0.4395679286050448,0.9680000000000007,0.9680000000000007,0.4395679286050448
0.9690000000000007,0.9690000000000007,0.4389539928740491,0.9690000000000007,0.9690000000000007,0.4389539928740491
0.9700000000000008,0.9700000000000008,0.4383422632506764,0.9700000000000008,0.9700000000000008,0.4383422632506764
0.9710000000000008,0.9710000000000008,0.4377327317815732,0.9710000000000008,0.9710000000000008,0.4377327317815732
0.9720000000000008,0.9720000000000008,0.437125390510986,0.9720000000000008,0.9720000000000008,0.437125390510986
0.9730000000000008,0.9730000000000008,0.4365202314798679,0.9730000000000008,0.9730000000000008,0.4365202314798679
0.9740000000000008,0.9740000000000008,0.4359172467249764,0.9740000000000008,0.9740000000000008,0.4359172467249764
0.9750000000000008,0.9750000000000008,0.4353164282779863,0.9750000000000008,0.9750000000000008,0.4353164282779863
0.9760000000000008,0.9760000000000008,0.4347177681645936,0.9760000000000008,0.9760000000000008,0.4347177681645936
0.9770000000000008,0.9770000000000008,0.4341212584036259,0.9770000000000008,0.9770000000000008,0.4341212584036259
0.9780000000000008,0.9780000000000008,0.4335268910061504,0.9780000000000008,0.9780000000000008,0.4335268910061504
0.9790000000000008,0.9790000000000008,0.432934657974591,0.9790000000000008,0.9790000000000008,0.432934657974591
0.9800000000000008,0.9800000000000008,0.4323445513018335,0.9800000000000008,0.9800000000000008,0.4323445513018335
0.9810000000000008,0.9810000000000008,0.4317565629703498,0.9810000000000008,0.9810000000000008,0.4317565629703498
0.9820000000000008,0.9820000000000008,0.4311706849513049,0.9820000000000008,0.9820000000000008,0.4311706849513049
0.9830000000000008,0.9830000000000008,0.4305869092036816,0.9830000000000008,0.9830000000000008,0.4305869092036816
0.9840000000000008,0.9840000000000008,0.4300052276733984,0.9840000000000008,0.9840000000000008,0.4300052276733984
0.9850000000000008,0.9850000000000008,0.42942563229243,0.9850000000000008,0.9850000000000008,0.42942563229243
0.9860000000000008,0.9860000000000008,0.4288481149779376,0.9860000000000008,0.9860000000000008,0.4288481149779376
0.9870000000000008,0.9870000000000008,0.4282726676313916,0.9870000000000008,0.9870000000000008,0.4282726676313916
0.9880000000000008,0.9880000000000008,0.4276992821377096,0.9880000000000008,0.9880000000000008,0.4276992821377096
0.9890000000000008,0.9890000000000008,0.4271279503643887,0.9890000000000008,0.9890000000000008,0.4271279503643887
0.9900000000000008,0.9900000000000008,0.4265586641606485,0.9900000000000008,0.9900000000000008,0.4265586641606485
0.9910000000000008,0.9910000000000008,0.4259914153565803,0.9910000000000008,0.9910000000000008,0.4259914153565803
0.9920000000000008,0.9920000000000008,0.4254261957622955,0.9920000000000008,0.9920000000000008,0.4254261957622955
0.9930000000000008,0.9930000000000008,0.4248629971670937,0.9930000000000008,0.9930000000000008,0.4248629971670937
0.9940000000000008,0.9940000000000008,0.4243018113386272,0.9940000000000008,0.9940000000000008,0.4243018113386272
0.9950000000000008,0.9950000000000008,0.4237426300220806,0.9950000000000008,0.9950000000000008,0.4237426300220806
0.9960000000000008,0.9960000000000008,0.4231854449393627,0.9960000000000008,0.9960000000000008,0.4231854449393627
0.9970000000000008,0.9970000000000008,0.4226302477883066,0.9970000000000008,0.9970000000000008,0.4226302477883066
0.9980000000000008,0.9980000000000008,0.4220770302418846,0.9980000000000008,0.9980000000000008,0.4220770302418846
0.9990000000000008,0.9990000000000008,0.4215257839474375,0.9990000000000008,0.9990000000000008,0.4215257839474375
1.000000000000001,1.000000000000001,0.4209765005259219,1.000000000000001,1.000000000000001,0.4209765005259219
1.001000000000001,1.001000000000001,0.4204291715711723,1.001000000000001,1.001000000000001,0.4204291715711723
1.002,1.002,0.4198837886491869,1.002,1.002,0.4198837886491869
1.003,1.003,0.4193403432974309,1.003,1.003,0.4193403432974309
1.004,1.004,0.4187988270241682,1.004,1.004,0.4187988270241682
1.005,1.005,0.4182592313078149,1.005,1.005,0.4182592313078149
1.006,1.006,0.4177215475963218,1.006,1.006,0.4177215475963218
1.007,1.007,0.4171857673065889,1.007,1.007,0.4171857673065889
1.008,1.008,0.4166518818239104,1.008,1.008,0.4166518818239104
1.009,1.009,0.4161198825014577,1.009,1.009,0.4161198825014577
1.01,1.01,0.4155897606597985,1.01,1.01,0.4155897606597985
1.010999999999999,1.010999999999999,0.4150615075864552,1.010999999999999,1.010999999999999,0.4150615075864552
1.011999999999999,1.011999999999999,0.4145351145355108,1.011999999999999,1.011999999999999,0.4145351145355108
1.012999999999999,1.012999999999999,0.4140105727272584,1.012999999999999,1.012999999999999,0.4140105727272584
1.013999999999999,1.013999999999999,0.4134878733479,1.013999999999999,1.013999999999999,0.4134878733479
1.014999999999999,1.014999999999999,0.4129670075493003,1.014999999999999,1.014999999999999,0.4129670075493003
1.015999999999999,1.015999999999999,0.4124479664487952,1.015999999999999,1.015999999999999,0.4124479664487952
1.016999999999999,1.016999999999999,0.411930741129057,1.016999999999999,1.016999999999999,0.411930741129057
1.017999999999999,1.017999999999999,0.4114153226380263,1.017999999999999,1.017999999999999,0.4114153226380263
1.018999999999999,1.018999999999999,0.4109017019889058,1.018999999999999,1.018999999999999,0.4109017019889058
1.019999999999998,1.019999999999998,0.410389870160227,1.019999999999998,1.019999999999998,0.410389870160227
1.020999999999998,1.020999999999998,0.4098798180959851,1.020999999999998,1.020999999999998,0.4098798180959851
1.021999999999998,1.021999999999998,0.4093715367058546,1.021999999999998,1.021999999999998,0.4093715367058546
1.022999999999998,1.022999999999998,0.4088650168654802,1.022999999999998,1.022999999999998,0.4088650168654802
1.023999999999998,1.023999999999998,0.4083602494168564,1.023999999999998,1.023999999999998,0.4083602494168564
1.024999999999998,1.024999999999998,0.4078572251687851,1.024999999999998,1.024999999999998,0.4078572251687851
1.025999999999998,1.025999999999998,0.4073559348974318,1.025999999999998,1.025999999999998,0.4073559348974318
1.026999999999998,1.026999999999998,0.4068563693469699,1.026999999999998,1.026999999999998,0.4068563693469699
1.027999999999998,1.027999999999998,0.4063585192303236,1.027999999999998,1.027999999999998,0.4063585192303236
1.028999999999997,1.028999999999997,0.4058623752300095,1.028999999999997,1.028999999999997,0.4058623752300095
1.029999999999997,1.029999999999997,0.4053679279990815,1.029999999999997,1.029999999999997,0.4053679279990815
1.030999999999997,1.030999999999997,0.4048751681621826,1.030999999999997,1.030999999999997,0.4048751681621826
1.031999999999997,1.031999999999997,0.4043840863167018,1.031999999999997,1.031999999999997,0.4043840863167018
1.032999999999997,1.032999999999997,0.4038946730340477,1.032999999999997,1.032999999999997,0.4038946730340477
1.033999999999997,1.033999999999997,0.4034069188610305,1.033999999999997,1.033999999999997,0.4034069188610305
1.034999999999997,1.034999999999997,0.4029208143213645,1.034999999999997,1.034999999999997,0.4029208143213645
1.035999999999997,1.035999999999997,0.4024363499172818,1.035999999999997,1.035999999999997,0.4024363499172818
1.036999999999997,1.036999999999997,0.4019535161312763,1.036999999999997,1.036999999999997,0.4019535161312763
1.037999999999996,1.037999999999996,0.4014723034279565,1.037999999999996,1.037999999999996,0.4014723034279565
1.038999999999996,1.038999999999996,0.4009927022560328,1.038999999999996,1.038999999999996,0.4009927022560328
1.039999999999996,1.039999999999996,0.4005147030504136,1.039999999999996,1.039999999999996,0.4005147030504136
1.040999999999996,1.040999999999996,0.40003829623444,1.040999999999996,1.040999999999996,0.40003829623444
1.041999999999996,1.041999999999996,0.3995634722222304,1.041999999999996,1.041999999999996,0.3995634722222304
1.042999999999996,1.042999999999996,0.3990902214211606,1.042999999999996,1.042999999999996,0.3990902214211606
1.043999999999996,1.043999999999996,0.3986185342344529,1.043999999999996,1.043999999999996,0.3986185342344529
1.044999999999996,1.044999999999996,0.3981484010638979,1.044999999999996,1.044999999999996,0.3981484010638979
1.045999999999996,1.045999999999996,0.3976798123126892,1.045999999999996,1.045999999999996,0.3976798123126892
1.046999999999995,1.046999999999995,0.397212758388376,1.046999999999995,1.046999999999995,0.397212758388376
1.047999999999995,1.047999999999995,0.3967472297059312,1.047999999999995,1.047999999999995,0.3967472297059312
1.048999999999995,1.048999999999995,0.3962832166909322,1.048999999999995,1.048999999999995,0.3962832166909322
1.049999999999995,1.049999999999995,0.3958207097828438,1.049999999999995,1.049999999999995,0.3958207097828438
1.050999999999995,1.050999999999995,0.3953596994384105,1.050999999999995,1.050999999999995,0.3953596994384105
1.051999999999995,1.051999999999995,0.3949001761351446,1.051999999999995,1.051999999999995,0.3949001761351446
1.052999999999995,1.052999999999995,0.3944421303749061,1.052999999999995,1.052999999999995,0.3944421303749061
1.053999999999995,1.053999999999995,0.3939855526875727,1.053999999999995,1.053999999999995,0.3939855526875727
1.054999999999995,1.054999999999995,0.3935304336347897,1.054999999999995,1.054999999999995,0.3935304336347897
1.055999999999994,1.055999999999994,0.3930767638137934,1.055999999999994,1.055999999999994,0.3930767638137934
1.056999999999994,1.056999999999994,0.3926245338613008,1.056999999999994,1.056999999999994,0.3926245338613008
1.057999999999994,1.057999999999994,0.3921737344574606,1.057999999999994,1.057999999999994,0.3921737344574606
1.058999999999994,1.058999999999994,0.3917243563298506,1.058999999999994,1.058999999999994,0.3917243563298506
1.059999999999994,1.059999999999994,0.3912763902575238,1.059999999999994,1.059999999999994,0.3912763902575238
1.060999999999994,1.060999999999994,0.3908298270750771,1.060999999999994,1.060999999999994,0.3908298270750771
1.061999999999994,1.061999999999994,0.3903846576767525,1.061999999999994,1.061999999999994,0.3903846576767525
1.062999999999994,1.062999999999994,0.3899408730205445,1.062999999999994,1.062999999999994,0.3899408730205445
1.063999999999994,1.063999999999994,0.3894984641323145,1.063999999999994,1.063999999999994,0.3894984641323145
1.064999999999994,1.064999999999994,0.3890574221098954,1.064999999999994,1.064999999999994,0.3890574221098954
1.065999999999993,1.065999999999993,0.3886177381271775,1.065999999999993,1.065999999999993,0.3886177381271775
1.066999999999993,1.066999999999993,0.3881794034381661,1.066999999999993,1.066999999999993,0.3881794034381661
1.067999999999993,1.067999999999993,0.3877424093809994,1.067999999999993,1.067999999999993,0.3877424093809994
1.068999999999993,1.068999999999993,0.3873067473819126,1.068999999999993,1.068999999999993,0.3873067473819126
1.069999999999993,1.069999999999993,0.386872408959142,1.069999999999993,1.069999999999993,0.386872408959142
1.070999999999993,1.070999999999993,0.3864393857267557,1.070999999999993,1.070999999999993,0.3864393857267557
1.071999999999993,1.071999999999993,0.3860076693983969,1.071999999999993,1.071999999999993,0.3860076693983969
1.072999999999993,1.072999999999993,0.3855772517909375,1.072999999999993,1.072999999999993,0.3855772517909375
1.073999999999993,1.073999999999993,0.3851481248280202,1.073999999999993,1.073999999999993,0.3851481248280202
1.074999999999992,1.074999999999992,0.3847202805434912,1.074999999999992,1.074999999999992,0.3847202805434912
1.075999999999992,1.075999999999992,0.3842937110847023,1.075999999999992,1.075999999999992,0.3842937110847023
1.076999999999992,1.076999999999992,0.3838684087156821,1.076999999999992,1.076999999999992,0.3838684087156821
1.077999999999992,1.077999999999992,0.3834443658201627,1.077999999999992,1.077999999999992,0.3834443658201627
1.078999999999992,1.078999999999992,0.3830215749044505,1.078999999999992,1.078999999999992,0.3830215749044505
1.079999999999992,1.079999999999992,0.3826000286001439,1.079999999999992,1.079999999999992,0.3826000286001439
1.080999999999992,1.080999999999992,0.3821797196666756,1.080999999999992,1.080999999999992,0.3821797196666756
1.081999999999992,1.081999999999992,0.3817606409936904,1.081999999999992,1.081999999999992,0.3817606409936904
1.082999999999992,1.082999999999992,0.3813427856032332,1.082999999999992,1.082999999999992,0.3813427856032332
1.083999999999991,1.083999999999991,0.3809261466517593,1.083999999999991,1.083999999999991,0.3809261466517593
1.084999999999991,1.084999999999991,0.3805107174319524,1.084999999999991,1.084999999999991,0.3805107174319524
1.085999999999991,1.085999999999991,0.3800964913743475,1.085999999999991,1.085999999999991,0.3800964913743475
1.086999999999991,1.086999999999991,0.3796834620487597,1.086999999999991,1.086999999999991,0.3796834620487597
1.087999999999991,1.087999999999991,0.3792716231655132,1.087999999999991,1.087999999999991,0.3792716231655132
1.088999999999991,1.088999999999991,0.3788609685764692,1.088999999999991,1.088999999999991,0.3788609685764692
1.089999999999991,1.089999999999991,0.378451492275854,1.089999999999991,1.089999999999991,0.378451492275854
1.090999999999991,1.090999999999991,0.3780431884008842,1.090999999999991,1.090999999999991,0.3780431884008842
1.091999999999991,1.091999999999991,0.3776360512321938,1.091999999999991,1.091999999999991,0.3776360512321938
1.09299999999999,1.09299999999999,0.3772300751940592,1.09299999999999,1.09299999999999,0.3772300751940592
1.09399999999999,1.09399999999999,0.3768252548544291,1.09399999999999,1.09399999999999,0.3768252548544291
1.09499999999999,1.09499999999999,0.3764215849247609,1.09499999999999,1.09499999999999,0.3764215849247609
1.09599999999999,1.09599999999999,0.3760190602596651,1.09599999999999,1.09599999999999,0.3760190602596651
1.09699999999999,1.09699999999999,0.3756176758563622,1.09699999999999,1.09699999999999,0.3756176758563622
1.09799999999999,1.09799999999999,0.3752174268539596,1.09799999999999,1.09799999999999,0.3752174268539596
1.09899999999999,1.09899999999999,0.3748183085325501,1.09899999999999,1.09899999999999,0.3748183085325501
1.09999999999999,1.09999999999999,0.3744203163121387,1.09999999999999,1.09999999999999,0.3744203163121387
1.10099999999999,1.10099999999999,0.3740234457514046,1.10099999999999,1.10099999999999,0.3740234457514046
1.101999999999989,1.101999999999989,0.3736276925463049,1.101999999999989,1.101999999999989,0.3736276925463049
1.102999999999989,1.102999999999989,0.3732330525285222,1.102999999999989,1.102999999999989,0.3732330525285222
1.103999999999989,1.103999999999989,0.3728395216637722,1.103999999999989,1.103999999999989,0.3728395216637722
1.104999999999989,1.104999999999989,0.3724470960499707,1.104999999999989,1.104999999999989,0.3724470960499707
1.105999999999989,1.105999999999989,0.3720557719152681,1.105999999999989,1.105999999999989,0.3720557719152681
1.106999999999989,1.106999999999989,0.3716655456159634,1.106999999999989,1.106999999999989,0.3716655456159634
1.107999999999989,1.107999999999989,0.3712764136343045,1.107999999999989,1.107999999999989,0.3712764136343045
1.108999999999989,1.108999999999989,0.3708883725761769,1.108999999999989,1.108999999999989,0.3708883725761769
1.109999999999989,1.109999999999989,0.3705014191686967,1.109999999999989,1.109999999999989,0.3705014191686967
1.110999999999988,1.110999999999988,0.370115550257713,1.110999999999988,1.110999999999988,0.370115550257713
1.111999999999988,1.111999999999988,0.3697307628052175,1.111999999999988,1.111999999999988,0.3697307628052175
1.112999999999988,1.112999999999988,0.3693470538866949,1.112999999999988,1.112999999999988,0.3693470538866949
1.113999999999988,1.113999999999988,0.3689644206883878,1.113999999999988,1.113999999999988,0.3689644206883878
1.114999999999988,1.114999999999988,0.3685828605045119,1.114999999999988,1.114999999999988,0.3685828605045119
1.115999999999988,1.115999999999988,0.3682023707344136,1.115999999999988,1.115999999999988,0.3682023707344136
1.116999999999988,1.116999999999988,0.3678229488796844,1.116999999999988,1.116999999999988,0.3678229488796844
1.117999999999988,1.117999999999988,0.3674445925412319,1.117999999999988,1.117999999999988,0.3674445925412319
1.118999999999988,1.118999999999988,0.3670672994163217,1.118999999999988,1.118999999999988,0.3670672994163217
1.119999999999987,1.119999999999987,0.3666910672955945,1.119999999999987,1.119999999999987,0.3666910672955945
1.120999999999987,1.120999999999987,0.3663158940600618,1.120999999999987,1.120999999999987,0.3663158940600618
1.121999999999987,1.121999999999987,0.3659417776780882,1.121999999999987,1.121999999999987,0.3659417776780882
1.122999999999987,1.122999999999987,0.3655687162023684,1.122999999999987,1.122999999999987,0.3655687162023684
1.123999999999987,1.123999999999987,0.3651967077668983,1.123999999999987,1.123999999999987,0.3651967077668983
1.124999999999987,1.124999999999987,0.3648257505839567,1.124999999999987,1.124999999999987,0.3648257505839567
1.125999999999987,1.125999999999987,0.3644558429410849,1.125999999999987,1.125999999999987,0.3644558429410849
1.126999999999987,1.126999999999987,0.3640869831980911,1.126999999999987,1.126999999999987,0.3640869831980911
1.127999999999987,1.127999999999987,0.3637191697840609,1.127999999999987,1.127999999999987,0.3637191697840609
1.128999999999986,1.128999999999986,0.3633524011943989,1.128999999999986,1.128999999999986,0.3633524011943989
1.129999999999986,1.129999999999986,0.3629866759878901,1.129999999999986,1.129999999999986,0.3629866759878901
1.130999999999986,1.130999999999986,0.3626219927837898,1.130999999999986,1.130999999999986,0.3626219927837898
1.131999999999986,1.131999999999986,0.3622583502589535,1.131999999999986,1.131999999999986,0.3622583502589535
1.132999999999986,1.132999999999986,0.3618957471449919,1.132999999999986,1.132999999999986,0.3618957471449919
1.133999999999986,1.133999999999986,0.3615341822254706,1.133999999999986,1.133999999999986,0.3615341822254706
1.134999999999986,1.134999999999986,0.3611736543331522,1.134999999999986,1.134999999999986,0.3611736543331522
1.135999999999986,1.135999999999986,0.3608141623472746,1.135999999999986,1.135999999999986,0.3608141623472746
1.136999999999986,1.136999999999986,0.3604557051908823,1.136999999999986,1.136999999999986,0.3604557051908823
1.137999999999985,1.137999999999985,0.3600982818282,1.137999999999985,1.137999999999985,0.3600982818282
1.138999999999985,1.138999999999985,0.3597418912620595,1.138999999999985,1.138999999999985,0.3597418912620595
1.139999999999985,1.139999999999985,0.3593865325313708,1.139999999999985,1.139999999999985,0.3593865325313708
1.140999999999985,1.140999999999985,0.3590322047086534,1.140999999999985,1.140999999999985,0.3590322047086534
1.141999999999985,1.141999999999985,0.3586789068976131,1.141999999999985,1.141999999999985,0.3586789068976131
1.142999999999985,1.142999999999985,0.3583266382307769,1.142999999999985,1.142999999999985,0.3583266382307769
1.143999999999985,1.143999999999985,0.3579753978671819,1.143999999999985,1.143999999999985,0.3579753978671819
1.144999999999985,1.144999999999985,0.3576251849901204,1.144999999999985,1.144999999999985,0.3576251849901204
1.145999999999985,1.145999999999985,0.357275998804936,1.145999999999985,1.145999999999985,0.357275998804936
1.146999999999984,1.146999999999984,0.3569278385368865,1.146999999999984,1.146999999999984,0.3569278385368865
1.147999999999984,1.147999999999984,0.3565807034290498,1.147999999999984,1.147999999999984,0.3565807034290498
1.148999999999984,1.148999999999984,0.3562345927402989,1.148999999999984,1.148999999999984,0.3562345927402989
1.149999999999984,1.149999999999984,0.3558895057433267,1.149999999999984,1.149999999999984,0.3558895057433267
1.150999999999984,1.150999999999984,0.3555454417227268,1.150999999999984,1.150999999999984,0.3555454417227268
1.151999999999984,1.151999999999984,0.3552023999731371,1.151999999999984,1.151999999999984,0.3552023999731371
1.152999999999984,1.152999999999984,0.3548603797974306,1.152999999999984,1.152999999999984,0.3548603797974306
1.153999999999984,1.153999999999984,0.3545193805049724,1.153999999999984,1.153999999999984,0.3545193805049724
1.154999999999984,1.154999999999984,0.354179401409923,1.154999999999984,1.154999999999984,0.354179401409923
1.155999999999983,1.155999999999983,0.3538404418296011,1.155999999999983,1.155999999999983,0.3538404418296011
1.156999999999983,1.156999999999983,0.353502501082902,1.156999999999983,1.156999999999983,0.353502501082902
1.157999999999983,1.157999999999983,0.3531655784887656,1.157999999999983,1.157999999999983,0.3531655784887656
1.158999999999983,1.158999999999983,0.3528296733647018,1.158999999999983,1.158999999999983,0.3528296733647018
1.159999999999983,1.159999999999983,0.3524947850253662,1.159999999999983,1.159999999999983,0.3524947850253662
1.160999999999983,1.160999999999983,0.3521609127811878,1.160999999999983,1.160999999999983,0.3521609127811878
1.161999999999983,1.161999999999983,0.3518280559370489,1.161999999999983,1.161999999999983,0.3518280559370489
1.162999999999983,1.162999999999983,0.3514962137910143,1.162999999999983,1.162999999999983,0.3514962137910143
1.163999999999983,1.163999999999983,0.3511653856331104,1.163999999999983,1.163999999999983,0.3511653856331104
1.164999999999982,1.164999999999982,0.3508355707441526,1.164999999999982,1.164999999999982,0.3508355707441526
1.165999999999982,1.165999999999982,0.350506768394619,1.165999999999982,1.165999999999982,0.350506768394619
1.166999999999982,1.166999999999982,0.3501789778435771,1.166999999999982,1.166999999999982,0.3501789778435771
1.167999999999982,1.167999999999982,0.3498521983376479,1.167999999999982,1.167999999999982,0.3498521983376479
1.168999999999982,1.168999999999982,0.3495264291100201,1.168999999999982,1.168999999999982,0.3495264291100201
1.169999999999982,1.169999999999982,0.3492016693795092,1.169999999999982,1.169999999999982,0.3492016693795092
1.170999999999982,1.170999999999982,0.3488779183496574,1.170999999999982,1.170999999999982,0.3488779183496574
1.171999999999982,1.171999999999982,0.3485551752078755,1.171999999999982,1.171999999999982,0.3485551752078755
1.172999999999982,1.172999999999982,0.3482334391246311,1.172999999999982,1.172999999999982,0.3482334391246311
1.173999999999982,1.173999999999982,0.3479127092526696,1.173999999999982,1.173999999999982,0.3479127092526696
1.174999999999981,1.174999999999981,0.3475929847262821,1.174999999999981,1.174999999999981,0.3475929847262821
1.175999999999981,1.175999999999981,0.347274264660607,1.175999999999981,1.175999999999981,0.347274264660607
1.176999999999981,1.176999999999981,0.3469565481509731,1.176999999999981,1.176999999999981,0.3469565481509731
1.177999999999981,1.177999999999981,0.346639834272274,1.177999999999981,1.177999999999981,0.346639834272274
1.178999999999981,1.178999999999981,0.3463241220783873,1.178999999999981,1.178999999999981,0.3463241220783873
1.179999999999981,1.179999999999981,0.3460094106016191,1.179999999999981,1.179999999999981,0.3460094106016191
1.180999999999981,1.180999999999981,0.345695698852189,1.180999999999981,1.180999999999981,0.345695698852189
1.181999999999981,1.181999999999981,0.3453829858177456,1.181999999999981,1.181999999999981,0.3453829858177456
1.182999999999981,1.182999999999981,0.3450712704629166,1.182999999999981,1.182999999999981,0.3450712704629166
1.18399999999998,1.18399999999998,0.3447605517288879,1.18399999999998,1.18399999999998,0.3447605517288879
1.18499999999998,1.18499999999998,0.3444508285330161,1.18499999999998,1.18499999999998,0.3444508285330161
1.18599999999998,1.18599999999998,0.3441420997684666,1.18599999999998,1.18599999999998,0.3441420997684666
1.18699999999998,1.18699999999998,0.3438343643038838,1.18699999999998,1.18699999999998,0.3438343643038838
1.18799999999998,1.18799999999998,0.3435276209830939,1.18799999999998,1.18799999999998,0.3435276209830939
1.18899999999998,1.18899999999998,0.3432218686248223,1.18899999999998,1.18899999999998,0.3432218686248223
1.18999999999998,1.18999999999998,0.3429171060224512,1.18999999999998,1.18999999999998,0.3429171060224512
1.19099999999998,1.19099999999998,0.3426133319437946,1.19099999999998,1.19099999999998,0.3426133319437946
1.19199999999998,1.19199999999998,0.3423105451309043,1.19199999999998,1.19199999999998,0.3423105451309043
1.192999999999979,1.192999999999979,0.3420087442998911,1.192999999999979,1.192999999999979,0.3420087442998911
1.193999999999979,1.193999999999979,0.3417079281407807,1.193999999999979,1.193999999999979,0.3417079281407807
1.194999999999979,1.194999999999979,0.3414080953173839,1.194999999999979,1.194999999999979,0.3414080953173839
1.195999999999979,1.195999999999979,0.3411092444671929,1.195999999999979,1.195999999999979,0.3411092444671929
1.196999999999979,1.196999999999979,0.3408113742012995,1.196999999999979,1.196999999999979,0.3408113742012995
1.197999999999979,1.197999999999979,0.3405144831043297,1.197999999999979,1.197999999999979,0.3405144831043297
1.198999999999979,1.198999999999979,0.3402185697344032,1.198999999999979,1.198999999999979,0.3402185697344032
1.2,1.2,0.3399236326231033,1.2,1.2,0.3399236326231033
