/blb X,/blb Y,/q X,/q Y,/qb X,/qb Y
1.2,1.2,1.2,0.7111469757267506,1.2,0.7111469757267506
1.199,1.199,1.199,0.7111597848956291,1.199,0.7112014379336261
1.198,1.198,1.198,0.711132329358973,1.198,0.7112156327083169
1.197,1.197,1.197,0.7111048766891016,1.197,0.7112298281688959
1.196,1.196,1.196,0.7110774268266887,1.196,0.7112440238240446
1.195000000000001,1.195000000000001,1.195000000000001,0.7110499797401492,1.195000000000001,0.711258219863473
1.194000000000001,1.194000000000001,1.194000000000001,0.7110225353902391,1.194000000000001,0.7112724163070214
1.193000000000001,1.193000000000001,1.193000000000001,0.7109950937371209,1.193000000000001,0.7112866131748472
1.192000000000001,1.192000000000001,1.192000000000001,0.7109676547403562,1.192000000000001,0.7113008104874294
1.191000000000001,1.191000000000001,1.191000000000001,0.7109402183588948,1.191000000000001,0.7113150082655744
1.190000000000001,1.190000000000001,1.190000000000001,0.7109127845510653,1.190000000000001,0.7113292065304208
1.189000000000001,1.189000000000001,1.189000000000001,0.7108853532745631,1.189000000000001,0.711343405303446
1.188000000000001,1.188000000000001,1.188000000000001,0.7108579244864409,1.188000000000001,0.7113576046064722
1.187000000000001,1.187000000000001,1.187000000000001,0.7108304981430988,1.187000000000001,0.7113718044616695
1.186000000000001,1.186000000000001,1.186000000000001,0.7108030742002709,1.186000000000001,0.7113860048915651
1.185000000000002,1.185000000000002,1.185000000000002,0.7107756526130161,1.185000000000002,0.7114002059190481
1.184000000000002,1.184000000000002,1.184000000000002,0.7107482333357062,1.184000000000002,0.7114144075673745
1.183000000000002,1.183000000000002,1.183000000000002,0.7107208163220138,1.183000000000002,0.7114286098601751
1.182000000000002,1.182000000000002,1.182000000000002,0.7106934015249008,1.182000000000002,0.7114428128214609
1.181000000000002,1.181000000000002,1.181000000000002,0.7106659888966056,1.181000000000002,0.7114570164756311
1.180000000000002,1.180000000000002,1.180000000000002,0.710638578388632,1.180000000000002,0.7114712208474775
1.179000000000002,1.179000000000002,1.179000000000002,0.7106111699517371,1.179000000000002,0.7114854259621909
1.178000000000002,1.178000000000002,1.178000000000002,0.7105837635359148,1.178000000000002,0.7114996318453725
1.177000000000002,1.177000000000002,1.177000000000002,0.7105563590903877,1.177000000000002,0.7115138385230358
1.176000000000003,1.176000000000003,1.176000000000003,0.7105289565635899,1.176000000000003,0.7115280460216165
1.175000000000003,1.175000000000003,1.175000000000003,0.7105015559031566,1.175000000000003,0.7115422543679784
1.174000000000003,1.174000000000003,1.174000000000003,0.7104741570559071,1.174000000000003,0.7115564635894216
1.173000000000003,1.173000000000003,1.173000000000003,0.7104467599678329,1.173000000000003,0.7115706737136916
1.172000000000003,1.172000000000003,1.172000000000003,0.7104193645840829,1.172000000000003,0.711584884768983
1.171000000000003,1.171000000000003,1.171000000000003,0.7103919708489491,1.171000000000003,0.7115990967839511
1.170000000000003,1.170000000000003,1.170000000000003,0.710364578705849,1.170000000000003,0.7116133097877191
1.169000000000003,1.169000000000003,1.169000000000003,0.7103371880973158,1.169000000000003,0.7116275238098837
1.168000000000003,1.168000000000003,1.168000000000003,0.7103097989649777,1.168000000000003,0.7116417388805274
1.167000000000004,1.167000000000004,1.167000000000004,0.7102824112495431,1.167000000000004,0.7116559550302254
1.166000000000004,1.166000000000004,1.166000000000004,0.7102550248907874,1.166000000000004,0.7116701722900521
1.165000000000004,1.165000000000004,1.165000000000004,0.710227639827534,1.165000000000004,0.7116843906915936
1.164000000000004,1.164000000000004,1.164000000000004,0.7102002559976373,1.164000000000004,0.7116986102669546
1.163000000000004,1.163000000000004,1.163000000000004,0.7101728733379669,1.163000000000004,0.711712831048767
1.162000000000004,1.162000000000004,1.162000000000004,0.7101454917843897,1.162000000000004,0.7117270530702022
1.161000000000004,1.161000000000004,1.161000000000004,0.710118111271752,1.161000000000004,0.7117412763649763
1.160000000000004,1.160000000000004,1.160000000000004,0.7100907317338607,1.160000000000004,0.7117555009673651
1.159000000000004,1.159000000000004,1.159000000000004,0.7100633531034667,1.159000000000004,0.7117697269122087
1.158000000000005,1.158000000000005,1.158000000000005,0.7100359753122437,1.158000000000005,0.7117839542349264
1.157000000000005,1.157000000000005,1.157000000000005,0.7100085982907711,1.157000000000005,0.7117981829715229
1.156000000000005,1.156000000000005,1.156000000000005,0.7099812219685121,1.156000000000005,0.7118124131586029
1.155000000000005,1.155000000000005,1.155000000000005,0.7099538462737962,1.155000000000005,0.7118266448333782
1.154000000000005,1.154000000000005,1.154000000000005,0.7099264711337964,1.154000000000005,0.7118408780336811
1.153000000000005,1.153000000000005,1.153000000000005,0.7098990964745095,1.153000000000005,0.7118551127979755
1.152000000000005,1.152000000000005,1.152000000000005,0.709871722220736,1.152000000000005,0.7118693491653661
1.151000000000005,1.151000000000005,1.151000000000005,0.7098443482960556,1.151000000000005,0.7118835871756132
1.150000000000005,1.150000000000005,1.150000000000005,0.7098169746228074,1.150000000000005,0.7118978268691427
1.149000000000006,1.149000000000006,1.149000000000006,0.7097896011220649,1.149000000000006,0.7119120682870594
1.148000000000006,1.148000000000006,1.148000000000006,0.7097622277136175,1.148000000000006,0.7119263114711573
1.147000000000006,1.147000000000006,1.147000000000006,0.7097348543159422,1.147000000000006,0.7119405564639341
1.146000000000006,1.146000000000006,1.146000000000006,0.709707480846181,1.146000000000006,0.7119548033086052
1.145000000000006,1.145000000000006,1.145000000000006,0.7096801072201175,1.145000000000006,0.711969052049114
1.144000000000006,1.144000000000006,1.144000000000006,0.709652733352151,1.144000000000006,0.7119833027301473
1.143000000000006,1.143000000000006,1.143000000000006,0.709625359155272,1.143000000000006,0.711997555397148
1.142000000000006,1.142000000000006,1.142000000000006,0.7095979845410338,1.142000000000006,0.712011810096331
1.141000000000006,1.141000000000006,1.141000000000006,0.7095706094195284,1.141000000000006,0.7120260668746952
1.140000000000007,1.140000000000007,1.140000000000007,0.7095432336993586,1.140000000000007,0.7120403257800394
1.139000000000007,1.139000000000007,1.139000000000007,0.7095158572876087,1.139000000000007,0.7120545868609774
1.138000000000007,1.138000000000007,1.138000000000007,0.7094884800898197,1.138000000000007,0.7120688501669522
1.137000000000007,1.137000000000007,1.137000000000007,0.7094611020099566,1.137000000000007,0.7120831157482528
1.136000000000007,1.136000000000007,1.136000000000007,0.7094337229503819,1.136000000000007,0.7120973836560285
1.135000000000007,1.135000000000007,1.135000000000007,0.709406342811823,1.135000000000007,0.7121116539423078
1.134000000000007,1.134000000000007,1.134000000000007,0.7093789614933438,1.134000000000007,0.712125926660012
1.133000000000007,1.133000000000007,1.133000000000007,0.709351578892312,1.133000000000007,0.7121402018629729
1.132000000000007,1.132000000000007,1.132000000000007,0.7093241949043672,1.132000000000007,0.7121544796059526
1.131000000000008,1.131000000000008,1.131000000000008,0.7092968094233878,1.131000000000008,0.7121687599446569
1.130000000000008,1.130000000000008,1.130000000000008,0.7092694223414588,1.130000000000008,0.7121830429357574
1.129000000000008,1.129000000000008,1.129000000000008,0.7092420335488374,1.129000000000008,0.7121973286369065
1.128000000000008,1.128000000000008,1.128000000000008,0.7092146429339165,1.128000000000008,0.7122116171067587
1.127000000000008,1.127000000000008,1.127000000000008,0.709187250383191,1.127000000000008,0.7122259084049889
1.126000000000008,1.126000000000008,1.126000000000008,0.7091598557812209,1.126000000000008,0.7122402025923108
1.125000000000008,1.125000000000008,1.125000000000008,0.7091324590105939,1.125000000000008,0.7122544997304994
1.124000000000008,1.124000000000008,1.124000000000008,0.7091050599518879,1.124000000000008,0.7122687998824087
1.123000000000008,1.123000000000008,1.123000000000008,0.7090776584836312,1.123000000000008,0.7122831031119959
1.122000000000009,1.122000000000009,1.122000000000009,0.7090502544822646,1.122000000000009,0.7122974094843393
1.121000000000009,1.121000000000009,1.121000000000009,0.7090228478220996,1.121000000000009,0.7123117190656622
1.120000000000009,1.120000000000009,1.120000000000009,0.7089954383752772,1.120000000000009,0.7123260319233553
1.119000000000009,1.119000000000009,1.119000000000009,0.7089680260117275,1.119000000000009,0.7123403481259973
1.118000000000009,1.118000000000009,1.118000000000009,0.7089406105991227,1.118000000000009,0.712354667743382
1.117000000000009,1.117000000000009,1.117000000000009,0.7089131920028379,1.117000000000009,0.7123689908465378
1.116000000000009,1.116000000000009,1.116000000000009,0.7088857700859018,1.116000000000009,0.7123833175077555
1.115000000000009,1.115000000000009,1.115000000000009,0.7088583447089534,1.115000000000009,0.7123976478006107
1.114000000000009,1.114000000000009,1.114000000000009,0.7088309157301936,1.114000000000009,0.7124119817999908
1.11300000000001,1.11300000000001,1.11300000000001,0.7088034830053382,1.11300000000001,0.7124263195821195
1.11200000000001,1.11200000000001,1.11200000000001,0.7087760463875666,1.11200000000001,0.7124406612245863
1.11100000000001,1.11100000000001,1.11100000000001,0.7087486057274752,1.11100000000001,0.7124550068063683
1.11000000000001,1.11000000000001,1.11000000000001,0.7087211608730223,1.11000000000001,0.7124693564078646
1.10900000000001,1.10900000000001,1.10900000000001,0.7086937116694787,1.10900000000001,0.7124837101109175
1.10800000000001,1.10800000000001,1.10800000000001,0.7086662579593703,1.10800000000001,0.7124980679988488
1.10700000000001,1.10700000000001,1.10700000000001,0.7086387995824283,1.10700000000001,0.7125124301564834
1.10600000000001,1.10600000000001,1.10600000000001,0.7086113363755289,1.10600000000001,0.7125267966701823
1.10500000000001,1.10500000000001,1.10500000000001,0.7085838681726379,1.10500000000001,0.7125411676278737
1.104000000000011,1.104000000000011,1.104000000000011,0.7085563948047524,1.104000000000011,0.7125555431190833
1.103000000000011,1.103000000000011,1.103000000000011,0.7085289160998391,1.103000000000011,0.7125699232349687
1.102000000000011,1.102000000000011,1.102000000000011,0.708501431882774,1.102000000000011,0.7125843080683509
1.101000000000011,1.101000000000011,1.101000000000011,0.7084739419752811,1.101000000000011,0.7125986977137481
1.100000000000011,1.100000000000011,1.100000000000011,0.7084464461958662,1.100000000000011,0.7126130922674119
1.099000000000011,1.099000000000011,1.099000000000011,0.7084189443597513,1.099000000000011,0.7126274918273611
1.098000000000011,1.098000000000011,1.098000000000011,0.7083914362788105,1.098000000000011,0.7126418964934178
1.097000000000011,1.097000000000011,1.097000000000011,0.7083639217614982,1.097000000000011,0.7126563063672468
1.096000000000011,1.096000000000011,1.096000000000011,0.70833640061278,1.096000000000011,0.7126707215523901
1.095000000000012,1.095000000000012,1.095000000000012,0.7083088726340612,1.095000000000012,0.7126851421543093
1.094000000000012,1.094000000000012,1.094000000000012,0.7082813376231136,1.094000000000012,0.7126995682804227
1.093000000000012,1.093000000000012,1.093000000000012,0.7082537953740001,1.093000000000012,0.7127140000401458
1.092000000000012,1.092000000000012,1.092000000000012,0.7082262456769974,1.092000000000012,0.7127284375449354
1.091000000000012,1.091000000000012,1.091000000000012,0.7081986883185186,1.091000000000012,0.7127428809083289
1.090000000000012,1.090000000000012,1.090000000000012,0.7081711230810311,1.090000000000012,0.7127573302459909
1.089000000000012,1.089000000000012,1.089000000000012,0.7081435497429763,1.089000000000012,0.7127717856757545
1.088000000000012,1.088000000000012,1.088000000000012,0.7081159680786834,1.088000000000012,0.7127862473176703
1.087000000000012,1.087000000000012,1.087000000000012,0.7080883778582846,1.087000000000012,0.7128007152940496
1.086000000000013,1.086000000000013,1.086000000000013,0.7080607788476273,1.086000000000013,0.7128151897295141
1.085000000000013,1.085000000000013,1.085000000000013,0.708033170808181,1.085000000000013,0.7128296707510461
1.084000000000013,1.084000000000013,1.084000000000013,0.7080055534969489,1.084000000000013,0.7128441584880336
1.083000000000013,1.083000000000013,1.083000000000013,0.7079779266663702,1.083000000000013,0.7128586530723284
1.082000000000013,1.082000000000013,1.082000000000013,0.7079502900642257,1.082000000000013,0.7128731546382912
1.081000000000013,1.081000000000013,1.081000000000013,0.7079226434335353,1.081000000000013,0.7128876633228514
1.080000000000013,1.080000000000013,1.080000000000013,0.7078949865124605,1.080000000000013,0.7129021792655585
1.079000000000013,1.079000000000013,1.079000000000013,0.7078673190341982,1.079000000000013,0.7129167026086392
1.078000000000013,1.078000000000013,1.078000000000013,0.7078396407268744,1.078000000000013,0.7129312334970552
1.077000000000014,1.077000000000014,1.077000000000014,0.7078119513134368,1.077000000000014,0.7129457720785617
1.076000000000014,1.076000000000014,1.076000000000014,0.7077842505115419,1.076000000000014,0.7129603185037683
1.075000000000014,1.075000000000014,1.075000000000014,0.7077565380334414,1.075000000000014,0.7129748729262001
1.074000000000014,1.074000000000014,1.074000000000014,0.7077288135858638,1.074000000000014,0.7129894355023629
1.073000000000014,1.073000000000014,1.073000000000014,0.7077010768698984,1.073000000000014,0.7130040063918049
1.072000000000014,1.072000000000014,1.072000000000014,0.7076733275808686,1.072000000000014,0.7130185857571859
1.071000000000014,1.071000000000014,1.071000000000014,0.7076455654082083,1.071000000000014,0.7130331737643442
1.070000000000014,1.070000000000014,1.070000000000014,0.7076177900353332,1.070000000000014,0.7130477705823666
1.069000000000014,1.069000000000014,1.069000000000014,0.7075900011395084,1.069000000000014,0.7130623763836592
1.068000000000014,1.068000000000014,1.068000000000014,0.7075621983917139,1.068000000000014,0.7130769913440219
1.067000000000015,1.067000000000015,1.067000000000015,0.7075343814565063,1.067000000000015,0.7130916156427214
1.066000000000015,1.066000000000015,1.066000000000015,0.7075065499918768,1.066000000000015,0.7131062494625695
1.065000000000015,1.065000000000015,1.065000000000015,0.7074787036491058,1.065000000000015,0.7131208929900021
1.064000000000015,1.064000000000015,1.064000000000015,0.7074508420726149,1.064000000000015,0.7131355464151589
1.063000000000015,1.063000000000015,1.063000000000015,0.7074229648998136,1.063000000000015,0.7131502099319655
1.062000000000015,1.062000000000015,1.062000000000015,0.7073950717609443,1.062000000000015,0.7131648837382192
1.061000000000015,1.061000000000015,1.061000000000015,0.7073671622789209,1.061000000000015,0.7131795680356766
1.060000000000015,1.060000000000015,1.060000000000015,0.7073392360691648,1.060000000000015,0.7131942630301404
1.059000000000015,1.059000000000015,1.059000000000015,0.7073112927394383,1.059000000000015,0.7132089689315524
1.058000000000016,1.058000000000016,1.058000000000016,0.7072833318896702,1.058000000000016,0.7132236859540855
1.057000000000016,1.057000000000016,1.057000000000016,0.7072553531117819,1.057000000000016,0.7132384143162405
1.056000000000016,1.056000000000016,1.056000000000016,0.7072273559895011,1.056000000000016,0.713253154240946
1.055000000000016,1.055000000000016,1.055000000000016,0.7071993400981835,1.055000000000016,0.7132679059556548
1.054000000000016,1.054000000000016,1.054000000000016,0.7071713050046151,1.054000000000016,0.7132826696924521
1.053000000000016,1.053000000000016,1.053000000000016,0.7071432502668227,1.053000000000016,0.7132974456881573
1.052000000000016,1.052000000000016,1.052000000000016,0.7071151754338709,1.052000000000016,0.7133122341844353
1.051000000000016,1.051000000000016,1.051000000000016,0.7070870800456575,1.051000000000016,0.7133270354279072
1.050000000000016,1.050000000000016,1.050000000000016,0.7070589636327019,1.050000000000016,0.7133418496702647
1.049000000000017,1.049000000000017,1.049000000000017,0.7070308257159337,1.049000000000017,0.7133566771683854
1.048000000000017,1.048000000000017,1.048000000000017,0.7070026658064651,1.048000000000017,0.7133715181844559
1.047000000000017,1.047000000000017,1.047000000000017,0.7069744834053691,1.047000000000017,0.7133863729860934
1.046000000000017,1.046000000000017,1.046000000000017,0.7069462780034436,1.046000000000017,0.7134012418464726
1.045000000000017,1.045000000000017,1.045000000000017,0.7069180490809742,1.045000000000017,0.7134161250444555
1.044000000000017,1.044000000000017,1.044000000000017,0.706889796107489,1.044000000000017,0.7134310228647232
1.043000000000017,1.043000000000017,1.043000000000017,0.7068615185415071,1.043000000000017,0.7134459355979148
1.042000000000017,1.042000000000017,1.042000000000017,0.7068332158302811,1.042000000000017,0.7134608635407649
1.041000000000017,1.041000000000017,1.041000000000017,0.7068048874095314,1.041000000000017,0.7134758069962502
1.040000000000018,1.040000000000018,1.040000000000018,0.706776532703177,1.040000000000018,0.7134907662737341
1.039000000000018,1.039000000000018,1.039000000000018,0.7067481511230536,1.039000000000018,0.7135057416891215
1.038000000000018,1.038000000000018,1.038000000000018,0.7067197420686331,1.038000000000018,0.7135207335650096
1.037000000000018,1.037000000000018,1.037000000000018,0.7066913049267246,1.037000000000018,0.7135357422308523
1.036000000000018,1.036000000000018,1.036000000000018,0.7066628390711777,1.036000000000018,0.7135507680231198
1.035000000000018,1.035000000000018,1.035000000000018,0.7066343438625715,1.035000000000018,0.7135658112854699
1.034000000000018,1.034000000000018,1.034000000000018,0.706605818647898,1.034000000000018,0.713580872368918
1.033000000000018,1.033000000000018,1.033000000000018,0.7065772627602361,1.033000000000018,0.7135959516320157
1.032000000000018,1.032000000000018,1.032000000000018,0.70654867551842,1.032000000000018,0.7136110494410314
1.031000000000019,1.031000000000019,1.031000000000019,0.7065200562266918,1.031000000000019,0.7136261661701389
1.030000000000019,1.030000000000019,1.030000000000019,0.7064914041743541,1.030000000000019,0.7136413022016062
1.029000000000019,1.029000000000019,1.029000000000019,0.7064627186354059,1.029000000000019,0.7136564579259944
1.028000000000019,1.028000000000019,1.028000000000019,0.7064339988681709,1.028000000000019,0.7136716337423602
1.027000000000019,1.027000000000019,1.027000000000019,0.7064052441149187,1.027000000000019,0.7136868300584617
1.026000000000019,1.026000000000019,1.026000000000019,0.7063764536014716,1.026000000000019,0.7137020472909715
1.025000000000019,1.025000000000019,1.025000000000019,0.7063476265368027,1.025000000000019,0.7137172858656989
1.024000000000019,1.024000000000019,1.024000000000019,0.7063187621126248,1.024000000000019,0.7137325462178102
1.023000000000019,1.023000000000019,1.023000000000019,0.7062898595029641,1.023000000000019,0.7137478287920624
1.02200000000002,1.02200000000002,1.02200000000002,0.7062609178637266,1.02200000000002,0.713763134043041
1.02100000000002,1.02100000000002,1.02100000000002,0.7062319363322499,1.02100000000002,0.7137784624354012
1.02000000000002,1.02000000000002,1.02000000000002,0.7062029140268442,1.02000000000002,0.7137938144441217
1.01900000000002,1.01900000000002,1.01900000000002,0.7061738500463192,1.01900000000002,0.713809190554759
1.01800000000002,1.01800000000002,1.01800000000002,0.7061447434695015,1.01800000000002,0.7138245912637136
1.01700000000002,1.01700000000002,1.01700000000002,0.706115593354734,1.01700000000002,0.7138400170785015
1.01600000000002,1.01600000000002,1.01600000000002,0.7060863987393652,1.01600000000002,0.7138554685180319
1.01500000000002,1.01500000000002,1.01500000000002,0.7060571586392225,1.01500000000002,0.7138709461128979
1.01400000000002,1.01400000000002,1.01400000000002,0.7060278720480719,1.01400000000002,0.7138864504056679
1.013000000000021,1.013000000000021,1.013000000000021,0.7059985379370635,1.013000000000021,0.7139019819511887
1.012000000000021,1.012000000000021,1.012000000000021,0.7059691552541598,1.012000000000021,0.7139175413168994
1.011000000000021,1.011000000000021,1.011000000000021,0.7059397229235478,1.011000000000021,0.7139331290831519
1.010000000000021,1.010000000000021,1.010000000000021,0.7059102398450382,1.010000000000021,0.713948745843537
1.009000000000021,1.009000000000021,1.009000000000021,0.7058807048934441,1.009000000000021,0.7139643922052257
1.008000000000021,1.008000000000021,1.008000000000021,0.7058511169179446,1.008000000000021,0.7139800687893155
1.007000000000021,1.007000000000021,1.007000000000021,0.7058214747414289,1.007000000000021,0.7139957762311911
1.006000000000021,1.006000000000021,1.006000000000021,0.7057917771598238,1.006000000000021,0.714011515180889
1.005000000000021,1.005000000000021,1.005000000000021,0.7057620229414002,1.005000000000021,0.7140272863034782
1.004000000000022,1.004000000000022,1.004000000000022,0.7057322108260635,1.004000000000022,0.7140430902794472
1.003000000000022,1.003000000000022,1.003000000000022,0.7057023395246176,1.003000000000022,0.7140589278051079
1.002000000000022,1.002000000000022,1.002000000000022,0.7056724077180173,1.002000000000022,0.7140747995930025
1.001000000000022,1.001000000000022,1.001000000000022,0.7056424140565916,1.001000000000022,0.7140907063723304
1.000000000000022,1.000000000000022,1.000000000000022,0.7056123571592471,1.000000000000022,0.7141066488893817
0.999000000000022,0.999000000000022,0.999000000000022,0.7055822356126512,0.999000000000022,0.7141226279079864
0.998000000000022,0.998000000000022,0.998000000000022,0.7055520479703888,0.998000000000022,0.7141386442099745
0.997000000000022,0.997000000000022,0.997000000000022,0.7055217927520987,0.997000000000022,0.714154698595649
0.996000000000022,0.996000000000022,0.996000000000022,0.7054914684425797,0.996000000000022,0.7141707918842766
0.995000000000022,0.995000000000022,0.995000000000022,0.7054610734908767,0.995000000000022,0.714186924914586
0.994000000000022,0.994000000000022,0.994000000000022,0.7054306063093375,0.994000000000022,0.7142030985452872
0.993000000000022,0.993000000000022,0.993000000000022,0.7054000652726445,0.993000000000022,0.714219313655599
0.992000000000022,0.992000000000022,0.992000000000022,0.705369448716814,0.992000000000022,0.7142355711458004
0.991000000000022,0.991000000000022,0.991000000000022,0.7053387549381738,0.991000000000022,0.7142518719377896
0.990000000000022,0.990000000000022,0.990000000000022,0.7053079821923038,0.990000000000022,0.7142682169756654
0.989000000000022,0.989000000000022,0.989000000000022,0.7052771286929527,0.989000000000022,0.7142846072263197
0.988000000000022,0.988000000000022,0.988000000000022,0.7052461926109187,0.988000000000022,0.7143010436800541
0.987000000000022,0.987000000000022,0.987000000000022,0.7052151720728971,0.987000000000022,0.7143175273512109
0.986000000000022,0.986000000000022,0.986000000000022,0.7051840651602995,0.986000000000022,0.7143340592788203
0.985000000000022,0.985000000000022,0.985000000000022,0.7051528699080336,0.985000000000022,0.7143506405272729
0.984000000000022,0.984000000000022,0.984000000000022,0.7051215843032499,0.984000000000022,0.714367272187005
0.983000000000022,0.983000000000022,0.983000000000022,0.7050902062840508,0.983000000000022,0.714383955375209
0.982000000000022,0.982000000000022,0.982000000000022,0.705058733738162,0.982000000000022,0.714400691236565
0.981000000000022,0.981000000000022,0.981000000000022,0.7050271645015664,0.981000000000022,0.7144174809439875
0.980000000000022,0.980000000000022,0.980000000000022,0.7049954963570959,0.980000000000022,0.7144343256994043
0.979000000000022,0.979000000000022,0.979000000000022,0.7049637270329816,0.979000000000022,0.7144512267345507
0.978000000000022,0.978000000000022,0.978000000000022,0.7049318542013658,0.978000000000022,0.7144681853117885
0.977000000000022,0.977000000000022,0.977000000000022,0.7048998754767624,0.977000000000022,0.714485202724954
0.976000000000022,0.976000000000022,0.976000000000022,0.7048677884144802,0.976000000000022,0.714502280300224
0.975000000000022,0.975000000000022,0.975000000000022,0.7048355905089938,0.975000000000022,0.7145194193970164
0.974000000000022,0.974000000000022,0.974000000000022,0.704803279192269,0.974000000000022,0.7145366214089081
0.973000000000022,0.973000000000022,0.973000000000022,0.7047708518320376,0.973000000000022,0.7145538877645877
0.972000000000022,0.972000000000022,0.972000000000022,0.7047383057300217,0.972000000000022,0.7145712199288347
0.971000000000022,0.971000000000022,0.971000000000022,0.7047056381201067,0.971000000000022,0.7145886194035244
0.970000000000022,0.970000000000022,0.970000000000022,0.7046728461664554,0.970000000000022,0.7146060877286701
0.969000000000022,0.969000000000022,0.969000000000022,0.7046399269615732,0.969000000000022,0.71462362648349
0.968000000000022,0.968000000000022,0.968000000000022,0.7046068775243085,0.968000000000022,0.7146412372875091
0.967000000000022,0.967000000000022,0.967000000000022,0.704573694797801,0.967000000000022,0.7146589218016944
0.966000000000022,0.966000000000022,0.966000000000022,0.7045403756473611,0.966000000000022,0.7146766817296231
0.965000000000022,0.965000000000022,0.965000000000022,0.7045069168582924,0.965000000000022,0.7146945188186888
0.964000000000022,0.964000000000022,0.964000000000022,0.7044733151336483,0.964000000000022,0.7147124348613378
0.9630000000000219,0.9630000000000219,0.9630000000000219,0.7044395670919177,0.9630000000000219,0.7147304316963515
0.9620000000000219,0.9620000000000219,0.9620000000000219,0.7044056692646474,0.9620000000000219,0.714748511210161
0.9610000000000219,0.9610000000000219,0.9610000000000219,0.7043716180939898,0.9610000000000219,0.7147666753382012
0.9600000000000219,0.9600000000000219,0.9600000000000219,0.7043374099301782,0.9600000000000219,0.7147849260663128
0.9590000000000219,0.9590000000000219,0.9590000000000219,0.7043030410289282,0.9590000000000219,0.7148032654321775
0.9580000000000219,0.9580000000000219,0.9580000000000219,0.7042685075487592,0.9580000000000219,0.7148216955268051
0.9570000000000219,0.9570000000000219,0.9570000000000219,0.7042338055482417,0.9570000000000219,0.7148402184960556
0.9560000000000219,0.9560000000000219,0.9560000000000219,0.7041989309831526,0.9560000000000219,0.7148588365422205
0.9550000000000219,0.9550000000000219,0.9550000000000219,0.7041638797035554,0.9550000000000219,0.7148775519256397
0.9540000000000219,0.9540000000000219,0.9540000000000219,0.7041286474507895,0.9540000000000219,0.7148963669663743
0.9530000000000219,0.9530000000000219,0.9530000000000219,0.7040932298543685,0.9530000000000219,0.7149152840459273
0.9520000000000219,0.9520000000000219,0.9520000000000219,0.7040576224287887,0.9520000000000219,0.7149343056090185
0.9510000000000219,0.9510000000000219,0.9510000000000219,0.7040218205702414,0.9510000000000219,0.7149534341654109
0.9500000000000219,0.9500000000000219,0.9500000000000219,0.7039858195532283,0.9500000000000219,0.7149726722917935
0.9490000000000219,0.9490000000000219,0.9490000000000219,0.703949614527077,0.9490000000000219,0.7149920226337186
0.9480000000000219,0.9480000000000219,0.9480000000000219,0.7039132005123498,0.9480000000000219,0.7150114879076046
0.9470000000000219,0.9470000000000219,0.9470000000000219,0.703876572397152,0.9470000000000219,0.7150310709027883
0.9460000000000219,0.9460000000000219,0.9460000000000219,0.7038397249333253,0.9460000000000219,0.715050774483649
0.9450000000000219,0.9450000000000219,0.9450000000000219,0.7038026527325328,0.9450000000000219,0.7150706015917915
0.9440000000000219,0.9440000000000219,0.9440000000000219,0.7037653502622276,0.9440000000000219,0.7150905552482952
0.9430000000000219,0.9430000000000219,0.9430000000000219,0.7037278118415023,0.9430000000000219,0.7151106385560316
0.9420000000000219,0.9420000000000219,0.9420000000000219,0.7036900316368168,0.9420000000000219,0.715130854702052
0.9410000000000219,0.9410000000000219,0.9410000000000219,0.7036520036576013,0.9410000000000219,0.7151512069600438
0.9400000000000219,0.9400000000000219,0.9400000000000219,0.7036137217517323,0.9400000000000219,0.7151716986928627
0.9390000000000219,0.9390000000000219,0.9390000000000219,0.7035751796008746,0.9390000000000219,0.715192333355141
0.9380000000000219,0.9380000000000219,0.9380000000000219,0.7035363707156893,0.9380000000000219,0.7152131144959701
0.9370000000000219,0.9370000000000219,0.9370000000000219,0.7034972884309029,0.9370000000000219,0.7152340457616659
0.9360000000000219,0.9360000000000219,0.9360000000000219,0.7034579259002344,0.9360000000000219,0.7152551308986148
0.9350000000000219,0.9350000000000219,0.9350000000000219,0.7034182760911781,0.9350000000000219,0.7152763737562012
0.9340000000000219,0.9340000000000219,0.9340000000000219,0.7033783317796313,0.9340000000000219,0.715297778289829
0.9330000000000219,0.9330000000000219,0.9330000000000219,0.703338085544378,0.9330000000000219,0.7153193485640199
0.9320000000000219,0.9320000000000219,0.9320000000000219,0.7032975297614089,0.9320000000000219,0.7153410887556136
0.9310000000000219,0.9310000000000219,0.9310000000000219,0.7032566565980833,0.9310000000000219,0.7153630031570523
0.9300000000000219,0.9300000000000219,0.9300000000000219,0.7032154580071281,0.9300000000000219,0.7153850961797659
0.9290000000000219,0.9290000000000219,0.9290000000000219,0.7031739257204669,0.9290000000000219,0.7154073723576538
0.9280000000000219,0.9280000000000219,0.9280000000000219,0.7031320512428824,0.9280000000000219,0.7154298363506628
0.9270000000000219,0.9270000000000219,0.9270000000000219,0.7030898258454956,0.9270000000000219,0.7154524929484759
0.9260000000000219,0.9260000000000219,0.9260000000000219,0.7030472405590764,0.9260000000000219,0.7154753470742937
0.9250000000000219,0.9250000000000219,0.9250000000000219,0.7030042861671648,0.9250000000000219,0.7154984037887334
0.9240000000000219,0.9240000000000219,0.9240000000000219,0.7029609531990094,0.9240000000000219,0.7155216682938321
0.9230000000000219,0.9230000000000219,0.9230000000000219,0.7029172319223174,0.9230000000000219,0.7155451459371622
0.9220000000000219,0.9220000000000219,0.9220000000000219,0.7028731123358097,0.9220000000000219,0.7155688422160613
0.9210000000000219,0.9210000000000219,0.9210000000000219,0.7028285841615824,0.9210000000000219,0.7155927627819787
0.9200000000000219,0.9200000000000219,0.9200000000000219,0.702783636837272,0.9200000000000219,0.7156169134449372
0.9190000000000219,0.9190000000000219,0.9190000000000219,0.7027382595080099,0.9190000000000219,0.7156413001781221
0.9180000000000219,0.9180000000000219,0.9180000000000219,0.7026924410181856,0.9180000000000219,0.7156659291225843
0.9170000000000219,0.9170000000000219,0.9170000000000219,0.7026461699029881,0.9170000000000219,0.7156908065920767
0.9160000000000219,0.9160000000000219,0.9160000000000219,0.7025994343797516,0.9160000000000219,0.7157159390780106
0.9150000000000219,0.9150000000000219,0.9150000000000219,0.7025522223390801,0.9150000000000219,0.7157413332545413
0.9140000000000219,0.9140000000000219,0.9140000000000219,0.7025045213357598,0.9140000000000219,0.7157669959837907
0.9130000000000219,0.9130000000000219,0.9130000000000219,0.7024563185794607,0.9130000000000219,0.715792934321193
0.9120000000000219,0.9120000000000219,0.9120000000000219,0.7024076009252153,0.9120000000000219,0.7158191555209787
0.9110000000000219,0.9110000000000219,0.9110000000000219,0.7023583548636869,0.9110000000000219,0.7158456670417919
0.9100000000000219,0.9100000000000219,0.9100000000000219,0.7023085665112141,0.9100000000000219,0.7158724765524414
0.9090000000000219,0.9090000000000219,0.9090000000000219,0.7022582215996398,0.9090000000000219,0.7158995919377938
0.9080000000000219,0.9080000000000219,0.9080000000000219,0.7022073054659249,0.9080000000000219,0.7159270213047978
0.9070000000000219,0.9070000000000219,0.9070000000000219,0.7021558030415419,0.9070000000000219,0.7159547729886475
0.9060000000000219,0.9060000000000219,0.9060000000000219,0.7021036988416576,0.9060000000000219,0.7159828555590874
0.9050000000000219,0.9050000000000219,0.9050000000000219,0.7020509769541027,0.9050000000000219,0.7160112778268478
0.9040000000000219,0.9040000000000219,0.9040000000000219,0.7019976210281302,0.9040000000000219,0.7160400488502232
0.9030000000000219,0.9030000000000219,0.9030000000000219,0.701943614262973,0.9030000000000219,0.7160691779417853
0.9020000000000219,0.9020000000000219,0.9020000000000219,0.7018889393961965,0.9020000000000219,0.716098674675226
0.9010000000000219,0.9010000000000219,0.9010000000000219,0.7018335786918625,0.9010000000000219,0.7161285488923385
0.9000000000000219,0.9000000000000219,0.9000000000000219,0.7017775139284977,0.9000000000000219,0.7161588107101279
0.8990000000000219,0.8990000000000219,0.8990000000000219,0.701720726386891,0.8990000000000219,0.7161894705280455
0.8980000000000219,0.8980000000000219,0.8980000000000219,0.7016631968377132,0.8980000000000219,0.7162205390353492
0.8970000000000219,0.8970000000000219,0.8970000000000219,0.7016049055289779,0.8970000000000219,0.7162520272185872
0.8960000000000219,0.8960000000000219,0.8960000000000219,0.7015458321733559,0.8960000000000219,0.7162839463691901
0.8950000000000219,0.8950000000000219,0.8950000000000219,0.7014859559353509,0.8950000000000219,0.7163163080911763
0.8940000000000219,0.8940000000000219,0.8940000000000219,0.7014252554183562,0.8940000000000219,0.7163491243089618
0.8930000000000219,0.8930000000000219,0.8930000000000219,0.7013637086516068,0.8930000000000219,0.7163824072752614
0.8920000000000219,0.8920000000000219,0.8920000000000219,0.7013012930770433,0.8920000000000219,0.7164161695790818
0.8910000000000219,0.8910000000000219,0.8910000000000219,0.7012379855361127,0.8910000000000219,0.7164504241537903
0.8900000000000219,0.8900000000000219,0.8900000000000219,0.7011737622565245,0.8900000000000219,0.7164851842852543
0.8890000000000219,0.8890000000000219,0.8890000000000219,0.7011085988389856,0.8890000000000219,0.7165204636200351
0.8880000000000219,0.8880000000000219,0.8880000000000219,0.7010424702439485,0.8880000000000219,0.716556276173627
0.8870000000000219,0.8870000000000219,0.8870000000000219,0.7009753507783876,0.8870000000000219,0.7165926363387293
0.8860000000000219,0.8860000000000219,0.8860000000000219,0.7009072140826547,0.8860000000000219,0.7166295588935291
0.8850000000000219,0.8850000000000219,0.8850000000000219,0.70083803311743,0.8850000000000219,0.7166670590099853
0.8840000000000219,0.8840000000000219,0.8840000000000219,0.7007677801508193,0.8840000000000219,0.7167051522620924
0.8830000000000219,0.8830000000000219,0.8830000000000219,0.7006964267456287,0.8830000000000219,0.7167438546341057
0.8820000000000219,0.8820000000000219,0.8820000000000219,0.7006239437468728,0.8820000000000219,0.7167831825287011
0.8810000000000219,0.8810000000000219,0.8810000000000219,0.700550301269547,0.8810000000000219,0.7168231527750545
0.8800000000000219,0.8800000000000219,0.8800000000000219,0.7004754686867335,0.8800000000000219,0.7168637826368079
0.8790000000000219,0.8790000000000219,0.8790000000000219,0.7003994146180789,0.8790000000000219,0.7169050898198994
0.8780000000000219,0.8780000000000219,0.8780000000000219,0.7003221069187117,0.8780000000000219,0.7169470924802258
0.8770000000000219,0.8770000000000219,0.8770000000000219,0.7002435126686648,0.8770000000000219,0.7169898092311036
0.8760000000000219,0.8760000000000219,0.8760000000000219,0.7001635981628559,0.8760000000000219,0.7170332591505015
0.8750000000000219,0.8750000000000219,0.8750000000000219,0.700082328901716,0.8750000000000219,0.7170774617879979
0.8740000000000219,0.8740000000000219,0.8740000000000219,0.6999996695825215,0.8740000000000219,0.717122437171435
0.8730000000000219,0.8730000000000219,0.8730000000000219,0.6999155840915303,0.8730000000000219,0.7171682058132169
0.8720000000000219,0.8720000000000219,0.8720000000000219,0.6998300354969853,0.8720000000000219,0.7172147887162218
0.8710000000000219,0.8710000000000219,0.8710000000000219,0.6997429860430954,0.8710000000000219,0.7172622073792644
0.8700000000000219,0.8700000000000219,0.8700000000000219,0.6996543971450718,0.8700000000000219,0.7173104838020729
0.8690000000000219,0.8690000000000219,0.8690000000000219,0.6995642293853289,0.8690000000000219,0.7173596404897229
0.8680000000000219,0.8680000000000219,0.8680000000000219,0.6994724425109495,0.8680000000000219,0.7174097004564706
0.8670000000000219,0.8670000000000219,0.8670000000000219,0.6993789954325214,0.8670000000000219,0.7174606872289321
0.8660000000000219,0.8660000000000219,0.8660000000000219,0.6992838462244646,0.8660000000000219,0.7175126248485446
0.8650000000000219,0.8650000000000219,0.8650000000000219,0.6991869521269605,0.8650000000000219,0.7175655378732467
0.8640000000000219,0.8640000000000219,0.8640000000000219,0.6990882695496113,0.8640000000000219,0.7176194513783106
0.8630000000000219,0.8630000000000219,0.8630000000000219,0.6989877540769516,0.8630000000000219,0.717674390956259
0.8620000000000219,0.8620000000000219,0.8620000000000219,0.6988853604759447,0.8620000000000219,0.7177303827157934
0.8610000000000219,0.8610000000000219,0.8610000000000219,0.6987810427055993,0.8610000000000219,0.7177874532796592
0.8600000000000219,0.8600000000000219,0.8600000000000219,0.6986747539288416,0.8600000000000219,0.7178456297813728
0.8590000000000219,0.8590000000000219,0.8590000000000219,0.6985664465267841,0.8590000000000219,0.7179049398607301
0.8580000000000219,0.8580000000000219,0.8580000000000219,0.6984560721155323,0.8580000000000219,0.717965411658018
0.8570000000000219,0.8570000000000219,0.8570000000000219,0.6983435815656726,0.8570000000000219,0.7180270738068484
0.8560000000000219,0.8560000000000219,0.8560000000000219,0.6982289250245851,0.8560000000000219,0.7180899554255279
0.8550000000000219,0.8550000000000219,0.8550000000000219,0.6981120519417265,0.8550000000000219,0.7181540861068847
0.8540000000000219,0.8540000000000219,0.8540000000000219,0.697992911097021,0.8540000000000219,0.7182194959064674
0.8530000000000219,0.8530000000000219,0.8530000000000219,0.6978714506325018,0.8530000000000219,0.7182862153290317
0.8520000000000219,0.8520000000000219,0.8520000000000219,0.6977476180873333,0.8520000000000219,0.7183542753132401
0.8510000000000219,0.8510000000000219,0.8510000000000219,0.6976213604363511,0.8510000000000219,0.7184237072144849
0.8500000000000218,0.8500000000000218,0.8500000000000218,0.6974926241322323,0.8500000000000218,0.7184945427857694
0.8490000000000218,0.8490000000000218,0.8490000000000218,0.6973613551514147,0.8490000000000218,0.7185668141565681
0.8480000000000218,0.8480000000000218,0.8480000000000218,0.6972274990438693,0.8480000000000218,0.7186405538095967
0.8470000000000218,0.8470000000000218,0.8470000000000218,0.697091000986804,0.8470000000000218,0.7187157945554392
0.8460000000000218,0.8460000000000218,0.8460000000000218,0.696951805842383,0.8460000000000218,0.7187925695049679
0.8450000000000218,0.8450000000000218,0.8450000000000218,0.6968098582195109,0.8450000000000218,0.718870912039518
0.8440000000000218,0.8440000000000218,0.8440000000000218,0.6966651025397168,0.8440000000000218,0.7189508557787763
0.8430000000000218,0.8430000000000218,0.8430000000000218,0.6965174831071486,0.8430000000000218,0.7190324345463626
0.8420000000000218,0.8420000000000218,0.8420000000000218,0.6963669441826615,0.8420000000000218,0.7191156823330963
0.8410000000000218,0.8410000000000218,0.8410000000000218,0.6962134300619615,0.8410000000000218,0.7192006332579418
0.8400000000000218,0.8400000000000218,0.8400000000000218,0.6960568851577105,0.8400000000000218,0.71928732152667
0.8390000000000218,0.8390000000000218,0.8390000000000218,0.6958972540855012,0.8390000000000218,0.7193757813882606
0.8380000000000218,0.8380000000000218,0.8380000000000218,0.6957344817535257,0.8380000000000218,0.7194660470891183
0.8370000000000218,0.8370000000000218,0.8370000000000218,0.6955685134557642,0.8370000000000218,0.7195581528251723
0.8360000000000218,0.8360000000000218,0.8360000000000218,0.6953992949684348,0.8360000000000218,0.7196521326919809
0.8350000000000218,0.8350000000000218,0.8350000000000218,0.6952267726494268,0.8350000000000218,0.7197480206329659
0.8340000000000218,0.8340000000000218,0.8340000000000218,0.6950508935403769,0.8340000000000218,0.7198458503859356
0.8330000000000218,0.8330000000000218,0.8330000000000218,0.694871605470985,0.8330000000000218,0.719945655428101
0.8320000000000218,0.8320000000000218,0.8320000000000218,0.6946888571651351,0.8320000000000218,0.7200474689197882
0.8310000000000218,0.8310000000000218,0.8310000000000218,0.6945025983483041,0.8310000000000218,0.7201513236471179
0.8300000000000218,0.8300000000000218,0.8300000000000218,0.6943127798557002,0.8300000000000218,0.720257251963927
0.8290000000000218,0.8290000000000218,0.8290000000000218,0.6941193537405113,0.8290000000000218,0.7203652857332608
0.8280000000000218,0.8280000000000218,0.8280000000000218,0.6939222733815832,0.8280000000000218,0.7204754562687802
0.8270000000000218,0.8270000000000218,0.8270000000000218,0.6937214935898013,0.8270000000000218,0.7205877942764775
0.8260000000000218,0.8260000000000218,0.8260000000000218,0.6935169707123895,0.8260000000000218,0.7207023297971088
0.8250000000000218,0.8250000000000218,0.8250000000000218,0.6933086627343027,0.8250000000000218,0.7208190921497972
0.8240000000000218,0.8240000000000218,0.8240000000000218,0.6930965293758471,0.8240000000000218,0.7209381098772643
0.8230000000000218,0.8230000000000218,0.8230000000000218,0.6928805321856296,0.8230000000000218,0.7210594106931928
0.8220000000000218,0.8220000000000218,0.8220000000000218,0.6926606346279175,0.8220000000000218,0.7211830214322237
0.8210000000000218,0.8210000000000218,0.8210000000000218,0.6924368021634852,0.8210000000000218,0.7213089680031042
0.8200000000000218,0.8200000000000218,0.8200000000000218,0.6922090023230275,0.8200000000000218,0.7214372753455067
0.8190000000000218,0.8190000000000218,0.8190000000000218,0.6919772047722295,0.8190000000000218,0.7215679673910403
0.8180000000000218,0.8180000000000218,0.8180000000000218,0.6917413813676422,0.8180000000000218,0.7217010670289438
0.8170000000000218,0.8170000000000218,0.8170000000000218,0.6915015062025531,0.8170000000000218,0.7218365960769421
0.8160000000000218,0.8160000000000218,0.8160000000000218,0.6912575556421182,0.8160000000000218,0.7219745752577018
0.8150000000000218,0.8150000000000218,0.8150000000000218,0.6910095083471393,0.8150000000000218,0.7221150241812665
0.8140000000000218,0.8140000000000218,0.8140000000000218,0.6907573452859619,0.8140000000000218,0.722257961333809
0.8130000000000218,0.8130000000000218,0.8130000000000218,0.690501049734138,0.8130000000000218,0.7224034040729406
0.8120000000000218,0.8120000000000218,0.8120000000000218,0.6902406072616317,0.8120000000000218,0.7225513686297581
0.8110000000000218,0.8110000000000218,0.8110000000000218,0.6899760057075494,0.8110000000000218,0.7227018701176878
0.8100000000000218,0.8100000000000218,0.8100000000000218,0.6897072351425508,0.8100000000000218,0.722854922548097
0.8090000000000218,0.8090000000000218,0.8090000000000218,0.6894342878193036,0.8090000000000218,0.7230105388525282
0.8080000000000218,0.8080000000000218,0.8080000000000218,0.689157158111563,0.8080000000000218,0.7231687309112866
0.8070000000000218,0.8070000000000218,0.8070000000000218,0.6888758424426566,0.8070000000000218,0.7233295095880001
0.8060000000000218,0.8060000000000218,0.8060000000000218,0.6885903392043606,0.8060000000000218,0.723492884769652
0.8050000000000218,0.8050000000000218,0.8050000000000218,0.6883006486673469,0.8050000000000218,0.7236588654114746
0.8040000000000218,0.8040000000000218,0.8040000000000218,0.688006772884539,0.8040000000000218,0.7238274595859925
0.8030000000000218,0.8030000000000218,0.8030000000000218,0.6877087155888635,0.8030000000000218,0.7239986745354271
0.8020000000000218,0.8020000000000218,0.8020000000000218,0.6874064820869729,0.8020000000000218,0.7241725167265939
0.8010000000000218,0.8010000000000218,0.8010000000000218,0.6871000791505989,0.8010000000000218,0.7243489919073929
0.8000000000000218,0.8000000000000218,0.8000000000000218,0.6867895149071819,0.8000000000000218,0.7245281051639706
0.7990000000000218,0.7990000000000218,0.7990000000000218,0.6864747987314088,0.7990000000000218,0.7247098609776448
0.7980000000000218,0.7980000000000218,0.7980000000000218,0.6861559411391931,0.7980000000000218,0.7248942632807235
0.7970000000000218,0.7970000000000218,0.7970000000000218,0.6858329536854944,0.7970000000000218,0.7250813155104164
0.7960000000000218,0.7960000000000218,0.7960000000000218,0.6855058488671917,0.7960000000000218,0.7252710206601409
0.7950000000000218,0.7950000000000218,0.7950000000000218,0.6851746400320028,0.7950000000000218,0.7254633813276368
0.7940000000000218,0.7940000000000218,0.7940000000000218,0.6848393412941706,0.7940000000000218,0.7256583997594561
0.7930000000000218,0.7930000000000218,0.7930000000000218,0.6844999674573659,0.7930000000000218,0.7258560778915527
0.7920000000000218,0.7920000000000218,0.7920000000000218,0.6841565339449547,0.7920000000000218,0.7260564173858521
0.7910000000000218,0.7910000000000218,0.7910000000000218,0.6838090567374884,0.7910000000000218,0.7262594196628642
0.7900000000000218,0.7900000000000218,0.7900000000000218,0.6834575523169735,0.7900000000000218,0.7264650859305641
0.7890000000000218,0.7890000000000218,0.7890000000000218,0.6831020376172344,0.7890000000000218,0.726673417209921
0.7880000000000218,0.7880000000000218,0.7880000000000218,0.68274252997945,0.7880000000000218,0.7268844143575824
0.7870000000000218,0.7870000000000218,0.7870000000000218,0.6823790471117415,0.7870000000000218,0.7270980780863601
0.7860000000000218,0.7860000000000218,0.7860000000000218,0.6820116070515778,0.7860000000000218,0.7273144089842194
0.7850000000000218,0.7850000000000218,0.7850000000000218,0.6816402281296566,0.7850000000000218,0.7275334075325651
0.7840000000000218,0.7840000000000218,0.7840000000000218,0.6812649289339011,0.7840000000000218,0.7277550741246154
0.7830000000000218,0.7830000000000218,0.7830000000000218,0.6808857282722329,0.7830000000000218,0.7279794090846726
0.7820000000000218,0.7820000000000218,0.7820000000000218,0.6805026451328493,0.7820000000000218,0.7282064126890603
0.7810000000000218,0.7810000000000218,0.7810000000000218,0.6801156986408531,0.7810000000000218,0.7284360851894317
0.7800000000000218,0.7800000000000218,0.7800000000000218,0.6797249080102394,0.7800000000000218,0.7286684268390847
0.7790000000000218,0.7790000000000218,0.7790000000000218,0.6793302924904272,0.7790000000000218,0.7289034379227983
0.7780000000000218,0.7780000000000218,0.7780000000000218,0.6789318713067186,0.7780000000000218,0.7291411187906243
0.7770000000000218,0.7770000000000218,0.7770000000000218,0.6785296635942979,0.7770000000000218,0.7293814698959022
0.7760000000000218,0.7760000000000218,0.7760000000000218,0.6781236883256009,0.7760000000000218,0.7296244918376797
0.7750000000000218,0.7750000000000218,0.7750000000000218,0.6777139642310842,0.7750000000000218,0.7298701854075637
0.7740000000000218,0.7740000000000218,0.7740000000000218,0.6773005097136564,0.7740000000000218,0.7301185516409269
0.7730000000000218,0.7730000000000218,0.7730000000000218,0.6768833427571934,0.7730000000000218,0.7303695918722654
0.7720000000000218,0.7720000000000218,0.7720000000000218,0.6764624808297466,0.7720000000000218,0.7306233077944135
0.7710000000000218,0.7710000000000218,0.7710000000000218,0.6760379407821926,0.7710000000000218,0.7308797015212163
0.7700000000000218,0.7700000000000218,0.7700000000000218,0.6756097387431852,0.7700000000000218,0.7311387756531987
0.7690000000000218,0.7690000000000218,0.7690000000000218,0.6751778900113727,0.7690000000000218,0.7314005333456943
0.7680000000000218,0.7680000000000218,0.7680000000000218,0.6747424089459085,0.7680000000000218,0.7316649783788524
0.7670000000000218,0.7670000000000218,0.7670000000000218,0.6743033088563276,0.7670000000000218,0.7319321152289083
0.7660000000000218,0.7660000000000218,0.7660000000000218,0.6738606018928865,0.7660000000000218,0.7322019491400742
0.7650000000000218,0.7650000000000218,0.7650000000000218,0.6734142989384652,0.7650000000000218,0.732474486196399
0.7640000000000218,0.7640000000000218,0.7640000000000218,0.6729644095031295,0.7640000000000218,0.7327497333929331
0.7630000000000218,0.7630000000000218,0.7630000000000218,0.672510941622408,0.7630000000000218,0.7330276987055563
0.7620000000000218,0.7620000000000218,0.7620000000000218,0.6720539017603228,0.7620000000000218,0.7333083911588161
0.7610000000000218,0.7610000000000218,0.7610000000000218,0.6715932947181663,0.7610000000000218,0.7335918208911553
0.7600000000000218,0.7600000000000218,0.7600000000000218,0.6711291235499599,0.7600000000000218,0.733877999216916
0.7590000000000218,0.7590000000000218,0.7590000000000218,0.6706613894855017,0.7590000000000218,0.7341669386845295
0.7580000000000218,0.7580000000000218,0.7580000000000218,0.670190091861852,0.7580000000000218,0.7344586531303169
0.7570000000000218,0.7570000000000218,0.7570000000000218,0.6697152280640661,0.7570000000000218,0.7347531577273432
0.7560000000000218,0.7560000000000218,0.7560000000000218,0.6692367934759531,0.7560000000000218,0.7350504690287801
0.7550000000000218,0.7550000000000218,0.7550000000000218,0.6687547814415953,0.7550000000000218,0.7353506050052434
0.7540000000000218,0.7540000000000218,0.7540000000000218,0.6682691832383593,0.7540000000000218,0.735653585075567
0.7530000000000218,0.7530000000000218,0.7530000000000218,0.6677799880620893,0.7530000000000218,0.7359594301304945
0.7520000000000218,0.7520000000000218,0.7520000000000218,0.6672871830252018,0.7520000000000218,0.7362681625487348
0.7510000000000218,0.7510000000000218,0.7510000000000218,0.666790753168381,0.7510000000000218,0.73657980620483
0.7500000000000218,0.7500000000000218,0.7500000000000218,0.6662906814865999,0.7500000000000218,0.7368943864682682
0.7490000000000218,0.7490000000000218,0.7490000000000218,0.6657869489702293,0.7490000000000218,0.7372119301932226
0.7480000000000218,0.7480000000000218,0.7480000000000218,0.6652795346620194,0.7480000000000218,0.7375324656982861
0.7470000000000218,0.7470000000000218,0.7470000000000218,0.6647684157308063,0.7470000000000218,0.7378560227355058
0.7460000000000218,0.7460000000000218,0.7460000000000218,0.6642535675628384,0.7460000000000218,0.7381826324479887
0.7450000000000218,0.7450000000000218,0.7450000000000218,0.6637349638717136,0.7450000000000218,0.7385123273152628
0.7440000000000218,0.7440000000000218,0.7440000000000218,0.6632125768279653,0.7440000000000218,0.7388451410855484
0.7430000000000218,0.7430000000000218,0.7430000000000218,0.6626863772094682,0.7430000000000218,0.7391811086939717
0.7420000000000218,0.7420000000000218,0.7420000000000218,0.6621563345738918,0.7420000000000218,0.7395202661657132
0.7410000000000218,0.7410000000000218,0.7410000000000218,0.6616224174545645,0.7410000000000218,0.7398626505029695
0.7400000000000218,0.7400000000000218,0.7400000000000218,0.6610845935812213,0.7400000000000218,0.7402082995545073
0.7390000000000218,0.7390000000000218,0.7390000000000218,0.6605428301271444,0.7390000000000218,0.740557251866551
0.7380000000000217,0.7380000000000217,0.7380000000000217,0.6599970939793289,0.7380000000000217,0.7409095465168616
0.7370000000000217,0.7370000000000217,0.7370000000000217,0.6594473520141521,0.7370000000000217,0.7412652229430632
0.7360000000000217,0.7360000000000217,0.7360000000000217,0.6588935713641749,0.7360000000000217,0.7416243207744246
0.7350000000000217,0.7350000000000217,0.7350000000000217,0.6583357196741635,0.7350000000000217,0.7419868796683654
0.7340000000000217,0.7340000000000217,0.7340000000000217,0.6577737653465868,0.7340000000000217,0.7423529391515616
0.7330000000000217,0.7330000000000217,0.7330000000000217,0.657207677776784,0.7330000000000217,0.7427225384655708
0.7320000000000217,0.7320000000000217,0.7320000000000217,0.6566374275779259,0.7320000000000217,0.7430957164169298
0.7310000000000217,0.7310000000000217,0.7310000000000217,0.6560629867958468,0.7310000000000217,0.7434725112317352
0.7300000000000217,0.7300000000000217,0.7300000000000217,0.6554843291137661,0.7300000000000217,0.7438529604147212
0.7290000000000217,0.7290000000000217,0.7290000000000217,0.6549014300468436,0.7290000000000217,0.7442371006129336
0.7280000000000217,0.7280000000000217,0.7280000000000217,0.6543142671264761,0.7280000000000217,0.7446249674841033
0.7270000000000217,0.7270000000000217,0.7270000000000217,0.653722820074169,0.7270000000000217,0.7450165955698889
0.7260000000000217,0.7260000000000217,0.7260000000000217,0.6531270709647812,0.7260000000000217,0.7454120181741773
0.7250000000000217,0.7250000000000217,0.7250000000000217,0.65252700437889,0.7250000000000217,0.7458112672466839
0.7240000000000217,0.7240000000000217,0.7240000000000217,0.6519226075440019,0.7240000000000217,0.7462143732720922
0.7230000000000217,0.7230000000000217,0.7230000000000217,0.651313870464304,0.7230000000000217,0.7466213651650339
0.7220000000000217,0.7220000000000217,0.7220000000000217,0.650700786038661,0.7220000000000217,0.7470322701711747
0.7210000000000217,0.7210000000000217,0.7210000000000217,0.6500833501665578,0.7210000000000217,0.7474471137747133
0.7200000000000217,0.7200000000000217,0.7200000000000217,0.6494615618417298,0.7200000000000217,0.7478659196125661
0.7190000000000217,0.7190000000000217,0.7190000000000217,0.6488354232332805,0.7190000000000217,0.748288709395475
0.7180000000000217,0.7180000000000217,0.7180000000000217,0.6482049397541313,0.7180000000000217,0.7487155028362746
0.7170000000000217,0.7170000000000217,0.7170000000000217,0.6475701201167882,0.7170000000000217,0.7491463175854381
0.7160000000000217,0.7160000000000217,0.7160000000000217,0.6469309763764942,0.7160000000000217,0.7495811691739963
0.7150000000000217,0.7150000000000217,0.7150000000000217,0.6462875239619986,0.7150000000000217,0.7500200709638013
0.7140000000000217,0.7140000000000217,0.7140000000000217,0.6456397816943447,0.7140000000000217,0.7504630341049957
0.7130000000000217,0.7130000000000217,0.7130000000000217,0.6449877717942539,0.7130000000000217,0.7509100675004339
0.7120000000000217,0.7120000000000217,0.7120000000000217,0.6443315198788947,0.7120000000000217,0.7513611777766488
0.7110000000000217,0.7110000000000217,0.7110000000000217,0.6436710549490354,0.7110000000000217,0.7518163692607978
0.7100000000000217,0.7100000000000217,0.7100000000000217,0.6430064093677987,0.7100000000000217,0.7522756439628835
0.7090000000000217,0.7090000000000217,0.7090000000000217,0.6423376188324308,0.7090000000000217,0.7527390015623711
0.7080000000000217,0.7080000000000217,0.7080000000000217,0.6416647223407079,0.7080000000000217,0.753206439398179
0.7070000000000217,0.7070000000000217,0.7070000000000217,0.6409877621537405,0.7070000000000217,0.7536779524608938
0.7060000000000217,0.7060000000000217,0.7060000000000217,0.6403067837570519,0.7060000000000217,0.7541535333859619
0.7050000000000217,0.7050000000000217,0.7050000000000217,0.6396218358218688,0.7050000000000217,0.7546331724465326
0.7040000000000217,0.7040000000000217,0.7040000000000217,0.6389329701685139,0.7040000000000217,0.7551168575446494
0.7030000000000217,0.7030000000000217,0.7030000000000217,0.6382402417336894,0.7030000000000217,0.7556045741995029
0.7020000000000217,0.7020000000000217,0.7020000000000217,0.6375437085432224,0.7020000000000217,0.7560963055316148
0.7010000000000217,0.7010000000000217,0.7010000000000217,0.6368434316915027,0.7010000000000217,0.7565920322420183
0.7000000000000217,0.7000000000000217,0.7000000000000217,0.6361394753284207,0.7000000000000217,0.757091732585784
0.6990000000000217,0.6990000000000217,0.6990000000000217,0.6354319066540584,0.6990000000000217,0.7575953823396309
0.6980000000000217,0.6980000000000217,0.6980000000000217,0.6347207959207433,0.6980000000000217,0.7581029547638012
0.6970000000000217,0.6970000000000217,0.6970000000000217,0.6340062164413515,0.6970000000000217,0.7586144205589136
0.6960000000000217,0.6960000000000217,0.6960000000000217,0.633288244601971,0.6960000000000217,0.7591297478190739
0.6950000000000217,0.6950000000000217,0.6950000000000217,0.6325669598762499,0.6950000000000217,0.7596489019831235
0.6940000000000217,0.6940000000000217,0.6940000000000217,0.6318424448379725,0.6940000000000217,0.760171845786507
0.6930000000000217,0.6930000000000217,0.6930000000000217,0.6311147851677108,0.6930000000000217,0.7606985392168149
0.6920000000000217,0.6920000000000217,0.6920000000000217,0.6303840696488245,0.6920000000000217,0.7612289394765284
0.6910000000000217,0.6910000000000217,0.6910000000000217,0.6296503901476398,0.6910000000000217,0.7617630009569042
0.6900000000000217,0.6900000000000217,0.6900000000000217,0.628913841572431,0.6900000000000217,0.7623006752271863
0.6890000000000217,0.6890000000000217,0.6890000000000217,0.6281745218058417,0.6890000000000217,0.7628419110434027
0.6880000000000217,0.6880000000000217,0.6880000000000217,0.6274325316056543,0.6880000000000217,0.7633866543809157
0.6870000000000217,0.6870000000000217,0.6870000000000217,0.6266879744693427,0.6870000000000217,0.763934848494593
0.6860000000000217,0.6860000000000217,0.6860000000000217,0.6259409564586428,0.6860000000000217,0.764486434009971
0.6850000000000217,0.6850000000000217,0.6850000000000217,0.6251915859813806,0.6850000000000217,0.7650413490480977
0.6840000000000217,0.6840000000000217,0.6840000000000217,0.6244399735290058,0.6840000000000217,0.7655995293859155
0.6830000000000217,0.6830000000000217,0.6830000000000217,0.6236862313696043,0.6830000000000217,0.7661609086530911
0.6820000000000217,0.6820000000000217,0.6820000000000217,0.6229304731975909,0.6820000000000217,0.766725418565129
0.6810000000000217,0.6810000000000217,0.6810000000000217,0.6221728137426603,0.6810000000000217,0.7672929891915879
0.6800000000000217,0.6800000000000217,0.6800000000000217,0.621413368341957,0.6800000000000217,0.7678635492571159
0.6790000000000217,0.6790000000000217,0.6790000000000217,0.6206522524806239,0.6790000000000217,0.7684370264720637
0.6780000000000217,0.6780000000000217,0.6780000000000217,0.6198895813069261,0.6780000000000217,0.7690133478885717
0.6770000000000217,0.6770000000000217,0.6770000000000217,0.6191254691289788,0.6770000000000217,0.7695924402772607
0.6760000000000217,0.6760000000000217,0.6760000000000217,0.6183600289006542,0.6760000000000217,0.7701742305191464
0.6750000000000217,0.6750000000000217,0.6750000000000217,0.6175933717045387,0.6750000000000217,0.7707586460070107
0.6740000000000217,0.6740000000000217,0.6740000000000217,0.6168256062398528,0.6740000000000217,0.7713456150502992
0.6730000000000217,0.6730000000000217,0.6730000000000217,0.6160568383230136,0.6730000000000217,0.7719350672776353
0.6720000000000217,0.6720000000000217,0.6720000000000217,0.6152871704080647,0.6720000000000217,0.7725269340312564
0.6710000000000217,0.6710000000000217,0.6710000000000217,0.6145167011335749,0.6710000000000217,0.7731211487480091
0.6700000000000217,0.6700000000000217,0.6700000000000217,0.6137455249017955,0.6700000000000217,0.7737176473220505
0.6690000000000217,0.6690000000000217,0.6690000000000217,0.6129737314949656,0.6690000000000217,0.7743163684449788
0.6680000000000217,0.6680000000000217,0.6680000000000217,0.6122014057326826,0.6680000000000217,0.7749172539197766
0.6670000000000217,0.6670000000000217,0.6670000000000217,0.6114286271732488,0.6670000000000217,0.7755202489456705
0.6660000000000217,0.6660000000000217,0.6660000000000217,0.6106554698609142,0.6660000000000217,0.7761253023716917
0.6650000000000217,0.6650000000000217,0.6650000000000217,0.6098820021199803,0.6650000000000217,0.7767323669174725
0.6640000000000217,0.6640000000000217,0.6640000000000217,0.6091082863958329,0.6640000000000217,0.7773413993604579
0.6630000000000217,0.6630000000000217,0.6630000000000217,0.6083343791421847,0.6630000000000217,0.7779523606893485
0.6620000000000217,0.6620000000000217,0.6620000000000217,0.6075603307530753,0.6620000000000217,0.7785652162241713
0.6610000000000217,0.6610000000000217,0.6610000000000217,0.6067861855376013,0.6610000000000217,0.7791799357038578
0.6600000000000217,0.6600000000000217,0.6600000000000217,0.6060119817348262,0.6600000000000217,0.7797964933426559
0.6590000000000217,0.6590000000000217,0.6590000000000217,0.605237751565967,0.6590000000000217,0.78041486785703
0.6580000000000217,0.6580000000000217,0.6580000000000217,0.604463521320633,0.6580000000000217,0.7810350424650192
0.6570000000000217,0.6570000000000217,0.6570000000000217,0.6036893114737374,0.6570000000000217,0.7816570048601944
0.6560000000000217,0.6560000000000217,0.6560000000000217,0.6029151368295775,0.6560000000000217,0.7822807471625287
0.6550000000000217,0.6550000000000217,0.6550000000000217,0.6021410066895685,0.6550000000000217,0.7829062658485659
0.6540000000000217,0.6540000000000217,0.6540000000000217,0.6013669250401437,0.6540000000000217,0.7835335616633091
0.6530000000000217,0.6530000000000217,0.6530000000000217,0.6005928907574462,0.6530000000000217,0.7841626395162326
0.6520000000000217,0.6520000000000217,0.6520000000000217,0.5998188978255604,0.6520000000000217,0.7847935083637834
0.6510000000000217,0.6510000000000217,0.6510000000000217,0.5990449355652314,0.6510000000000217,0.7854261810806277
0.6500000000000217,0.6500000000000217,0.6500000000000217,0.5982709888701901,0.6500000000000217,0.7860606743218259
0.6490000000000217,0.6490000000000217,0.6490000000000217,0.5974970384484649,0.6490000000000217,0.7866970083779558
0.6480000000000217,0.6480000000000217,0.6480000000000217,0.5967230610662591,0.6480000000000217,0.7873352070250785
0.6470000000000217,0.6470000000000217,0.6470000000000217,0.5959490297922219,0.6470000000000217,0.7879752973713057
0.6460000000000217,0.6460000000000217,0.6460000000000217,0.5951749142401853,0.6460000000000217,0.7886173097015384
0.6450000000000217,0.6450000000000217,0.6450000000000217,0.5944006808086628,0.6450000000000217,0.7892612773218167
0.6440000000000217,0.6440000000000217,0.6440000000000217,0.5936262929156285,0.6440000000000217,0.7899072364045601
0.6430000000000217,0.6430000000000217,0.6430000000000217,0.5928517112273225,0.6430000000000217,0.7905552258358147
0.6420000000000217,0.6420000000000217,0.6420000000000217,0.5920768938800099,0.6420000000000217,0.7912052870655024
0.6410000000000217,0.6410000000000217,0.6410000000000217,0.5913017966938264,0.6410000000000217,0.7918574639615027
0.6400000000000217,0.6400000000000217,0.6400000000000217,0.5905263733780068,0.6400000000000217,0.7925118026682914
0.6390000000000217,0.6390000000000217,0.6390000000000217,0.5897505757269501,0.6390000000000217,0.7931683514707282
0.6380000000000217,0.6380000000000217,0.6380000000000217,0.5889743538067219,0.6380000000000217,0.7938271606634791
0.6370000000000217,0.6370000000000217,0.6370000000000217,0.5881976561317128,0.6370000000000217,0.794488282426468
0.6360000000000217,0.6360000000000217,0.6360000000000217,0.5874204298312985,0.6360000000000217,0.7951517707066353
0.6350000000000217,0.6350000000000217,0.6350000000000217,0.5866426208064323,0.6350000000000217,0.7958176811062383
0.6340000000000217,0.6340000000000217,0.6340000000000217,0.5858641738761927,0.6340000000000217,0.7964860707778215
0.6330000000000217,0.6330000000000217,0.6330000000000217,0.5850850329143821,0.6330000000000217,0.797156998325947
0.6320000000000217,0.6320000000000217,0.6320000000000217,0.5843051409763346,0.6320000000000217,0.7978305237157021
0.6310000000000217,0.6310000000000217,0.6310000000000217,0.5835244404161428,0.6310000000000217,0.7985067081879647
0.6300000000000217,0.6300000000000217,0.6300000000000217,0.5827428729945483,0.6300000000000217,0.7991856141813733
0.6290000000000217,0.6290000000000217,0.6290000000000217,0.5819603799777971,0.6290000000000217,0.7998673052608888
0.6280000000000217,0.6280000000000217,0.6280000000000217,0.5811769022277516,0.6280000000000217,0.800551846052842
0.6270000000000217,0.6270000000000217,0.6270000000000217,0.5803923802836041,0.6270000000000217,0.8012393021863157
0.6260000000000217,0.6260000000000217,0.6260000000000217,0.5796067544355309,0.6260000000000217,0.8019297402406977
0.6250000000000216,0.6250000000000216,0.6250000000000216,0.5788199647906417,0.6250000000000216,0.8026232276992322
0.6240000000000216,0.6240000000000216,0.6240000000000216,0.5780319513315744,0.6240000000000216,0.8033198329083915
0.6230000000000216,0.6230000000000216,0.6230000000000216,0.5772426539681015,0.6230000000000216,0.8040196250428654
0.6220000000000216,0.6220000000000216,0.6220000000000216,0.5764520125820864,0.6220000000000216,0.8047226740759957
0.6210000000000216,0.6210000000000216,0.6210000000000216,0.5756599670661526,0.6210000000000216,0.8054290507554419
0.6200000000000216,0.6200000000000216,0.6200000000000216,0.5748664573563809,0.6200000000000216,0.8061388265839182
0.6190000000000216,0.6190000000000216,0.6190000000000216,0.5740714234593848,0.6190000000000216,0.8068520738047836
0.6180000000000216,0.6180000000000216,0.6180000000000216,0.5732748054740564,0.6180000000000216,0.8075688653923343
0.6170000000000216,0.6170000000000216,0.6170000000000216,0.5724765436083005,0.6170000000000216,0.8082892750466114
0.6160000000000216,0.6160000000000216,0.6160000000000216,0.5716765781910275,0.6160000000000216,0.8090133771925697
0.6150000000000216,0.6150000000000216,0.6150000000000216,0.5708748496796952,0.6150000000000216,0.8097412469834409
0.6140000000000216,0.6140000000000216,0.6140000000000216,0.5700712986636286,0.6140000000000216,0.8104729603081724
0.6130000000000216,0.6130000000000216,0.6130000000000216,0.5692658658633875,0.6130000000000216,0.8112085938027777
0.6120000000000216,0.6120000000000216,0.6120000000000216,0.5684584921263789,0.6120000000000216,0.81194822486551
0.6110000000000216,0.6110000000000216,0.6110000000000216,0.5676491184189392,0.6110000000000216,0.8126919316757222
0.6100000000000216,0.6100000000000216,0.6100000000000216,0.5668376858150648,0.6100000000000216,0.8134397932163411
0.6090000000000216,0.6090000000000216,0.6090000000000216,0.5660241354819753,0.6090000000000216,0.8141918892998582
0.6080000000000216,0.6080000000000216,0.6080000000000216,0.5652084086626665,0.6080000000000216,0.8149483005977619
0.6070000000000216,0.6070000000000216,0.6070000000000216,0.5643904466555912,0.6070000000000216,0.8157091086733769
0.6060000000000216,0.6060000000000216,0.6060000000000216,0.5635701907916018,0.6060000000000216,0.816474396018039
0.6050000000000216,0.6050000000000216,0.6050000000000216,0.5627475824082683,0.6050000000000216,0.8172442460905958
0.6040000000000216,0.6040000000000216,0.6040000000000216,0.5619225628216685,0.6040000000000216,0.8180187433601986
0.6030000000000216,0.6030000000000216,0.6030000000000216,0.5610950732957295,0.6030000000000216,0.8187979733524092
0.6020000000000216,0.6020000000000216,0.6020000000000216,0.560265055009203,0.6020000000000216,0.8195820226985935
0.6010000000000216,0.6010000000000216,0.6010000000000216,0.5594324490203145,0.6010000000000216,0.8203709791886715
0.6000000000000216,0.6000000000000216,0.6000000000000216,0.5585971962291409,0.6000000000000216,0.8211649318272294
0.5990000000000216,0.5990000000000216,0.5990000000000216,0.5577592373377365,0.5990000000000216,0.8219639708930676
0.5980000000000216,0.5980000000000216,0.5980000000000216,0.5569185128080272,0.5980000000000216,0.8227681880022488
0.5970000000000216,0.5970000000000216,0.5970000000000216,0.5560749628174696,0.5970000000000216,0.8235776761747381
0.5960000000000216,0.5960000000000216,0.5960000000000216,0.5552285272124653,0.5960000000000216,0.8243925299047262
0.5950000000000216,0.5950000000000216,0.5950000000000216,0.5543791454595045,0.5950000000000216,0.8252128452347749
0.5940000000000216,0.5940000000000216,0.5940000000000216,0.5535267565939964,0.5940000000000216,0.8260387198339011
0.5930000000000216,0.5930000000000216,0.5930000000000216,0.5526712991667369,0.5930000000000216,0.826870253079773
0.5920000000000216,0.5920000000000216,0.5920000000000216,0.55181271118794,0.5920000000000216,0.8277075461451865
0.5910000000000216,0.5910000000000216,0.5910000000000216,0.5509509300687581,0.5910000000000216,0.8285507020890147
0.5900000000000216,0.5900000000000216,0.5900000000000216,0.5500858925601878,0.5900000000000216,0.8293998259518564
0.5890000000000216,0.5890000000000216,0.5890000000000216,0.549217534689254,0.5890000000000216,0.830255024856617
0.5880000000000216,0.5880000000000216,0.5880000000000216,0.5483457916923339,0.5880000000000216,0.8311164081142935
0.5870000000000216,0.5870000000000216,0.5870000000000216,0.5474705979454902,0.5870000000000216,0.8319840873352473
0.5860000000000216,0.5860000000000216,0.5860000000000216,0.5465918868916372,0.5860000000000216,0.8328581765462911
0.5850000000000216,0.5850000000000216,0.5850000000000216,0.5457095909643624,0.5850000000000216,0.8337387923139346
0.5840000000000216,0.5840000000000216,0.5840000000000216,0.5448236415082037,0.5840000000000216,0.8346260538741734
0.5830000000000216,0.5830000000000216,0.5830000000000216,0.5439339686951538,0.5830000000000216,0.8355200832692378
0.5820000000000216,0.5820000000000216,0.5820000000000216,0.5430405014371479,0.5820000000000216,0.8364210054917541
0.5810000000000216,0.5810000000000216,0.5810000000000216,0.5421431672942693,0.5810000000000216,0.8373289486368158
0.5800000000000216,0.5800000000000216,0.5800000000000216,0.5412418923783602,0.5800000000000216,0.8382440440625112
0.5790000000000216,0.5790000000000216,0.5790000000000216,0.5403366012517283,0.5790000000000216,0.8391664265594869
0.5780000000000216,0.5780000000000216,0.5780000000000216,0.5394272168205819,0.5780000000000216,0.8400962345302024
0.5770000000000216,0.5770000000000216,0.5770000000000216,0.5385136602228003,0.5770000000000216,0.8410336101785718
0.5760000000000216,0.5760000000000216,0.5760000000000216,0.5375958507096179,0.5760000000000216,0.8419786997107606
0.5750000000000216,0.5750000000000216,0.5750000000000216,0.5366737055207416,0.5750000000000216,0.8429316535479854
0.5740000000000216,0.5740000000000216,0.5740000000000216,0.5357471397523959,0.5740000000000216,0.8438926265522138
0.5730000000000216,0.5730000000000216,0.5730000000000216,0.5348160662177233,0.5730000000000216,0.8448617782657918
0.5720000000000216,0.5720000000000216,0.5720000000000216,0.5338803952989236,0.5720000000000216,0.8458392731660784
0.5710000000000216,0.5710000000000216,0.5710000000000216,0.5329400347904498,0.5710000000000216,0.846825280936305
0.5700000000000216,0.5700000000000216,0.5700000000000216,0.5319948897325165,0.5700000000000216,0.8478199767539712
0.5690000000000216,0.5690000000000216,0.5690000000000216,0.531044862234096,0.5690000000000216,0.8488235415982405
0.5680000000000216,0.5680000000000216,0.5680000000000216,0.5300898512844938,0.5680000000000216,0.8498361625779277
0.5670000000000216,0.5670000000000216,0.5670000000000216,0.5291297525525159,0.5670000000000216,0.850858033281843
0.5660000000000216,0.5660000000000216,0.5660000000000216,0.5281644581721139,0.5660000000000216,0.851889354153429
0.5650000000000216,0.5650000000000216,0.5650000000000216,0.5271938565133073,0.5650000000000216,0.8529303328918397
0.5640000000000216,0.5640000000000216,0.5640000000000216,0.5262178319370135,0.5640000000000216,0.8539811848818425
0.5630000000000216,0.5630000000000216,0.5630000000000216,0.5252362645323198,0.5630000000000216,0.8550421336551532
0.5620000000000216,0.5620000000000216,0.5620000000000216,0.5242490298345203,0.5620000000000216,0.8561134113861436
0.5610000000000216,0.5610000000000216,0.5610000000000216,0.5232559985220879,0.5610000000000216,0.8571952594251381
0.5600000000000216,0.5600000000000216,0.5600000000000216,0.5222570360905179,0.5600000000000216,0.8582879288729486
0.5590000000000216,0.5590000000000216,0.5590000000000216,0.5212520025007706,0.5590000000000216,0.8593916812006229
0.5580000000000216,0.5580000000000216,0.5580000000000216,0.5202407517997394,0.5580000000000216,0.8605067889189518
0.5570000000000216,0.5570000000000216,0.5570000000000216,0.5192231317098873,0.5570000000000216,0.8616335363027484
0.5560000000000216,0.5560000000000216,0.5560000000000216,0.5181989831848316,0.5560000000000216,0.862772220175556
0.5550000000000216,0.5550000000000216,0.5550000000000216,0.5171681399272658,0.5550000000000216,0.8639231507611352
0.5540000000000216,0.5540000000000216,0.5540000000000216,0.5161304278651387,0.5540000000000216,0.8650866526088954
0.5530000000000216,0.5530000000000216,0.5530000000000216,0.5150856645814954,0.5530000000000216,0.8662630656013303
0.5520000000000216,0.5520000000000216,0.5520000000000216,0.514033658692756,0.5520000000000216,0.8674527460526348
0.5510000000000216,0.5510000000000216,0.5510000000000216,0.5129742091695415,0.5510000000000216,0.8686560679088332
0.5500000000000216,0.5500000000000216,0.5500000000000216,0.5119071045932987,0.5500000000000216,0.8698734240612538
0.5490000000000216,0.5490000000000216,0.5490000000000216,0.5108321223410704,0.5490000000000216,0.8711052277867719
0.5480000000000216,0.5480000000000216,0.5480000000000216,0.5097490276896186,0.5480000000000216,0.8723519143302217
0.5470000000000216,0.5470000000000216,0.5470000000000216,0.5086575728288577,0.5470000000000216,0.8736139426465807
0.5460000000000216,0.5460000000000216,0.5460000000000216,0.5075574957729977,0.5460000000000216,0.8748917973232326
0.5450000000000216,0.5450000000000216,0.5450000000000216,0.5064485191560605,0.5450000000000216,0.8761859907056661
0.5440000000000216,0.5440000000000216,0.5440000000000216,0.5053303488962861,0.5440000000000216,0.8774970652536926
0.5430000000000216,0.5430000000000216,0.5430000000000216,0.5042026727114751,0.5430000000000216,0.8788255961595997
0.5420000000000216,0.5420000000000216,0.5420000000000216,0.5030651584643266,0.5420000000000216,0.8801721942648474
0.5410000000000216,0.5410000000000216,0.5410000000000216,0.5019174523132736,0.5410000000000216,0.8815375093181446
0.5400000000000216,0.5400000000000216,0.5400000000000216,0.500759176640033,0.5400000000000216,0.8829222336251764
0.5390000000000216,0.5390000000000216,0.5390000000000216,0.4995899277199449,0.5390000000000216,0.8843271061492627
0.5380000000000216,0.5380000000000216,0.5380000000000216,0.4984092730949006,0.5380000000000216,0.8857529171331113
0.5370000000000216,0.5370000000000216,0.5370000000000216,0.4972167486010346,0.5370000000000216,0.887200513325158
0.5360000000000216,0.5360000000000216,0.5360000000000216,0.4960118549940019,0.5360000000000216,0.8886708039102371
0.5350000000000216,0.5350000000000216,0.5350000000000216,0.4947940541031468,0.5350000000000216,0.8901647672643769
0.5340000000000216,0.5340000000000216,0.5340000000000216,0.4935627644315715,0.5340000000000216,0.8916834586784252
0.5330000000000216,0.5330000000000216,0.5330000000000216,0.4923173561012731,0.5330000000000216,0.8932280192261814
0.5320000000000216,0.5320000000000216,0.5320000000000216,0.4910571450201351,0.5320000000000216,0.8947996859917078
0.5310000000000216,0.5310000000000216,0.5310000000000216,0.4897813861191815,0.5310000000000216,0.8963998039197585
0.5300000000000216,0.5300000000000216,0.5300000000000216,0.4884892654723852,0.5300000000000216,0.8980298396160874
0.5290000000000216,0.5290000000000216,0.5290000000000216,0.4871798910648013,0.5290000000000216,0.8996913975051585
0.5280000000000216,0.5280000000000216,0.5280000000000216,0.4858522819145666,0.5280000000000216,0.9013862388574545
0.5270000000000216,0.5270000000000216,0.5270000000000216,0.4845053551753763,0.5270000000000216,0.9031163043355531
0.5260000000000216,0.5260000000000216,0.5260000000000216,0.4831379107416779,0.5260000000000216,0.9048837408893325
0.5250000000000216,0.5250000000000216,0.5250000000000216,0.4817486127393412,0.5250000000000216,0.9066909340726702
0.5240000000000216,0.5240000000000216,0.5240000000000216,0.4803359670958131,0.5240000000000216,0.9085405471813939
0.5230000000000216,0.5230000000000216,0.5230000000000216,0.4788982941251573,0.5230000000000216,0.9104355690606628
0.5220000000000216,0.5220000000000216,0.5220000000000216,0.4774336947040855,0.5220000000000216,0.9123793730527988
0.5210000000000216,0.5210000000000216,0.5210000000000216,0.4759400081081517,0.5210000000000216,0.9143757904350298
0.5200000000000216,0.5200000000000216,0.5200000000000216,0.4744147588500753,0.5200000000000216,0.9164292029564026
0.5190000000000216,0.5190000000000216,0.5190000000000216,0.4728550887993671,0.5190000000000216,0.9185446609236763
0.5180000000000216,0.5180000000000216,0.5180000000000216,0.4712576692771481,0.5180000000000216,0.9207280360305456
0.5170000000000216,0.5170000000000216,0.5170000000000216,0.4696185854004337,0.5170000000000216,0.9229862223122384
0.5160000000000216,0.5160000000000216,0.5160000000000216,0.4679331811609365,0.5160000000000216,0.9253274051635135
0.5150000000000216,0.5150000000000216,0.5150000000000216,0.4661958476135958,0.5150000000000216,0.9277614289258782
0.5140000000000216,0.5140000000000216,0.5140000000000216,0.4643997263646817,0.5140000000000216,0.9303003111611353
0.5130000000000215,0.5130000000000215,0.5130000000000215,0.4625362829036312,0.5130000000000215,0.9329589822295696
0.5120000000000215,0.5120000000000215,0.5120000000000215,0.4605946723470422,0.5120000000000215,0.9357563840446473
0.5110000000000215,0.5110000000000215,0.5110000000000215,0.4585607590479093,0.5110000000000215,0.9387171674487985
0.5100000000000215,0.5100000000000215,0.5100000000000215,0.4564155269553571,0.5100000000000215,0.9418744427681659
0.5090000000000215,0.5090000000000215,0.5090000000000215,0.4541323427484604,0.5090000000000215,0.9452745126021654
0.5080000000000215,0.5080000000000215,0.5080000000000215,0.4516718630085795,0.5080000000000215,0.9489856734625377
0.5070000000000215,0.5070000000000215,0.5070000000000215,0.448971506922952,0.5070000000000215,0.953116398529504
0.5060000000000215,0.5060000000000215,0.5060000000000215,0.4459201380573484,0.5060000000000215,0.9578590404280188
0.5050000000000215,0.5050000000000215,0.5050000000000215,0.442280540150347,0.5050000000000215,0.9636235628528395
0.5040000000000215,0.5040000000000215,0.5040000000000215,0.437308464005385,0.5040000000000215,0.9716942270161223
0.5030000000000215,0.5030000000000215,0.5030000000000215,1.192946298997533,0.5030000000000215,0.2880065410104949
0.5020000000000215,0.5020000000000215,0.5020000000000215,1.192975265222556,0.5020000000000215,0.287627561014968
0.5010000000000215,0.5010000000000215,0.5010000000000215,1.193004288484563,0.5010000000000215,0.2872466815422717
0.5000000000000215,0.5000000000000215,0.5000000000000215,1.193033366856527,0.5000000000000215,0.2868639129401631
0.4990000000000215,0.4990000000000215,0.4990000000000215,1.193062498408368,0.4990000000000215,0.2864792656991934
0.4980000000000215,0.4980000000000215,0.4980000000000215,1.193091681207892,0.4980000000000215,0.2860927504475824
0.4970000000000215,0.4970000000000215,0.4970000000000215,1.193120913321467,0.4970000000000215,0.2857043779459676
0.4960000000000215,0.4960000000000215,0.4960000000000215,1.193150192814685,0.4960000000000215,0.2853141590821672
0.4950000000000215,0.4950000000000215,0.4950000000000215,1.193179517753018,0.4950000000000215,0.2849221048659556
0.4940000000000215,0.4940000000000215,0.4940000000000215,1.193208886202457,0.4940000000000215,0.2845282264238573
0.4930000000000215,0.4930000000000215,0.4930000000000215,1.193238296230154,0.4930000000000215,0.2841325349939652
0.4920000000000215,0.4920000000000215,0.4920000000000215,1.193267745905046,0.4920000000000215,0.2837350419207819
0.4910000000000215,0.4910000000000215,0.4910000000000215,1.193297233298464,0.4910000000000215,0.283335758650093
0.4900000000000215,0.4900000000000215,0.4900000000000215,1.19332675648474,0.4900000000000215,0.2829346967238734
0.4890000000000215,0.4890000000000215,0.4890000000000215,1.1933563135418,0.4890000000000215,0.2825318677752288
0.4880000000000215,0.4880000000000215,0.4880000000000215,1.193385902551743,0.4880000000000215,0.282127283523377
0.4870000000000215,0.4870000000000215,0.4870000000000215,1.19341552160141,0.4870000000000215,0.281720955768673
0.4860000000000215,0.4860000000000215,0.4860000000000215,1.193445168782942,0.4860000000000215,0.2813128963876777
0.4850000000000215,0.4850000000000215,0.4850000000000215,1.193474842194326,0.4850000000000215,0.2809031173282784
0.4840000000000215,0.4840000000000215,0.4840000000000215,1.193504539939926,0.4840000000000215,0.2804916306048547
0.4830000000000215,0.4830000000000215,0.4830000000000215,1.193534260131002,0.4830000000000215,0.2800784482935035
0.4820000000000215,0.4820000000000215,0.4820000000000215,1.193564000886225,0.4820000000000215,0.279663582527316
0.4810000000000215,0.4810000000000215,0.4810000000000215,1.193593760332162,0.4810000000000215,0.2792470454917143
0.4800000000000215,0.4800000000000215,0.4800000000000215,1.193623536603768,0.4800000000000215,0.2788288494198477
0.4790000000000215,0.4790000000000215,0.4790000000000215,1.193653327844848,0.4790000000000215,0.2784090065880517
0.4780000000000215,0.4780000000000215,0.4780000000000215,1.193683132208518,0.4780000000000215,0.2779875293113701
0.4770000000000215,0.4770000000000215,0.4770000000000215,1.193712947857649,0.4770000000000215,0.2775644299391429
0.4760000000000215,0.4760000000000215,0.4760000000000215,1.193742772965292,0.4760000000000215,0.2771397208506616
0.4750000000000215,0.4750000000000215,0.4750000000000215,1.193772605715101,0.4750000000000215,0.2767134144508941
0.4740000000000215,0.4740000000000215,0.4740000000000215,1.193802444301736,0.4740000000000215,0.2762855231662777
0.4730000000000215,0.4730000000000215,0.4730000000000215,1.193832286931253,0.4730000000000215,0.2758560594405855
0.4720000000000215,0.4720000000000215,0.4720000000000215,1.19386213182148,0.4720000000000215,0.2754250357308645
0.4710000000000215,0.4710000000000215,0.4710000000000215,1.193891977202388,0.4710000000000215,0.2749924645034462
0.4700000000000215,0.4700000000000215,0.4700000000000215,1.193921821316439,0.4700000000000215,0.2745583582300331
0.4690000000000215,0.4690000000000215,0.4690000000000215,1.193951662418924,0.4690000000000215,0.2741227293838593
0.4680000000000215,0.4680000000000215,0.4680000000000215,1.193981498778292,0.4680000000000215,0.2736855904359289
0.4670000000000215,0.4670000000000215,0.4670000000000215,1.194011328676463,0.4670000000000215,0.2732469538513274
0.4660000000000215,0.4660000000000215,0.4660000000000215,1.194041150409127,0.4660000000000215,0.2728068320856141
0.4650000000000215,0.4650000000000215,0.4650000000000215,1.194070962286033,0.4650000000000215,0.2723652375812898
0.4640000000000215,0.4640000000000215,0.4640000000000215,1.194100762631267,0.4640000000000215,0.2719221827643418
0.4630000000000215,0.4630000000000215,0.4630000000000215,1.19413054978351,0.4630000000000215,0.2714776800408693
0.4620000000000215,0.4620000000000215,0.4620000000000215,1.194160322096296,0.4620000000000215,0.2710317417937858
0.4610000000000215,0.4610000000000215,0.4610000000000215,1.194190077938242,0.4610000000000215,0.2705843803795972
0.4600000000000215,0.4600000000000215,0.4600000000000215,1.194219815693286,0.4600000000000215,0.270135608125265
0.4590000000000215,0.4590000000000215,0.4590000000000215,1.194249533760892,0.4590000000000215,0.2696854373251404
0.4580000000000215,0.4580000000000215,0.4580000000000215,1.19427923055626,0.4580000000000215,0.2692338802379812
0.4570000000000215,0.4570000000000215,0.4570000000000215,1.194308904510512,0.4570000000000215,0.2687809490840462
0.4560000000000215,0.4560000000000215,0.4560000000000215,1.19433855407088,0.4560000000000215,0.2683266560422647
0.4550000000000215,0.4550000000000215,0.4550000000000215,1.194368177700871,0.4550000000000215,0.2678710132474881
0.4540000000000215,0.4540000000000215,0.4540000000000215,1.194397773880426,0.4540000000000215,0.2674140327878138
0.4530000000000215,0.4530000000000215,0.4530000000000215,1.194427341106068,0.4530000000000215,0.2669557267019907
0.4520000000000215,0.4520000000000215,0.4520000000000215,1.194456877891038,0.4520000000000215,0.2664961069768951
0.4510000000000215,0.4510000000000215,0.4510000000000215,1.194486382765428,0.4510000000000215,0.2660351855450882
0.4500000000000215,0.4500000000000215,0.4500000000000215,1.194515854276287,0.4500000000000215,0.2655729742824457
0.4490000000000215,0.4490000000000215,0.4490000000000215,1.194545290987736,0.4490000000000215,0.2651094850058626
0.4480000000000215,0.4480000000000215,0.4480000000000215,1.194574691481061,0.4480000000000215,0.2646447294710317
0.4470000000000215,0.4470000000000215,0.4470000000000215,1.194604054354803,0.4470000000000215,0.2641787193702964
0.4460000000000215,0.4460000000000215,0.4460000000000215,1.194633378224832,0.4460000000000215,0.2637114663305748
0.4450000000000215,0.4450000000000215,0.4450000000000215,1.194662661724419,0.4450000000000215,0.263242981911358
0.4440000000000215,0.4440000000000215,0.4440000000000215,1.194691903504292,0.4440000000000215,0.2627732776027751
0.4430000000000215,0.4430000000000215,0.4430000000000215,1.19472110223269,0.4430000000000215,0.2623023648237351
0.4420000000000215,0.4420000000000215,0.4420000000000215,1.194750256595406,0.4420000000000215,0.261830254920131
0.4410000000000215,0.4410000000000215,0.4410000000000215,1.194779365295815,0.4410000000000215,0.2613569591631194
0.4400000000000215,0.4400000000000215,0.4400000000000215,1.194808427054905,0.4400000000000215,0.2608824887474629
0.4390000000000215,0.4390000000000215,0.4390000000000215,1.194837440611296,0.4390000000000215,0.2604068547899425
0.4380000000000215,0.4380000000000215,0.4380000000000215,1.194866404721244,0.4380000000000215,0.2599300683278336
0.4370000000000215,0.4370000000000215,0.4370000000000215,1.194895318158649,0.4370000000000215,0.25945214031745
0.4360000000000215,0.4360000000000215,0.4360000000000215,1.194924179715046,0.4360000000000215,0.2589730816327502
0.4350000000000215,0.4350000000000215,0.4350000000000215,1.194952988199597,0.4350000000000215,0.2584929030640076
0.4340000000000215,0.4340000000000215,0.4340000000000215,1.194981742439069,0.4340000000000215,0.2580116153165425
0.4330000000000215,0.4330000000000215,0.4330000000000215,1.195010441277811,0.4330000000000215,0.2575292290095162
0.4320000000000215,0.4320000000000215,0.4320000000000215,1.19503908357772,0.4320000000000215,0.2570457546747866
0.4310000000000215,0.4310000000000215,0.4310000000000215,1.195067668218204,0.4310000000000215,0.2565612027558203
0.4300000000000215,0.4300000000000215,0.4300000000000215,1.195096194096135,0.4300000000000215,0.2560755836066667
0.4290000000000215,0.4290000000000215,0.4290000000000215,1.195124660125803,0.4290000000000215,0.2555889074909856
0.4280000000000215,0.4280000000000215,0.4280000000000215,1.195153065238857,0.4280000000000215,0.2551011845811374
0.4270000000000215,0.4270000000000215,0.4270000000000215,1.195181408384243,0.4270000000000215,0.2546124249573216
0.4260000000000215,0.4260000000000215,0.4260000000000215,1.19520968852814,0.4260000000000215,0.2541226386067756
0.4250000000000215,0.4250000000000215,0.4250000000000215,1.195237904653884,0.4250000000000215,0.2536318354230259
0.4240000000000215,0.4240000000000215,0.4240000000000215,1.195266055761895,0.4240000000000215,0.253140025205188
0.4230000000000215,0.4230000000000215,0.4230000000000215,1.195294140869594,0.4230000000000215,0.2526472176573245
0.4220000000000215,0.4220000000000215,0.4220000000000215,1.195322159011313,0.4220000000000215,0.2521534223878495
0.4210000000000215,0.4210000000000215,0.4210000000000215,1.195350109238212,0.4210000000000215,0.2516586489089828
0.4200000000000215,0.4200000000000215,0.4200000000000215,1.195377990618177,0.4200000000000215,0.2511629066362545
0.4190000000000215,0.4190000000000215,0.4190000000000215,1.195405802235724,0.4190000000000215,0.2506662048880579
0.4180000000000215,0.4180000000000215,0.4180000000000215,1.195433543191898,0.4180000000000215,0.250168552885246
0.4170000000000215,0.4170000000000215,0.4170000000000215,1.195461212604162,0.4170000000000215,0.2496699597507779
0.4160000000000215,0.4160000000000215,0.4160000000000215,1.19548880960629,0.4160000000000215,0.2491704345094067
0.4150000000000215,0.4150000000000215,0.4150000000000215,1.195516333348255,0.4150000000000215,0.2486699860874143
0.4140000000000215,0.4140000000000215,0.4140000000000215,1.195543782996107,0.4140000000000215,0.2481686233123863
0.4130000000000215,0.4130000000000215,0.4130000000000215,1.195571157731859,0.4130000000000215,0.2476663549130322
0.4120000000000215,0.4120000000000215,0.4120000000000215,1.195598456753361,0.4120000000000215,0.2471631895190435
0.4110000000000215,0.4110000000000215,0.4110000000000215,1.195625679274177,0.4110000000000215,0.2466591356609941
0.4100000000000215,0.4100000000000215,0.4100000000000215,1.195652824523453,0.4100000000000215,0.2461542017702813
0.4090000000000215,0.4090000000000215,0.4090000000000215,1.19567989174579,0.4090000000000215,0.2456483961791008
0.4080000000000215,0.4080000000000215,0.4080000000000215,1.195706880201112,0.4080000000000215,0.2451417271204638
0.4070000000000215,0.4070000000000215,0.4070000000000215,1.195733789164528,0.4070000000000215,0.2446342027282492
0.4060000000000215,0.4060000000000215,0.4060000000000215,1.195760617926196,0.4060000000000215,0.2441258310372897
0.4050000000000215,0.4050000000000215,0.4050000000000215,1.195787365791185,0.4050000000000215,0.2436166199834958
0.4040000000000215,0.4040000000000215,0.4040000000000215,1.195814032079334,0.4040000000000215,0.2431065774040122
0.4030000000000215,0.4030000000000215,0.4030000000000215,1.195840616125109,0.4030000000000215,0.2425957110374062
0.4020000000000215,0.4020000000000215,0.4020000000000215,1.195867117277458,0.4020000000000215,0.242084028523892
0.4010000000000215,0.4010000000000215,0.4010000000000215,1.195893534899671,0.4010000000000215,0.2415715374055829
0.4000000000000214,0.4000000000000214,0.4000000000000214,1.195919868369226,0.4000000000000214,0.2410582451267751
0.3990000000000214,0.3990000000000214,0.3990000000000214,1.195946117077646,0.3990000000000214,0.2405441590342625
0.3980000000000214,0.3980000000000214,0.3980000000000214,1.19597228043035,0.3980000000000214,0.2400292863776789
0.3970000000000214,0.3970000000000214,0.3970000000000214,1.195998357846501,0.3970000000000214,0.2395136343098697
0.3960000000000214,0.3960000000000214,0.3960000000000214,1.196024348758859,0.3960000000000214,0.2389972098872894
0.3950000000000214,0.3950000000000214,0.3950000000000214,1.196050252613625,0.3950000000000214,0.2384800200704267
0.3940000000000214,0.3940000000000214,0.3940000000000214,1.196076068870294,0.3940000000000214,0.2379620717242558
0.3930000000000214,0.3930000000000214,0.3930000000000214,1.196101797001497,0.3930000000000214,0.2374433716187107
0.3920000000000214,0.3920000000000214,0.3920000000000214,1.196127436492856,0.3920000000000214,0.2369239264291864
0.3910000000000214,0.3910000000000214,0.3910000000000214,1.196152986842822,0.3910000000000214,0.2364037427370603
0.3900000000000214,0.3900000000000214,0.3900000000000214,1.196178447562527,0.3900000000000214,0.2358828270302396
0.3890000000000214,0.3890000000000214,0.3890000000000214,1.196203818175629,0.3890000000000214,0.2353611857037273
0.3880000000000214,0.3880000000000214,0.3880000000000214,1.19622909821816,0.3880000000000214,0.2348388250602129
0.3870000000000214,0.3870000000000214,0.3870000000000214,1.196254287238367,0.3870000000000214,0.2343157513106796
0.3860000000000214,0.3860000000000214,0.3860000000000214,1.196279384796568,0.3860000000000214,0.2337919705750342
0.3850000000000214,0.3850000000000214,0.3850000000000214,1.196304390464986,0.3850000000000214,0.2332674888827548
0.3840000000000214,0.3840000000000214,0.3840000000000214,1.196329303827609,0.3840000000000214,0.2327423121735561
0.3830000000000214,0.3830000000000214,0.3830000000000214,1.196354124480027,0.3830000000000214,0.2322164462980741
0.3820000000000214,0.3820000000000214,0.3820000000000214,1.196378852029286,0.3820000000000214,0.2316898970185645
0.3810000000000214,0.3810000000000214,0.3810000000000214,1.196403486093732,0.3810000000000214,0.2311626700096214
0.3800000000000214,0.3800000000000214,0.3800000000000214,1.196428026302863,0.3800000000000214,0.2306347708589068
0.3790000000000214,0.3790000000000214,0.3790000000000214,1.196452472297176,0.3790000000000214,0.230106205067899
0.3780000000000214,0.3780000000000214,0.3780000000000214,1.196476823728018,0.3780000000000214,0.2295769780526515
0.3770000000000214,0.3770000000000214,0.3770000000000214,1.196501080257437,0.3770000000000214,0.229047095144569
0.3760000000000214,0.3760000000000214,0.3760000000000214,1.196525241558031,0.3760000000000214,0.2285165615911926
0.3750000000000214,0.3750000000000214,0.3750000000000214,1.196549307312804,0.3750000000000214,0.2279853825569991
0.3740000000000214,0.3740000000000214,0.3740000000000214,1.196573277215017,0.3740000000000214,0.227453563124212
0.3730000000000214,0.3730000000000214,0.3730000000000214,1.196597150968044,0.3730000000000214,0.226921108293622
0.3720000000000214,0.3720000000000214,0.3720000000000214,1.196620928285223,0.3720000000000214,0.226388022985419
0.3710000000000214,0.3710000000000214,0.3710000000000214,1.196644608889718,0.3710000000000214,0.2258543120400324
0.3700000000000214,0.3700000000000214,0.3700000000000214,1.196668192514371,0.3700000000000214,0.2253199802189825
0.3690000000000214,0.3690000000000214,0.3690000000000214,1.196691678901565,0.3690000000000214,0.2247850322057371
0.3680000000000214,0.3680000000000214,0.3680000000000214,1.19671506780308,0.3680000000000214,0.22424947260658
0.3670000000000214,0.3670000000000214,0.3670000000000214,1.196738358979958,0.3670000000000214,0.2237133059514831
0.3660000000000214,0.3660000000000214,0.3660000000000214,1.19676155220236,0.3660000000000214,0.2231765366949874
0.3650000000000214,0.3650000000000214,0.3650000000000214,1.196784647249433,0.3650000000000214,0.2226391692170887
0.3640000000000214,0.3640000000000214,0.3640000000000214,1.196807643909176,0.3640000000000214,0.2221012078241301
0.3630000000000214,0.3630000000000214,0.3630000000000214,1.196830541978301,0.3630000000000214,0.2215626567496995
0.3620000000000214,0.3620000000000214,0.3620000000000214,1.196853341262105,0.3620000000000214,0.2210235201555304
0.3610000000000214,0.3610000000000214,0.3610000000000214,1.19687604157434,0.3610000000000214,0.2204838021324073
0.3600000000000214,0.3600000000000214,0.3600000000000214,1.196898642737077,0.3600000000000214,0.2199435067010758
0.3590000000000214,0.3590000000000214,0.3590000000000214,1.196921144580585,0.3590000000000214,0.2194026378131542
0.3580000000000214,0.3580000000000214,0.3580000000000214,1.1969435469432,0.3580000000000214,0.218861199352047
0.3570000000000214,0.3570000000000214,0.3570000000000214,1.196965849671202,0.3570000000000214,0.2183191951338628
0.3560000000000214,0.3560000000000214,0.3560000000000214,1.196988052618692,0.3560000000000214,0.2177766289083323
0.3550000000000214,0.3550000000000214,0.3550000000000214,1.197010155647466,0.3550000000000214,0.2172335043597268
0.3540000000000214,0.3540000000000214,0.3540000000000214,1.197032158626899,0.3540000000000214,0.216689825107778
0.3530000000000214,0.3530000000000214,0.3530000000000214,1.197054061433826,0.3530000000000214,0.2161455947085989
0.3520000000000214,0.3520000000000214,0.3520000000000214,1.197075863952421,0.3520000000000214,0.2156008166556031
0.3510000000000214,0.3510000000000214,0.3510000000000214,1.197097566074085,0.3510000000000214,0.2150554943804238
0.3500000000000214,0.3500000000000214,0.3500000000000214,1.197119167697332,0.3500000000000214,0.2145096312538322
0.3490000000000214,0.3490000000000214,0.3490000000000214,1.197140668727673,0.3490000000000214,0.2139632305866543
0.3480000000000214,0.3480000000000214,0.3480000000000214,1.197162069077511,0.3480000000000214,0.2134162956306853
0.3470000000000214,0.3470000000000214,0.3470000000000214,1.197183368666026,0.3470000000000214,0.2128688295796024
0.3460000000000214,0.3460000000000214,0.3460000000000214,1.197204567419072,0.3460000000000214,0.2123208355698753
0.3450000000000214,0.3450000000000214,0.3450000000000214,1.19722566526907,0.3450000000000214,0.2117723166816729
0.3440000000000214,0.3440000000000214,0.3440000000000214,1.197246662154904,0.3440000000000214,0.211223275939767
0.3430000000000214,0.3430000000000214,0.3430000000000214,1.197267558021817,0.3430000000000214,0.2106737163144334
0.3420000000000214,0.3420000000000214,0.3420000000000214,1.197288352821313,0.3420000000000214,0.210123640722347
0.3410000000000214,0.3410000000000214,0.3410000000000214,1.197309046511057,0.3410000000000214,0.209573052027475
0.3400000000000214,0.3400000000000214,0.3400000000000214,1.197329639054777,0.3400000000000214,0.209021953041964
0.3390000000000214,0.3390000000000214,0.3390000000000214,1.197350130422167,0.3390000000000214,0.208470346527023
0.3380000000000214,0.3380000000000214,0.3380000000000214,1.197370520588797,0.3380000000000214,0.2079182351938002
0.3370000000000214,0.3370000000000214,0.3370000000000214,1.197390809536018,0.3370000000000214,0.2073656217042562
0.3360000000000214,0.3360000000000214,0.3360000000000214,1.19741099725087,0.3360000000000214,0.2068125086720307
0.3350000000000214,0.3350000000000214,0.3350000000000214,1.197431083725994,0.3350000000000214,0.2062588986633017
0.3340000000000214,0.3340000000000214,0.3340000000000214,1.197451068959549,0.3340000000000214,0.2057047941976415
0.3330000000000214,0.3330000000000214,0.3330000000000214,1.197470952955118,0.3330000000000214,0.2051501977488649
0.3320000000000214,0.3320000000000214,0.3320000000000214,1.197490735721629,0.3320000000000214,0.20459511174587
0.3310000000000214,0.3310000000000214,0.3310000000000214,1.197510417273272,0.3310000000000214,0.2040395385734733
0.3300000000000214,0.3300000000000214,0.3300000000000214,1.197529997629416,0.3300000000000214,0.2034834805732375
0.3290000000000214,0.3290000000000214,0.3290000000000214,1.197549476814533,0.3290000000000214,0.2029269400442922
0.3280000000000214,0.3280000000000214,0.3280000000000214,1.197568854858116,0.3280000000000214,0.2023699192441474
0.3270000000000214,0.3270000000000214,0.3270000000000214,1.197588131794605,0.3270000000000214,0.2018124203894981
0.3260000000000214,0.3260000000000214,0.3260000000000214,1.197607307663314,0.3260000000000214,0.2012544456570233
0.3250000000000214,0.3250000000000214,0.3250000000000214,1.197626382508353,0.3250000000000214,0.2006959971841758
0.3240000000000214,0.3240000000000214,0.3240000000000214,1.19764535637856,0.3240000000000214,0.2001370770699638
0.3230000000000214,0.3230000000000214,0.3230000000000214,1.197664229327431,0.3230000000000214,0.199577687375725
0.3220000000000214,0.3220000000000214,0.3220000000000214,1.197683001413049,0.3220000000000214,0.1990178301258926
0.3210000000000214,0.3210000000000214,0.3210000000000214,1.197701672698018,0.3210000000000214,0.1984575073087513
0.3200000000000214,0.3200000000000214,0.3200000000000214,1.197720243249397,0.3200000000000214,0.1978967208771868
0.3190000000000214,0.3190000000000214,0.3190000000000214,1.197738713138637,0.3190000000000214,0.1973354727494257
0.3180000000000214,0.3180000000000214,0.3180000000000214,1.197757082441514,0.3180000000000214,0.1967737648097657
0.3170000000000214,0.3170000000000214,0.3170000000000214,1.197775351238074,0.3170000000000214,0.196211598909299
0.3160000000000214,0.3160000000000214,0.3160000000000214,1.197793519612566,0.3160000000000214,0.1956489768666251
0.3150000000000214,0.3150000000000214,0.3150000000000214,1.197811587653387,0.3150000000000214,0.1950859004685545
0.3140000000000214,0.3140000000000214,0.3140000000000214,1.197829555453025,0.3140000000000214,0.1945223714708061
0.3130000000000214,0.3130000000000214,0.3130000000000214,1.197847423108001,0.3130000000000214,0.1939583915986902
0.3120000000000214,0.3120000000000214,0.3120000000000214,1.197865190718813,0.3120000000000214,0.1933939625477877
0.3110000000000214,0.3110000000000214,0.3110000000000214,1.197882858389888,0.3110000000000214,0.1928290859846168
0.3100000000000214,0.3100000000000214,0.3100000000000214,1.197900426229521,0.3100000000000214,0.1922637635472909
0.3090000000000214,0.3090000000000214,0.3090000000000214,1.197917894349835,0.3090000000000214,0.1916979968461688
0.3080000000000214,0.3080000000000214,0.3080000000000214,1.197935262866718,0.3080000000000214,0.1911317874644922
0.3070000000000214,0.3070000000000214,0.3070000000000214,1.197952531899787,0.3070000000000214,0.1905651369590174
0.3060000000000214,0.3060000000000214,0.3060000000000214,1.197969701572332,0.3060000000000214,0.189998046860635
0.3050000000000214,0.3050000000000214,0.3050000000000214,1.197986772011273,0.3050000000000214,0.189430518674981
0.3040000000000214,0.3040000000000214,0.3040000000000214,1.198003743347115,0.3040000000000214,0.1888625538830387
0.3030000000000214,0.3030000000000214,0.3030000000000214,1.198020615713903,0.3030000000000214,0.188294153941731
0.3020000000000214,0.3020000000000214,0.3020000000000214,1.198037389249179,0.3020000000000214,0.1877253202845023
0.3010000000000214,0.3010000000000214,0.3010000000000214,1.198054064093939,0.3010000000000214,0.1871560543218916
0.3000000000000214,0.3000000000000214,0.3000000000000214,1.198070640392596,0.3000000000000214,0.1865863574420965
0.2990000000000214,0.2990000000000214,0.2990000000000214,1.198087118292936,0.2990000000000214,0.1860162310115274
0.2980000000000214,0.2980000000000214,0.2980000000000214,1.19810349794608,0.2980000000000214,0.1854456763753508
0.2970000000000214,0.2970000000000214,0.2970000000000214,1.198119779506448,0.2970000000000214,0.184874694858026
0.2960000000000214,0.2960000000000214,0.2960000000000214,1.198135963131721,0.2960000000000214,0.1843032877638296
0.2950000000000214,0.2950000000000214,0.2950000000000214,1.198152048982804,0.2950000000000214,0.1837314563773717
0.2940000000000214,0.2940000000000214,0.2940000000000214,1.198168037223792,0.2940000000000214,0.183159201964104
0.2930000000000214,0.2930000000000214,0.2930000000000214,1.198183928021935,0.2930000000000214,0.1825865257708148
0.2920000000000214,0.2920000000000214,0.2920000000000214,1.198199721547605,0.2920000000000214,0.1820134290261195
0.2910000000000214,0.2910000000000214,0.2910000000000214,1.198215417974265,0.2910000000000214,0.1814399129409383
0.2900000000000214,0.2900000000000214,0.2900000000000214,1.198231017478435,0.2900000000000214,0.1808659787089659
0.2890000000000214,0.2890000000000214,0.2890000000000214,1.198246520239662,0.2890000000000214,0.1802916275071314
0.2880000000000214,0.2880000000000214,0.2880000000000214,1.19826192644049,0.2880000000000214,0.1797168604960501
0.2870000000000213,0.2870000000000213,0.2870000000000213,1.198277236266431,0.2870000000000213,0.179141678820466
0.2860000000000213,0.2860000000000213,0.2860000000000213,1.198292449905934,0.2860000000000213,0.1785660836096834
0.2850000000000213,0.2850000000000213,0.2850000000000213,1.198307567550362,0.2850000000000213,0.1779900759779924
0.2840000000000213,0.2840000000000213,0.2840000000000213,1.19832258939396,0.2840000000000213,0.1774136570250836
0.2830000000000213,0.2830000000000213,0.2830000000000213,1.198337515633831,0.2830000000000213,0.1768368278364542
0.2820000000000213,0.2820000000000213,0.2820000000000213,1.198352346469907,0.2820000000000213,0.1762595894838055
0.2810000000000213,0.2810000000000213,0.2810000000000213,1.198367082104929,0.2810000000000213,0.1756819430254324
0.2800000000000213,0.2800000000000213,0.2800000000000213,1.198381722744418,0.2800000000000213,0.1751038895066025
0.2790000000000213,0.2790000000000213,0.2790000000000213,1.198396268596652,0.2790000000000213,0.1745254299599281
0.2780000000000213,0.2780000000000213,0.2780000000000213,1.198410719872642,0.2780000000000213,0.1739465654057302
0.2770000000000213,0.2770000000000213,0.2770000000000213,1.19842507678611,0.2770000000000213,0.1733672968523919
0.2760000000000213,0.2760000000000213,0.2760000000000213,1.198439339553467,0.2760000000000213,0.1727876252967055
0.2750000000000213,0.2750000000000213,0.2750000000000213,1.198453508393789,0.2750000000000213,0.1722075517242101
0.2740000000000213,0.2740000000000213,0.2740000000000213,1.198467583528795,0.2740000000000213,0.1716270771095226
0.2730000000000213,0.2730000000000213,0.2730000000000213,1.198481565182831,0.2730000000000213,0.171046202416658
0.2720000000000213,0.2720000000000213,0.2720000000000213,1.198495453582842,0.2720000000000213,0.1704649285993453
0.2710000000000213,0.2710000000000213,0.2710000000000213,1.198509248958358,0.2710000000000213,0.1698832566013326
0.2700000000000213,0.2700000000000213,0.2700000000000213,1.19852295154147,0.2700000000000213,0.1693011873566848
0.2690000000000213,0.2690000000000213,0.2690000000000213,1.198536561566812,0.2690000000000213,0.1687187217900755
0.2680000000000213,0.2680000000000213,0.2680000000000213,1.198550079271543,0.2680000000000213,0.1681358608170694
0.2670000000000213,0.2670000000000213,0.2670000000000213,1.198563504895327,0.2670000000000213,0.1675526053443978
0.2660000000000213,0.2660000000000213,0.2660000000000213,1.198576838680315,0.2660000000000213,0.166968956270228
0.2650000000000213,0.2650000000000213,0.2650000000000213,1.198590080871125,0.2650000000000213,0.1663849144844222
0.2640000000000213,0.2640000000000213,0.2640000000000213,1.198603231714827,0.2640000000000213,0.1658004808687936
0.2630000000000213,0.2630000000000213,0.2630000000000213,1.198616291460923,0.2630000000000213,0.1652156562973518
0.2620000000000213,0.2620000000000213,0.2620000000000213,1.198629260361332,0.2620000000000213,0.164630441636543
0.2610000000000213,0.2610000000000213,0.2610000000000213,1.198642138670371,0.2610000000000213,0.1640448377454833
0.2600000000000213,0.2600000000000213,0.2600000000000213,1.198654926644735,0.2600000000000213,0.1634588454761853
0.2590000000000213,0.2590000000000213,0.2590000000000213,1.198667624543491,0.2590000000000213,0.1628724656737777
0.2580000000000213,0.2580000000000213,0.2580000000000213,1.198680232628046,0.2580000000000213,0.162285699176718
0.2570000000000213,0.2570000000000213,0.2570000000000213,1.198692751162145,0.2570000000000213,0.1616985468170009
0.2560000000000213,0.2560000000000213,0.2560000000000213,1.198705180411844,0.2560000000000213,0.1611110094203576
0.2550000000000213,0.2550000000000213,0.2550000000000213,1.198717520645499,0.2550000000000213,0.1605230878064519
0.2540000000000213,0.2540000000000213,0.2540000000000213,1.198729772133752,0.2540000000000213,0.1599347827890683
0.2530000000000213,0.2530000000000213,0.2530000000000213,1.198741935149507,0.2530000000000213,0.1593460951762945
0.2520000000000213,0.2520000000000213,0.2520000000000213,1.198754009967923,0.2520000000000213,0.1587570257706992
0.2510000000000213,0.2510000000000213,0.2510000000000213,1.198765996866392,0.2510000000000213,0.1581675753695035
0.2500000000000213,0.2500000000000213,0.2500000000000213,1.198777896124527,0.2500000000000213,0.1575777447647469
0.2490000000000213,0.2490000000000213,0.2490000000000213,1.198789708024143,0.2490000000000213,0.1569875347434483
0.2480000000000213,0.2480000000000213,0.2480000000000213,1.198801432849243,0.2480000000000213,0.1563969460877607
0.2470000000000213,0.2470000000000213,0.2470000000000213,1.198813070886002,0.2470000000000213,0.1558059795751229
0.2460000000000213,0.2460000000000213,0.2460000000000213,1.198824622422752,0.2460000000000213,0.1552146359784041
0.2450000000000213,0.2450000000000213,0.2450000000000213,1.198836087749964,0.2450000000000213,0.1546229160660441
0.2440000000000213,0.2440000000000213,0.2440000000000213,1.198847467160233,0.2440000000000213,0.1540308206021908
0.2430000000000213,0.2430000000000213,0.2430000000000213,1.198858760948264,0.2430000000000213,0.1534383503468301
0.2420000000000213,0.2420000000000213,0.2420000000000213,1.198869969410853,0.2420000000000213,0.1528455060559133
0.2410000000000213,0.2410000000000213,0.2410000000000213,1.198881092846873,0.2410000000000213,0.1522522884814797
0.2400000000000213,0.2400000000000213,0.2400000000000213,1.198892131557258,0.2400000000000213,0.1516586983717746
0.2390000000000213,0.2390000000000213,0.2390000000000213,1.198903085844983,0.2390000000000213,0.1510647364713643
0.2380000000000213,0.2380000000000213,0.2380000000000213,1.198913956015052,0.2380000000000213,0.1504704035212459
0.2370000000000213,0.2370000000000213,0.2370000000000213,1.198924742374481,0.2370000000000213,0.1498757002589532
0.2360000000000213,0.2360000000000213,0.2360000000000213,1.198935445232278,0.2360000000000213,0.1492806274186615
0.2350000000000213,0.2350000000000213,0.2350000000000213,1.198946064899429,0.2350000000000213,0.1486851857312846
0.2340000000000213,0.2340000000000213,0.2340000000000213,1.198956601688881,0.2340000000000213,0.1480893759245724
0.2330000000000213,0.2330000000000213,0.2330000000000213,1.198967055915523,0.2330000000000213,0.1474931987232017
0.2320000000000213,0.2320000000000213,0.2320000000000213,1.198977427896171,0.2320000000000213,0.1468966548488674
0.2310000000000213,0.2310000000000213,0.2310000000000213,1.198987717949548,0.2310000000000213,0.1462997450203672
0.2300000000000213,0.2300000000000213,0.2300000000000213,1.198997926396267,0.2300000000000213,0.1457024699536854
0.2290000000000213,0.2290000000000213,0.2290000000000213,1.199008053558816,0.2290000000000213,0.1451048303620737
0.2280000000000213,0.2280000000000213,0.2280000000000213,1.199018099761535,0.2280000000000213,0.1445068269561278
0.2270000000000213,0.2270000000000213,0.2270000000000213,1.199028065330601,0.2270000000000213,0.1439084604438635
0.2260000000000213,0.2260000000000213,0.2260000000000213,1.199037950594008,0.2260000000000213,0.143309731530789
0.2250000000000213,0.2250000000000213,0.2250000000000213,1.199047755881549,0.2250000000000213,0.142710640919975
0.2240000000000213,0.2240000000000213,0.2240000000000213,1.199057481524795,0.2240000000000213,0.1421111893121219
0.2230000000000213,0.2230000000000213,0.2230000000000213,1.199067127857078,0.2230000000000213,0.1415113774056269
0.2220000000000213,0.2220000000000213,0.2220000000000213,1.199076695213471,0.2220000000000213,0.140911205896647
0.2210000000000213,0.2210000000000213,0.2210000000000213,1.199086183930767,0.2210000000000213,0.1403106754791597
0.2200000000000213,0.2200000000000213,0.2200000000000213,1.199095594347458,0.2200000000000213,0.1397097868450248
0.2190000000000213,0.2190000000000213,0.2190000000000213,1.199104926803718,0.2190000000000213,0.1391085406840408
0.2180000000000213,0.2180000000000213,0.2180000000000213,1.19911418164138,0.2180000000000213,0.1385069376840024
0.2170000000000213,0.2170000000000213,0.2170000000000213,1.199123359203914,0.2170000000000213,0.137904978530754
0.2160000000000213,0.2160000000000213,0.2160000000000213,1.199132459836407,0.2160000000000213,0.1373026639082449
0.2150000000000213,0.2150000000000213,0.2150000000000213,1.199141483885543,0.2150000000000213,0.1366999944985798
0.2140000000000213,0.2140000000000213,0.2140000000000213,1.199150431699578,0.2140000000000213,0.1360969709820699
0.2130000000000213,0.2130000000000213,0.2130000000000213,1.199159303628321,0.2130000000000213,0.135493594037282
0.2120000000000213,0.2120000000000213,0.2120000000000213,1.199168100023107,0.2120000000000213,0.1348898643410885
0.2110000000000213,0.2110000000000213,0.2110000000000213,1.19917682123678,0.2110000000000213,0.1342857825687118
0.2100000000000213,0.2100000000000213,0.2100000000000213,1.199185467623666,0.2100000000000213,0.1336813493937734
0.2090000000000213,0.2090000000000213,0.2090000000000213,1.19919403953955,0.2090000000000213,0.1330765654883371
0.2080000000000213,0.2080000000000213,0.2080000000000213,1.199202537341654,0.2080000000000213,0.1324714315229555
0.2070000000000213,0.2070000000000213,0.2070000000000213,1.199210961388612,0.2070000000000213,0.1318659481667122
0.2060000000000213,0.2060000000000213,0.2060000000000213,1.199219312040445,0.2060000000000213,0.1312601160872654
0.2050000000000213,0.2050000000000213,0.2050000000000213,1.199227589658536,0.2050000000000213,0.1306539359508914
0.2040000000000213,0.2040000000000213,0.2040000000000213,1.199235794605608,0.2040000000000213,0.130047408422525
0.2030000000000213,0.2030000000000213,0.2030000000000213,1.199243927245696,0.2030000000000213,0.1294405341658022
0.2020000000000213,0.2020000000000213,0.2020000000000213,1.199251987944122,0.2020000000000213,0.1288333138431
0.2010000000000213,0.2010000000000213,0.2010000000000213,1.199259977067469,0.2010000000000213,0.1282257481155779
0.2000000000000213,0.2000000000000213,0.2000000000000213,1.199267894983557,0.2000000000000213,0.1276178376432184
0.1990000000000213,0.1990000000000213,0.1990000000000213,1.199275742061412,0.1990000000000213,0.127009583084866
0.1980000000000213,0.1980000000000213,0.1980000000000213,1.199283518671244,0.1980000000000213,0.1264009850982674
0.1970000000000213,0.1970000000000213,0.1970000000000213,1.199291225184417,0.1970000000000213,0.1257920443401111
0.1960000000000213,0.1960000000000213,0.1960000000000213,1.19929886197342,0.1960000000000213,0.1251827614660664
0.1950000000000213,0.1950000000000213,0.1950000000000213,1.199306429411846,0.1950000000000213,0.1245731371308235
0.1940000000000213,0.1940000000000213,0.1940000000000213,1.199313927874357,0.1940000000000213,0.1239631719881317
0.1930000000000213,0.1930000000000213,0.1930000000000213,1.199321357736658,0.1930000000000213,0.1233528666908386
0.1920000000000213,0.1920000000000213,0.1920000000000213,1.199328719375469,0.1920000000000213,0.12274222189093
0.1910000000000213,0.1910000000000213,0.1910000000000213,1.199336013168496,0.1910000000000213,0.1221312382395681
0.1900000000000213,0.1900000000000213,0.1900000000000213,1.199343239494403,0.1900000000000213,0.1215199163871306
0.1890000000000213,0.1890000000000213,0.1890000000000213,1.19935039873278,0.1890000000000213,0.1209082569832509
0.1880000000000213,0.1880000000000213,0.1880000000000213,1.199357491264113,0.1880000000000213,0.1202962606768562
0.1870000000000213,0.1870000000000213,0.1870000000000213,1.199364517469757,0.1870000000000213,0.1196839281162076
0.1860000000000213,0.1860000000000213,0.1860000000000213,1.199371477731905,0.1860000000000213,0.1190712599489389
0.1850000000000213,0.1850000000000213,0.1850000000000213,1.199378372433556,0.1850000000000213,0.1184582568220968
0.1840000000000213,0.1840000000000213,0.1840000000000213,1.199385201958486,0.1840000000000213,0.1178449193821805
0.1830000000000213,0.1830000000000213,0.1830000000000213,1.199391966691213,0.1830000000000213,0.1172312482751819
0.1820000000000213,0.1820000000000213,0.1820000000000213,1.199398667016974,0.1820000000000213,0.1166172441466244
0.1810000000000213,0.1810000000000213,0.1810000000000213,1.199405303321682,0.1810000000000213,0.1160029076416051
0.1800000000000213,0.1800000000000213,0.1800000000000213,1.199411875991907,0.1800000000000213,0.1153882394048336
0.1790000000000213,0.1790000000000213,0.1790000000000213,1.199418385414833,0.1790000000000213,0.1147732400806733
0.1780000000000213,0.1780000000000213,0.1780000000000213,1.199424831978234,0.1780000000000213,0.1141579103131824
0.1770000000000213,0.1770000000000213,0.1770000000000213,1.199431216070435,0.1770000000000213,0.1135422507461543
0.1760000000000213,0.1760000000000213,0.1760000000000213,1.199437538080287,0.1760000000000213,0.1129262620231594
0.1750000000000212,0.1750000000000212,0.1750000000000212,1.199443798397126,0.1750000000000212,0.1123099447875857
0.1740000000000212,0.1740000000000212,0.1740000000000212,1.199449997410746,0.1740000000000212,0.1116932996826814
0.1730000000000212,0.1730000000000212,0.1730000000000212,1.199456135511366,0.1730000000000212,0.1110763273515953
0.1720000000000212,0.1720000000000212,0.1720000000000212,1.199462213089591,0.1720000000000212,0.11045902843742
0.1710000000000212,0.1710000000000212,0.1710000000000212,1.199468230536387,0.1710000000000212,0.1098414035832327
0.1700000000000212,0.1700000000000212,0.1700000000000212,1.19947418824304,0.1700000000000212,0.1092234534321385
0.1690000000000212,0.1690000000000212,0.1690000000000212,1.199480086601127,0.1690000000000212,0.108605178627312
0.1680000000000212,0.1680000000000212,0.1680000000000212,1.199485926002479,0.1680000000000212,0.1079865798120397
0.1670000000000212,0.1670000000000212,0.1670000000000212,1.19949170683915,0.1670000000000212,0.1073676576297635
0.1660000000000212,0.1660000000000212,0.1660000000000212,1.199497429503383,0.1660000000000212,0.1067484127241218
0.1650000000000212,0.1650000000000212,0.1650000000000212,1.199503094387571,0.1650000000000212,0.1061288457389939
0.1640000000000212,0.1640000000000212,0.1640000000000212,1.199508701884231,0.1640000000000212,0.1055089573185419
0.1630000000000212,0.1630000000000212,0.1630000000000212,1.199514252385961,0.1630000000000212,0.1048887481072535
0.1620000000000212,0.1620000000000212,0.1620000000000212,1.199519746285411,0.1620000000000212,0.1042682187499852
0.1610000000000212,0.1610000000000212,0.1610000000000212,1.19952518397525,0.1610000000000212,0.1036473698920059
0.1600000000000212,0.1600000000000212,0.1600000000000212,1.199530565848125,0.1600000000000212,0.1030262021790381
0.1590000000000212,0.1590000000000212,0.1590000000000212,1.199535892296634,0.1590000000000212,0.102404716257303
0.1580000000000212,0.1580000000000212,0.1580000000000212,1.199541163713285,0.1580000000000212,0.1017829127735617
0.1570000000000212,0.1570000000000212,0.1570000000000212,1.199546380490466,0.1570000000000212,0.1011607923751585
0.1560000000000212,0.1560000000000212,0.1560000000000212,1.199551543020407,0.1560000000000212,0.1005383557100642
0.1550000000000212,0.1550000000000212,0.1550000000000212,1.19955665169515,0.1550000000000212,0.09991560342691864
0.1540000000000212,0.1540000000000212,0.1540000000000212,1.199561706906509,0.1540000000000212,0.0992925361750723
0.1530000000000212,0.1530000000000212,0.1530000000000212,1.19956670904604,0.1530000000000212,0.09866915460463019
0.1520000000000212,0.1520000000000212,0.1520000000000212,1.199571658505002,0.1520000000000212,0.0980454593664928
0.1510000000000212,0.1510000000000212,0.1510000000000212,1.199576555674328,0.1510000000000212,0.09742145111239879
0.1500000000000212,0.1500000000000212,0.1500000000000212,1.199581400944586,0.1500000000000212,0.09679713049496763
0.1490000000000212,0.1490000000000212,0.1490000000000212,1.199586194705946,0.1490000000000212,0.09617249816773911
0.1480000000000212,0.1480000000000212,0.1480000000000212,1.199590937348148,0.1480000000000212,0.0955475547852174
0.1470000000000212,0.1470000000000212,0.1470000000000212,1.199595629260464,0.1470000000000212,0.09492230100291012
0.1460000000000212,0.1460000000000212,0.1460000000000212,1.199600270831666,0.1460000000000212,0.09429673747737033
0.1450000000000212,0.1450000000000212,0.1450000000000212,1.199604862449992,0.1450000000000212,0.09367086486623619
0.1440000000000212,0.1440000000000212,0.1440000000000212,1.199609404503111,0.1440000000000212,0.09304468382827241
0.1430000000000212,0.1430000000000212,0.1430000000000212,1.199613897378092,0.1430000000000212,0.09241819502340866
0.1420000000000212,0.1420000000000212,0.1420000000000212,1.199618341461367,0.1420000000000212,0.09179139911278028
0.1410000000000212,0.1410000000000212,0.1410000000000212,1.199622737138698,0.1410000000000212,0.09116429675876633
0.1400000000000212,0.1400000000000212,0.1400000000000212,1.199627084795146,0.1400000000000212,0.09053688862502911
0.1390000000000212,0.1390000000000212,0.1390000000000212,1.199631384815036,0.1390000000000212,0.08990917537655156
0.1380000000000212,0.1380000000000212,0.1380000000000212,1.199635637581922,0.1380000000000212,0.08928115767967573
0.1370000000000212,0.1370000000000212,0.1370000000000212,1.199639843478562,0.1370000000000212,0.08865283620213935
0.1360000000000212,0.1360000000000212,0.1360000000000212,1.199644002886873,0.1360000000000212,0.08802421161311336
0.1350000000000212,0.1350000000000212,0.1350000000000212,1.19964811618791,0.1350000000000212,0.08739528458323707
0.1340000000000212,0.1340000000000212,0.1340000000000212,1.199652183761827,0.1340000000000212,0.08676605578465485
0.1330000000000212,0.1330000000000212,0.1330000000000212,1.199656205987848,0.1330000000000212,0.08613652589105056
0.1320000000000212,0.1320000000000212,0.1320000000000212,1.199660183244235,0.1320000000000212,0.08550669557768215
0.1310000000000212,0.1310000000000212,0.1310000000000212,1.199664115908253,0.1310000000000212,0.08487656552141586
0.1300000000000212,0.1300000000000212,0.1300000000000212,1.199668004356145,0.1300000000000212,0.08424613640075933
0.1290000000000212,0.1290000000000212,0.1290000000000212,1.199671848963095,0.1290000000000212,0.0836154088958939
0.1280000000000212,0.1280000000000212,0.1280000000000212,1.199675650103199,0.1280000000000212,0.08298438368870684
0.1270000000000212,0.1270000000000212,0.1270000000000212,1.199679408149438,0.1270000000000212,0.08235306146282281
0.1260000000000212,0.1260000000000212,0.1260000000000212,1.199683123473643,0.1260000000000212,0.08172144290363391
0.1250000000000212,0.1250000000000212,0.1250000000000212,1.199686796446467,0.1250000000000212,0.08108952869832993
0.1240000000000212,0.1240000000000212,0.1240000000000212,1.199690427437356,0.1240000000000212,0.08045731953592729
0.1230000000000212,0.1230000000000212,0.1230000000000212,1.199694016814519,0.1230000000000212,0.07982481610729736
0.1220000000000212,0.1220000000000212,0.1220000000000212,1.199697564944899,0.1220000000000212,0.07919201910519376
0.1210000000000212,0.1210000000000212,0.1210000000000212,1.199701072194145,0.1210000000000212,0.07855892922427993
0.1200000000000212,0.1200000000000212,0.1200000000000212,1.199704538926582,0.1200000000000212,0.07792554716115391
0.1190000000000212,0.1190000000000212,0.1190000000000212,1.199707965505186,0.1190000000000212,0.07729187361437473
0.1180000000000212,0.1180000000000212,0.1180000000000212,1.199711352291555,0.1180000000000212,0.07665790928448538
0.1170000000000212,0.1170000000000212,0.1170000000000212,1.199714699645879,0.1170000000000212,0.07602365487403751
0.1160000000000212,0.1160000000000212,0.1160000000000212,1.199718007926919,0.1160000000000212,0.07538911108761329
0.1150000000000212,0.1150000000000212,0.1150000000000212,1.199721277491977,0.1150000000000212,0.07475427863184718
0.1140000000000212,0.1140000000000212,0.1140000000000212,1.199724508696868,0.1140000000000212,0.07411915821544658
0.1130000000000212,0.1130000000000212,0.1130000000000212,1.1997277018959,0.1130000000000212,0.07348375054921259
0.1120000000000212,0.1120000000000212,0.1120000000000212,1.199730857441845,0.1120000000000212,0.07284805634605651
0.1110000000000212,0.1110000000000212,0.1110000000000212,1.199733975685914,0.1110000000000212,0.07221207632102158
0.1100000000000212,0.1100000000000212,0.1100000000000212,1.199737056977736,0.1100000000000212,0.0715758111912968
0.1090000000000212,0.1090000000000212,0.1090000000000212,1.199740101665331,0.1090000000000212,0.07093926167623422
0.1080000000000212,0.1080000000000212,0.1080000000000212,1.199743110095087,0.1080000000000212,0.070302428497364
0.1070000000000212,0.1070000000000212,0.1070000000000212,1.19974608261174,0.1070000000000212,0.06966531237840878
0.1060000000000212,0.1060000000000212,0.1060000000000212,1.19974901955835,0.1060000000000212,0.06902791404529603
0.1050000000000212,0.1050000000000212,0.1050000000000212,1.199751921276277,0.1050000000000212,0.06839023422617059
0.1040000000000212,0.1040000000000212,0.1040000000000212,1.199754788105163,0.1040000000000212,0.06775227365140554
0.1030000000000212,0.1030000000000212,0.1030000000000212,1.199757620382911,0.1030000000000212,0.06711403305361259
0.1020000000000212,0.1020000000000212,0.1020000000000212,1.199760418445662,0.1020000000000212,0.06647551316765014
0.1010000000000212,0.1010000000000212,0.1010000000000212,1.199763182627778,0.1010000000000212,0.06583671473063221
0.1000000000000212,0.1000000000000212,0.1000000000000212,1.199765913261821,0.1000000000000212,0.06519763848193466
0.09900000000002118,0.09900000000002118,0.09900000000002118,1.199768610678538,0.09900000000002118,0.06455828516320074
0.09800000000002118,0.09800000000002118,0.09800000000002118,1.199771275206836,0.09800000000002118,0.06391865551834625
0.09700000000002118,0.09700000000002118,0.09700000000002118,1.199773907173774,0.09700000000002118,0.0632787502935629
0.09600000000002118,0.09600000000002118,0.09600000000002118,1.199776506904537,0.09600000000002118,0.06263857023732075
0.09500000000002118,0.09500000000002118,0.09500000000002118,1.199779074722425,0.09500000000002118,0.06199811610036943
0.09400000000002118,0.09400000000002118,0.09400000000002118,1.199781610948838,0.09400000000002118,0.06135738863573879
0.09300000000002118,0.09300000000002118,0.09300000000002118,1.199784115903256,0.09300000000002118,0.06071638859873726
0.09200000000002118,0.09200000000002118,0.09200000000002118,1.199786589903229,0.09200000000002118,0.06007511674695108
0.09100000000002118,0.09100000000002118,0.09100000000002118,1.199789033264363,0.09100000000002118,0.05943357384023987
0.09000000000002117,0.09000000000002117,0.09000000000002117,1.199791446300302,0.09000000000002117,0.05879176064073301
0.08900000000002117,0.08900000000002117,0.08900000000002117,1.199793829322722,0.08900000000002117,0.05814967791282445
0.08800000000002117,0.08800000000002117,0.08800000000002117,1.199796182641313,0.08800000000002117,0.05750732642316577
0.08700000000002117,0.08700000000002117,0.08700000000002117,1.199798506563773,0.08700000000002117,0.05686470694065882
0.08600000000002117,0.08600000000002117,0.08600000000002117,1.199800801395791,0.08600000000002117,0.05622182023644636
0.08500000000002117,0.08500000000002117,0.08500000000002117,1.199803067441042,0.08500000000002117,0.05557866708390349
0.08400000000002117,0.08400000000002117,0.08400000000002117,1.199805305001174,0.08400000000002117,0.05493524825862461
0.08300000000002117,0.08300000000002117,0.08300000000002117,1.1998075143758,0.08300000000002117,0.05429156453841309
0.08200000000002117,0.08200000000002117,0.08200000000002117,1.199809695862491,0.08200000000002117,0.05364761670326683
0.08100000000002117,0.08100000000002117,0.08100000000002117,1.199811849756764,0.08100000000002117,0.05300340553536403
0.08000000000002117,0.08000000000002117,0.08000000000002117,1.199813976352079,0.08000000000002117,0.05235893181904772
0.07900000000002116,0.07900000000002116,0.07900000000002116,1.199816075939831,0.07900000000002116,0.05171419634080918
0.07800000000002116,0.07800000000002116,0.07800000000002116,1.199818148809339,0.07800000000002116,0.05106919988926941
0.07700000000002116,0.07700000000002116,0.07700000000002116,1.199820195247848,0.07700000000002116,0.05042394325516097
0.07600000000002116,0.07600000000002116,0.07600000000002116,1.199822215540517,0.07600000000002116,0.04977842723130783
0.07500000000002116,0.07500000000002116,0.07500000000002116,1.199824209970419,0.07500000000002116,0.04913265261260345
0.07400000000002116,0.07400000000002116,0.07400000000002116,1.199826178818535,0.07400000000002116,0.04848662019598932
0.07300000000002116,0.07300000000002116,0.07300000000002116,1.199828122363748,0.07300000000002116,0.04784033078043103
0.07200000000002116,0.07200000000002116,0.07200000000002116,1.199830040882843,0.07200000000002116,0.0471937851668942
0.07100000000002116,0.07100000000002116,0.07100000000002116,1.199831934650502,0.07100000000002116,0.04654698415831846
0.07000000000002116,0.07000000000002116,0.07000000000002116,1.199833803939305,0.07000000000002116,0.04589992855959112
0.06900000000002116,0.06900000000002116,0.06900000000002116,1.199835649019722,0.06900000000002116,0.04525261917751956
0.06800000000002115,0.06800000000002115,0.06800000000002115,1.199837470160119,0.06800000000002115,0.04460505682080249
0.06700000000002115,0.06700000000002115,0.06700000000002115,1.19983926762675,0.06700000000002115,0.04395724229999905
0.06600000000002115,0.06600000000002115,0.06600000000002115,1.199841041683761,0.06600000000002115,0.04330917642749947
0.06500000000002115,0.06500000000002115,0.06500000000002115,1.199842792593188,0.06500000000002115,0.04266086001749236
0.06400000000002115,0.06400000000002115,0.06400000000002115,1.199844520614956,0.06400000000002115,0.04201229388593187
0.06300000000002115,0.06300000000002115,0.06300000000002115,1.199846226006882,0.06300000000002115,0.04136347885050343
0.06200000000002115,0.06200000000002115,0.06200000000002115,1.199847909024675,0.06200000000002115,0.04071441573058871
0.06100000000002115,0.06100000000002115,0.06100000000002115,1.199849569921935,0.06100000000002115,0.04006510534723046
0.06000000000002115,0.06000000000002115,0.06000000000002115,1.199851208950159,0.06000000000002115,0.0394155485230937
0.05900000000002115,0.05900000000002115,0.05900000000002115,1.199852826358737,0.05900000000002115,0.03876574608243041
0.05800000000002115,0.05800000000002115,0.05800000000002115,1.19985442239496,0.05800000000002115,0.03811569885103674
0.05700000000002114,0.05700000000002114,0.05700000000002114,1.199855997304019,0.05700000000002114,0.03746540765621743
0.05600000000002114,0.05600000000002114,0.05600000000002114,1.199857551329008,0.05600000000002114,0.03681487332674042
0.05500000000002114,0.05500000000002114,0.05500000000002114,1.19985908471093,0.05500000000002114,0.03616409669279807
0.05400000000002114,0.05400000000002114,0.05400000000002114,1.199860597688695,0.05400000000002114,0.0355130785859629
0.05300000000002114,0.05300000000002114,0.05300000000002114,1.19986209049913,0.05300000000002114,0.03486181983914374
0.05200000000002114,0.05200000000002114,0.05200000000002114,1.199863563376977,0.05200000000002114,0.03421032128654137
0.05100000000002114,0.05100000000002114,0.05100000000002114,1.199865016554905,0.05100000000002114,0.0335585837636022
0.05000000000002114,0.05000000000002114,0.05000000000002114,1.199866450263503,0.05000000000002114,0.03290660810697157
0.04900000000002114,0.04900000000002114,0.04900000000002114,1.199867864731298,0.04900000000002114,0.03225439515444731
0.04800000000002114,0.04800000000002114,0.04800000000002114,1.19986926018475,0.04800000000002114,0.03160194574492944
0.04700000000002114,0.04700000000002114,0.04700000000002114,1.19987063684826,0.04700000000002114,0.03094926071837216
0.04600000000002114,0.04600000000002114,0.04600000000002114,1.199871994944179,0.04600000000002114,0.03029634091573232
0.04500000000002113,0.04500000000002113,0.04500000000002113,1.19987333469281,0.04500000000002113,0.02964318717891947
0.04400000000002113,0.04400000000002113,0.04400000000002113,1.199874656312415,0.04400000000002113,0.02898980035074273
0.04300000000002113,0.04300000000002113,0.04300000000002113,1.199875960019222,0.04300000000002113,0.02833618127485886
0.04200000000002113,0.04200000000002113,0.04200000000002113,1.19987724602743,0.04200000000002113,0.02768233079571691
0.04100000000002113,0.04100000000002113,0.04100000000002113,1.199878514549218,0.04100000000002113,0.02702824975850499
0.04000000000002113,0.04000000000002113,0.04000000000002113,1.19987976579475,0.04000000000002113,0.02637393900909414
0.03900000000002113,0.03900000000002113,0.03900000000002113,1.199880999972182,0.03900000000002113,0.02571939939398218
0.03800000000002113,0.03800000000002113,0.03800000000002113,1.199882217287671,0.03800000000002113,0.02506463176023581
0.03700000000002113,0.03700000000002113,0.03700000000002113,1.199883417945383,0.03700000000002113,0.02440963695543382
0.03600000000002113,0.03600000000002113,0.03600000000002113,1.199884602147499,0.03600000000002113,0.02375441582760742
0.03500000000002113,0.03500000000002113,0.03500000000002113,1.199885770094222,0.03500000000002113,0.02309896922518083
0.03400000000002112,0.03400000000002112,0.03400000000002112,1.199886921983789,0.03400000000002112,0.02244329799691088
0.03300000000002112,0.03300000000002112,0.03300000000002112,1.199888058012476,0.03300000000002112,0.02178740299182638
0.03200000000002112,0.03200000000002112,0.03200000000002112,1.199889178374612,0.03200000000002112,0.02113128505916537
0.03100000000002112,0.03100000000002112,0.03100000000002112,1.199890283262578,0.03100000000002112,0.02047494504831301
0.03000000000002112,0.03000000000002112,0.03000000000002112,1.199891372866826,0.03000000000002112,0.01981838380873815
0.02900000000002112,0.02900000000002112,0.02900000000002112,1.199892447375883,0.02900000000002112,0.01916160218992907
0.02800000000002112,0.02800000000002112,0.02800000000002112,1.199893506976363,0.02800000000002112,0.01850460104132906
0.02700000000002112,0.02700000000002112,0.02700000000002112,1.199894551852974,0.02700000000002112,0.01784738121226976
0.02600000000002112,0.02600000000002112,0.02600000000002112,1.199895582188528,0.02600000000002112,0.01718994355190676
0.02500000000002112,0.02500000000002112,0.02500000000002112,1.199896598163955,0.02500000000002112,0.0165322889091506
0.02400000000002112,0.02400000000002112,0.02400000000002112,1.199897599958308,0.02400000000002112,0.01587441813260145
0.02300000000002111,0.02300000000002111,0.02300000000002111,1.199898587748776,0.02300000000002111,0.01521633207047884
0.02200000000002111,0.02200000000002111,0.02200000000002111,1.199899561710693,0.02200000000002111,0.01455803157055419
0.02100000000002111,0.02100000000002111,0.02100000000002111,1.199900522017552,0.02100000000002111,0.01389951748008093
0.02000000000002111,0.02000000000002111,0.02000000000002111,1.199901468841009,0.02000000000002111,0.01324079064572395
0.01900000000002111,0.01900000000002111,0.01900000000002111,1.199902402350904,0.01900000000002111,0.01258185191349016
0.01800000000002111,0.01800000000002111,0.01800000000002111,1.199903322715259,0.01800000000002111,0.01192270212865584
0.01700000000002111,0.01700000000002111,0.01700000000002111,1.199904230100303,0.01700000000002111,0.01126334213569587
0.01600000000002111,0.01600000000002111,0.01600000000002111,1.199905124670473,0.01600000000002111,0.0106037727782108
0.01500000000002111,0.01500000000002111,0.01500000000002111,1.199906006588429,0.01500000000002111,0.009943994898854358
0.01400000000002111,0.01400000000002111,0.01400000000002111,1.199906876015068,0.01400000000002111,0.009284009339259909
0.01300000000002111,0.01300000000002111,0.01300000000002111,1.199907733109531,0.01300000000002111,0.008623816939966359
0.0120000000000211,0.0120000000000211,0.0120000000000211,1.199908578029218,0.0120000000000211,0.007963418540344366
0.0110000000000211,0.0110000000000211,0.0110000000000211,1.199909410929799,0.0110000000000211,0.007302814978521453
0.0100000000000211,0.0100000000000211,0.0100000000000211,1.199910231965228,0.0100000000000211,0.006642007091304901
0.009000000000021102,0.009000000000021102,0.009000000000021102,1.199911041287749,0.009000000000021102,0.005980995714109437
0.008000000000021101,0.008000000000021101,0.008000000000021101,1.199911839047915,0.008000000000021101,0.00531978168087769
0.007000000000021101,0.007000000000021101,0.007000000000021101,1.199912625394599,0.007000000000021101,0.004658365824006326
0.006000000000021101,0.006000000000021101,0.006000000000021101,1.199913400475002,0.006000000000021101,0.003996748974266698
0.005000000000021101,0.005000000000021101,0.005000000000021101,1.199914164434671,0.005000000000021101,0.003334931960728673
0.004000000000021101,0.004000000000021101,0.004000000000021101,1.199914917417507,0.004000000000021101,0.002672915610682292
0.003000000000021101,0.003000000000021101,0.003000000000021101,1.199915659565781,0.003000000000021101,0.002010700749559283
0.002000000000021101,0.002000000000021101,0.002000000000021101,1.199916391020146,0.002000000000021101,0.001348288200854996
0.001000000000021101,0.001000000000021101,0.001000000000021101,1.199917111919648,0.001000000000021101,0.000685678786046571
0,0,0,1.199917822401739,0,2.287332450233281e-05
